0,3.004544,3.409548,1.184686,2.855211,3.323463,2.986906,2.310928,3.284887,3.923909,1.510799,3.825475,3.557899,2.83515,2.345648,2.205386,1.992256,3.087018,4.314387,2.202243,1.57824,1.583529,2.868444,2.096906,2.832125,2.960874,5.562503,1.824784,2.258797,7.048872,2.548583,5.641476,2.200643,1.525043,4.352596,1.201251,6.792737,4.347554,4.253004,1.300724,2.911274,2.67411,3.95761,3.542308,2.685141,3.101668,3.709483,3.723227,1.487879,2.974339,5.628983,3.61357,1.609841,2.056047,3.683654,1.10059,5.084548,1.105356,3.394648,3.784016,3.744036,1.004646,3.14794,5.344095,2.940135,3.721485,4.797963,3.321087,6.038691,2.912974,1.826246,2.908007,5.021767,0.11076,5.112731,2.492793,4.189227,3.062292,2.486822,3.260266,3.281964,3.204775,1.850539,4.519099,2.28692,2.318001,4.919282,3.471733,2.760904,2.136518,3.442783,4.125433,1.663654,4.039129,1.150445,3.442319,3.060784,2.923195,3.569277,3.700456,3.163439,3.663184,2.776848,4.369981,2.118795,4.392039,2.785402,3.559859,3.361108,4.164796,4.301129,4.228659,1.027325,3.592786,3.237259,3.178231,3.6211,1.932177,2.976494,2.952234,1.191638,3.098378,2.865384,0.459715,3.43082,2.650112,4.793731,2.242157,1.968414,1.272238,2.334477,3.269027,2.934955,1.904078,2.350945,4.350033,0.922502,1.49536,0.292947,5.450516,3.788764,4.35758,3.859489,4.926645,2.67192,3.268508,4.049786,4.906377,2.523698,4.473889,1.808783,0.619909,4.559307,2.323819,1.391796,4.140558,4.290776,0.680998,3.351757,5.369726,4.577389,3.530128,5.851824,5.225793,3.596096,3.486365,1.56835,5.387593,4.736294,2.816999,6.633647,6.801944,1.337591,3.418717,1.919871,2.149732,1.933738,3.010105,2.285939,4.306456,2.090777,5.326728,3.223591,2.703103,0.909766,3.519354,0.7305,2.177195,1.535435,5.413876,6.504305,3.196339,3.458509,2.45596,1.378072,3.180178,3.093938,1.197026,1.543994,4.176668,5.060135,1.961101,0.641348,3.278109,5.090368,2.519197,1.333996,2.580181,3.102501,1.470548,2.356762,2.10497,6.412134,3.248004,3.238896,2.615789,3.437873,2.559466,4.034588,2.730309,6.523996,1.090358,2.127845,3.848811,2.767757,3.153154,3.031512,3.112649,4.536996,0.818856,1.377749,2.602465,3.37136,2.819186,3.686511,2.525975,0.509207,3.103548,3.747783,4.606544,4.521182,3.68983,1.73232,5.252049,3.623913,3.302585,2.732585,3.712701,3.075563,2.616492,2.54246,6.493262,4.60806,3.992844,4.001838,1.13495,4.144517,1.014398,2.769325,2.98315,2.225385,4.48672,2.696814,2.206257,3.664765,2.540801,2.257802,1.323518,2.314851,2.551591,2.191899,1.24499,3.957917,4.470683,2.073391,5.015024,2.949057,1.635782,4.124609,5.185515,3.61244,3.19236,0.489795,1.381574,3.316008,1.041236,4.355945,0.703829,4.644861,2.654833,6.787265,4.061161,4.205561,4.319156,1.864238,2.818837,0.417819,2.865714,2.296093,4.748112,0.897637,0
3.004544,0,3.07657,2.414358,4.332004,4.800256,0.37291,5.060413,2.428938,6.865888,3.020156,3.492497,4.127211,0.221154,5.095133,3.904964,3.196938,2.506041,4.478785,3.566505,3.363982,2.054761,5.581317,3.796484,5.774104,3.354364,5.281869,4.574269,3.73559,8.525665,5.088698,5.631989,4.740758,3.445831,7.065469,4.064251,8.26953,7.289533,1.609364,3.817947,4.248818,0.743865,5.624555,2.742797,5.434626,3.956032,6.651462,6.4361,2.339032,5.723824,5.348349,2.814059,3.104722,2.143901,5.018335,2.952399,7.797421,4.047335,2.813671,6.496889,6.456909,2.055482,4.814885,5.508493,1.117508,1.077845,4.962361,3.742284,7.917922,2.579996,2.349874,0.249316,7.73464,2.912841,5.277129,1.398209,3.908593,5.811777,1.911544,2.679289,6.031449,4.681568,2.567495,6.387814,5.228899,0.975964,7.632155,6.184606,5.473777,3.641983,0.828787,4.289831,3.757207,5.563719,2.300032,4.198353,1.67914,1.483169,6.511256,5.697326,5.892199,5.330129,4.906665,6.308916,4.86828,5.148073,4.262195,3.255032,6.110593,6.877669,5.968074,6.768774,2.847748,0.949146,6.179238,6.12021,3.335278,1.413832,5.689367,5.701719,2.50087,6.040357,5.614869,3.453399,0.816824,1.20891,6.460676,3.747357,4.508529,2.933267,5.276456,4.74582,2.77887,4.444193,5.292924,5.664387,3.462617,4.437339,3.272,7.117461,6.730743,4.472196,5.810626,4.646011,3.816494,2.636129,6.762659,6.664312,5.063813,7.186762,1.20376,2.612169,7.27218,3.488689,2.314895,4.368935,3.810244,2.809341,3.580134,7.658488,7.290262,3.694526,7.328617,7.938666,3.649837,3.200543,4.510329,5.551991,6.663058,5.758978,8.11044,8.278737,2.036105,6.360696,1.53811,2.876338,1.459592,3.449365,1.708906,7.019329,3.595977,5.046094,4.9136,5.645082,2.601948,6.461333,3.379375,4.890068,1.935846,5.578274,7.981098,2.886828,5.998624,1.345236,2.563935,5.929663,5.634053,4.060026,1.854062,5.196377,5.050648,3.47164,2.413889,3.908175,6.567161,1.401463,3.874111,5.293054,5.815374,1.651985,5.106247,4.817843,7.888927,5.788119,5.967656,4.092582,6.150746,5.297275,6.747461,3.447265,8.000789,4.032337,4.840718,1.612451,5.48063,3.230322,5.571627,2.807822,7.249869,2.405556,4.248184,5.14258,4.127394,3.358646,3.105534,2.95429,2.94942,1.029534,3.465256,7.319417,7.234055,1.04619,3.825873,4.971415,5.57505,3.530962,5.48207,1.476341,4.552356,3.333448,5.484439,7.970055,4.327426,6.532959,4.231582,1.88289,3.866015,2.209465,3.486281,5.732635,1.634221,4.651118,5.236929,4.746372,3.290924,4.319537,5.007287,3.230018,5.064336,2.139156,2.620214,2.772337,6.498032,6.137628,1.501632,7.727897,0.957127,2.123014,1.480969,4.904881,5.279385,4.491903,2.964492,1.746638,0.672368,3.954389,4.073418,2.322786,7.357734,5.367706,8.264058,5.630431,3.725029,4.040654,2.637756,5.668603,3.360284,4.532659,5.008966,7.460985,3.891321,3.004544
3.409548,3.07657,0,2.225572,6.139745,6.607997,3.345629,5.341759,5.401657,6.54244,2.133797,0.415927,2.86022,3.193873,5.376479,5.494994,2.300538,0.850534,7.178043,2.670105,4.867848,4.00223,5.145558,5.386514,5.450656,2.092407,3.995867,4.855615,5.543331,10.333406,4.365235,4.35932,4.304999,2.559472,6.62971,4.232082,10.077271,6.966085,4.448192,4.568304,6.195808,2.337691,7.247218,5.715516,5.715972,6.386202,6.328014,6.000341,4.479528,6.00517,4.062347,5.786778,4.894375,1.411881,6.968188,4.390198,7.361662,3.724312,0.678193,6.06113,6.02115,3.543694,6.437548,8.207751,4.090227,4.049574,7.661619,6.377563,9.069522,0.496574,4.663046,3.069256,7.298881,3.314291,7.976387,4.370928,2.622591,6.093123,1.332383,0.863403,6.312795,6.489309,4.714195,7.54993,5.030173,3.948683,7.196396,5.748847,5.038018,5.421052,3.801506,6.989089,4.994517,4.319652,4.196909,2.954286,4.651859,4.455888,6.187808,4.453259,5.45644,6.952792,3.662598,7.400812,5.149626,3.904006,6.069936,1.670458,6.391939,6.44191,7.590737,6.040877,4.316933,3.920875,5.85579,5.796762,2.049276,4.386551,5.253608,5.983065,4.294648,5.716909,5.896215,3.361827,3.789543,2.313693,8.083339,5.526691,4.07277,4.556772,4.953008,6.553561,5.751589,3.754151,4.934711,4.42032,3.026858,4.30523,3.528196,8.53809,6.407295,3.199527,4.566559,3.360009,5.956454,5.608848,6.3269,7.937208,4.198224,6.751003,4.176479,3.904146,6.836421,5.412534,2.220029,7.004214,1.119407,2.8059,6.215413,8.400557,6.854503,6.393784,9.136358,7.502907,2.377411,1.914541,4.37822,8.251249,7.767125,5.400765,9.684185,9.852482,3.756003,6.037248,1.678638,5.023038,4.432311,2.182374,1.513193,6.58357,5.375311,3.760092,3.669533,5.322059,4.194467,6.137885,4.102535,4.454309,3.964478,8.277532,9.788839,1.600826,5.342175,4.317955,4.481082,6.211009,4.572142,4.227375,4.119204,7.461202,3.777979,5.245635,3.449425,6.543454,8.374902,4.374182,3.438352,4.857295,5.379615,3.932444,5.387593,4.382084,9.696668,5.060222,5.531897,5.900323,5.714987,4.861516,6.311702,5.593965,9.574534,3.90791,4.404959,3.512392,5.044871,1.963916,4.84373,1.52182,6.81411,3.22549,4.382089,4.706821,2.883327,2.096689,0.617854,1.723565,2.945979,2.767129,2.179254,6.883658,6.798296,4.017919,4.956251,3.685413,4.330983,6.166241,5.763416,3.376282,6.360097,5.480148,5.161416,9.777796,3.041424,5.805062,2.958913,3.829617,2.580013,4.084088,5.632981,6.013981,1.570789,7.350376,4.3441,4.121826,0.255217,3.117428,5.288633,2.343659,5.345682,0.995982,1.631942,2.316398,5.770135,7.760291,1.613429,7.292138,2.612638,1.861872,4.134172,3.463593,6.902048,3.266401,3.812207,3.840685,3.644097,4.045576,2.787416,3.748729,6.921975,4.931947,10.071799,4.386364,1.034192,2.754652,1.699503,5.232844,3.640293,6.155322,4.573207,7.025226,3.485577,3.409548
1.184686,2.414358,2.225572,0,3.914883,4.383135,2.683417,3.116897,3.923681,4.688483,0.756565,2.641499,2.373923,2.531661,3.151617,3.270132,0.996698,2.077831,4.953181,1.308689,2.642986,1.777368,3.340409,3.161652,3.596699,1.776898,4.378527,2.630753,3.318469,8.108544,2.84779,4.4575,2.49985,1.18224,4.824561,2.00722,7.852409,5.112128,3.78598,2.343442,3.970946,1.675479,5.022356,4.181102,3.49111,4.16134,4.474057,4.195192,2.254666,3.780308,4.445007,4.252364,2.669513,0.872071,4.743326,2.165336,5.556513,1.86993,2.352163,4.255981,4.216001,1.318832,4.212686,5.982889,3.229968,3.387362,5.436757,4.152701,6.84466,1.728998,2.438184,2.407044,5.493732,1.089429,5.751525,2.784008,3.005251,3.868261,1.466684,2.251079,4.087933,4.264447,2.489333,5.325068,3.051494,2.607834,5.391247,3.943698,3.232869,3.19619,3.139294,4.764227,2.769655,3.623709,1.972047,2.258343,3.350617,3.213028,4.333851,3.757316,3.651291,4.72793,2.706848,5.17595,2.924764,3.208063,3.845074,2.375883,4.167077,4.636761,5.365875,4.527866,2.092071,3.258663,4.001833,3.942805,2.437124,2.224147,3.448459,3.758203,2.069786,3.862952,3.671353,1.22016,3.127331,1.651481,5.858477,3.301829,2.267621,2.33191,3.099051,4.328699,3.573749,2.203285,3.115519,3.724377,1.221709,2.259934,1.303334,6.313228,4.553338,3.173604,3.870616,3.742669,3.731592,3.907302,4.521751,5.712346,2.822905,4.945854,2.097672,1.679284,5.031272,3.187672,0.236271,4.779352,3.1068,0.581038,3.990551,6.175695,5.049354,4.168922,6.911496,5.697758,2.41212,2.302389,2.332924,6.026387,5.542263,3.581573,7.459323,7.62762,1.531141,4.183291,0.891713,2.798176,2.251608,1.826129,1.276752,4.778421,3.150449,4.142752,2.713783,3.467677,1.969605,4.283928,1.877673,2.64916,1.739616,6.05267,7.563977,2.012363,3.757716,2.747175,2.25622,3.986147,3.393145,2.002513,1.894342,5.23634,3.876159,3.020773,1.224563,4.318592,6.15004,2.810412,1.633203,3.052146,3.574466,1.707582,3.162731,2.576935,7.471806,3.547211,3.726748,3.675461,3.909838,3.056367,4.506553,3.369103,7.349672,1.854932,2.59981,2.85018,3.239722,1.969178,3.330719,1.928673,5.008961,1.000628,2.157227,2.901672,2.187384,1.63521,2.599077,1.341999,0.721117,2.104917,2.563807,5.078509,4.993147,3.355707,2.731389,4.068073,3.63504,3.941379,3.538554,2.71407,4.135235,3.255286,3.307034,7.552934,3.424084,4.292051,2.817862,1.604755,2.960541,1.859226,3.408119,3.789119,1.222352,5.125514,2.996021,2.505464,2.480789,2.119297,3.063771,0.966427,3.12082,1.367615,1.007923,0.50258,4.257124,5.535429,1.053253,5.486989,1.950426,0.451806,3.47196,4.001539,4.677186,2.291663,1.587345,1.615823,2.981885,1.820714,3.171969,1.523867,5.116826,3.126798,7.846937,3.690421,3.021585,3.13518,0.680262,3.427695,1.415431,3.93046,2.768058,5.220077,1.658082,1.184686
2.855211,4.332004,6.139745,3.914883,0,0.735484,4.314366,4.633099,2.064152,6.451078,4.264251,6.555672,6.288096,4.16261,4.667819,1.755246,4.745708,5.801169,2.709549,4.955695,2.290558,3.535659,5.482367,1.636809,5.359294,5.691071,8.2927,4.146955,0.627083,4.460893,5.394475,8.371673,5.046535,4.375053,6.966519,3.639399,4.204758,6.874723,5.580464,3.390633,0.325107,5.039781,1.879928,2.321573,4.437715,0.541441,6.236652,6.33715,2.014739,3.968371,8.35918,2.392835,1.270978,4.786244,1.095675,2.531755,7.698471,3.632525,6.108799,6.397939,6.357959,2.854112,1.38206,3.739257,3.557743,5.048945,3.193125,1.339806,3.85315,5.643171,2.305945,4.235467,7.63569,2.945258,3.507893,3.618929,6.919424,4.585738,5.200973,5.974417,4.80541,0.366424,2.019731,2.687866,4.814089,3.58599,7.533205,6.085656,5.374827,1.102778,4.770243,2.079745,3.329893,6.885021,2.222174,6.172516,2.994486,3.540803,6.096446,6.546348,5.702389,1.185371,5.62274,2.608968,4.440966,7.122236,0.069809,6.290056,4.787231,6.778719,2.223447,7.074551,2.43149,4.920246,5.764428,4.958795,6.351297,3.046702,5.590417,4.538009,1.979709,5.625547,4.38883,3.090403,4.75828,5.195061,2.716049,1.104636,4.814306,1.958297,4.861646,0.430676,1.71422,4.74997,4.878114,7.195925,3.768394,4.022529,2.891076,3.675171,6.315933,7.087777,6.705381,7.656842,0.738399,2.047773,6.663709,3.074289,5.36959,7.087812,3.161726,2.23934,7.17323,1.229223,4.105947,2.41389,7.020973,3.523571,1.625089,3.913861,7.191312,2.309393,3.263845,7.839716,6.326293,6.216562,4.095519,3.782755,2.918431,5.344168,4.045668,4.213965,3.341263,5.945886,4.634022,1.554303,2.96387,5.740302,5.00009,6.920379,0.953256,8.056925,6.069483,5.230272,2.201149,6.046523,2.964565,4.791118,3.379035,3.809038,3.916326,5.926536,6.304401,3.468081,1.842097,4.703624,5.93983,3.635174,2.505152,1.588689,7.790332,1.122237,2.766938,0.777286,2.502389,3.404844,4.179888,5.194104,5.716424,3.132883,4.678933,4.718893,3.824155,6.093896,5.777846,0.960545,6.051796,5.173389,6.648511,2.11362,3.936017,3.617527,4.741768,5.583551,5.38168,5.883351,5.877404,5.842846,7.150919,3.178002,3.823332,5.448357,6.101557,5.549383,6.400662,5.256172,3.359208,5.000634,6.47798,7.220467,7.135105,5.01729,3.398559,7.982246,6.469805,1.56802,4.256031,5.447441,0.487584,1.999803,5.069629,3.905283,7.338257,6.838736,6.732035,2.579355,6.874714,2.268784,2.152636,4.506596,4.939536,2.881882,5.542706,5.052149,6.394962,5.386693,4.579973,4.173519,4.637022,5.281788,4.922096,3.986895,6.803809,2.704803,4.787542,7.628947,4.928227,4.358172,5.452069,7.915712,1.84656,6.038252,2.563693,3.075961,4.643468,3.539579,7.086142,2.512203,7.258784,5.268756,4.199286,6.907053,6.935758,7.049353,4.594435,5.357787,2.959485,1.099834,4.910016,7.362035,3.51156,2.855211
3.323463,4.800256,6.607997,4.383135,0.735484,0,4.782618,5.101351,2.532224,6.91933,4.732503,7.023924,6.756348,4.630862,5.136071,2.223498,5.21396,6.269421,2.686217,5.423947,2.75881,4.003911,5.950619,2.105061,5.827546,6.159323,8.760952,4.615207,1.095335,4.437561,5.862727,8.839925,5.514787,4.843305,7.434771,4.107651,4.181426,7.342975,6.048716,3.858885,0.792613,5.508033,2.615412,2.789645,5.17309,1.009245,6.704904,6.805402,2.482991,4.703746,8.827432,2.860907,1.73923,5.254496,1.072343,3.000007,8.166723,4.100777,6.577051,6.866191,6.826211,3.322364,1.850312,3.715925,4.025815,5.517197,3.169793,1.807878,3.829818,6.111423,2.774197,4.703719,8.103942,3.41351,3.484561,4.087181,7.387676,5.321113,5.669225,6.442669,5.540785,1.101908,2.487983,3.423241,5.282341,4.054062,8.001457,6.553908,5.843079,1.57103,5.238495,2.056413,3.798145,7.353273,2.690426,6.640768,3.462558,4.008875,6.564698,7.0146,6.170641,1.920855,6.090992,3.344343,4.909218,7.590488,0.68282,6.758308,5.522715,7.246971,2.958931,7.542803,2.899742,5.388498,6.23268,5.69417,6.819549,3.514954,6.058669,5.273384,2.447961,6.093799,5.124205,3.558655,5.226532,5.663313,3.451533,1.572888,5.282558,2.426549,5.329898,1.16616,2.182292,5.218222,5.346366,7.664177,4.236646,4.490781,3.359328,4.152888,6.784185,7.556029,7.173633,8.125094,1.206651,2.515845,7.131961,3.699739,5.837842,7.556064,3.629978,2.707592,7.641482,1.697475,4.574199,2.881962,7.489225,3.991823,2.093161,4.649345,7.659564,2.396152,3.240513,8.307968,6.794545,6.684814,4.563771,3.759423,3.653915,5.81242,4.022336,4.190633,3.809515,6.414138,5.102274,2.022555,3.432122,6.208554,5.468342,7.388631,1.421508,8.525177,6.537735,5.698524,2.669401,6.514775,3.432817,5.25937,3.847287,3.785706,3.892994,6.394788,6.772653,3.936153,2.310349,5.438999,6.408082,4.103426,2.973404,1.565357,8.258584,1.590489,3.23519,1.244792,2.479057,3.872916,4.64814,5.662356,6.184676,3.601135,5.147185,5.187145,3.800823,6.562148,6.246098,1.428797,6.520048,5.641641,7.116763,2.581692,3.912685,4.085779,5.21002,6.051803,5.849932,6.351603,6.345656,6.311098,7.619171,3.646254,4.291584,5.916609,6.569809,6.017635,6.868914,5.724424,3.82746,5.468886,6.946232,7.688719,7.603357,5.485542,3.866811,8.450498,6.938057,2.036092,4.991406,5.915693,0.464252,2.467875,5.537881,3.881951,7.806509,7.306988,7.200287,3.047607,7.342966,2.737036,2.620708,5.241971,5.407788,2.85855,6.010958,5.520401,6.863214,5.854945,5.048225,4.641771,5.105274,5.75004,5.390348,4.455147,7.272061,3.173055,5.255794,8.097199,5.396479,4.826424,5.920321,8.383964,2.314812,6.506504,3.031945,3.544213,5.11172,4.007831,7.554394,2.980455,7.727036,5.737008,4.175954,7.375305,7.40401,7.517605,5.062687,5.826039,3.427737,1.568086,5.378268,7.830287,3.979812,3.323463
2.986906,0.37291,3.345629,2.683417,4.314366,4.782618,0,5.042775,2.4113,6.84825,3.289215,3.761556,4.39627,0.151756,5.077495,3.887326,3.465997,2.7751,4.461147,3.835564,3.346344,2.037123,5.624804,3.778846,5.756466,3.623423,5.550928,4.556631,3.717952,8.508027,5.132185,5.901048,4.784245,3.71489,7.108956,4.046613,8.251892,7.271895,1.323913,3.800309,4.23118,1.080687,5.606917,2.725159,5.416988,3.938394,6.633824,6.479587,2.321394,5.706186,5.617408,2.796421,3.087084,2.41296,5.000697,2.934761,7.840908,4.029697,3.08273,6.540376,6.500396,2.037844,4.797247,5.490855,1.09987,0.792394,4.944723,3.724646,7.900284,2.849055,2.332236,0.276373,7.778127,2.895203,5.259491,1.380571,4.177652,5.794139,2.180603,2.948348,6.013811,4.66393,2.549857,6.370176,5.211261,0.958326,7.675642,6.228093,5.517264,3.624345,0.455877,4.272193,3.739569,5.832778,2.282394,4.467412,1.661502,1.465531,6.493618,5.966385,5.935686,5.312491,5.175724,6.291278,4.850642,5.417132,4.244557,3.524091,6.092955,6.921156,5.950436,6.812261,2.83011,0.619915,6.1616,6.102572,3.604337,1.396194,5.732854,5.684081,2.483232,6.022719,5.597231,3.435761,0.443914,1.235967,6.443038,3.729719,4.552016,2.915629,5.258818,4.728182,2.761232,4.48768,5.275286,5.933446,3.506104,4.419701,3.254362,7.099823,6.713105,4.741255,6.079685,4.91507,3.798856,2.618491,6.806146,6.646674,5.1073,7.230249,1.186122,2.594531,7.315667,3.471051,2.583954,4.351297,4.079303,2.885427,3.562496,7.64085,7.333749,3.676888,7.310979,7.982153,3.918896,3.469602,4.492691,5.534353,6.64542,5.74134,8.092802,8.261099,2.018467,6.343058,1.807169,2.8587,1.441954,3.718424,1.977965,7.062816,3.578339,5.315153,5.182659,5.627444,2.58431,6.443695,3.361737,4.933555,1.918208,5.560636,7.96346,3.155887,6.042111,1.327598,2.546297,5.912025,5.67754,4.042388,1.836424,5.178739,5.319707,3.454002,2.396251,3.890537,6.549523,1.383825,3.917598,5.336541,5.858861,1.634347,5.088609,4.86133,7.871289,5.831606,6.011143,4.074944,6.194233,5.340762,6.790948,3.429627,7.983151,4.014699,4.884205,1.362952,5.524117,3.499381,5.615114,3.076881,7.293356,2.387918,4.230546,5.186067,4.396453,3.627705,3.374593,3.223349,3.055033,1.04154,3.734315,7.362904,7.277542,0.716959,3.808235,5.240474,5.844109,3.513324,5.464432,1.455548,4.534718,3.31581,5.466801,7.952417,4.596485,6.576446,4.500641,1.865252,4.135074,2.191827,3.468643,5.714997,1.90328,4.63348,5.280416,4.789859,3.559983,4.588596,4.989649,3.499077,5.046698,2.408215,2.889273,3.041396,6.541519,6.11999,1.770691,7.771384,0.969133,2.392073,1.195518,5.17394,5.261747,4.760962,2.946854,1.729,0.684374,3.936751,4.342477,2.305148,7.401221,5.411193,8.24642,5.89949,3.994088,4.309713,2.906815,5.71209,3.342646,4.515021,5.052453,7.504472,3.873683,2.986906
2.310928,5.060413,5.341759,3.116897,4.633099,5.101351,5.042775,0,5.34026,2.91441,3.381347,5.757686,5.490083,4.891019,0.198452,3.382252,3.862804,5.021278,6.36976,4.072791,2.355168,3.894457,3.907521,3.273772,1.822626,4.893085,7.494714,0.486144,4.021813,6.076205,4.21721,7.57366,3.86927,3.386373,4.020268,1.109677,5.82007,3.338055,6.308873,1.34563,4.689162,4.618926,2.922849,5.597681,0.537945,4.879556,2.699984,4.238305,3.482431,0.827143,7.561194,5.668943,3.387749,3.988258,5.461542,2.108014,5.887536,1.923883,5.328908,4.587004,4.547024,3.311346,3.725199,7.399468,4.996004,5.777354,6.853336,5.098975,3.891495,4.845185,3.881619,4.963876,5.539773,2.421688,7.168104,4.548662,6.121438,0.915096,4.421082,5.194526,1.134768,4.569469,3.905912,2.371903,2.647765,4.37387,5.538022,4.274721,3.799981,3.539068,5.498652,6.180806,1.303206,5.707756,3.205554,5.190957,5.116653,4.979064,2.559778,5.369083,3.647822,3.636692,4.445475,2.222785,0.224624,6.123402,4.56329,5.49207,1.213912,4.967784,2.57933,5.897286,2.228362,5.648655,2.22776,1.225824,5.553311,3.988046,4.015571,0.805038,3.246747,2.088879,0.718188,2.093992,5.486689,4.594928,3.535189,4.020045,3.637041,2.675901,2.226553,4.73608,4.990328,3.572705,2.810153,6.01866,2.777048,1.856205,2.048924,3.360063,2.779265,6.289764,5.528116,6.858856,4.449808,5.323881,3.826346,2.759181,4.192325,4.315819,3.878906,2.682614,5.362295,4.126478,3.325578,6.173059,6.222987,2.629825,5.384258,3.22253,4.227589,5.585501,4.444007,5.939228,5.528307,5.418576,1.929195,7.442966,2.589098,3.276207,4.506158,4.674455,3.648519,2.409218,3.853653,4.138388,3.989607,4.942316,4.220199,3.490634,3.868665,7.258939,4.892218,2.370521,2.550071,2.509855,1.822181,3.216272,3.846363,7.469249,5.531638,5.12855,5.127136,4.511829,3.172206,1.032982,4.762565,1.220816,3.599863,5.954556,6.992319,3.517412,2.948381,5.055997,5.691151,4.575066,3.188542,3.619258,4.141578,3.777248,0.844321,3.144047,4.549635,4.916631,3.723279,3.946099,4.038539,3.171862,4.802325,4.785682,4.396507,1.747967,3.166922,5.793627,3.806834,5.085365,4.700139,5.04486,4.320754,3.129784,1.408974,4.271092,5.284078,4.751397,5.620771,4.458186,2.528929,5.048364,5.679994,5.30402,4.171382,5.745699,1.23454,7.18426,5.29254,5.327189,0.585389,5.657517,4.853451,4.671865,2.209878,5.520595,6.540271,5.661471,5.934022,3.190819,6.076728,3.069507,4.824698,0.835954,4.165799,6.542093,4.365441,3.874884,5.596976,4.209428,0.745361,3.194066,1.134051,4.483802,4.12411,3.141385,5.626544,3.664192,4.007651,5.47559,4.893873,3.567993,6.180478,7.117726,3.258235,4.860987,2.276858,3.688274,5.371877,1.473249,6.288156,3.004613,5.447849,3.69391,5.814598,5.729788,6.137772,6.251367,3.796449,3.30322,1.92166,3.962803,3.33517,5.445588,2.162618,2.310928
3.284887,2.428938,5.401657,3.923681,2.064152,2.532224,2.4113,5.34026,0,7.146214,4.273049,5.817584,6.296894,2.259544,5.37498,2.780152,4.754506,4.831128,2.049847,4.964493,3.186614,2.860799,5.924335,2.661715,6.05443,5.679451,7.606956,4.854116,1.822015,6.257633,5.431716,7.957076,5.083776,4.399291,7.408487,4.344577,6.001498,7.569859,3.677398,4.097794,1.81988,3.136715,3.386662,0.313859,5.714473,1.527094,6.931788,6.779118,2.050415,5.430426,7.673436,0.385121,2.27147,4.468988,2.589397,3.232246,8.140439,4.327661,5.138758,6.839907,6.799927,2.630756,2.576992,3.079555,1.493591,3.145879,2.533423,1.313346,5.64989,4.905083,1.740531,2.332401,8.077658,3.193184,2.848191,1.628322,6.23368,6.047793,4.236631,5.004376,6.267465,2.413716,1.506556,4.149921,5.509225,1.521838,7.975173,6.527624,5.816795,2.293,2.867177,1.860893,4.037054,6.922262,2.246801,6.181314,0.930334,1.476651,6.791582,6.583589,6.235217,3.092236,5.659981,4.071023,5.148127,7.131034,1.994343,5.580119,6.293965,7.220687,3.730181,7.111792,3.127595,3.01718,6.459564,6.400536,5.660365,2.067853,6.032385,5.981566,2.467029,6.320683,5.850885,3.733742,2.855214,3.291995,4.222783,2.273244,4.851547,2.832055,5.556782,2.477968,0.349932,4.787211,5.57325,7.233166,3.805635,4.717665,3.552343,4.879568,7.011069,6.797283,6.742622,6.971098,1.387556,0.207191,7.105677,4.426419,5.406831,7.52978,2.009798,2.892512,7.615198,2.20115,4.114745,1.939997,6.135331,3.532369,1.151196,5.420595,7.63328,1.265588,5.060585,8.281684,5.974924,5.52563,4.790655,3.123053,4.425165,6.039304,5.842408,6.010705,2.842143,6.641022,3.863197,1.511482,2.113613,5.7491,4.033993,7.362347,2.121864,7.371181,6.106724,5.925408,2.882274,6.741659,3.659701,5.233086,2.741884,3.149336,5.713066,5.211915,6.341642,1.403929,2.381481,6.165679,5.977071,4.340352,2.177559,2.767439,7.375735,2.193328,2.708707,1.479237,4.299129,1.340692,4.217129,5.636072,6.158392,2.458023,5.386094,5.160861,5.620895,6.131137,6.310674,2.155477,6.493764,5.640293,7.090479,1.133794,5.732757,4.312663,5.183736,3.680485,5.823648,5.555409,5.914645,5.132909,7.592887,3.110738,4.52851,5.485598,6.110355,5.558181,5.430621,5.26497,3.382999,3.097568,5.790343,7.662435,7.577073,3.114224,4.10572,7.296502,6.507046,1.102024,5.718086,3.544375,2.284324,1.019977,5.764765,5.702023,6.652513,6.875977,6.556669,2.340551,6.191102,2.427183,1.17281,5.968651,3.959308,2.22218,5.579947,5.08939,5.616011,5.423934,5.287134,4.19731,5.344183,4.464243,4.930894,3.995693,6.84105,3.899735,3.826719,8.070915,3.025161,4.36697,3.549003,7.229968,3.041492,6.075493,3.244818,2.552676,2.740402,4.234715,6.398505,2.603129,7.700752,5.710724,5.996026,6.944294,6.050116,6.365741,4.603233,6.011621,3.64061,2.294766,5.351984,7.804003,4.171664,3.284887
3.923909,6.865888,6.54244,4.688483,6.451078,6.91933,6.84825,2.91441,7.146214,0,4.428603,6.958367,5.718623,6.696494,2.94913,5.201263,4.91006,6.592864,8.175714,5.120047,4.251036,5.471825,2.266213,5.092783,1.32037,5.45761,7.901331,3.236822,5.840824,7.928072,4.248077,7.8022,3.900137,4.297893,1.105858,3.187922,7.671937,0.423645,8.114348,3.527408,6.507141,6.190512,4.774716,7.403635,2.456972,6.697535,0.593524,1.323895,5.300085,2.67901,7.967811,7.474897,5.205728,5.281475,7.279521,4.003882,2.973126,2.865268,6.703793,1.672594,1.632614,4.892942,5.577066,9.205422,6.801479,7.582829,8.65929,6.916954,5.743362,6.045866,5.687573,6.769351,2.625363,4.030346,8.974058,6.354137,6.528055,2.766963,5.992668,6.766112,2.986635,6.421336,5.711866,4.22377,2.623852,6.179345,2.623612,1.360311,1.90927,5.358079,7.304127,7.98676,3.953621,5.738623,5.011508,5.221824,6.922128,6.784539,0.453318,5.39995,1.573202,5.488559,4.476342,4.074652,2.975302,6.154269,6.381269,6.266922,3.065779,2.053374,4.431197,5.173618,4.037429,7.45413,1.725504,1.688586,5.959928,5.793521,2.617164,2.405036,5.052701,1.586623,2.570055,3.53581,7.292164,6.166514,5.387056,5.838024,3.667908,4.492781,1.746407,6.587947,6.796282,3.603572,2.330007,6.049527,3.515582,2.441394,3.642909,5.21193,0.672805,6.518304,5.558983,7.265473,6.267787,7.129835,0.911936,4.611048,4.223192,1.401409,5.670127,4.30764,2.447885,5.944457,4.897164,7.991038,7.423668,4.201411,7.202237,5.074397,1.313179,7.391455,6.295874,3.024818,5.790614,5.825193,2.572074,9.24892,4.440965,2.028426,6.358025,6.526322,5.225887,1.906962,5.425239,5.956367,5.795082,5.245815,5.791785,0.576224,5.686644,7.665556,4.923085,1.890375,4.339254,2.007599,3.602041,2.757955,5.423731,9.275203,7.383505,6.228226,5.158003,6.317304,4.98986,2.884849,4.793432,3.08076,5.405338,7.772535,7.220859,5.336423,4.529644,6.873976,7.543018,6.380541,3.87107,2.630435,1.626979,5.358844,3.594999,2.68573,6.401502,4.947498,1.491409,5.76511,1.124129,2.404949,1.887915,6.591636,6.248374,2.846396,2.708605,7.365213,1.829483,5.588936,4.731006,6.132819,1.406344,4.707152,3.161057,4.301959,5.434269,5.261034,6.916086,5.604862,4.100515,6.61995,6.086611,2.38961,1.256972,7.551174,3.912091,7.590877,5.323407,7.145168,2.437256,7.229103,6.67143,6.477819,1.729732,7.372462,6.946888,5.692338,6.162562,4.996294,6.483345,4.875461,6.630652,2.687821,5.737385,8.348047,4.396308,3.905751,6.797657,4.240295,3.496039,4.204846,3.884729,5.702958,5.270786,4.31292,4.941315,5.516059,5.579237,2.56118,6.465459,4.971354,7.985953,7.524343,5.110102,4.891854,3.929606,5.26987,7.177352,3.024668,6.694773,4.605306,2.533439,2.364619,7.666465,5.760655,7.338453,6.657984,4.869827,1.911468,3.536976,5.81467,2.282683,2.531178,3.057288,3.923909
1.510799,3.020156,2.133797,0.756565,4.264251,4.732503,3.289215,3.381347,4.273049,4.428603,0,2.549724,2.138966,3.137459,3.416067,3.6195,0.501417,2.467491,5.302549,0.711404,2.992354,2.126736,3.031721,3.51102,3.336819,1.631118,4.21846,2.895203,3.667837,8.457912,2.539102,4.222543,2.191162,0.445635,4.515873,2.27167,8.201777,4.852248,4.391778,2.607892,4.320314,2.281277,5.371724,4.53047,3.75556,4.510708,4.214177,3.886504,2.604034,4.044758,4.28494,4.601732,3.018881,1.003444,5.092694,2.514704,5.247825,1.610475,2.29515,3.947293,3.907313,1.6682,4.562054,6.332257,3.579336,3.99316,5.786125,4.502069,7.10911,1.637223,2.787552,3.012842,5.185044,1.415542,6.100893,3.133376,2.845184,4.132711,2.07192,2.700948,4.352383,4.613815,2.838701,5.589518,2.916336,2.957202,5.082559,3.63501,2.924181,3.545558,3.745092,5.113595,3.034105,3.388752,2.321415,2.00392,3.699985,3.562396,4.073971,3.522359,3.342603,5.077298,2.404773,5.4404,3.189214,2.973106,4.194442,2.252155,4.431527,4.328073,5.715243,4.219178,2.441439,3.864461,3.741953,3.682925,2.277057,2.573515,3.139771,4.022653,2.419154,3.603072,3.935803,1.287355,3.733129,2.257279,6.207845,3.651197,1.958933,2.681278,2.839171,4.678067,3.923117,1.894597,2.820874,3.48942,0.913021,2.191393,1.578343,6.577678,4.293458,2.938647,3.635659,3.582602,4.08096,4.25667,4.213063,5.976796,2.514217,4.637166,2.44704,2.028652,4.722584,3.53704,0.855121,5.12872,3.015025,0.930406,4.339919,6.440145,4.740666,4.51829,7.260864,5.38907,2.210957,2.142322,2.264383,6.375755,5.806713,3.286928,7.723773,7.89207,1.880509,3.923411,1.496949,3.147544,2.600976,1.62796,1.88255,4.469733,3.499817,3.982685,2.411708,3.208222,2.318973,4.024048,2.227041,2.340472,2.088984,6.402038,7.913345,1.888635,3.449028,3.096543,2.605588,4.250597,3.084457,2.235516,2.24371,5.585708,3.641202,3.370141,1.573931,4.66796,6.499408,3.15978,1.324515,2.743458,3.265778,2.05695,3.427181,2.268247,7.76725,3.238523,3.41806,4.024829,3.60115,2.747679,4.197865,3.718471,7.614122,1.794073,2.291122,3.455978,2.931034,1.809111,3.022031,1.804945,4.700273,1.349996,2.316957,2.592984,1.932961,1.437041,2.507443,1.196219,1.04723,2.710715,2.40374,4.769821,4.684459,3.961505,2.995839,3.908006,3.400083,4.290747,3.803004,3.319868,4.484603,3.604654,3.047579,7.902302,3.264017,3.983363,2.582905,1.954123,2.800474,2.208594,3.757487,4.053569,1.82815,5.474882,2.687333,2.196776,2.389014,1.817222,3.328221,0.229822,3.38527,1.294315,0.862143,0.367029,3.948436,5.884797,1.612541,5.178301,2.556224,0.906253,4.077758,3.841472,5.026554,1.989588,1.936713,1.965191,3.587683,1.980444,3.011902,1.873235,4.808138,2.81811,8.196305,3.455464,2.92981,2.975113,0.461184,3.119007,1.685619,4.279828,2.45937,4.911389,1.37174,1.510799
3.825475,3.492497,0.415927,2.641499,6.555672,7.023924,3.761556,5.757686,5.817584,6.958367,2.549724,0,3.276147,3.6098,5.792406,5.910921,2.716465,1.208317,7.59397,3.086032,5.283775,4.418157,5.561485,5.802441,5.866583,2.508334,4.411794,5.271542,5.959258,10.749333,4.781162,4.775247,4.720926,2.975399,7.045637,4.648009,10.493198,7.382012,4.864119,4.984231,6.611735,2.753618,7.663145,6.131443,6.131899,6.802129,6.743941,6.416268,4.895455,6.421097,4.478274,6.202705,5.310302,1.827808,7.384115,4.806125,7.777589,4.140239,1.035976,6.477057,6.437077,3.959621,6.853475,8.623678,4.506154,4.465501,8.077546,6.79349,9.485449,0.912501,5.078973,3.485183,7.714808,3.730218,8.392314,4.786855,3.038518,6.50905,1.74831,1.221186,6.728722,6.905236,5.130122,7.965857,5.4461,4.36461,7.612323,6.164774,5.453945,5.836979,4.217433,7.405016,5.410444,4.735579,4.612836,3.370213,5.067786,4.871815,6.603735,4.869186,5.872367,7.368719,4.078525,7.816739,5.565553,4.319933,6.485863,2.086385,6.807866,6.857837,8.006664,6.456804,4.73286,4.336802,6.271717,6.212689,2.465203,4.802478,5.669535,6.398992,4.710575,6.132836,6.312142,3.777754,4.20547,2.72962,8.499266,5.942618,4.488697,4.972699,5.368935,6.969488,6.167516,4.170078,5.350638,4.836247,3.442785,4.721157,3.944123,8.954017,6.823222,3.615454,4.982486,3.775936,6.372381,6.024775,6.742827,8.353135,4.614151,7.16693,4.592406,4.320073,7.252348,5.828461,2.635956,7.420141,1.47719,3.221827,6.63134,8.816484,7.27043,6.809711,9.552285,7.918834,2.793338,2.330468,4.794147,8.667176,8.183052,5.816692,10.100112,10.268409,4.17193,6.453175,2.094565,5.438965,4.848238,2.598301,1.92912,6.999497,5.791238,4.176019,4.08546,5.737986,4.610394,6.553812,4.518462,4.870236,4.380405,8.693459,10.204766,2.016753,5.758102,4.733882,4.897009,6.626936,4.988069,4.643302,4.535131,7.877129,4.193906,5.661562,3.865352,6.959381,8.790829,4.790109,3.854279,5.273222,5.795542,4.348371,5.80352,4.798011,10.112595,5.476149,5.947824,6.31625,6.130914,5.277443,6.727629,6.009892,9.990461,4.323837,4.820886,3.928319,5.460798,2.379843,5.259657,1.937747,7.230037,3.641417,4.798016,5.122748,3.299254,2.512616,0.975637,2.139492,3.361906,3.183056,2.595181,7.299585,7.214223,4.433846,5.372178,4.10134,4.74691,6.582168,6.179343,3.792209,6.776024,5.896075,5.577343,10.193723,3.457351,6.220989,3.37484,4.245544,2.99594,4.500015,6.048908,6.429908,1.986716,7.766303,4.760027,4.537753,0.613,3.533355,5.70456,2.759586,5.761609,1.411909,2.047869,2.732325,6.186062,8.176218,2.029356,7.708065,3.028565,2.277799,4.550099,3.821376,7.317975,3.682328,4.228134,4.256612,4.060024,4.461503,3.203343,4.164656,7.337902,5.347874,10.487726,4.802291,1.391975,3.170579,2.11543,5.648771,4.05622,6.571249,4.989134,7.441153,3.901504,3.825475
3.557899,4.127211,2.86022,2.373923,6.288096,6.756348,4.39627,5.490083,6.296894,5.718623,2.138966,3.276147,0,4.244514,5.524803,5.643345,1.781149,3.434228,7.326394,2.200573,5.016199,4.150581,4.108861,5.534865,5.151922,1.169753,3.058819,5.003939,5.691682,10.481757,2.039652,2.827117,2.564103,2.564641,5.593013,4.380406,10.225622,6.142268,5.498833,4.716628,6.344159,3.388332,7.395569,6.554315,5.864296,6.534553,6.02928,4.963644,4.627879,6.153494,3.125299,6.625577,5.042726,2.257683,7.116539,4.538549,6.161961,3.729481,3.261887,5.024433,4.984453,3.692045,6.585899,8.356102,5.140868,5.100215,7.80997,6.525914,9.217846,2.399481,4.811397,4.119897,6.262184,3.462642,8.124738,5.157221,1.685543,6.241447,3.13405,3.667685,6.461119,6.63766,4.862546,7.698254,5.035342,4.981047,6.159699,4.71215,4.001321,5.569403,4.852147,7.13744,5.142841,1.993326,4.34526,0.642827,5.7025,5.506529,5.889074,2.126933,4.419743,7.101143,1.337015,7.549136,5.29795,1.57768,6.218287,1.677605,6.540263,5.405213,7.739088,3.715294,4.465284,4.971516,5.557056,5.498028,1.117416,4.59736,4.216911,6.131389,4.442999,5.418175,6.044539,3.396091,4.840184,3.364334,8.23169,5.675042,2.410837,4.705123,4.654274,6.701912,5.946962,2.115051,4.228705,2.093994,3.032027,4.310399,3.676547,8.686414,6.108561,1.543221,2.240233,2.422961,6.104805,6.280515,5.290203,8.085532,1.872641,5.714306,4.470885,4.052497,5.799724,5.560885,2.392889,7.152565,3.964266,2.954251,6.363764,8.548881,5.817806,6.542135,9.284709,6.46621,0.583313,0.982681,4.383389,8.3996,7.915449,4.475431,9.832509,10.000806,3.904354,5.738514,2.705349,5.171389,4.624821,0.956092,2.945046,5.546873,5.523662,2.823044,1.34395,5.21545,4.342818,5.839151,4.250886,3.417612,4.112829,8.425883,9.93719,1.660257,3.016592,5.120388,4.629433,6.359333,2.245816,4.344252,4.267555,7.609553,2.245776,5.393986,3.597776,6.691805,8.523253,5.183625,2.805069,3.820598,4.342918,4.080795,5.535917,3.345387,9.845019,2.734639,4.4952,6.048674,4.67829,3.824819,5.275005,5.742316,9.722858,3.913079,3.368262,4.563033,4.008174,1.020967,2.518147,1.56485,5.777413,3.373841,4.425693,2.438255,0.571868,0.973177,3.460499,1.397438,3.09433,3.81777,1.244099,5.846961,5.761599,5.06856,5.104575,2.748365,2.004657,6.314592,5.91174,4.426923,6.508448,5.628499,5.054807,9.926147,2.104376,3.479479,1.187479,3.977968,1.640833,4.232439,5.781332,6.162305,2.892363,7.498727,2.018517,2.445097,3.115437,1.478328,5.436957,2.348828,5.494006,2.287007,1.858308,2.349831,3.444552,7.908642,2.673788,6.255441,3.663279,2.226202,5.184813,2.681831,7.050399,0.940818,3.960558,3.989036,4.694738,4.08918,1.852261,3.89708,5.885278,3.89525,10.22015,2.060038,3.879051,1.815472,1.71457,4.273976,3.788644,6.303673,3.53651,5.988529,3.490746,3.557899
2.83515,0.221154,3.193873,2.531661,4.16261,4.630862,0.151756,4.891019,2.259544,6.696494,3.137459,3.6098,4.244514,0,4.925739,3.73557,3.314241,2.623344,4.309391,3.683808,3.194588,1.885367,5.473048,3.62709,5.60471,3.471667,5.399172,4.404875,3.566196,8.356271,4.980429,5.749292,4.632489,3.563134,6.9572,3.894857,8.100136,7.120139,1.469614,3.648553,4.079424,0.928931,5.455161,2.573403,5.265232,3.786638,6.482068,6.327831,2.169638,5.55443,5.465652,2.644665,2.935328,2.261204,4.848941,2.783005,7.689152,3.877941,2.930974,6.38862,6.34864,1.886088,4.645491,5.339099,0.948114,0.938095,4.792967,3.57289,7.748528,2.697299,2.18048,0.124617,7.626371,2.743447,5.107735,1.228815,4.025896,5.642383,2.028847,2.796592,5.862055,4.512174,2.398101,6.21842,5.059505,0.80657,7.523886,6.076337,5.365508,3.472589,0.607633,4.120437,3.587813,5.681022,2.130638,4.315656,1.509746,1.313775,6.341862,5.814629,5.78393,5.160735,5.023968,6.139522,4.698886,5.265376,4.092801,3.372335,5.941199,6.7694,5.79868,6.660505,2.678354,0.771671,6.009844,5.950816,3.452581,1.244438,5.581098,5.532325,2.331476,5.870963,5.445475,3.284005,0.59567,1.084211,6.291282,3.577963,4.40026,2.763873,5.107062,4.576426,2.609476,4.335924,5.12353,5.78169,3.354348,4.267945,3.102606,6.948067,6.561349,4.589499,5.927929,4.763314,3.6471,2.466735,6.65439,6.494918,4.955544,7.078493,1.034366,2.442775,7.163911,3.319295,2.432198,4.199541,3.927547,2.733671,3.41074,7.489094,7.181993,3.525132,7.159223,7.830397,3.76714,3.317846,4.340935,5.382597,6.493664,5.589584,7.941046,8.109343,1.866711,6.191302,1.655413,2.706944,1.290198,3.566668,1.826209,6.91106,3.426583,5.163397,5.030903,5.475688,2.432554,6.291939,3.209981,4.781799,1.766452,5.40888,7.811704,3.004131,5.890355,1.175842,2.394541,5.760269,5.525784,3.890632,1.684668,5.026983,5.167951,3.302246,2.244495,3.738781,6.397767,1.232069,3.765842,5.184785,5.707105,1.482591,4.936853,4.709574,7.719533,5.67985,5.859387,3.923188,6.042477,5.189006,6.639192,3.277871,7.831395,3.862943,4.732449,1.472701,5.372361,3.347625,5.463358,2.925125,7.1416,2.236162,4.07879,5.034311,4.244697,3.475949,3.222837,3.071593,2.903277,0.889784,3.582559,7.211148,7.125786,0.868715,3.656479,5.088718,5.692353,3.361568,5.312676,1.336591,4.382962,3.164054,5.315045,7.800661,4.444729,6.42469,4.348885,1.713496,3.983318,2.040071,3.316887,5.563241,1.751524,4.481724,5.12866,4.638103,3.408227,4.43684,4.837893,3.347321,4.894942,2.256459,2.737517,2.88964,6.389763,5.968234,1.618935,7.619628,0.817377,2.240317,1.341219,5.022184,5.109991,4.609206,2.795098,1.577244,0.532618,3.784995,4.190721,2.153392,7.249465,5.259437,8.094664,5.747734,3.842332,4.157957,2.755059,5.560334,3.19089,4.363265,4.900697,7.352716,3.721927,2.83515
2.345648,5.095133,5.376479,3.151617,4.667819,5.136071,5.077495,0.198452,5.37498,2.94913,3.416067,5.792406,5.524803,4.925739,0,3.416972,3.897524,5.055998,6.40448,4.107511,2.389888,3.929177,3.942241,3.308492,1.857346,4.927805,7.529434,0.520864,4.056533,6.110925,4.25193,7.60838,3.90399,3.421093,4.054988,1.144397,5.85479,3.372775,6.343593,1.38035,4.723882,4.653646,2.957569,5.632401,0.572665,4.914276,2.734704,4.273025,3.517151,0.861863,7.595914,5.703663,3.422469,4.022978,5.496262,2.142734,5.922256,1.958603,5.363628,4.621724,4.581744,3.346066,3.759919,7.434188,5.030724,5.812074,6.888056,5.133695,3.926215,4.879905,3.916339,4.998596,5.574493,2.456408,7.202824,4.583382,6.156158,0.949816,4.455802,5.229246,1.169488,4.604189,3.940632,2.406623,2.682485,4.40859,5.572742,4.309441,3.834701,3.573788,5.533372,6.215526,1.337926,5.742476,3.240274,5.225677,5.151373,5.013784,2.594498,5.403803,3.682542,3.671412,4.480195,2.257505,0.259344,6.158122,4.59801,5.52679,1.248632,5.002504,2.61405,5.932006,2.263082,5.683375,2.26248,1.260544,5.588031,4.022766,4.050291,0.839758,3.281467,2.123599,0.752908,2.128712,5.521409,4.629648,3.569909,4.054765,3.671761,2.710621,2.261273,4.7708,5.025048,3.607425,2.844873,6.05338,2.811768,1.890925,2.083644,3.394783,2.813985,6.324484,5.562836,6.893576,4.484528,5.358601,3.861066,2.793901,4.227045,4.350539,3.913626,2.717334,5.397015,4.161198,3.360298,6.207779,6.257707,2.664545,5.418978,3.25725,4.262309,5.620221,4.478727,5.973948,5.563027,5.453296,1.963915,7.477686,2.623818,3.310927,4.540878,4.709175,3.683239,2.443938,3.888373,4.173108,4.024327,4.977036,4.254919,3.525354,3.903385,7.293659,4.926938,2.405241,2.584791,2.544575,1.856901,3.250992,3.881083,7.503969,5.566358,5.16327,5.161856,4.546549,3.206926,1.067702,4.797285,1.255536,3.634583,5.989276,7.027039,3.552132,2.983101,5.090717,5.725871,4.609786,3.223262,3.653978,4.176298,3.811968,0.879041,3.178767,4.584355,4.951351,3.757999,3.980819,4.073259,3.206582,4.837045,4.820402,4.431227,1.782687,3.201642,5.828347,3.841554,5.120085,4.734859,5.07958,4.355474,3.164504,1.443694,4.305812,5.318798,4.786117,5.655491,4.492906,2.563649,5.083084,5.714714,5.33874,4.206102,5.780419,1.26926,7.21898,5.32726,5.361909,0.620109,5.692237,4.888171,4.706585,2.244598,5.555315,6.574991,5.696191,5.968742,3.225539,6.111448,3.104227,4.859418,0.870674,4.200519,6.576813,4.400161,3.909604,5.631696,4.244148,0.780081,3.228786,1.168771,4.518522,4.15883,3.176105,5.661264,3.698912,4.042371,5.51031,4.928593,3.602713,6.215198,7.152446,3.292955,4.895707,2.311578,3.722994,5.406597,1.507969,6.322876,3.039333,5.482569,3.72863,5.849318,5.764508,6.172492,6.286087,3.831169,3.33794,1.95638,3.997523,3.36989,5.480308,2.197338,2.345648
2.205386,3.904964,5.494994,3.270132,1.755246,2.223498,3.887326,3.382252,2.780152,5.201263,3.6195,5.910921,5.643345,3.73557,3.416972,0,4.100957,5.156418,3.809652,4.310944,1.037167,3.105161,4.449351,0.118437,4.109479,5.04632,7.647949,2.896108,1.13869,5.948907,4.585596,7.726922,4.237656,3.717931,5.933503,2.388552,5.692772,5.624908,5.153424,2.139786,1.811309,4.612741,2.251353,3.037573,3.756465,2.001703,4.986837,5.304134,1.694088,4.045663,7.714429,3.108835,0.827028,4.141493,2.583689,1.281518,6.665455,2.38271,5.464048,5.364923,5.324943,2.401546,1.441683,4.83936,3.688538,4.621905,4.293228,2.221122,4.592253,4.99842,2.020913,3.808427,6.602674,2.295433,4.607996,3.191889,6.274673,4.133616,4.556222,5.329666,4.353288,2.10481,1.734699,3.014612,3.564274,3.218421,6.500189,5.05264,4.341811,0.657557,4.343203,3.567759,2.079046,6.076142,1.769747,5.527765,3.710486,3.671598,4.846631,5.737469,4.452574,1.956927,4.813861,2.935714,3.190119,6.477485,1.685437,5.645305,4.432432,5.745703,2.594872,6.265672,1.203958,4.493206,4.514613,4.444344,5.706546,2.619662,4.557401,4.023558,1.518923,4.375732,3.936708,2.42555,4.33124,4.719512,3.087474,1.145084,4.005427,1.124424,3.611831,2.169062,2.43022,3.941091,3.628299,6.387046,3.108606,2.772714,2.136972,3.744259,5.066118,6.443026,5.896502,7.012091,1.571955,2.763773,5.599076,3.29111,4.560711,6.054796,2.734686,1.756145,6.140214,1.257361,3.461196,3.295206,6.376222,2.87882,2.506405,4.285286,6.158296,3.025393,4.751859,6.8067,5.681542,5.571811,2.845704,4.882858,3.289856,4.094353,5.206916,5.375213,2.878366,4.696071,3.989271,1.269271,2.53683,5.095551,4.355339,5.777487,0.993704,7.412174,5.260604,3.980457,1.528654,4.796708,1.71475,3.758102,2.948537,4.909141,5.40434,5.281785,5.495522,3.155056,1.381311,4.251502,5.130951,2.384327,2.074654,3.076703,7.145581,0.635901,2.126139,2.178144,3.990403,3.218293,3.5201,4.161088,4.683408,2.702385,3.428086,3.685877,5.250393,5.285017,4.528031,1.062976,5.01878,3.970416,5.615495,2.225574,5.097265,2.367712,3.708752,5.156511,4.348664,5.2386,5.068525,5.198095,6.117903,2.536909,2.572485,4.639478,5.456806,4.904632,5.755911,4.611421,2.709383,4.573594,5.833229,6.187451,6.102089,4.59025,2.147712,7.337495,5.660926,2.449336,3.803909,5.020401,1.975598,2.111757,3.819814,5.393297,6.693506,6.029857,6.087284,2.126789,6.229963,1.816218,2.26459,4.054474,4.294785,3.981985,4.733827,4.24327,5.750211,4.577814,3.329126,3.523694,3.386175,4.637037,4.277345,3.342144,5.99493,2.764426,4.142791,6.595931,4.501187,3.713421,5.025029,7.270961,1.906183,5.229373,1.717745,2.645463,4.216428,2.289764,6.441391,2.059637,6.225768,4.23574,5.6873,6.098174,6.291007,6.404602,3.949684,4.107972,2.029004,1.159457,3.877,6.329019,2.499876,2.205386
1.992256,3.196938,2.300538,0.996698,4.745708,5.21396,3.465997,3.862804,4.754506,4.91006,0.501417,2.716465,1.781149,3.314241,3.897524,4.100957,0,2.640855,5.784006,0.434256,3.473811,2.608193,3.513178,3.992477,3.818276,1.514414,3.963857,3.37666,4.149294,8.939369,2.749593,3.864726,2.672619,0.927092,4.99733,2.753127,8.683234,5.333705,4.56856,3.089349,4.801771,2.458059,5.853181,5.011927,4.237017,4.992165,4.695634,4.367961,3.085491,4.526215,4.030337,5.083189,3.500338,1.179977,5.574151,2.996161,5.729282,2.091932,2.468514,4.42875,4.38877,2.149657,5.043511,6.813714,4.060793,4.169942,6.267582,4.983526,7.590567,1.803964,3.269009,3.189624,5.666501,1.896999,6.58235,3.614833,2.590581,4.614168,2.248453,2.874312,4.83384,5.095272,3.320158,6.070975,3.397793,3.438659,5.564016,4.116467,3.405638,4.027015,3.921874,5.595052,3.515562,3.030935,2.802872,1.646103,4.181442,4.043853,4.555428,3.164542,3.82406,5.558755,2.046956,5.921857,3.670671,2.615289,4.675899,2.329448,4.912984,4.80953,6.1967,4.425235,2.922896,4.041243,4.22341,4.164382,2.022454,3.054972,3.621228,4.50411,2.900611,4.084529,4.41726,1.768812,3.909911,2.434061,6.689302,4.132654,2.44039,3.162735,3.320628,5.159524,4.404574,2.096128,3.302331,3.131603,1.394478,2.67285,2.0598,7.059135,4.774915,2.58083,3.277842,3.327999,4.562417,4.738127,4.69452,6.458253,2.582582,5.118623,2.928497,2.510109,5.204041,4.018497,1.095254,5.610177,3.181766,1.411863,4.821376,6.921602,5.222123,4.999747,7.742321,5.870527,1.85314,1.887719,2.74584,6.857212,6.28817,3.768385,8.20523,8.373527,2.361966,4.404868,1.673482,3.629001,3.082433,1.308341,2.059332,4.95119,3.981274,3.728082,2.053891,3.689679,2.80043,4.505505,2.708498,2.821929,2.570441,6.883495,8.394802,2.047835,3.726533,3.578,3.087045,4.732054,2.959863,2.716973,2.725167,6.067165,3.283385,3.851598,2.055388,5.149417,6.980865,3.641237,1.805972,3.224915,3.747235,2.538407,3.908638,2.749704,8.248707,3.44458,3.899517,4.506286,4.082607,3.229136,4.679322,4.199928,8.095579,2.27553,2.772579,3.63276,3.412491,1.651462,3.228088,1.964145,5.18173,1.831453,2.798414,3.074441,1.575144,1.317838,2.677999,1.35526,1.528687,2.887497,2.149137,5.251278,5.165916,4.138287,3.477296,3.653403,3.042266,4.772204,4.284461,3.49665,4.96606,4.086111,3.529036,8.383759,3.009414,4.18942,2.225088,2.43558,2.545871,2.690051,4.238944,4.535026,2.004932,5.956339,2.728458,2.463803,2.555755,1.459405,3.809678,0.711279,3.866727,1.469001,1.021184,0.781881,4.154493,6.366254,1.789074,5.659758,2.733006,1.105723,4.25454,3.586869,5.508011,1.631771,2.41817,2.446648,3.764465,2.461901,2.757299,2.354692,5.289595,3.299567,8.677762,3.097647,3.096551,2.72051,0.619982,3.600464,2.167076,4.761285,2.940827,5.392846,1.853197,1.992256
3.087018,2.506041,0.850534,2.077831,5.801169,6.269421,2.7751,5.021278,4.831128,6.592864,2.467491,1.208317,3.434228,2.623344,5.055998,5.156418,2.640855,0,6.839467,3.010422,4.529272,3.663654,5.24479,5.047938,5.50108,2.666415,4.569875,4.535134,5.204755,9.99483,4.752171,4.933328,4.404231,2.893166,6.728942,3.911601,9.738695,7.016509,3.877663,4.247823,5.857232,1.767162,6.908642,5.144987,5.395491,6.047626,6.378438,6.099573,4.140952,5.684689,4.636355,5.216249,4.555799,1.722555,6.629612,4.051622,7.460894,3.774311,0.324903,6.160362,6.120382,3.205118,6.098972,7.869175,3.519698,3.479045,7.323043,6.038987,8.749041,1.054473,4.32447,2.498727,7.398113,2.991761,7.637811,3.800399,3.196599,5.772642,0.620269,0.270013,5.992314,6.150733,4.375619,7.229449,4.955875,3.378154,7.295628,5.848079,5.13725,5.082476,3.230977,6.650513,4.674036,4.89366,3.858333,3.528294,4.08133,3.885359,6.238232,5.027267,5.555672,6.614216,4.236606,7.080331,4.829145,4.478014,5.73136,2.244466,6.071458,6.541142,7.252161,6.432247,3.978357,3.350346,5.906214,5.847186,2.623284,3.816022,5.35284,5.662584,3.956072,5.767333,5.575734,3.124541,3.219014,1.743164,7.744763,5.188115,4.172002,4.218196,5.003432,6.214985,5.18106,4.107666,5.0199,4.994328,3.12609,4.164315,3.207715,8.217609,6.457719,3.773535,5.140567,3.934017,5.617878,5.038319,6.426132,7.616727,4.727286,6.850235,3.60595,3.56557,6.935653,5.073958,1.978368,6.665638,1.321476,2.48337,5.876837,8.080076,6.953735,6.055208,8.797782,7.602139,2.951419,2.488549,4.237305,7.912673,7.446644,5.485954,9.363704,9.532001,3.417427,6.087672,1.187046,4.684462,3.861782,2.756382,0.801079,6.682802,5.036735,4.3341,4.243541,5.372058,3.855891,6.188309,3.778252,4.553541,3.625902,7.938956,9.450263,2.174834,5.662097,3.747426,4.142506,5.890528,5.14615,3.906894,3.780628,7.122626,4.351987,4.907059,3.110849,6.204878,8.036326,3.803653,3.537584,4.956527,5.478847,3.593868,5.067112,4.481316,9.358092,5.451592,5.631129,5.561747,5.814219,4.960748,6.410934,5.255389,9.254053,3.759313,4.504191,2.941863,5.144103,2.537924,5.2351,2.095828,6.913342,2.886914,4.061608,4.806053,3.457335,2.670697,0.619305,2.297573,2.623449,2.1966,2.753262,6.98289,6.897528,3.44739,4.63577,4.259421,4.904991,5.827665,5.442935,2.805753,6.021521,5.141572,5.211415,9.43922,3.615432,6.196432,3.532921,3.491041,3.154021,3.745512,5.294405,5.6935,0.888934,7.0118,4.900402,4.409845,0.802156,3.691436,4.968152,2.677353,5.025201,1.180032,1.972259,2.43581,6.161505,7.421715,1.080818,7.39137,2.042109,1.786487,3.563643,3.665397,6.563472,3.840409,3.487924,3.502109,3.073568,3.725095,3.361424,3.410153,7.021207,5.031179,9.733223,4.960372,1.236261,3.32866,2.03982,5.332076,3.319812,5.816746,4.672439,7.124458,3.562463,3.087018
4.314387,4.478785,7.178043,4.953181,2.709549,2.686217,4.461147,6.36976,2.049847,8.175714,5.302549,7.59397,7.326394,4.309391,6.40448,3.809652,5.784006,6.839467,0,5.993993,4.216114,4.237566,6.953835,3.691215,7.08393,6.729369,9.330998,5.883616,2.851515,5.061618,6.461216,9.409971,6.113276,5.428791,8.437987,5.374077,4.805483,8.599359,5.727245,5.127294,2.766678,5.186562,4.416162,2.307268,6.743973,2.556594,7.961288,7.808618,3.079915,6.459926,9.397478,2.37853,3.30097,5.824542,1.613874,4.261746,9.169939,5.357161,7.147097,7.869407,7.829427,3.660256,3.606492,1.136911,3.543438,5.195726,0.590779,2.342846,4.453875,6.681469,2.770031,4.382248,9.107158,4.222684,0.905547,3.678169,7.957722,7.077293,6.239271,7.012715,7.296965,3.075973,2.536056,5.179421,6.538725,3.571685,9.004673,7.557124,6.846295,3.3225,4.917024,0.88537,5.066554,7.951762,3.276301,7.210814,2.980181,3.526498,7.821082,7.613089,7.264717,3.89492,6.689481,5.100523,6.177627,8.160534,2.656885,7.328354,7.323465,8.250187,4.759681,8.141292,4.157095,5.067027,7.489064,7.430036,7.389595,3.746041,7.061885,7.011066,3.496529,7.350183,6.880385,4.763242,4.905061,5.341842,5.252283,3.302744,5.881047,3.861555,6.586282,3.140225,1.699915,5.816711,6.60275,8.262666,4.835135,5.747165,4.581843,5.909068,8.040569,8.126075,7.772122,8.69514,2.417056,2.033468,8.135177,5.455919,6.436331,8.55928,3.861065,3.922012,8.644698,3.23065,5.144245,2.969497,8.059271,4.561869,2.180696,6.450095,8.66278,0.784259,3.86457,9.311184,7.364591,7.25486,5.820155,1.180409,5.454665,7.068804,4.646393,4.81469,4.04317,7.670522,5.67232,2.540982,3.663209,6.7786,6.038388,8.391847,3.151364,9.095223,7.136224,6.954908,3.911774,7.771159,4.689201,6.262586,4.080942,1.206692,4.517051,6.964834,7.371142,3.453776,3.410981,7.195179,7.006571,5.369852,3.207059,1.791916,8.82863,3.222828,3.738207,2.508737,3.103114,3.390539,5.246629,6.665572,7.187892,3.83479,6.415594,6.190361,4.42488,7.160637,7.340174,3.184977,7.523264,6.669793,8.119979,2.163294,4.536742,5.342163,6.213236,5.730332,6.853148,6.921649,6.944145,6.881144,8.622387,4.140238,5.55801,6.515098,7.139855,6.587681,7.43896,6.29447,4.412499,5.147415,7.516278,8.691935,8.606573,5.164071,5.13522,9.020544,7.536546,2.131524,6.747586,5.594222,2.288849,2.049477,6.794265,4.506008,8.376555,7.905477,7.770333,3.370051,7.913012,3.456683,2.20231,6.998151,5.977834,0.279536,6.609447,6.11889,7.43326,6.453434,6.316634,5.22681,6.373683,6.320086,5.960394,5.025193,7.87055,4.929235,5.82584,9.100415,5.075008,5.39647,5.59885,8.95401,4.070992,7.104993,4.274318,3.777868,4.790249,5.264215,8.12444,3.632629,8.730252,6.740224,4.800011,7.973794,7.974056,8.087651,5.632733,7.041121,4.67011,3.324266,6.381484,8.833503,5.201164,4.314387
2.202243,3.566505,2.670105,1.308689,4.955695,5.423947,3.835564,4.072791,4.964493,5.120047,0.711404,3.086032,2.200573,3.683808,4.107511,4.310944,0.434256,3.010422,5.993993,0,3.683798,2.81818,3.723165,4.202464,4.028263,1.933838,4.383281,3.586647,4.359281,9.149356,3.169017,4.28415,2.882606,1.137079,5.207317,2.963114,8.893221,5.543692,4.938127,3.299336,5.011758,2.827626,6.063168,5.221914,4.447004,5.202152,4.905621,4.577948,3.295478,4.736202,4.449761,5.293176,3.710325,1.549544,5.784138,3.206148,5.939269,2.301919,2.838081,4.638737,4.598757,2.359644,5.253498,7.023701,4.27078,4.539509,6.477569,5.193513,7.800554,2.173531,3.478996,3.559191,5.876488,2.106986,6.792337,3.82482,3.010005,4.824155,2.61802,3.243879,5.043827,5.305259,3.530145,6.280962,3.60778,3.648646,5.774003,4.326454,3.615625,4.237002,4.291441,5.805039,3.725549,3.450359,3.012859,2.065527,4.391429,4.25384,4.765415,3.583966,4.034047,5.768742,2.46638,6.131844,3.880658,3.034713,4.885886,2.748872,5.122971,5.019517,6.406687,4.844659,3.132883,4.41081,4.433397,4.374369,2.441878,3.264959,3.831215,4.714097,3.110598,4.294516,4.627247,1.978799,4.279478,2.803628,6.899289,4.342641,2.650377,3.372722,3.530615,5.369511,4.614561,2.515552,3.512318,3.551027,1.604465,2.882837,2.269787,7.269122,4.984902,3.000254,3.697266,3.747423,4.772404,4.948114,4.904507,6.66824,3.002006,5.32861,3.138484,2.720096,5.414028,4.228484,1.407245,5.820164,3.551333,1.62185,5.031363,7.131589,5.43211,5.209734,7.952308,6.080514,2.272564,2.307143,2.955827,7.067199,6.498157,3.978372,8.415217,8.583514,2.571953,4.614855,2.043049,3.838988,3.29242,1.727765,2.428899,5.161177,4.191261,4.147506,2.473315,3.899666,3.010417,4.715492,2.918485,3.031916,2.780428,7.093482,8.604789,2.417402,4.140472,3.787987,3.297032,4.942041,3.379287,2.92696,2.935154,6.277152,3.702809,4.061585,2.265375,5.359404,7.190852,3.851224,2.015959,3.434902,3.957222,2.748394,4.118625,2.959691,8.458694,3.864004,4.109504,4.716273,4.292594,3.439123,4.889309,4.409915,8.305566,2.485517,2.982566,4.002327,3.622478,2.070886,3.647512,2.333712,5.391717,2.04144,3.008401,3.284428,1.994568,1.737262,3.047566,1.724827,1.738674,3.257064,2.568561,5.461265,5.375903,4.507854,3.687283,4.072827,3.46169,4.982191,4.494448,3.866217,5.176047,4.296098,3.739023,8.593746,3.428838,4.608844,2.644512,2.645567,2.965295,2.900038,4.448931,4.745013,2.374499,6.166326,3.147882,2.883227,2.925322,1.878829,4.019665,0.921266,4.076714,1.838568,1.390751,0.991868,4.573917,6.576241,2.158641,5.869745,3.102573,1.458377,4.624107,4.006293,5.717998,2.051195,2.628157,2.656635,4.134032,2.671888,3.176723,2.564679,5.499582,3.509554,8.887749,3.517071,3.466118,3.139934,0.989549,3.810451,2.377063,4.971272,3.150814,5.602833,2.063184,2.202243
1.57824,3.363982,4.867848,2.642986,2.290558,2.75881,3.346344,2.355168,3.186614,4.251036,2.992354,5.283775,5.016199,3.194588,2.389888,1.037167,3.473811,4.529272,4.216114,3.683798,0,2.497158,3.822205,0.928687,3.159252,4.419174,7.020803,1.869024,1.676728,6.484219,3.95845,7.099776,3.61051,3.090785,5.23981,1.361468,6.228084,4.674681,4.612442,1.112702,2.346621,4.071759,2.789391,3.444035,2.729381,2.537015,4.03661,4.676988,1.161863,3.018579,7.087283,3.515297,1.045208,3.514347,3.119001,0.483293,6.038309,1.755564,4.836902,4.737777,4.697797,1.80743,1.979721,5.245822,3.147556,4.080923,4.69969,2.756434,5.130291,4.371274,1.727973,3.267445,5.975528,1.668287,5.014458,2.650907,5.647527,3.106532,3.929076,4.70252,3.326204,2.640122,1.747114,3.55265,2.601202,2.677439,5.873043,4.425494,3.714665,1.193983,3.802221,4.02716,1.051962,5.448996,1.228126,4.900619,3.268205,3.130616,3.896404,5.110323,3.601259,2.494965,4.186715,3.473752,2.163035,5.850339,2.220749,5.018159,3.405348,5.118557,3.13291,5.638526,0.576812,3.952224,3.564386,3.41726,5.0794,2.07868,3.930255,2.996474,0.975167,3.425505,2.909624,1.798404,3.790258,4.092366,3.625512,1.677504,3.378281,0.498485,2.661604,2.704374,2.836682,3.313945,2.775165,5.7599,2.48146,1.809642,1.509826,4.282297,4.115891,5.81588,5.269356,6.384945,2.107267,3.170235,4.747761,3.829148,3.933565,5.42765,2.193704,1.128999,5.513068,1.783937,2.83405,3.830518,5.749076,2.251674,3.041717,4.823324,5.464603,3.431855,5.287171,6.179554,5.054396,4.944665,1.882632,5.28932,3.827894,3.241219,5.744954,5.913251,2.25122,3.745844,3.362125,1.795847,1.995848,4.468405,3.728193,4.82726,1.526124,6.785028,4.633458,3.03023,0.901508,3.846481,1.087604,3.130956,2.391976,5.315603,5.939652,4.654639,4.868376,2.614074,0.851638,3.224418,4.503805,1.357243,1.533033,3.612015,6.518435,1.172327,1.498993,2.713456,4.525715,2.677311,2.892954,3.533942,4.056262,2.146462,2.401002,3.058731,5.788431,4.657871,3.676716,1.601014,4.391634,3.125299,4.988349,2.632036,5.635303,1.701404,3.081606,4.615529,3.721518,4.611454,4.441379,4.570949,5.490757,1.909763,1.545401,4.012332,4.82966,4.277486,5.128765,3.984275,2.082237,4.032612,5.206083,5.560305,5.408396,4.049268,1.120628,6.710349,5.03378,2.984648,2.776825,4.479419,2.51091,2.518219,2.869587,5.928609,6.06636,5.402711,5.460138,1.542167,5.602817,1.274597,2.671052,3.02739,3.667639,4.388447,4.106681,3.616124,5.123065,3.950668,2.302042,2.896548,2.359091,4.009891,3.650199,2.714998,5.367784,3.302464,3.515645,5.968785,3.960205,3.086275,4.484047,6.643815,2.444221,4.602227,1.090599,2.085596,3.675446,1.423953,5.814245,1.465521,5.598622,3.608594,6.222612,5.471028,5.663861,5.777456,3.322538,3.256657,1.401858,1.697495,3.249854,5.701873,1.87273,1.57824
1.583529,2.054761,4.00223,1.777368,3.535659,4.003911,2.037123,3.894457,2.860799,5.471825,2.126736,4.418157,4.150581,1.885367,3.929177,3.105161,2.608193,3.663654,4.237566,2.81818,2.497158,0,4.168239,2.996681,4.380041,3.553556,6.155185,3.408313,2.939245,7.72932,3.67562,6.234158,3.32768,2.334136,5.652391,2.78478,7.473185,5.89547,3.303221,2.737893,3.591722,2.762538,4.82821,3.174658,4.26867,3.650834,5.257399,5.023022,1.545255,4.557868,6.221665,3.24592,2.304919,2.648729,4.364102,2.019508,6.384343,2.653272,3.971284,5.083811,5.043831,0.84559,4.01854,5.267274,1.990352,2.771702,4.721142,3.437086,7.121577,3.505656,1.559393,1.958224,6.321562,1.474568,5.03591,1.547821,4.781909,4.645821,3.063458,3.836902,4.865493,3.885223,1.773718,5.591469,3.834836,1.368218,6.219077,4.771528,4.060699,2.845638,2.493,4.048612,2.824316,5.166166,1.456691,4.035001,2.111001,1.973412,5.117193,4.827493,4.479121,4.533784,3.903885,5.512571,3.702324,4.984721,3.46585,4.152541,4.944637,5.464591,5.171729,5.355696,1.946243,2.643003,4.785175,4.726147,4.213782,1.005495,4.276289,4.535763,1.637874,4.646294,4.448913,2.003502,2.481037,2.917818,5.664331,2.951012,3.095451,2.070271,3.882393,3.949475,2.858134,3.031115,3.898861,5.47707,2.049539,3.043276,1.876476,6.321116,5.33668,4.950262,4.986526,5.519327,3.330436,3.06799,5.349581,5.867967,3.650735,5.773684,0.851001,1.529504,5.859102,2.692344,1.968432,4.063737,4.883458,1.386056,3.274936,6.862143,5.877184,3.453307,6.532272,6.525588,4.188778,4.079047,3.116266,5.310772,5.866713,4.364915,7.314095,7.482392,0.379169,4.966633,2.496507,2.082561,1.043754,3.602787,2.862575,5.606251,2.799632,5.91941,4.350628,4.251019,1.724698,5.06727,2.127954,3.47699,0.4709,5.337055,7.184753,3.789021,4.585546,1.510421,1.764434,4.763707,4.220975,2.780555,1.030507,4.857116,5.652817,2.671837,1.073459,3.602977,5.770816,1.573658,2.461033,3.879976,4.402296,0.402776,3.940291,3.404765,7.092582,4.375041,4.554578,3.296237,4.737668,3.884197,5.334383,2.653488,7.204444,2.638274,3.42764,3.306308,4.067552,3.745836,4.158549,3.705331,5.836791,0.77674,2.940569,3.729502,3.964042,3.411868,4.263147,3.118657,1.555662,2.723391,4.340465,5.906339,5.820977,2.740047,2.892982,5.844731,4.75095,3.225764,4.316114,3.170198,3.756011,2.539671,4.090376,7.17371,5.200742,5.119881,4.59452,1.021953,4.737199,1.348528,2.692504,4.566679,2.802021,4.409899,3.823851,3.333294,4.257447,3.667838,3.841331,2.132155,3.89838,3.144273,2.784581,1.84938,5.084954,5.341283,2.650027,6.314819,2.650984,2.220657,3.174826,5.778197,4.48304,4.04756,1.670975,0.468662,2.366225,2.604056,4.948627,1.373769,5.944656,3.954628,7.467713,5.188198,4.798243,4.911838,2.45692,4.255525,1.994554,3.736314,3.595888,6.047907,2.441424,1.583529
2.868444,5.581317,5.145558,3.340409,5.482367,5.950619,5.624804,3.907521,5.924335,2.266213,3.031721,5.561485,4.108861,5.473048,3.942241,4.449351,3.513178,5.24479,6.953835,3.723165,3.822205,4.168239,0,4.340871,2.693094,3.847848,6.291569,3.421377,4.885953,9.278686,2.638315,6.192438,2.290375,2.901011,2.140603,2.797844,9.022551,2.689858,6.890902,3.13733,5.53843,4.842438,6.12533,6.181756,3.807586,5.728824,2.859737,1.511234,4.252106,4.029624,6.358049,6.253018,4.236997,3.884593,6.31081,3.344555,2.872555,2.16218,5.306911,1.572023,1.532043,3.592088,5.391905,7.983543,5.578033,6.359383,7.437411,5.948243,7.093976,4.648984,4.465694,5.545905,2.809774,2.867482,7.752179,5.130691,4.918293,4.117577,4.644594,5.418038,4.337249,5.831931,4.489987,5.574384,2.611187,4.955899,2.707289,1.25974,0.548911,4.606167,6.080681,6.764881,3.563543,4.128861,3.914761,3.612062,5.698682,5.561093,2.719531,3.790188,0.999831,5.907149,2.86658,5.425266,3.715388,4.544507,5.412558,4.65716,4.416393,1.952803,5.781811,4.318391,3.285517,6.230684,3.098228,3.0392,4.350166,4.570075,0.35531,3.75565,3.972925,2.959347,3.920669,2.474575,6.068718,4.81844,6.73767,4.869313,2.058146,3.740869,2.195446,5.896183,5.574403,1.99381,1.688132,4.439765,2.1187,2.266869,2.691721,6.562544,2.939018,4.908542,3.949221,5.655711,5.299076,5.907956,1.837793,5.961662,2.61343,2.261896,4.446681,3.26173,2.347314,4.975726,3.52334,6.780006,6.026786,2.853337,5.991205,6.425011,2.365396,6.169576,7.646488,3.0138,4.180852,4.215431,2.397549,8.027041,5.791579,1.340698,7.708639,7.876936,3.922301,3.279686,4.077165,4.79883,4.571636,3.636053,4.443711,2.094463,4.717933,6.055794,3.313323,2.758869,3.530615,3.380323,2.971358,1.148193,4.120145,8.053324,8.734119,4.618464,3.548241,5.093858,4.012533,4.235463,3.18367,2.690682,4.181892,6.803824,5.611097,4.584511,3.229643,5.905265,7.717524,5.157095,2.29582,1.020673,0.890508,4.060736,3.953355,1.075968,7.752116,3.337736,1.075288,5.013198,1.22588,1.021676,1.822595,5.369757,7.598988,2.345778,1.098843,6.017139,0.555764,3.979174,3.121244,4.523057,2.325003,3.403566,2.770979,2.692197,3.824507,3.651272,5.519204,4.075533,2.752441,5.271876,4.476849,2.394551,2.309189,6.327728,3.522013,5.981115,3.713645,5.942033,3.78787,5.881029,5.702719,5.25594,2.598226,8.723076,5.337126,4.082576,4.5528,3.772848,4.873583,3.778714,5.408773,4.038435,4.389311,7.126168,2.786546,2.295989,5.400775,2.630533,3.854395,2.807964,3.911444,4.306076,3.873904,2.916038,4.047649,6.714648,4.231163,2.803031,5.117385,3.574472,6.638919,5.914581,5.856405,3.282092,3.102011,3.969016,5.953906,2.63459,5.085011,3.440044,2.432868,0.754857,9.017079,4.150893,5.941571,5.048222,3.472945,1.139243,2.785064,5.109679,0.672921,2.536119,2.229056,2.868444
2.096906,3.796484,5.386514,3.161652,1.636809,2.105061,3.778846,3.273772,2.661715,5.092783,3.51102,5.802441,5.534865,3.62709,3.308492,0.118437,3.992477,5.047938,3.691215,4.202464,0.928687,2.996681,4.340871,0,4.000999,4.93784,7.539469,2.787628,1.020253,5.83047,4.477116,7.618442,4.129176,3.609451,5.825023,2.280072,5.574335,5.516428,5.044944,2.031306,1.692872,4.504261,2.132916,2.919136,3.647985,1.883266,4.878357,5.195654,1.585608,3.937183,7.605949,2.990398,0.708591,4.033013,2.465252,1.173038,6.556975,2.27423,5.355568,5.256443,5.216463,2.293066,1.323246,4.720923,3.580058,4.513425,4.174791,2.102685,4.473816,4.88994,1.902476,3.699947,6.494194,2.186953,4.489559,3.083409,6.166193,4.025136,4.447742,5.221186,4.244808,1.986373,1.616262,2.896175,3.455794,3.109941,6.391709,4.94416,4.233331,0.53912,4.234723,3.449322,1.970566,5.967662,1.661267,5.419285,3.592049,3.563118,4.738151,5.628989,4.344094,1.83849,4.705381,2.817277,3.081639,6.369005,1.567,5.536825,4.323952,5.637223,2.476435,6.157192,1.095478,4.384726,4.406133,4.335864,5.598066,2.511182,4.448921,3.915078,1.410443,4.267252,3.828228,2.31707,4.22276,4.611032,2.969037,1.026647,3.896947,1.015944,3.503351,2.050625,2.311783,3.832611,3.519819,6.278566,3.000126,2.664234,2.028492,3.625822,4.957638,6.334546,5.788022,6.903611,1.453518,2.645336,5.490596,3.172673,4.452231,5.946316,2.626206,1.647665,6.031734,1.138924,3.352716,3.176769,6.267742,2.77034,2.387968,4.166849,6.049816,2.906956,4.633422,6.69822,5.573062,5.463331,2.737224,4.764421,3.171419,3.985873,5.088479,5.256776,2.769886,4.587591,3.880791,1.150834,2.42835,4.987071,4.246859,5.669007,0.875267,7.303694,5.152124,3.871977,1.420174,4.688228,1.60627,3.649622,2.840057,4.790704,5.285903,5.173305,5.387042,3.046576,1.272831,4.143022,5.022471,2.275847,1.966174,2.958266,7.037101,0.517464,2.017659,2.059707,3.871966,3.109813,3.41162,4.052608,4.574928,2.593905,3.319606,3.577397,5.131956,5.176537,4.419551,0.944539,4.9103,3.861936,5.507015,2.107137,4.978828,2.259232,3.600272,5.048031,4.240184,5.13012,4.960045,5.089615,6.009423,2.428429,2.464005,4.530998,5.348326,4.796152,5.647431,4.502941,2.600903,4.465114,5.724749,6.078971,5.993609,4.48177,2.039232,7.229015,5.552446,2.330899,3.695429,4.911921,1.857161,1.99332,3.711334,5.27486,6.585026,5.921377,5.978804,2.018309,6.121483,1.707738,2.146153,3.945994,4.186305,3.863548,4.625347,4.13479,5.641731,4.469334,3.220646,3.415214,3.277695,4.528557,4.168865,3.233664,5.88645,2.645989,4.034311,6.487451,4.392707,3.604941,4.916549,7.162481,1.787746,5.120893,1.609265,2.536983,4.107948,2.181284,6.332911,1.951157,6.117288,4.12726,5.568863,5.989694,6.182527,6.296122,3.841204,3.999492,1.920524,1.04102,3.76852,6.220539,2.391396,2.096906
2.832125,5.774104,5.450656,3.596699,5.359294,5.827546,5.756466,1.822626,6.05443,1.32037,3.336819,5.866583,5.151922,5.60471,1.857346,4.109479,3.818276,5.50108,7.08393,4.028263,3.159252,4.380041,2.693094,4.000999,0,4.890909,7.33463,2.145038,4.74904,6.836288,3.681376,7.235499,3.333436,3.206109,2.426228,2.096138,6.580153,1.744015,7.022564,2.435624,5.415357,5.098728,3.682932,6.311851,1.365188,5.605751,1.105944,2.644265,4.208301,1.587226,7.40111,6.383113,4.113944,4.189691,6.187737,2.912098,4.293496,1.773484,5.612009,2.992964,2.952984,3.801158,4.485282,8.113638,5.709695,6.491045,7.567506,5.82517,4.651578,4.954082,4.595789,5.677567,3.945733,2.938562,7.882274,5.262353,5.961354,1.675179,4.900884,5.674328,1.894851,5.329552,4.620082,3.131986,1.532068,5.087561,3.943982,2.680681,2.43675,4.266295,6.212343,6.894976,2.861837,5.171922,3.919724,4.655123,5.830344,5.692755,0.965738,4.833249,2.165837,4.396775,3.909641,2.982868,1.883518,5.587568,5.289485,5.569014,1.973995,3.373744,3.339413,5.361452,2.945645,6.362346,0.405134,0.596802,5.393227,4.701737,2.801144,1.313252,3.960917,0.266253,1.478271,2.444026,6.20038,5.07473,4.295272,4.74624,3.101207,3.400997,0.654623,5.496163,5.704498,3.036871,1.238223,5.482826,2.423798,1.34961,2.551125,4.120146,1.185225,5.951603,4.992282,6.698772,5.176003,6.038051,2.232306,3.519264,3.656491,2.721779,4.578343,3.215856,3.768255,4.852673,3.80538,6.899254,6.331884,3.109627,6.110453,3.982613,2.633549,6.299671,5.20409,4.345188,5.223913,5.258492,1.48029,8.157136,3.349181,1.704277,5.266241,5.434538,4.134103,0.586592,4.333455,4.864583,4.703298,4.679114,4.700001,1.896594,4.59486,7.098855,4.356384,0.798591,3.24747,0.687229,2.510257,2.632438,4.331947,8.183419,6.291721,5.205494,4.591302,5.22552,3.898076,1.793065,4.226731,1.988976,4.313554,6.680751,6.654158,4.244639,3.43786,5.782192,6.451234,5.288757,2.779286,2.504918,2.897381,4.26706,2.503215,2.560213,5.309718,4.380797,2.241294,4.673326,2.444499,1.950995,3.208285,5.499852,5.15659,1.754612,2.583088,6.273429,2.443603,5.022235,4.164305,5.121804,2.726714,3.615368,2.069273,3.735258,4.867568,4.694333,5.824302,4.513078,3.008731,5.528166,5.51991,3.70998,2.577342,6.45939,2.820307,7.024176,4.756706,6.053384,1.345472,6.137319,5.579646,5.386035,0.637948,6.280678,6.380187,5.125637,5.595861,3.90451,5.916644,3.783677,5.538868,1.596037,4.645601,7.256263,3.829607,3.33905,5.705873,3.673594,2.404255,3.113062,2.792945,4.611174,4.179002,3.221136,5.09071,4.424275,4.487453,3.88155,5.373675,3.87957,6.894169,6.957642,4.018318,4.325153,2.837822,4.178086,6.085568,1.932884,6.128072,3.513522,3.853809,2.291569,6.574681,5.193954,6.246669,6.091283,3.778043,1.835571,2.445192,4.722886,2.128528,3.851548,1.965504,2.832125
2.960874,3.354364,2.092407,1.776898,5.691071,6.159323,3.623423,4.893085,5.679451,5.45761,1.631118,2.508334,1.169753,3.471667,4.927805,5.04632,1.514414,2.666415,6.729369,1.933838,4.419174,3.553556,3.847848,4.93784,4.890909,0,2.729415,4.406941,5.094657,9.884732,2.465122,3.076578,2.538611,2.056793,5.332,3.783408,9.628597,5.881255,4.725986,4.11963,5.747134,2.615485,6.798544,5.95729,5.267298,5.937528,5.768267,4.702631,4.030854,5.556496,2.795895,6.028552,4.445701,1.295144,6.519514,3.941524,6.063952,3.221633,2.494074,4.76342,4.72344,3.09502,5.988874,7.759077,4.368021,4.327368,7.212945,5.928889,8.620848,1.631668,4.214372,3.34705,6.001171,2.865617,7.527713,4.560196,1.356139,5.644449,2.361203,2.899872,5.864121,6.040635,4.265521,7.101256,4.527494,4.226477,5.898686,4.451137,3.740308,4.972378,4.0793,6.540415,4.545843,2.419539,3.748235,1.054173,4.929653,4.733682,5.628061,2.553146,4.15873,6.504118,1.762485,6.952138,4.700952,2.003893,5.621262,0.955769,5.943265,5.1442,7.142063,4.140764,3.868259,4.198669,5.296043,5.237015,0.788012,4.000335,3.955898,5.534391,3.845974,5.157162,5.447541,2.859148,4.067337,2.591487,7.634665,5.078017,2.306382,4.108098,4.393261,6.104887,5.349937,1.854038,3.967692,2.520207,2.524179,3.802551,3.079522,8.089416,5.847548,1.916785,2.666446,2.093557,5.50778,5.68349,5.02919,7.488534,2.298111,5.453293,3.87386,3.455472,5.538711,4.96386,1.795864,6.55554,3.196453,2.357226,5.766739,7.951883,5.556793,5.94511,8.687684,6.205197,0.847554,0.653277,3.875541,7.802575,7.318451,4.214418,9.235511,9.403808,3.307329,5.477501,1.929023,4.574364,4.027796,0.546367,2.172199,5.28586,4.926637,2.49364,1.76942,4.81938,3.745793,5.578138,3.653861,3.156599,3.515804,7.828858,9.340165,0.917073,3.442062,4.523363,4.032408,5.762335,2.672029,3.778701,3.67053,7.012528,2.495237,4.796961,3.000751,6.09478,7.926228,4.5866,2.544056,3.559585,4.081905,3.48377,4.938919,3.084374,9.247994,3.160109,4.234187,5.451649,4.417277,3.563806,5.013992,5.145291,9.12586,3.405231,3.107249,3.790186,3.747161,0.320066,2.943617,0.821666,5.5164,2.776816,3.88875,2.863725,0.983214,0.196576,2.692686,0.434899,2.497305,3.044923,0.914695,5.585948,5.500586,4.295713,4.507577,2.418961,2.43087,5.717567,5.314742,3.654076,5.911423,5.031474,4.658737,9.329122,1.774972,3.904949,1.613692,3.380943,1.311429,3.635414,5.184307,5.565307,2.119516,6.901702,2.443987,2.221713,2.347624,1.217315,4.839959,1.84098,4.897008,1.51416,0.895769,1.813719,3.870022,7.311617,1.900941,5.994428,2.890432,1.463903,4.411966,2.352427,6.453374,1.366288,3.363533,3.392011,3.921891,3.552237,1.522857,3.300055,5.624265,3.634237,9.623125,2.486251,3.111238,1.486068,1.172433,4.012963,3.191619,5.706648,3.275497,5.727516,2.982898,2.960874
5.562503,5.281869,3.995867,4.378527,8.2927,8.760952,5.550928,7.494714,7.606956,7.901331,4.21846,4.411794,3.058819,5.399172,7.529434,7.647949,3.963857,4.569875,9.330998,4.383281,7.020803,6.155185,6.291569,7.539469,7.33463,2.729415,0,7.00857,7.696286,12.486361,4.489893,3.575493,4.982332,4.644135,7.775721,6.385037,12.230226,8.324976,6.653491,6.721259,8.348763,4.54299,9.400173,7.920815,7.868927,8.539157,8.211988,7.146352,6.632483,8.158125,0.215872,7.992077,7.04733,3.586151,9.121143,6.543153,7.80636,5.808975,4.397534,7.207141,7.167161,5.696649,8.590503,10.360706,6.295526,6.254873,9.814574,8.530518,11.222477,3.535128,6.816001,5.274555,8.444892,5.467246,10.129342,6.576227,1.373276,8.246078,4.279224,4.718891,8.46575,8.642264,6.86715,9.702885,7.114836,6.153982,8.342407,6.894858,6.184029,7.574007,6.006805,9.142044,7.147472,3.585137,6.349864,3.093068,6.857158,6.661187,8.071782,3.718744,6.602451,9.105747,3.787256,9.553767,7.302581,3.169491,8.222891,2.798692,8.544894,7.587921,9.743692,5.359693,6.469888,6.126174,7.739764,7.680736,2.227699,6.59185,6.399619,8.13602,6.447603,7.600883,8.04917,5.460777,5.994842,4.518992,10.236294,7.679646,4.750103,6.709727,6.836982,8.706516,7.951566,4.297759,6.411413,3.685805,5.111521,6.389893,5.681151,10.691045,8.291269,2.4157,3.832044,0.742021,8.109409,7.814147,7.472911,10.090163,4.322882,7.897014,6.381778,6.057101,7.982432,7.565489,4.394299,9.157169,4.449546,4.958855,8.368368,10.553512,8.000514,8.546739,11.289313,8.339443,2.56145,2.092964,6.462883,10.404204,9.92008,6.658139,11.83714,12.005437,5.908958,7.921222,3.879173,7.175993,6.629425,2.655516,4.097452,7.729581,7.528266,0.783834,3.794191,7.398158,6.347422,8.021859,6.25549,5.60032,6.117433,10.430487,11.941794,2.795904,4.660991,6.523254,6.634037,8.363964,3.837627,6.38033,6.272159,9.614157,2.994152,7.39859,5.60238,8.696409,10.527857,6.579481,4.987777,6.003306,6.525626,6.085399,7.540548,5.528095,11.849623,4.379038,6.677908,8.053278,6.860998,6.007527,7.457713,7.74692,11.727489,5.992573,5.55097,5.717691,6.190882,2.510459,4.450908,2.700497,7.960121,5.378445,6.490379,4.888496,3.022109,2.781419,4.512997,3.036528,5.098934,4.972428,1.87441,8.029669,7.944307,6.223218,7.109206,0.440636,3.596468,8.319196,7.916371,5.581581,8.513052,7.633103,7.237515,11.930751,0.954443,5.123878,2.175086,5.982572,1.520538,6.237043,7.785936,8.166936,4.044769,9.503331,4.234751,4.665434,4.251084,3.661036,7.441588,4.428322,7.498637,3.423957,3.497398,4.415348,5.088951,9.913246,3.818728,8.438149,4.817937,4.036142,6.339471,1.300447,9.055003,3.391059,5.965162,5.99364,5.849396,6.153866,1.873784,5.901684,8.067986,6.077958,12.224754,3.651849,4.287687,1.466965,3.757276,6.456684,5.793248,8.308277,5.719218,8.171237,5.57024,5.562503
1.824784,4.574269,4.855615,2.630753,4.146955,4.615207,4.556631,0.486144,4.854116,3.236822,2.895203,5.271542,5.003939,4.404875,0.520864,2.896108,3.37666,4.535134,5.883616,3.586647,1.869024,3.408313,3.421377,2.787628,2.145038,4.406941,7.00857,0,3.535669,6.398617,3.731066,7.087516,3.383126,2.900229,4.34268,0.623533,6.142482,3.660467,5.822729,0.859486,4.203018,4.132782,3.245261,5.111537,0.860357,4.393412,3.022396,4.27616,2.996287,1.149555,7.07505,5.182799,2.901605,3.502114,4.975398,1.62187,5.637481,1.437739,4.842764,4.336949,4.296969,2.825202,3.838662,6.913324,4.50986,5.29121,6.367192,4.612831,4.213907,4.359041,3.395475,4.477732,5.5747,1.935544,6.68196,4.062518,5.635294,1.237508,3.934938,4.708382,1.45718,4.496519,3.419768,2.694315,2.161621,3.887726,5.472215,4.024666,3.313837,3.052924,5.012508,5.694662,0.817062,5.221612,2.71941,4.704813,4.630509,4.49292,2.88219,4.882939,3.161678,3.959104,3.959331,2.545197,0.294011,5.637258,4.077146,5.005926,1.536324,4.717729,2.901742,5.411142,1.742218,5.162511,2.550172,1.548236,5.067167,3.501902,3.529427,1.12745,2.760603,2.411291,1.0406,1.607848,5.000545,4.108784,3.857601,3.533901,3.150897,2.189757,2.222023,4.560771,4.504184,3.086561,2.335584,5.532516,2.290904,1.370061,1.56278,3.682475,3.101677,5.80362,5.041972,6.372712,3.963664,4.837737,4.148758,3.081593,3.706181,4.638231,3.392762,2.19647,5.11224,3.640334,2.839434,5.686915,5.736843,2.143681,4.898114,3.544942,4.550001,5.099357,4.766419,5.778726,5.042163,4.932432,1.443051,6.956822,2.91151,2.801638,4.82857,4.996867,3.162375,2.73163,3.367509,3.652244,3.503463,4.456172,3.734055,3.813046,3.382521,6.772795,4.406074,2.590649,2.063927,2.832267,1.336037,2.730128,3.360219,6.983105,5.85405,4.642406,4.640992,4.025685,2.686062,1.355394,4.276421,0.734672,3.113719,5.468412,6.506175,3.031268,2.462237,4.569853,6.013563,4.088922,2.702398,3.133114,3.655434,3.291104,0.531978,2.657903,4.872047,4.430487,3.237135,3.459955,3.990806,2.685718,4.587521,4.299538,4.718919,1.261823,2.680778,5.307483,3.32069,4.599221,4.213995,4.558716,4.643166,2.64364,0.92283,3.784948,4.797934,4.265253,5.134627,3.972042,2.042785,4.56222,5.19385,5.159477,4.493794,5.259555,0.748396,6.698116,4.806396,4.841045,0.907801,5.171373,4.367307,4.185721,2.430006,5.843007,6.054127,5.175327,5.447878,2.704675,5.590584,2.583363,4.338554,1.158366,3.679655,6.055949,3.879297,3.38874,5.110832,3.723284,0.433018,2.707922,0.647907,3.997658,3.637966,2.655241,5.1404,3.986604,3.521507,5.567957,4.407729,3.081849,5.694334,6.631582,3.580647,4.374843,1.790714,3.20213,4.885733,0.987105,5.802012,2.518469,5.197794,3.207766,6.13701,5.243644,5.651628,5.765223,3.310305,2.817076,1.435516,3.556436,2.849026,5.301045,1.676474,1.824784
2.258797,3.73559,5.543331,3.318469,0.627083,1.095335,3.717952,4.021813,1.822015,5.840824,3.667837,5.959258,5.691682,3.566196,4.056533,1.13869,4.149294,5.204755,2.851515,4.359281,1.676728,2.939245,4.885953,1.020253,4.74904,5.094657,7.696286,3.535669,0,4.820744,4.798061,7.775259,4.450121,3.778639,6.370105,3.028113,4.564609,6.264469,4.98405,2.779347,0.683146,4.443367,1.890688,2.079436,4.396026,0.875913,5.626398,5.740736,1.418325,3.934452,7.762766,2.150698,0.674564,4.18983,1.455526,1.921079,7.102057,3.022271,5.512385,5.801525,5.761545,2.257698,1.081018,3.881223,3.315606,4.452531,3.335091,1.097669,4.213001,5.046757,1.709531,3.639053,7.039276,2.348844,3.649859,3.022515,6.32301,4.551819,4.604559,5.378003,4.771491,0.976647,1.423317,2.653947,4.203835,3.049047,6.936791,5.489242,4.778413,0.487047,4.173829,2.439596,2.718607,6.288607,1.62576,5.576102,2.752349,3.298666,5.486192,5.949934,5.092135,1.596262,5.026326,2.575049,3.82968,6.525822,0.557274,5.693642,4.797991,6.182305,2.234207,6.478137,1.835076,4.323832,5.154174,4.924876,5.754883,2.450288,4.994003,4.50409,1.383295,5.015293,4.354911,2.493989,4.161866,4.598647,2.726809,0.508222,4.217892,1.361883,4.251392,1.040899,1.472083,4.153556,4.26786,6.599511,3.17198,3.412275,2.294662,3.383594,5.705679,6.491363,6.108967,7.060428,0.468044,1.805636,6.067295,2.930445,4.773176,6.491398,2.565312,1.642926,6.576816,0.632809,3.509533,2.171753,6.424559,2.927157,1.382952,3.924621,6.594898,2.067256,3.623696,7.243302,5.729879,5.620148,3.485265,3.924721,2.929191,4.733914,4.405519,4.573816,2.744849,5.335632,4.037608,0.957889,2.367456,5.143888,4.403676,6.323965,0.356842,7.460511,5.473069,4.620018,1.604735,5.436269,2.354311,4.194704,2.782621,3.951004,4.276177,5.330122,5.707987,2.985682,1.245683,4.669705,5.343416,3.023888,1.908738,1.94854,7.193918,0.506506,2.170524,1.052354,2.86224,3.048919,3.583474,4.59769,5.12001,2.536469,4.067647,4.122479,4.184006,5.497482,5.167592,0.36653,5.455382,4.576975,6.052097,1.871483,4.295868,3.007273,4.145354,4.987137,4.785266,5.286937,5.28099,5.246432,6.554505,2.581588,3.212046,4.851943,5.505143,4.952969,5.804248,4.659758,2.762794,4.40422,5.881566,6.624053,6.538691,4.420876,2.787273,7.385832,5.873391,1.325883,4.222112,4.851027,0.847435,1.757666,4.459375,4.265134,6.741843,6.242322,6.135621,1.982941,6.2783,1.67237,1.910499,4.472677,4.343122,3.023848,4.946292,4.455735,5.798548,4.790279,3.968687,3.577105,4.025736,4.685374,4.325682,3.390481,6.207395,2.403761,4.191128,7.032533,4.331813,3.761758,4.855655,7.319298,1.545518,5.441838,1.967279,2.479547,4.047054,2.929325,6.489728,1.915789,6.66237,4.672342,4.559137,6.310639,6.339344,6.452939,3.998021,4.747533,2.363071,0.798792,4.313602,6.765621,2.915146,2.258797
7.048872,8.525665,10.333406,8.108544,4.460893,4.437561,8.508027,6.076205,6.257633,7.928072,8.457912,10.749333,10.481757,8.356271,6.110925,5.948907,8.939369,9.99483,5.061618,9.149356,6.484219,7.72932,9.278686,5.83047,6.836288,9.884732,12.486361,6.398617,4.820744,0,9.588136,12.565334,9.240196,8.568714,9.03393,7.02215,0.339759,8.351717,9.774125,7.258103,4.518022,9.233442,4.52561,6.515054,5.718406,4.734654,7.713646,9.251967,6.2084,5.249062,12.552841,6.586316,5.464639,8.979905,4.316496,6.725416,10.901198,7.826186,10.30246,9.600666,9.560686,7.047773,5.33528,5.639457,7.751224,9.242606,5.093325,5.533287,2.221503,9.836832,6.499606,8.429128,10.553435,7.138919,5.408093,7.81259,11.113085,5.866429,9.394634,10.168078,6.086101,4.827317,6.213392,5.130404,8.11766,7.779471,10.551684,9.288383,9.022342,5.296439,8.963904,5.067467,7.215679,11.078682,6.415835,10.366177,7.187967,7.734284,7.57344,10.740009,8.751429,5.246716,9.816401,4.981286,6.137097,11.315897,4.408229,10.483717,6.060659,9.981446,4.182091,11.268212,6.625151,9.113907,7.241422,6.239486,10.544958,7.240363,9.386736,5.8187,6.17337,7.102541,5.669521,7.284064,8.951941,9.388722,5.13795,5.298297,9.007967,6.151958,7.240215,4.891569,5.907701,8.943631,7.823815,11.389586,7.962055,7.768678,7.084737,6.118564,7.792927,11.281438,10.899042,11.850503,4.93206,6.241254,8.840008,5.517682,9.563251,9.329481,7.355387,6.433001,10.375957,5.422884,8.299608,6.607371,11.214634,7.717232,5.81857,5.187289,9.241251,5.407206,1.632198,10.95289,10.519954,10.410223,7.841668,5.682955,4.191859,8.289869,2.414021,2.582318,7.534924,7.42288,8.827683,5.747964,7.157531,9.933963,9.193751,8.504296,5.146917,12.250586,10.263144,7.384183,6.39481,7.523517,7.158226,8.984779,7.572696,5.709238,0.544567,10.120197,10.498062,7.661562,6.035758,5.984315,10.133491,7.133289,6.698813,4.80951,11.983993,5.315898,6.960599,4.970201,2.444192,7.598325,8.373549,9.09051,9.482973,7.326544,6.756794,8.912554,2.222836,10.287557,8.826886,5.154206,9.052201,8.536587,9.815987,6.307101,2.30437,7.66044,8.935429,9.777212,9.029195,10.077012,10.071065,10.036507,9.334416,7.371663,7.321447,9.642018,10.295218,9.743044,10.594323,9.449833,7.552869,9.194295,10.671641,10.317682,9.185044,9.210951,7.147013,12.175907,10.663466,5.761501,5.536722,9.641102,4.040193,6.193284,7.22354,0.617192,11.531918,11.032397,10.925696,6.773016,11.068375,6.462445,6.346117,5.787287,9.133197,4.782082,9.736367,9.24581,10.588623,9.580354,6.657834,8.36718,7.046524,9.475449,9.115757,8.180556,10.99747,6.416555,8.981203,10.489252,9.121888,8.551833,9.64573,12.109373,6.002842,10.231913,6.757354,7.269622,8.837129,7.385722,11.279803,6.705864,10.461511,8.877161,0.261607,11.100714,11.129419,11.243014,8.788096,8.421163,7.153146,5.293495,8.71412,10.45925,7.705221,7.048872
2.548583,5.088698,4.365235,2.84779,5.394475,5.862727,5.132185,4.21721,5.431716,4.248077,2.539102,4.781162,2.039652,4.980429,4.25193,4.585596,2.749593,4.752171,6.461216,3.169017,3.95845,3.67562,2.638315,4.477116,3.681376,2.465122,4.489893,3.731066,4.798061,9.588136,0,4.121143,0.524451,2.408392,4.122467,3.107533,9.332001,4.671722,6.398283,3.447019,5.450538,4.349819,6.33782,5.689137,4.591423,5.640932,4.558734,3.493098,3.759487,4.880621,4.556373,5.760399,4.149105,3.391974,6.222918,3.4808,4.318639,2.298425,4.766902,3.553887,3.513907,3.099469,5.52815,7.490924,5.085414,5.866764,6.944792,5.660736,7.944973,3.904496,3.973075,5.053286,4.791638,2.456578,7.25956,4.638072,3.213873,4.968574,4.151975,4.925419,5.188246,5.744039,3.997368,6.425381,3.597222,4.46328,4.689153,3.241604,2.530775,4.675782,5.588062,6.272262,3.873232,1.682442,3.476037,1.448119,5.206063,5.068474,4.418528,1.343769,2.949197,6.043394,0.702637,6.276263,4.025077,2.098088,5.324666,3.205935,5.26739,3.934667,6.632808,1.871972,3.421762,5.738065,4.08651,4.027482,2.645746,4.077456,2.746365,4.743932,3.562021,3.947629,4.771666,2.309137,5.576099,4.325821,7.173941,4.781421,0.580169,3.811502,3.183728,5.808291,5.081784,1.032513,2.758159,1.993346,1.626081,2.874245,2.603829,7.413541,4.638015,2.837247,1.502802,3.854035,5.211184,5.415337,3.819657,6.812659,0.167011,4.24376,3.954062,3.16142,4.329178,4.681445,3.030721,6.287387,5.469281,2.360718,5.498586,7.276008,4.34726,5.676957,8.391088,4.851722,2.111643,2.511011,2.947235,7.534422,6.642576,3.004885,8.559636,8.727933,3.429682,4.267968,3.584546,4.306211,4.079017,2.251461,3.951092,4.076327,4.630041,4.254118,1.14938,3.744904,3.447408,4.368605,3.107603,1.947066,3.627526,7.560705,9.043569,3.188587,1.15868,4.601239,3.748455,5.08646,0.737251,3.000371,3.689273,6.715932,3.539802,4.500365,2.737024,5.817373,7.629632,4.664476,1.334523,2.350052,2.872372,3.568117,4.263044,1.874841,8.603113,0.891317,3.024654,5.149443,3.207744,2.354273,3.804459,4.877138,8.449985,2.482023,1.897716,5.52452,2.537628,2.549297,0.674825,3.09318,4.306867,2.910947,3.080668,0.398603,1.660564,2.268546,4.965514,2.692807,2.259822,4.779257,2.772429,4.376415,4.291053,5.835109,3.831702,4.179439,1.267226,5.449414,4.638867,5.38841,5.614827,4.763321,3.584261,9.032526,3.53545,1.636157,2.481505,3.280229,3.070663,3.35946,4.916154,4.889432,3.896692,6.633549,0.340127,0.884251,4.620452,1.582789,4.164084,2.315345,4.221133,3.786988,3.153677,2.423419,1.60123,6.850893,3.738544,4.784895,4.624766,3.081853,6.1463,4.115305,5.99265,1.118149,3.019824,3.476397,5.461287,2.808634,3.380591,3.018487,4.414732,2.424704,9.326529,1.704474,5.384066,3.245302,2.980326,2.80343,2.707401,5.245924,2.065964,4.517983,2.257786,2.548583
5.641476,5.631989,4.35932,4.4575,8.371673,8.839925,5.901048,7.57366,7.957076,7.8022,4.222543,4.775247,2.827117,5.749292,7.60838,7.726922,3.864726,4.933328,9.409971,4.28415,7.099776,6.234158,6.192438,7.618442,7.235499,3.076578,3.575493,7.087516,7.775259,12.565334,4.121143,0,4.645594,4.648218,7.67659,6.463983,12.309199,8.225845,7.003611,6.800205,8.427736,4.89311,9.479146,8.270935,7.947873,8.61813,8.112857,7.047221,6.711456,8.237071,3.641973,8.342197,7.126303,3.933314,9.200116,6.622126,6.751427,5.813058,4.760987,7.10801,7.06803,5.775622,8.669476,10.439679,6.645646,6.604993,9.893547,8.609491,11.301423,3.898581,6.894974,5.624675,7.786315,5.546219,10.208315,6.926347,2.501777,8.325024,4.638828,5.166785,8.544696,8.721237,6.946123,9.781831,7.118919,6.504102,7.68383,6.795727,6.084898,7.65298,6.356925,9.221017,7.226418,3.216387,6.428837,2.724318,7.207278,7.011307,7.972651,3.349994,6.50332,9.18472,3.418506,9.632713,7.381527,2.800741,8.301864,3.162145,8.62384,6.939877,9.822665,4.990943,6.548861,6.476294,7.640633,7.581605,2.59451,6.680937,6.300488,8.214966,6.526576,7.501752,8.128116,5.479668,6.344962,4.869112,10.315267,7.758619,4.492328,6.7887,6.737851,8.785489,8.030539,4.198628,6.312282,3.317055,5.115604,6.393976,5.760124,10.769991,8.192138,1.293781,3.463294,2.939635,8.188382,8.164267,7.37378,10.169109,3.954132,7.797883,6.554462,6.136074,6.948318,7.644462,4.476466,9.236142,5.463366,5.037828,8.447341,10.632458,7.901383,8.625712,11.368286,7.28451,2.899108,2.459775,6.466966,10.483177,9.999026,6.559008,11.916086,12.084383,5.987931,7.822091,4.227561,7.254966,6.708398,3.002679,4.449824,7.63045,7.607239,3.339718,3.425441,7.299027,6.426395,7.922728,6.334463,5.501189,6.196406,10.50946,12.020767,3.159357,4.292241,6.873374,6.71301,8.44291,3.468877,6.427829,6.351132,9.69313,0.581341,7.477563,5.681353,8.775382,10.60683,6.929601,4.888646,5.904175,6.426495,6.164372,7.619494,5.428964,11.928596,4.010288,6.578777,8.132251,6.761867,5.908396,7.358582,7.825893,11.806435,5.996656,5.451839,6.067811,6.091751,2.857622,4.082158,3.06395,7.86099,5.457418,6.50927,4.519746,2.653359,3.056754,4.959599,3.383691,5.177907,5.322548,2.524486,7.371092,7.845176,6.573338,7.188152,3.265039,3.227718,8.398169,7.995317,5.931701,8.592025,7.712076,7.138384,12.009724,2.62105,4.755128,1.639638,6.061545,2.156263,6.316016,7.864909,8.245882,4.397141,9.582304,3.866001,4.526588,4.614537,3.561905,7.520534,4.432405,7.577583,3.78741,3.844561,4.433408,4.720201,9.992219,4.178566,7.779572,5.168057,4.309779,6.689591,3.200905,9.133976,3.022309,6.044135,6.072613,6.199516,6.172757,2.972567,5.980657,7.038732,5.978827,12.303727,3.283099,5.378151,2.330902,3.798147,6.357553,5.872221,8.38725,5.620087,7.51266,5.574323,5.641476
2.200643,4.740758,4.304999,2.49985,5.046535,5.514787,4.784245,3.86927,5.083776,3.900137,2.191162,4.720926,2.564103,4.632489,3.90399,4.237656,2.672619,4.404231,6.113276,2.882606,3.61051,3.32768,2.290375,4.129176,3.333436,2.538611,4.982332,3.383126,4.450121,9.240196,0.524451,4.645594,0,2.060452,3.774527,2.759593,8.984061,4.323782,6.050343,3.099079,5.102598,4.001879,5.98988,5.341197,4.243483,5.292992,4.210794,3.145158,3.411547,4.532681,5.048812,5.412459,3.801165,3.044034,5.874978,3.13286,4.506479,1.950485,4.466352,3.205947,3.165967,2.751529,5.18021,7.142984,4.737474,5.518824,6.596852,5.312796,7.597033,3.808425,3.625135,4.705346,4.443698,2.108638,6.91162,4.290132,3.609056,4.620634,3.804035,4.577479,4.840306,5.396099,3.649428,6.077441,3.249282,4.11534,4.341213,2.893664,2.182835,4.327842,5.240122,5.924322,3.525292,2.206893,3.128097,1.97257,4.858123,4.720534,4.070588,1.86822,2.601257,5.695454,1.227088,5.928323,3.677137,2.622539,4.976726,3.347923,4.91945,3.586727,6.284868,2.396423,3.073822,5.390125,3.73857,3.679542,3.040929,3.729516,2.398425,4.395992,3.214081,3.599689,4.423726,1.961197,5.228159,3.977881,6.826001,4.433481,0.307645,3.463562,2.835788,5.460351,4.733844,0.684573,2.410219,2.517797,1.278141,2.526305,2.255889,7.065601,4.290075,3.361698,2.027253,4.346474,4.863244,5.067397,3.471717,6.464719,0.691462,3.89582,3.606122,2.81348,3.981238,4.333505,2.682781,5.939447,5.186227,2.012778,5.150646,6.928068,3.99932,5.329017,8.043148,4.647724,2.636094,2.906194,2.599295,7.186482,6.294636,2.656945,8.211696,8.379993,3.081742,3.920028,3.236606,3.958271,3.731077,2.326816,3.603152,3.728387,4.282101,4.746557,1.673831,3.396964,3.099468,4.020665,2.759663,1.599126,3.279586,7.212765,8.695629,3.309227,1.257866,4.253299,3.400515,4.73852,1.261702,2.652431,3.341333,6.367992,4.064253,4.152425,2.389084,5.469433,7.281692,4.316536,0.986583,2.002112,2.524432,3.220177,3.915104,1.526901,8.255173,1.415768,2.676714,4.801503,2.859804,2.006333,3.456519,4.529198,8.102045,2.134083,1.549776,5.17658,2.189688,2.669937,1.149603,3.21382,3.958927,2.563007,2.732728,0.401822,2.185015,2.342035,4.678645,2.766296,1.911882,4.431317,3.167612,4.028475,3.943113,5.487169,3.483762,4.671878,1.791677,5.101474,4.290927,5.04047,5.266887,4.415381,3.236321,8.684586,4.027889,2.160608,3.005956,2.932289,3.564346,3.01152,4.568214,4.541492,3.548752,6.285609,0.864578,0.747273,4.560216,1.321296,3.816144,1.967405,3.873193,3.465517,3.033345,2.075479,2.125681,6.502953,3.390604,4.436955,4.276826,2.733913,5.79836,4.605344,5.64471,1.6426,2.671884,3.128457,5.113347,2.460694,3.775774,2.670547,4.066792,2.076764,8.978589,2.228925,5.101012,3.738985,2.632386,2.45549,2.359461,4.897984,1.718024,4.170043,1.909846,2.200643
1.525043,3.445831,2.559472,1.18224,4.375053,4.843305,3.71489,3.386373,4.399291,4.297893,0.445635,2.975399,2.564641,3.563134,3.421093,3.717931,0.927092,2.893166,5.428791,1.137079,3.090785,2.334136,2.901011,3.609451,3.206109,2.056793,4.644135,2.900229,3.778639,8.568714,2.408392,4.648218,2.060452,0,4.385163,2.276696,8.312579,4.721538,4.817453,2.612918,4.431116,2.706952,5.470155,4.656712,3.760586,4.62151,4.083467,3.755794,2.727062,4.049784,4.710615,4.727974,3.129683,1.429119,5.203496,2.613135,5.117115,1.479765,2.720825,3.816583,3.776603,1.8756,4.660485,6.458499,3.786736,4.418835,5.912367,4.628311,7.114136,2.062898,2.930582,3.438517,5.054334,1.430242,6.227135,3.340776,3.270859,4.137737,2.497595,3.126623,4.357409,4.724617,2.964943,5.594544,2.785626,3.164602,4.951849,3.5043,2.793471,3.65636,4.170767,5.239837,3.039131,3.814427,2.443612,2.429595,3.907385,3.769796,3.943261,3.560265,3.211893,5.175729,2.636657,5.445426,3.19424,3.398781,4.305244,2.67783,4.436553,4.197363,5.801971,4.088468,2.541337,4.290136,3.611243,3.552215,2.702732,2.780915,3.009061,4.027679,2.533524,3.472362,3.940829,1.292381,4.158804,2.682954,6.306276,3.761999,1.828223,2.79208,2.708461,4.788869,4.049359,1.763887,2.690164,3.915095,0.782311,2.060683,1.584407,6.582704,4.162748,3.364322,3.719298,4.008277,4.191762,4.382912,4.082353,5.981822,2.383507,4.506456,2.65444,2.140198,4.591874,3.651457,1.280796,5.254962,3.4407,0.94808,4.466161,6.445171,4.609956,4.644532,7.371666,5.25836,2.636632,2.567997,2.133673,6.501997,5.811739,3.156218,7.728799,7.897096,2.087909,3.792701,1.922624,3.273786,2.808376,2.053635,2.308225,4.339023,3.610619,4.40836,2.837383,3.077512,2.427986,3.893338,2.240926,2.209762,2.296384,6.52828,8.024147,2.31431,3.318318,3.303943,2.719958,4.255623,2.953747,2.186809,2.45111,5.69651,4.066877,3.480943,1.691177,4.794202,6.61021,3.36718,1.193805,2.612748,3.135068,2.26435,3.432207,2.137537,7.772276,3.107813,3.28735,4.135631,3.47044,2.616969,4.067155,3.844713,7.619148,1.663363,2.160412,3.881653,2.800324,2.234786,2.891321,2.23062,4.569563,1.557396,2.267106,2.462274,2.358636,1.862716,2.933118,1.621894,1.06193,3.13639,2.829415,4.639111,4.553749,4.38718,3.000865,4.333681,3.483722,4.416989,3.80803,3.745543,4.595405,3.730896,2.916869,8.013104,3.689692,3.852653,3.00858,2.161523,3.226149,2.328724,3.883729,4.058595,2.253825,5.601124,2.556623,2.066066,2.814689,2.242897,3.333247,0.215813,3.390296,1.71999,1.287818,0.751709,3.817726,5.983228,2.038216,5.047591,2.981899,1.331928,4.503433,4.267147,5.124985,2.415263,2.003068,2.172591,4.013358,1.962741,3.437577,1.987751,4.677428,2.6874,8.307107,3.881139,3.355485,3.400788,0.886859,2.988297,1.690645,4.378259,2.32866,4.780679,1.24103,1.525043
4.352596,7.065469,6.62971,4.824561,6.966519,7.434771,7.108956,4.020268,7.408487,1.105858,4.515873,7.045637,5.593013,6.9572,4.054988,5.933503,4.99733,6.728942,8.437987,5.207317,5.23981,5.652391,2.140603,5.825023,2.426228,5.332,7.775721,4.34268,6.370105,9.03393,4.122467,7.67659,3.774527,4.385163,0,4.176696,8.777795,0.682213,8.375054,4.516182,7.022582,6.32659,5.880574,7.665908,3.56283,7.212976,1.699382,0.629369,5.736258,3.784868,7.842201,7.73717,5.721149,5.368745,7.794962,4.828707,2.847516,3.646332,6.791063,1.546984,1.507004,5.07624,6.682924,9.467695,7.062185,7.843535,8.921563,7.432395,6.84922,6.133136,5.949846,7.030057,1.698975,4.351634,9.236331,6.614843,6.402445,3.872821,6.128746,6.90219,4.092493,7.316083,5.974139,5.329628,3.72971,6.440051,1.59649,1.234701,1.78366,6.090319,7.564833,8.249033,4.942395,5.613013,5.398913,5.096214,7.182834,7.045245,1.559176,5.27434,1.644887,6.594417,4.350732,5.18051,4.08116,6.028659,6.89671,6.141312,4.171637,1.927764,5.537055,4.66705,4.769669,7.714836,2.831362,2.794444,5.834318,6.054227,2.491554,3.510894,5.457077,2.692481,3.675913,3.958727,7.55287,6.302592,6.492914,6.353465,3.542298,5.225021,2.852265,7.380335,7.058555,3.477962,2.566165,5.923917,3.602852,3.430168,4.175873,6.317788,1.778663,6.392694,5.433373,7.139863,6.783228,7.392108,0.492049,5.716906,4.097582,0.313023,5.930833,4.745882,1.754327,6.459878,5.007492,8.264158,7.510938,4.337489,7.475357,6.180255,0.224793,7.653728,7.401732,1.91896,5.665004,5.699583,3.560848,9.511193,5.546823,2.100111,7.463883,7.63218,5.406453,3.01282,5.561317,6.282982,6.055788,5.120205,5.927863,1.232235,6.202085,7.539946,4.797475,2.996233,5.014767,2.739215,4.45551,2.632345,5.604297,9.537476,8.489363,6.102616,5.032393,6.57801,5.496685,3.990707,4.667822,4.069534,5.666044,8.287976,7.095249,6.068663,4.713795,7.389417,8.648876,6.641247,3.779972,2.504825,1.501369,5.544888,4.700857,2.56012,7.50736,4.821888,1.563094,6.49735,0.952899,2.476634,0.782057,6.853909,7.354232,3.82993,2.582995,7.501291,1.703873,5.463326,4.605396,6.007209,0.317958,4.887718,4.149831,4.176349,5.308659,5.135424,7.003356,5.559685,4.236593,6.756028,5.961001,1.283752,0.168586,7.81188,4.900865,7.465267,5.197797,7.426185,3.543114,7.365181,7.186871,6.740092,2.83559,8.47832,6.821278,5.527846,6.036952,5.257,6.357735,5.262866,6.892925,3.793679,5.873463,8.61032,4.270698,3.780141,6.884927,4.114685,4.601897,4.292116,4.990587,5.790228,5.358056,4.40019,4.434747,6.621917,5.715315,1.692232,6.601537,5.058624,8.123071,7.398733,6.21596,4.766244,4.586163,5.453168,7.438058,4.013442,6.569163,4.924196,1.643779,2.239009,8.772323,5.635045,7.425723,6.532374,4.957097,1.983153,4.269216,6.593831,2.157073,1.42532,3.713208,4.352596
1.201251,4.064251,4.232082,2.00722,3.639399,4.107651,4.046613,1.109677,4.344577,3.187922,2.27167,4.648009,4.380406,3.894857,1.144397,2.388552,2.753127,3.911601,5.374077,2.963114,1.361468,2.78478,2.797844,2.280072,2.096138,3.783408,6.385037,0.623533,3.028113,7.02215,3.107533,6.463983,2.759593,2.276696,4.176696,0,6.766015,3.611567,5.312711,0.414881,3.695462,3.509249,3.868794,4.601998,1.48389,3.885856,2.973496,3.652627,2.488731,1.773088,6.451517,4.67326,2.394049,2.878581,4.467842,1.114314,5.013948,0.814206,4.219231,3.713416,3.673436,2.201669,3.331106,6.403785,3.999842,4.781192,5.857653,4.105275,4.83744,3.735508,2.885936,3.967714,4.951167,1.312011,6.172421,3.5525,5.011761,1.861041,3.311405,4.084849,2.080713,3.988963,2.910229,3.317848,1.538088,3.377708,4.848682,3.401133,2.690304,2.545368,4.50249,5.185123,0.792835,4.598079,2.209871,4.08128,4.120491,3.982902,2.83329,4.259406,2.538145,3.84635,3.335798,3.16873,0.917544,5.013725,3.56959,4.382393,2.159857,4.094196,3.525275,4.787609,1.234662,4.652493,2.501272,2.171769,4.443634,2.991884,2.905894,1.750983,2.251064,2.362391,1.664133,0.984315,4.490527,3.485251,4.481134,3.026345,2.527364,1.682201,1.59849,4.053215,3.994645,2.463028,1.712051,4.908983,1.667371,0.746528,0.939247,4.306008,3.052777,5.180087,4.418439,5.749179,3.456108,4.328198,3.684647,3.705126,3.082648,4.403289,2.86849,1.572937,4.488707,3.132778,2.215901,5.179359,5.11331,1.520148,4.390558,4.168475,4.401489,4.589818,5.389952,5.155193,4.41863,4.308899,0.819518,6.447283,3.535043,2.178105,5.452103,5.6204,2.538842,2.68273,2.743976,3.144688,2.993445,3.832639,3.110522,3.764146,2.874965,6.149262,3.782541,1.967116,1.537617,2.783367,0.712504,2.106595,2.736686,6.473566,6.477583,4.018873,4.017459,3.515667,2.178506,1.978927,3.652888,0.111139,2.603701,4.960856,5.882642,2.523712,1.838704,4.062297,5.874556,3.578904,2.078865,2.509581,3.031901,2.667571,1.155511,2.03437,5.49558,3.806954,2.613602,2.952399,3.367273,2.062185,3.963988,3.789999,5.342452,0.63829,2.057245,4.68395,2.697157,3.975688,3.590462,3.935183,4.466396,2.020107,0.299297,3.161415,4.174401,3.64172,4.511094,3.348509,1.419252,3.938687,4.570317,4.535944,4.345282,4.749537,0.724169,6.074583,4.182863,4.333489,1.531334,4.54784,3.859751,3.676182,1.806473,6.46654,5.430594,4.551794,4.824345,2.194657,4.967051,2.073824,3.829015,1.781899,3.056122,5.54641,3.255764,2.765207,4.487299,3.099751,1.056551,2.084389,1.1136,3.374125,3.014433,2.031708,4.516867,4.610137,2.897974,4.944424,3.784196,2.458316,5.184316,6.008049,3.795606,3.75131,1.167181,2.578597,4.375715,0.363572,5.178479,1.894936,4.574261,2.584233,6.760543,4.620111,5.028095,5.14169,2.686772,2.193543,0.811983,3.04888,2.225493,4.677512,1.052941,1.201251
6.792737,8.26953,10.077271,7.852409,4.204758,4.181426,8.251892,5.82007,6.001498,7.671937,8.201777,10.493198,10.225622,8.100136,5.85479,5.692772,8.683234,9.738695,4.805483,8.893221,6.228084,7.473185,9.022551,5.574335,6.580153,9.628597,12.230226,6.142482,4.564609,0.339759,9.332001,12.309199,8.984061,8.312579,8.777795,6.766015,0,8.095582,9.51799,7.001968,4.261887,8.977307,4.269475,6.258919,5.462271,4.478519,7.457511,8.995832,5.952265,4.992927,12.296706,6.330181,5.208504,8.72377,4.060361,6.469281,10.645063,7.570051,10.046325,9.344531,9.304551,6.791638,5.079145,5.383322,7.495089,8.986471,4.83719,5.277152,1.965368,9.580697,6.243471,8.172993,10.2973,6.882784,5.151958,7.556455,10.85695,5.610294,9.138499,9.911943,5.829966,4.571182,5.957257,4.874269,7.861525,7.523336,10.295549,9.032248,8.766207,5.040304,8.707769,4.811332,6.959544,10.822547,6.1597,10.110042,6.931832,7.478149,7.317305,10.483874,8.495294,4.990581,9.560266,4.725151,5.880962,11.059762,4.152094,10.227582,5.804524,9.725311,3.925956,11.012077,6.369016,8.857772,6.985287,5.983351,10.288823,6.984228,9.130601,5.562565,5.917235,6.846406,5.413386,7.027929,8.695806,9.132587,4.881815,5.042162,8.751832,5.895823,6.98408,4.635434,5.651566,8.687496,7.56768,11.133451,7.70592,7.512543,6.828602,5.862429,7.536792,11.025303,10.642907,11.594368,4.675925,5.985119,8.583873,5.261547,9.307116,9.073346,7.099252,6.176866,10.119822,5.166749,8.043473,6.351236,10.958499,7.461097,5.562435,4.931154,8.985116,5.151071,1.376063,10.696755,10.263819,10.154088,7.585533,5.42682,3.935724,8.033734,2.157886,2.326183,7.278789,7.166745,8.571548,5.491829,6.901396,9.677828,8.937616,8.248161,4.890782,11.994451,10.007009,7.128048,6.138675,7.267382,6.902091,8.728644,7.316561,5.453103,0.288432,9.864062,10.241927,7.405427,5.779623,5.72818,9.877356,6.877154,6.442678,4.553375,11.727858,5.059763,6.704464,4.714066,2.188057,7.34219,8.117414,8.834375,9.226838,7.070409,6.500659,8.656419,1.966701,10.031422,8.570751,4.898071,8.796066,8.280452,9.559852,6.050966,2.048235,7.404305,8.679294,9.521077,8.77306,9.820877,9.81493,9.780372,9.078281,7.115528,7.065312,9.385883,10.039083,9.486909,10.338188,9.193698,7.296734,8.93816,10.415506,10.061547,8.928909,8.954816,6.890878,11.919772,10.407331,5.505366,5.280587,9.384967,3.784058,5.937149,6.967405,0.361057,11.275783,10.776262,10.669561,6.516881,10.81224,6.20631,6.089982,5.531152,8.877062,4.525947,9.480232,8.989675,10.332488,9.324219,6.401699,8.111045,6.790389,9.219314,8.859622,7.924421,10.741335,6.16042,8.725068,10.233117,8.865753,8.295698,9.389595,11.853238,5.746707,9.975778,6.501219,7.013487,8.580994,7.129587,11.023668,6.449729,10.205376,8.621026,0.078152,10.844579,10.873284,10.986879,8.531961,8.165028,6.897011,5.03736,8.457985,10.203115,7.449086,6.792737
4.347554,7.289533,6.966085,5.112128,6.874723,7.342975,7.271895,3.338055,7.569859,0.423645,4.852248,7.382012,6.142268,7.120139,3.372775,5.624908,5.333705,7.016509,8.599359,5.543692,4.674681,5.89547,2.689858,5.516428,1.744015,5.881255,8.324976,3.660467,6.264469,8.351717,4.671722,8.225845,4.323782,4.721538,0.682213,3.611567,8.095582,0,8.537993,3.951053,6.930786,6.614157,5.198361,7.82728,2.880617,7.12118,1.017169,1.311582,5.72373,3.102655,8.391456,7.898542,5.629373,5.70512,7.703166,4.427527,3.396771,3.288913,7.127438,2.096239,2.056259,5.316587,6.000711,9.629067,7.225124,8.006474,9.082935,7.340599,6.167007,6.469511,6.111218,7.192996,2.201718,4.453991,9.397703,6.777782,6.9517,3.190608,6.416313,7.189757,3.41028,6.844981,6.135511,4.647415,3.047497,6.60299,2.199967,1.783956,2.332915,5.781724,7.727772,8.410405,4.377266,6.162268,5.435153,5.645469,7.345773,7.208184,0.876963,5.823595,1.996847,5.912204,4.899987,4.498297,3.398947,6.577914,6.804914,6.690567,3.489424,2.477019,4.854842,5.349263,4.461074,7.877775,2.149149,2.112231,6.383573,6.217166,3.040809,2.828681,5.476346,2.010268,2.9937,3.959455,7.715809,6.590159,5.810701,6.261669,4.091553,4.916426,2.170052,7.011592,7.219927,4.027217,2.753652,6.473172,3.939227,2.865039,4.066554,5.635575,1.09645,6.941949,5.982628,7.689118,6.691432,7.55348,1.132457,5.034693,4.646837,0.977764,6.093772,4.731285,2.43654,6.368102,5.320809,8.414683,7.847313,4.625056,7.625882,5.498042,0.889534,7.8151,6.719519,2.601173,6.214259,6.248838,2.995719,9.672565,4.86461,2.452071,6.78167,6.949967,5.649532,2.330607,5.848884,6.380012,6.218727,5.66946,6.21543,0.999869,6.110289,8.089201,5.34673,2.31402,4.762899,2.22824,4.025686,3.1816,5.847376,9.698848,7.80715,6.651871,5.581648,6.740949,5.413505,3.308494,5.217077,3.504405,5.828983,8.19618,7.644504,5.760068,4.953289,7.297621,7.966663,6.804186,4.294715,3.05408,2.050624,5.782489,4.018644,3.109375,6.825147,5.371143,1.915054,6.188755,1.547774,2.828594,1.46427,7.015281,6.672019,3.270041,3.13225,7.788858,2.253128,6.012581,5.154651,6.556464,0.982699,5.130797,3.584702,4.725604,5.857914,5.684679,7.339731,6.028507,4.52416,7.043595,6.510256,1.965965,0.833327,7.974819,4.335736,8.014522,5.747052,7.568813,2.860901,7.652748,7.095075,6.901464,2.153377,7.796107,7.370533,6.115983,6.586207,5.419939,6.90699,5.299106,7.054297,3.111466,6.16103,8.771692,4.819953,4.329396,7.221302,4.66394,3.919684,4.628491,4.308374,6.126603,5.694431,4.736565,5.11696,5.939704,6.002882,2.137535,6.889104,5.394999,8.409598,7.947988,5.533747,5.315499,4.353251,5.693515,7.600997,3.448313,7.118418,5.028951,2.325992,2.788264,8.09011,6.1843,7.762098,7.081629,5.293472,2.335113,3.960621,6.238315,2.706328,2.107533,3.480933,4.347554
4.253004,1.609364,4.448192,3.78598,5.580464,6.048716,1.323913,6.308873,3.677398,8.114348,4.391778,4.864119,5.498833,1.469614,6.343593,5.153424,4.56856,3.877663,5.727245,4.938127,4.612442,3.303221,6.890902,5.044944,7.022564,4.725986,6.653491,5.822729,4.98405,9.774125,6.398283,7.003611,6.050343,4.817453,8.375054,5.312711,9.51799,8.537993,0,5.066407,5.497278,2.316151,6.873015,3.991257,6.683086,5.204492,7.899922,7.745685,3.587492,6.972284,6.719971,4.062519,4.353182,3.515523,6.266795,4.200859,9.107006,5.295795,4.185293,7.806474,7.766494,3.303942,6.063345,6.756953,2.365968,0.592876,6.210821,4.990744,9.166382,3.951618,3.598334,1.51237,9.044225,4.161301,6.525589,2.646669,5.280215,7.060237,3.283166,4.050911,7.279909,5.930028,3.815955,7.636274,6.477359,2.224424,8.94174,7.494191,6.783362,4.890443,0.99889,5.538291,5.005667,6.935341,3.548492,5.569975,2.9276,2.731629,7.759716,7.068948,7.201784,6.578589,6.278287,7.557376,6.11674,6.519695,5.510655,4.626654,7.359053,8.187254,7.216534,8.078359,4.096208,0.844056,7.427698,7.36867,4.7069,2.662292,6.998952,6.950179,3.74933,7.288817,6.863329,4.701859,0.901713,2.33351,7.709136,4.995817,5.818114,4.181727,6.524916,5.99428,4.02733,5.753778,6.541384,7.036009,4.772202,5.685799,4.52046,8.365921,7.979203,5.843818,7.182248,6.017633,5.064954,3.884589,8.072244,7.912772,6.373398,8.496347,2.45222,3.860629,8.581765,4.737149,3.686517,5.617395,5.181866,4.151525,4.828594,8.906948,8.599847,4.942986,8.577077,9.248251,5.021459,4.572165,5.758789,6.800451,7.911518,7.007438,9.3589,9.527197,3.284565,7.609156,2.909732,4.124798,2.708052,4.820987,3.080528,8.328914,4.844437,6.417716,6.285222,6.893542,3.850408,7.709793,4.627835,6.199653,3.184306,6.826734,9.229558,4.25845,7.308209,2.593696,3.812395,7.178123,6.943638,5.308486,3.102522,6.444837,6.42227,4.7201,3.662349,5.156635,7.815621,2.649923,5.183696,6.602639,7.124959,2.900445,6.354707,6.127428,9.137387,7.097704,7.277241,5.341042,7.460331,6.60686,8.057046,4.695725,9.249249,5.280797,6.150303,1.202037,6.790215,4.601944,6.881212,4.179444,8.559454,3.654016,5.496644,6.452165,5.499016,4.730268,4.477156,4.325912,4.321042,1.699835,4.836878,8.629002,8.54364,0.9411,5.074333,6.343037,6.946672,4.779422,6.73053,1.07191,5.800816,4.581908,6.732899,9.218515,5.699048,7.842544,5.603204,3.13135,5.237637,3.457925,4.734741,6.981095,3.005843,5.899578,6.546514,6.055957,4.662546,5.691159,6.255747,4.60164,6.312796,3.510778,3.991836,4.143959,7.807617,7.386088,2.873254,9.037482,1.835554,3.494636,0.390779,6.276503,6.527845,5.863525,4.212952,2.995098,0.936996,5.202849,5.44504,3.571246,8.667319,6.677291,9.512518,7.002053,5.096651,5.412276,4.009378,6.978188,4.608744,5.781119,6.318551,8.77057,5.139781,4.253004
1.300724,3.817947,4.568304,2.343442,3.390633,3.858885,3.800309,1.34563,4.097794,3.527408,2.607892,4.984231,4.716628,3.648553,1.38035,2.139786,3.089349,4.247823,5.127294,3.299336,1.112702,2.737893,3.13733,2.031306,2.435624,4.11963,6.721259,0.859486,2.779347,7.258103,3.447019,6.800205,3.099079,2.612918,4.516182,0.414881,7.001968,3.951053,5.066407,0,3.446696,3.845471,3.89201,4.355215,1.719843,3.63709,3.312982,3.992113,2.239965,2.009041,6.787739,4.426477,2.145283,3.214803,4.219076,0.865548,5.353434,1.153692,4.555453,4.052902,4.012922,2.103612,3.08234,6.157002,3.753538,4.534888,5.61087,3.856509,5.073393,4.07173,2.639153,3.72141,5.290653,1.411484,5.925638,3.306196,5.347983,2.096994,3.647627,4.421071,2.316666,3.740197,2.663446,3.553801,1.877574,3.131404,5.188168,3.740619,3.02979,2.296602,4.256186,4.93834,0.493824,4.937565,1.963088,4.420766,3.874187,3.736598,3.172776,4.598892,2.877631,3.597584,3.675284,3.404683,1.153497,5.353211,3.320824,4.718615,2.39581,4.433682,3.761228,5.127095,0.985896,4.406189,2.840758,2.407722,4.779856,2.74558,3.24538,1.986936,2.004281,2.701877,1.900086,1.320537,4.244223,3.821473,4.717087,2.777579,2.86685,1.433435,1.937976,3.804449,3.747862,2.802514,2.051537,5.248469,2.003593,1.086014,1.07213,4.541961,3.392263,5.516309,4.757925,6.085401,3.207342,4.081415,4.024133,3.941079,3.422134,4.742775,2.63644,1.473365,4.828193,2.884012,2.552123,4.930593,5.449532,1.85637,4.141792,4.404428,4.740975,4.343035,5.625905,5.494679,4.754852,4.645121,1.159004,6.2005,3.770996,2.517591,5.688056,5.856353,2.491955,3.022216,3.080198,2.895922,2.747141,4.168861,3.446744,4.103632,2.626199,6.485484,4.122027,2.306602,1.307605,3.122853,0.609939,2.446081,2.689799,6.226783,6.713536,4.355095,4.356945,3.269363,1.92974,2.21488,3.992374,0.450625,2.357397,4.71209,6.218864,2.274946,1.740647,3.813531,5.62579,3.3326,2.415087,2.849067,3.371387,2.552648,1.391464,2.373856,5.731533,4.14644,2.953088,2.703633,3.706759,2.401671,4.303474,3.543216,5.578405,0.977776,2.396731,5.020172,3.036643,4.31191,3.929948,4.271405,4.805882,2.062436,0.638783,3.500901,4.510623,3.977942,4.847316,3.684731,1.70793,4.274909,4.906539,4.87543,4.684768,4.503233,0.56249,6.410805,4.522349,4.084723,1.767287,4.884062,3.610985,3.429399,2.145959,6.702493,5.766816,4.89128,5.160567,1.948353,5.303273,1.827041,3.582232,2.017852,3.392344,5.299627,3.59525,3.104693,4.823521,3.439237,1.292504,2.420611,1.349553,3.710347,3.350655,2.36793,4.856353,4.405083,3.234196,5.28391,4.120418,2.794538,4.938012,6.344271,3.54684,4.090796,1.069124,2.48054,4.129411,0.701957,5.514701,1.796879,4.913747,2.923719,6.996496,4.959597,5.364317,5.477912,3.022994,2.533029,0.944465,2.800114,2.564979,5.016998,1.390396,1.300724
2.911274,4.248818,6.195808,3.970946,0.325107,0.792613,4.23118,4.689162,1.81988,6.507141,4.320314,6.611735,6.344159,4.079424,4.723882,1.811309,4.801771,5.857232,2.766678,5.011758,2.346621,3.591722,5.53843,1.692872,5.415357,5.747134,8.348763,4.203018,0.683146,4.518022,5.450538,8.427736,5.102598,4.431116,7.022582,3.695462,4.261887,6.930786,5.497278,3.446696,0,4.956595,2.204321,2.077301,4.760901,0.30463,6.292715,6.393213,2.070802,4.291557,8.415243,2.148563,1.327041,4.842307,1.152804,2.587818,7.754534,3.688588,6.164862,6.454002,6.414022,2.910175,1.438123,3.796386,3.313471,4.965759,3.250254,1.095534,3.910279,5.699234,2.362008,4.152281,7.691753,3.001321,3.565022,3.448202,6.975487,4.908924,5.257036,6.03048,5.128596,0.690817,2.075794,3.011052,4.870152,3.341718,7.589268,6.141719,5.43089,1.158841,4.687057,2.136874,3.385956,6.941084,2.278237,6.228579,2.750214,3.296531,6.152509,6.602411,5.758452,1.509764,5.678803,2.932154,4.497029,7.178299,0.271444,6.346119,5.111624,6.834782,2.54784,7.130614,2.487553,4.83706,5.820491,5.281981,6.40736,3.102765,5.64648,4.861195,2.035772,5.68161,4.712016,3.146466,4.675094,5.111875,3.040442,1.160699,4.870369,2.01436,4.917709,0.755069,1.469948,4.806033,4.934177,7.251988,3.824457,4.078592,2.947139,3.740699,6.371996,7.14384,6.761444,7.712905,0.741332,1.803501,6.719772,3.28755,5.425653,7.143875,3.217789,2.295403,7.229293,1.285286,4.16201,2.169618,7.077036,3.579634,1.380817,4.238254,7.247375,2.065121,3.320974,7.895779,6.382356,6.272625,4.151582,3.839884,3.242824,5.400231,4.102797,4.271094,3.397326,6.001949,4.690085,1.610366,3.019933,5.796365,5.056153,6.976442,1.009319,8.112988,6.125546,5.286335,2.257212,6.102586,3.020628,4.847181,3.435098,3.866167,3.973455,5.982599,6.360464,3.223809,1.89816,5.02681,5.995893,3.691237,2.561215,1.645818,7.846395,1.1783,2.823001,0.530954,2.559518,3.160572,4.235951,5.250167,5.772487,3.188946,4.734996,4.774956,3.881284,6.149959,5.833909,1.016608,6.107859,5.229452,6.704574,1.869348,3.993146,3.67359,4.797831,5.500365,5.437743,5.939414,5.933467,5.898909,7.206982,3.234065,3.879395,5.50442,6.15762,5.605446,6.456725,5.312235,3.415271,4.917448,6.534043,7.27653,7.191168,4.934104,3.454622,8.038309,6.525868,1.323748,4.579217,5.364255,0.544713,1.755531,5.125692,3.962412,7.39432,6.894799,6.788098,2.635418,6.930777,2.324847,1.908364,4.829782,4.995599,2.939011,5.598769,5.108212,6.451025,5.442756,4.636036,4.229582,4.693085,5.337851,4.978159,4.042958,6.859872,2.760866,4.843605,7.68501,4.845041,4.414235,5.368883,7.971775,1.902623,6.094315,2.619756,3.132024,4.560282,3.595642,7.142205,2.568266,7.314847,5.324819,4.256415,6.963116,6.991821,7.105416,4.650498,5.41385,3.015548,1.155897,4.966079,7.418098,3.567623,2.911274
2.67411,0.743865,2.337691,1.675479,5.039781,5.508033,1.080687,4.618926,3.136715,6.190512,2.281277,2.753618,3.388332,0.928931,4.653646,4.612741,2.458059,1.767162,5.186562,2.827626,4.071759,2.762538,4.842438,4.504261,5.098728,2.615485,4.54299,4.132782,4.443367,9.233442,4.349819,4.89311,4.001879,2.706952,6.32659,3.509249,8.977307,6.614157,2.316151,3.845471,4.956595,0,6.332332,3.450574,4.993139,4.663809,5.976086,5.697221,3.046809,5.282337,4.60947,3.521836,3.812499,1.405022,5.726112,3.638714,7.058542,3.371959,2.074792,5.75801,5.71803,2.763259,5.522662,6.21627,1.825285,1.784632,5.670138,4.450061,8.346689,1.841117,3.057651,0.804314,6.995761,2.578853,5.984906,2.105986,3.169714,5.37029,1.172665,1.94041,5.589962,5.389345,3.275272,6.827097,4.553523,1.683741,6.893276,5.445727,4.734898,4.34976,1.536564,4.997608,4.271684,4.82484,3.007809,3.459474,2.386917,2.190946,5.83588,4.958447,5.15332,6.037906,4.167786,6.677979,4.426793,4.409194,4.969972,2.516153,5.669106,6.13879,6.675851,6.029895,3.555525,1.655933,5.503862,5.444834,2.596399,2.121609,4.950488,5.260232,3.208647,5.364981,5.173382,2.722189,1.524601,0.489407,7.168453,4.455134,3.76965,3.641044,4.60108,5.453597,3.486647,3.705314,4.617548,4.925508,2.723738,3.761963,2.797065,7.815257,6.055367,3.733317,5.071747,3.907132,4.524271,3.343906,6.02378,7.214375,4.324934,6.447883,1.911537,3.152662,6.533301,4.196466,1.576016,5.076712,3.071365,2.070462,4.287911,7.677724,6.551383,4.402303,8.036394,7.199787,2.910958,2.461664,3.834953,6.259768,7.044292,5.083602,8.818217,8.986514,2.743882,5.68532,0.799231,3.584115,2.167369,2.710486,0.970027,6.28045,4.303754,4.307215,4.174721,4.969706,3.309725,5.785957,3.365344,4.151189,2.643623,6.286051,8.688875,2.147949,5.259745,2.053013,3.271712,5.488176,4.895174,3.504542,2.561839,5.904154,4.311769,4.179417,2.697941,4.615952,7.274938,2.10924,3.135232,4.554175,5.076495,2.359762,4.66476,4.078964,8.596704,5.04924,5.228777,4.800359,5.411867,4.558396,6.008582,4.155042,8.708566,3.356961,4.101839,1.719425,4.741751,2.491443,4.832748,2.068943,6.51099,2.474006,3.659256,4.403701,3.388515,2.619767,2.366655,2.215411,2.210541,0.974162,2.726377,6.580538,6.495176,1.752977,4.233418,4.232536,4.836171,4.238739,5.040583,1.583315,5.260133,4.041225,4.809063,8.677832,3.588547,5.79408,3.492703,2.590667,3.127136,2.917242,4.194058,5.291148,0.895342,5.358895,4.49805,4.007493,2.552045,3.580658,4.5658,2.491139,4.622849,1.400277,1.881335,2.033458,5.759153,6.845405,0.762753,6.989018,0.819671,1.384135,2.187756,4.166002,5.987162,3.753024,3.075016,2.454415,1.379155,3.322743,3.334539,2.997245,6.618855,4.628827,8.971835,4.891552,2.98615,3.301775,1.898877,4.929724,2.909162,5.240436,4.270087,6.722106,3.160111,2.67411
3.95761,5.624555,7.247218,5.022356,1.879928,2.615412,5.606917,2.922849,3.386662,4.774716,5.371724,7.663145,7.395569,5.455161,2.957569,2.251353,5.853181,6.908642,4.416162,6.063168,2.789391,4.82821,6.12533,2.132916,3.682932,6.798544,9.400173,3.245261,1.890688,4.52561,6.33782,9.479146,5.98988,5.470155,5.880574,3.868794,4.269475,5.198361,6.873015,3.89201,2.204321,6.332332,0,3.644083,2.56505,2.404509,4.56029,6.098611,3.30729,2.095706,9.466653,3.715345,2.558233,5.893717,2.975603,3.033742,7.747842,4.134934,7.216272,6.44731,6.40733,4.146663,0.80967,5.44587,4.880253,6.341496,4.899738,2.662316,2.3409,6.750644,3.598496,5.528018,7.400079,4.047657,5.214506,4.91148,8.026897,2.713073,6.308446,7.08189,2.932745,1.653883,3.312282,1.041802,4.964304,4.9085,7.398328,6.135027,5.868986,2.008142,6.062794,3.959673,3.83127,7.828366,3.514725,7.279989,4.316996,4.863313,4.420084,7.489693,5.598073,0.721106,6.566085,0.962904,2.983741,8.229709,1.932877,7.397529,2.907303,6.82809,0.343519,8.017896,2.956182,6.212797,4.088066,3.08613,7.45877,4.339253,6.23338,2.665344,3.266964,3.949185,2.516165,4.177774,6.050831,6.471736,1.0431,2.396484,5.757651,2.876648,4.086859,1.820494,3.03673,5.693315,4.670459,8.13927,4.86083,4.524938,3.889196,2.029107,4.639571,8.19525,7.648726,8.764315,2.032691,3.370283,5.686652,1.428225,6.312935,6.176125,4.454277,3.508369,7.222601,2.521774,5.21342,3.7364,8.128446,4.631044,2.947599,2.033933,6.087895,3.631903,2.893412,7.799534,7.433766,7.324035,4.597928,5.489368,1.038503,5.136513,2.955563,3.12386,4.63059,4.269524,5.741495,2.846854,4.256421,6.847775,6.107563,5.35094,2.245104,9.164398,7.012828,4.230827,3.280878,4.370161,3.466974,5.510326,4.671586,5.515651,3.981043,7.034009,7.247746,4.790591,3.129352,2.830959,6.883175,3.979933,3.797703,3.468617,8.897805,2.184412,3.878363,2.617001,4.140556,4.727354,5.272324,5.913312,6.329617,4.425434,3.603438,5.438101,2.99904,7.037241,5.67353,1.791787,5.898845,5.383231,6.662631,3.43613,2.845912,4.119936,5.460976,6.876102,5.875839,6.990824,6.820749,6.950319,6.18106,4.289133,4.168091,6.391702,7.20903,6.656856,7.508135,6.363645,4.461607,6.293185,7.585453,7.164326,6.031688,6.309841,3.899936,9.089719,7.41315,2.89053,2.383366,6.739992,2.367512,3.322313,4.070184,3.97,8.44573,7.782081,7.839508,3.871906,7.982187,3.561335,3.475146,2.633931,6.047009,4.588495,6.486051,5.995494,7.502435,6.330038,3.504478,5.275918,3.893168,6.389261,6.029569,5.094368,7.747154,1.890945,5.895015,7.335896,6.220778,5.465645,6.74462,9.023185,1.477232,6.981597,3.469969,4.368512,5.936019,4.041988,8.193615,3.804754,7.308155,5.723805,4.264003,7.850398,8.043231,8.156826,5.701908,5.267807,3.781228,1.091896,5.560764,7.305894,4.2521,3.95761
3.542308,2.742797,5.715516,4.181102,2.321573,2.789645,2.725159,5.597681,0.313859,7.403635,4.53047,6.131443,6.554315,2.573403,5.632401,3.037573,5.011927,5.144987,2.307268,5.221914,3.444035,3.174658,6.181756,2.919136,6.311851,5.95729,7.920815,5.111537,2.079436,6.515054,5.689137,8.270935,5.341197,4.656712,7.665908,4.601998,6.258919,7.82728,3.991257,4.355215,2.077301,3.450574,3.644083,0,5.971894,1.784515,7.189209,7.036539,2.307836,5.687847,7.987295,0.336126,2.528891,4.782847,2.846818,3.489667,8.39786,4.585082,5.452617,7.097328,7.057348,2.888177,2.834413,3.336976,1.80745,3.459738,2.790844,1.570767,5.907311,5.218942,1.997952,2.64626,8.335079,3.450605,3.105612,1.942181,6.547539,6.305214,4.55049,5.318235,6.524886,2.671137,1.763977,4.407342,5.766646,1.835697,8.232594,6.785045,6.074216,2.550421,3.181036,2.118314,4.294475,7.179683,2.504222,6.438735,1.244193,1.79051,7.049003,6.84101,6.492638,3.349657,5.917402,4.328444,5.405548,7.388455,2.251764,5.893978,6.551386,7.478108,3.987602,7.369213,3.385016,3.331039,6.716985,6.657957,5.974224,2.381712,6.289806,6.238987,2.72445,6.578104,6.108306,3.991163,3.169073,3.605854,4.480204,2.530665,5.108968,3.089476,5.814203,2.735389,0.607353,5.044632,5.830671,7.490587,4.063056,4.975086,3.809764,5.136989,7.26849,7.111142,7.000043,7.284957,1.644977,0.464612,7.363098,4.68384,5.664252,7.787201,2.323657,3.149933,7.872619,2.458571,4.372166,2.197418,6.44919,3.78979,1.408617,5.678016,7.890701,1.523009,5.318006,8.539105,6.288783,5.839489,5.048076,3.380474,4.682586,6.296725,6.099829,6.268126,3.156002,6.898443,4.177056,1.768903,2.427472,6.006521,4.347852,7.619768,2.379285,7.68504,6.364145,6.182829,3.139695,6.99908,3.917122,5.490507,3.055743,3.406757,5.970487,5.525774,6.599063,1.717788,2.638902,6.4231,6.234492,4.597773,2.43498,3.02486,7.689594,2.450749,2.966128,1.736658,4.55655,1.654551,4.47455,5.893493,6.415813,2.771882,5.643515,5.418282,5.878316,6.388558,6.568095,2.412898,6.751185,5.897714,7.3479,1.391215,5.990178,4.570084,5.441157,3.994344,6.081069,5.869268,6.172066,5.446768,7.850308,3.368159,4.785931,5.743019,6.367776,5.815602,5.74448,5.522391,3.64042,3.411427,6.104202,7.919856,7.834494,3.428083,4.363141,7.610361,6.764467,1.359445,5.975507,3.858234,2.541745,1.277398,6.022186,5.959444,6.966372,7.133398,6.870528,2.597972,6.504961,2.684604,1.430231,6.226072,4.273167,2.479601,5.837368,5.346811,5.92987,5.681355,5.544555,4.454731,5.601604,4.778102,5.188315,4.253114,7.098471,4.157156,4.140578,8.328336,3.33902,4.624391,3.862862,7.543827,3.298913,6.332914,3.502239,2.866535,3.054261,4.492136,6.712364,2.86055,7.958173,5.968145,6.253447,7.201715,6.363975,6.6796,4.860654,6.269042,3.898031,2.552187,5.609405,8.061424,4.429085,3.542308
2.685141,5.434626,5.715972,3.49111,4.437715,5.17309,5.416988,0.537945,5.714473,2.456972,3.75556,6.131899,5.864296,5.265232,0.572665,3.756465,4.237017,5.395491,6.743973,4.447004,2.729381,4.26867,3.807586,3.647985,1.365188,5.267298,7.868927,0.860357,4.396026,5.718406,4.591423,7.947873,4.243483,3.760586,3.56283,1.48389,5.462271,2.880617,6.683086,1.719843,4.760901,4.993139,2.56505,5.971894,0,4.953668,2.242546,3.780867,3.856644,0.469344,7.935407,6.043156,3.761962,4.362471,5.533281,2.482227,5.430098,2.298096,5.703121,4.129566,4.089586,3.685559,3.3674,7.773681,5.370217,6.151567,7.227549,5.175424,3.533696,5.219398,4.255832,5.338089,5.082335,2.795901,7.542317,4.922875,6.495651,0.557297,4.795295,5.568739,0.776969,4.21167,4.280125,2.014104,2.64656,4.748083,5.080584,3.817283,3.551242,3.913281,5.872865,6.517351,1.677419,6.081969,3.579767,5.56517,5.490866,5.353277,2.10234,5.743296,3.280329,3.278893,4.819688,1.864986,0.598837,6.497615,4.490664,5.866283,0.856113,4.510346,2.221531,6.271499,2.602575,6.022868,1.770322,0.768386,5.927524,4.362259,3.915636,0.3476,3.62096,1.631441,0.360389,2.468205,5.860902,4.969141,3.17739,4.394258,4.011254,3.050114,1.769115,4.378281,5.364541,3.946918,2.352715,6.392873,3.151261,2.230418,2.423137,3.002264,2.321827,6.663977,5.902329,7.233069,4.545799,5.698094,3.368908,2.401382,4.566538,3.858381,4.253119,3.056827,4.904857,4.500691,3.699791,6.249508,6.5972,3.004038,5.460707,2.864731,3.770151,5.959714,4.086208,5.48179,5.90252,5.792789,2.303408,7.817179,2.231299,2.818769,4.148359,4.316656,4.022732,1.95178,4.227866,4.512601,4.36382,5.316529,4.594412,3.033196,4.242878,7.633152,5.266431,1.913083,2.924284,2.052417,2.196394,3.590485,4.220576,7.843462,5.173839,5.502763,5.501349,4.886042,3.546419,0.675183,5.136778,1.595029,3.974076,6.026295,7.366532,3.891625,3.322594,5.130109,5.333352,4.949279,3.562755,3.61941,4.011873,4.151461,1.218534,3.51826,4.191836,5.290844,3.355786,4.304895,3.581101,3.065487,4.344887,5.159895,4.038708,2.12218,3.541135,6.16784,3.558095,5.459578,5.074352,5.419073,3.863316,3.503997,1.783187,4.645305,5.658291,5.12561,5.994984,4.832399,2.903142,5.422577,6.054207,4.846582,3.713944,6.119912,1.608753,7.558473,5.666753,5.403638,0.22759,6.03173,4.92519,5.046078,1.75244,5.162796,6.914484,6.035684,6.308235,3.565032,6.450941,3.44372,5.198911,0.478155,4.540012,6.916306,4.739654,4.249097,5.971189,4.583641,1.119574,3.568279,1.508264,4.858015,4.498323,3.515598,6.000757,3.306393,4.381864,5.018152,5.268086,3.942206,6.554691,7.491939,2.900436,5.2352,2.651071,4.062487,5.74609,1.847462,6.662369,3.378826,4.990411,3.406061,5.456799,6.104001,6.511985,6.62558,4.170662,2.950063,2.295873,3.605004,3.24302,4.98815,2.536831,2.685141
3.101668,3.956032,6.386202,4.16134,0.541441,1.009245,3.938394,4.879556,1.527094,6.697535,4.510708,6.802129,6.534553,3.786638,4.914276,2.001703,4.992165,6.047626,2.556594,5.202152,2.537015,3.650834,5.728824,1.883266,5.605751,5.937528,8.539157,4.393412,0.875913,4.734654,5.640932,8.61813,5.292992,4.62151,7.212976,3.885856,4.478519,7.12118,5.204492,3.63709,0.30463,4.663809,2.404509,1.784515,4.953668,0,6.483109,6.583607,2.239264,4.484324,8.605637,1.855777,1.517435,5.032701,1.369436,2.778212,7.944928,3.878982,6.355256,6.644396,6.604416,3.073524,1.63089,3.586302,3.020685,4.672973,3.04017,0.802748,4.126911,5.889628,2.183299,3.859495,7.882147,3.191715,3.354938,3.155416,7.165881,5.101691,5.44743,6.220874,5.321363,0.891005,1.949324,3.203819,5.060546,3.048932,7.779662,6.332113,5.621284,1.349235,4.394271,2.353506,3.57635,7.131478,2.446699,6.418973,2.457428,3.003745,6.342903,6.792805,5.948846,1.709952,5.869197,3.124921,4.687423,7.368693,0.471632,6.536513,5.311812,7.025176,2.748028,7.321008,2.677947,4.544274,6.010885,5.474748,6.597754,3.159309,5.836874,5.053962,2.226166,5.872004,4.904783,3.33686,4.382308,4.819089,3.24063,1.329479,5.060763,2.204754,5.108103,0.955257,1.177162,4.996427,5.124571,7.442382,4.014851,4.268986,3.137533,3.933466,6.56239,7.334234,6.951838,7.903299,0.448546,1.510715,6.910166,3.480317,5.616047,7.334269,3.274333,2.485797,7.419687,1.453748,4.352404,1.876832,7.26743,3.770028,1.088031,4.438442,7.437769,1.772335,3.537606,8.086173,6.57275,6.463019,4.341976,3.6298,3.443012,5.590625,4.319429,4.487726,3.456438,6.192343,4.880479,1.778828,3.076477,5.986759,5.246547,7.166836,1.178099,8.303382,6.31594,5.476729,2.447606,6.29298,3.211022,5.037575,3.49421,3.656083,4.190087,6.172993,6.550858,2.931023,2.088554,5.219577,6.186287,3.881631,2.620327,1.86245,8.036789,1.368694,3.013395,0.528438,2.77615,2.867786,4.426345,5.440561,5.962881,3.248058,4.92539,4.96535,4.097916,6.340353,6.024303,1.209375,6.298253,5.419846,6.894968,1.576562,4.209778,3.863984,4.988225,5.207579,5.628137,6.129808,6.123861,6.089303,7.397376,3.424459,4.069789,5.694814,6.348014,5.79584,6.647119,5.502629,3.605665,4.624662,6.724437,7.466924,7.381562,4.641318,3.645016,8.228703,6.716262,1.030962,4.771984,5.071469,0.761345,1.462745,5.316086,4.179044,7.584714,7.085193,6.978492,2.783319,7.121171,2.493309,1.615578,5.022549,5.185993,2.728927,5.789163,5.298606,6.641419,5.63315,4.82643,4.419976,4.883479,5.528245,5.168553,4.233352,7.050266,2.953633,5.033999,7.875404,4.552255,4.604629,5.076097,8.162169,2.09539,6.284709,2.81015,3.191136,4.267496,3.786036,7.332599,2.736728,7.505241,5.515213,4.473047,7.15351,7.182215,7.29581,4.840892,5.604244,3.205942,1.348664,5.156473,7.608492,3.758017,3.101668
3.709483,6.651462,6.328014,4.474057,6.236652,6.704904,6.633824,2.699984,6.931788,0.593524,4.214177,6.743941,6.02928,6.482068,2.734704,4.986837,4.695634,6.378438,7.961288,4.905621,4.03661,5.257399,2.859737,4.878357,1.105944,5.768267,8.211988,3.022396,5.626398,7.713646,4.558734,8.112857,4.210794,4.083467,1.699382,2.973496,7.457511,1.017169,7.899922,3.312982,6.292715,5.976086,4.56029,7.189209,2.242546,6.483109,0,1.917419,5.085659,2.464584,8.278468,7.260471,4.991302,5.067049,7.065095,3.789456,3.56665,2.650842,6.489367,2.266118,2.226138,4.678516,5.36264,8.990996,6.587053,7.368403,8.444864,6.702528,5.528936,5.83144,5.473147,6.554925,3.218887,3.81592,8.759632,6.139711,6.838712,2.552537,5.778242,6.551686,2.772209,6.20691,5.49744,4.009344,2.409426,5.964919,3.217136,1.953835,2.502794,5.143653,7.089701,7.772334,3.739195,6.04928,4.797082,5.532481,6.707702,6.570113,0.140206,5.710607,2.166726,5.274133,4.786999,3.860226,2.760876,6.464926,6.166843,6.446372,2.851353,2.646898,4.216771,5.767142,3.823003,7.239704,1.511078,1.47416,6.270585,5.579095,3.210688,2.19061,4.838275,1.372197,2.355629,3.321384,7.077738,5.952088,5.17263,5.623598,3.978565,4.278355,1.531981,6.373521,6.581856,3.914229,2.115581,6.360184,3.301156,2.226968,3.428483,4.997504,0.35741,6.828961,5.86964,7.57613,6.053361,6.915409,1.50546,4.396622,4.533849,1.994933,5.455701,4.093214,3.041409,5.730031,4.682738,7.776612,7.209242,3.986985,6.987811,4.859971,1.906703,7.177029,6.081448,3.618342,6.101271,6.13585,2.357648,9.034494,4.226539,2.581635,6.143599,6.311896,5.011461,1.692536,5.210813,5.741941,5.580656,5.556472,5.577359,1.169748,5.472218,7.976213,5.233742,1.675949,4.124828,1.793173,3.387615,3.351479,5.209305,9.060777,7.169079,6.082852,5.46866,6.102878,4.775434,2.670423,5.104089,2.866334,5.190912,7.558109,7.531516,5.121997,4.315218,6.65955,7.328592,6.166115,3.656644,3.223959,2.220503,5.144418,3.380573,3.279254,6.187076,5.258155,2.084933,5.550684,1.717653,2.828353,2.481439,6.37721,6.033948,2.63197,3.302129,7.150787,2.423007,5.899593,5.041663,5.999162,1.999868,4.492726,2.946631,4.612616,5.744926,5.571691,6.70166,5.390436,3.886089,6.405524,6.397268,2.983134,1.850496,7.336748,3.697665,7.901534,5.634064,6.930742,2.22283,7.014677,6.457004,6.263393,1.515306,7.158036,7.257545,6.002995,6.473219,4.781868,6.794002,4.661035,6.416226,2.473395,5.522959,8.133621,4.706965,4.216408,6.583231,4.550952,3.281613,3.99042,3.670303,5.488532,5.05636,4.098494,5.534839,5.301633,5.364811,3.154704,6.251033,4.756928,7.771527,7.835,4.895676,5.202511,3.71518,5.055444,6.962926,2.810242,7.00543,4.39088,3.126963,2.958143,7.452039,6.071312,7.124027,6.968641,4.655401,2.504992,3.32255,5.600244,2.876207,3.124702,2.842862,3.709483
3.723227,6.4361,6.000341,4.195192,6.33715,6.805402,6.479587,4.238305,6.779118,1.323895,3.886504,6.416268,4.963644,6.327831,4.273025,5.304134,4.367961,6.099573,7.808618,4.577948,4.676988,5.023022,1.511234,5.195654,2.644265,4.702631,7.146352,4.27616,5.740736,9.251967,3.493098,7.047221,3.145158,3.755794,0.629369,3.652627,8.995832,1.311582,7.745685,3.992113,6.393213,5.697221,6.098611,7.036539,3.780867,6.583607,1.917419,0,5.106889,4.002905,7.212832,7.107801,5.09178,4.739376,7.165593,4.199338,2.218147,3.016963,6.161694,0.917615,0.877635,4.446871,6.246688,8.838326,6.432816,7.214166,8.292194,6.803026,7.067257,5.503767,5.320477,6.400688,1.615612,3.722265,8.606962,5.985474,5.773076,4.090858,5.499377,6.272821,4.31053,6.686714,5.34477,5.547665,3.4362,5.810682,1.513127,0.605332,1.154291,5.46095,6.935464,7.619664,4.418326,4.983644,4.769544,4.466845,6.553465,6.415876,1.777213,4.644971,1.564797,6.761932,3.721363,5.398547,4.299197,5.39929,6.267341,5.511943,4.389674,1.298395,5.755092,4.418639,4.1403,7.085467,3.049399,3.012481,5.204949,5.424858,1.862185,3.728931,4.827708,2.910518,3.89395,3.329358,6.923501,5.673223,6.710951,5.724096,2.912929,4.595652,3.020459,6.750966,6.429186,2.848593,2.486075,5.294548,2.973483,3.091882,3.546504,6.535825,1.9967,5.763325,4.804004,6.510494,6.153859,6.762739,0.424975,5.934943,3.468213,0.795013,5.301464,4.116513,1.670964,5.830509,4.378123,7.634789,6.881569,3.70812,6.845988,6.398292,0.854162,7.024359,7.619769,1.835597,5.035635,5.070214,3.222562,8.881824,5.76486,2.020021,7.68192,7.850217,4.777084,3.230857,4.931948,5.653613,5.426419,4.490836,5.298494,1.152145,5.572716,6.910577,4.168106,3.21427,4.385398,3.331494,3.826141,2.002976,4.974928,8.908107,8.7074,5.473247,4.403024,5.948641,4.867316,4.208744,4.038453,3.545465,5.036675,7.658607,6.46588,5.439294,4.084426,6.760048,8.572307,6.011878,3.150603,1.875456,0.872,4.915519,4.808138,1.930751,7.725397,4.192519,1.483004,5.867981,0.32353,1.876459,0.64454,6.22454,7.572269,3.200561,1.953626,6.871922,1.074504,4.833957,3.976027,5.37784,0.85812,4.258349,3.625762,3.54698,4.67929,4.506055,6.373987,4.930316,3.607224,6.126659,5.331632,1.200389,0.797955,7.182511,4.376796,6.835898,4.568428,6.796816,3.761151,6.735812,6.557502,6.110723,3.053627,8.696357,6.191909,4.937359,5.407583,4.627631,5.728366,4.633497,6.263556,4.011716,5.244094,7.980951,3.641329,3.150772,6.255558,3.485316,4.709178,3.662747,4.766227,5.160859,4.728687,3.770821,4.186336,6.839954,5.085946,1.608869,5.972168,4.429255,7.493702,6.769364,6.433997,4.136875,3.956794,4.823799,6.808689,3.489373,5.939794,4.294827,1.560416,1.60964,8.99036,5.005676,6.796354,5.903005,4.327728,1.903063,3.639847,5.964462,1.527704,1.341957,3.083839,3.723227
1.487879,2.339032,4.479528,2.254666,2.014739,2.482991,2.321394,3.482431,2.050415,5.300085,2.604034,4.895455,4.627879,2.169638,3.517151,1.694088,3.085491,4.140952,3.079915,3.295478,1.161863,1.545255,4.252106,1.585608,4.208301,4.030854,6.632483,2.996287,1.418325,6.2084,3.759487,6.711456,3.411547,2.727062,5.736258,2.488731,5.952265,5.72373,3.587492,2.239965,2.070802,3.046809,3.30729,2.307836,3.856644,2.239264,5.085659,5.106889,0,4.145842,6.698963,2.379098,0.893846,3.126027,2.843182,1.380762,6.46821,2.481532,4.448582,5.167678,5.127698,0.961741,2.49762,4.109623,2.122606,3.055973,3.563491,2.279435,5.600657,3.982954,0.593841,2.242495,6.405429,1.400603,3.878259,1.625957,5.259207,4.233795,3.540756,4.3142,4.453467,2.364303,0.585995,4.070549,3.663096,1.652489,6.302944,4.855395,4.144566,1.324718,2.777271,2.890961,2.179225,5.250033,0.523084,4.512299,2.243255,2.105666,4.945453,4.91136,4.551396,3.012864,3.987752,3.991651,3.290298,5.462019,1.94493,4.629839,4.532611,5.548458,3.650809,5.439563,1.271881,2.927274,4.613435,4.544523,4.69108,1.05373,4.360156,4.123737,0.462307,4.474554,4.036887,1.930794,2.765308,3.202089,4.143411,1.430092,3.179318,0.807304,3.710653,2.428555,1.700483,3.114982,3.727121,5.560937,2.133406,2.871536,1.731467,4.800196,5.16494,5.42756,5.070393,5.996625,1.809516,2.034036,5.433448,4.347047,3.734602,5.857551,1.168754,1.07049,5.942969,1.171424,2.44573,2.906086,5.360756,1.863354,2.117285,5.341223,5.961051,2.295656,5.011352,6.609455,4.666076,4.556345,2.944526,4.153121,4.345793,4.193175,5.793175,5.961472,1.350859,4.794893,2.973805,0.665123,0.970898,4.080085,3.339873,5.690118,1.278712,6.396708,4.434495,4.079279,1.04154,4.89553,1.813572,3.560857,1.388631,4.179404,5.663833,4.266319,4.669413,1.589124,0.353059,4.351681,4.304842,2.484506,0.514748,3.336196,6.130115,1.161339,1.036478,2.415705,4.249896,1.652361,2.5449,3.963843,4.486163,1.142479,3.528265,3.488632,5.571662,4.458908,4.626853,1.775317,4.821535,3.968064,5.41825,1.495837,5.683524,2.466534,3.511507,3.590579,4.151419,4.223134,4.242416,4.182629,5.920658,1.441723,2.672664,3.813369,4.44134,3.889166,4.740445,3.595955,1.71077,3.007662,4.817763,5.990206,5.904844,3.024318,2.247891,6.322029,4.834817,2.068113,3.904088,3.454469,2.235091,1.38202,3.918636,5.65279,5.67804,5.203748,5.071818,0.671536,5.214497,0.570509,1.534853,4.154653,3.279319,3.252248,3.907718,3.417161,4.734745,3.751705,3.429305,2.525081,3.486354,3.621571,3.261879,2.326678,5.168821,3.820363,3.127325,6.398686,2.935255,2.697955,3.459097,6.255495,2.96212,4.403264,1.404084,1.085557,2.650496,2.388586,5.425925,0.814454,6.028523,4.038495,5.946793,5.272065,5.275541,5.389136,2.934218,4.206794,1.799876,2.215394,3.679755,6.131774,2.351951,1.487879
2.974339,5.723824,6.00517,3.780308,3.968371,4.703746,5.706186,0.827143,5.430426,2.67901,4.044758,6.421097,6.153494,5.55443,0.861863,4.045663,4.526215,5.684689,6.459926,4.736202,3.018579,4.557868,4.029624,3.937183,1.587226,5.556496,8.158125,1.149555,3.934452,5.249062,4.880621,8.237071,4.532681,4.049784,3.784868,1.773088,4.992927,3.102655,6.972284,2.009041,4.291557,5.282337,2.095706,5.687847,0.469344,4.484324,2.464584,4.002905,4.145842,0,8.224605,5.759109,4.05116,4.651669,5.063937,2.771425,5.652136,2.587294,5.992319,4.351604,4.311624,3.974757,2.898056,7.489634,5.659415,6.440765,6.943502,4.70608,3.064352,5.508596,4.54503,5.627287,5.304373,3.085099,7.25827,5.212073,6.784849,0.617367,5.084493,5.857937,0.837039,3.742326,4.569323,1.54476,2.868598,5.037281,5.302622,4.039321,3.77328,4.051906,6.162063,6.048007,1.966617,6.371167,3.868965,5.854368,5.780064,5.642475,2.324378,6.032494,3.502367,2.809549,5.108886,1.395642,0.888035,6.786813,4.02132,6.155481,0.916183,4.732384,1.752187,6.560697,2.891773,6.312066,1.99236,0.990424,6.216722,4.651457,4.137674,0.569638,3.910158,1.853479,0.420459,2.757403,6.1501,5.258339,2.708046,4.440248,4.300452,3.339312,1.991153,3.908937,5.080494,4.236116,2.574753,6.682071,3.440459,2.519616,2.712335,2.53292,2.543865,6.953175,6.191527,7.522267,4.076455,5.414047,3.590946,1.932038,4.855736,4.080419,4.542317,3.346025,5.126895,4.565538,3.988989,5.780164,6.886398,3.293236,4.991363,2.757385,3.992189,5.675667,3.616864,5.703828,6.191718,6.081987,2.592606,7.533132,1.761955,3.040807,3.679015,3.847312,4.31193,2.173818,4.517064,4.801799,4.653018,5.605727,4.88361,3.255234,4.288868,7.92235,5.555629,2.135121,3.213482,2.274455,2.485592,3.879683,4.509774,7.559415,4.704495,5.791961,5.790547,5.17524,3.835617,0.735253,5.425976,1.884227,4.263274,5.556951,7.65573,4.180823,3.611792,4.660765,4.864008,5.238477,3.851953,3.841448,4.233911,4.440659,1.507732,3.807458,3.722492,5.580042,3.577824,3.835551,3.803139,3.287525,4.566925,5.449093,3.569364,2.411378,3.830333,6.457038,3.780133,5.748776,5.36355,5.708271,4.085354,3.793195,2.072385,4.934503,5.947489,5.414808,6.284182,5.121597,3.19234,5.711775,6.343405,5.06862,3.935982,6.40911,1.897951,7.847671,5.955951,4.934294,0.28766,6.320928,4.455846,5.335276,1.974478,4.693452,7.203682,6.324882,6.597433,3.85423,6.740139,3.732918,5.488109,0.538225,4.82921,6.632259,5.028852,4.538295,6.260387,4.872839,1.408772,3.857477,1.797462,5.147213,4.787521,3.804796,6.289955,2.837049,4.671062,5.24019,5.557284,4.231404,6.843889,7.781137,2.431092,5.524398,2.940269,4.351685,6.035288,2.13666,6.951567,3.668024,5.212449,3.628099,4.987455,6.393199,6.801183,6.914778,4.45986,3.172101,2.585071,3.13566,3.465058,5.210188,2.826029,2.974339
5.628983,5.348349,4.062347,4.445007,8.35918,8.827432,5.617408,7.561194,7.673436,7.967811,4.28494,4.478274,3.125299,5.465652,7.595914,7.714429,4.030337,4.636355,9.397478,4.449761,7.087283,6.221665,6.358049,7.605949,7.40111,2.795895,0.215872,7.07505,7.762766,12.552841,4.556373,3.641973,5.048812,4.710615,7.842201,6.451517,12.296706,8.391456,6.719971,6.787739,8.415243,4.60947,9.466653,7.987295,7.935407,8.605637,8.278468,7.212832,6.698963,8.224605,0,8.058557,7.11381,3.652631,9.187623,6.609633,7.87284,5.875455,4.464014,7.273621,7.233641,5.763129,8.656983,10.427186,6.362006,6.321353,9.881054,8.596998,11.288957,3.601608,6.882481,5.341035,8.511372,5.533726,10.195822,6.642707,1.439756,8.312558,4.345704,4.869812,8.53223,8.708744,6.93363,9.769365,7.181316,6.220462,8.408887,6.961338,6.250509,7.640487,6.073285,9.208524,7.213952,3.651617,6.416344,3.159548,6.923638,6.727667,8.138262,3.785224,6.668931,9.172227,3.853736,9.620247,7.369061,3.235971,8.289371,2.865172,8.611374,7.654401,9.810172,5.426173,6.536368,6.192654,7.806244,7.747216,2.294179,6.65833,6.466099,8.2025,6.514083,7.667363,8.11565,5.527257,6.061322,4.585472,10.302774,7.746126,4.816583,6.776207,6.903462,8.772996,8.018046,4.364239,6.477893,3.752285,5.178001,6.456373,5.747631,10.757525,8.357749,2.48218,3.898524,0.748833,8.175889,7.880627,7.539391,10.156643,4.389362,7.963494,6.448258,6.123581,8.048912,7.631969,4.460779,9.223649,4.616778,5.025335,8.434848,10.619992,8.066994,8.613219,11.355793,8.405923,2.62793,2.159444,6.529363,10.470684,9.98656,6.724619,11.90362,12.071917,5.975438,7.987702,3.945653,7.242473,6.695905,2.721996,4.163932,7.796061,7.594746,0.790646,3.860671,7.464638,6.413902,8.088339,6.32197,5.6668,6.183913,10.496967,12.008274,2.862384,4.727471,6.589734,6.700517,8.430444,3.904107,6.44681,6.338639,9.680637,3.060632,7.46507,5.66886,8.762889,10.594337,6.645961,5.054257,6.069786,6.592106,6.151879,7.607028,5.594575,11.916103,4.445518,6.744388,8.119758,6.927478,6.074007,7.524193,7.8134,11.793969,6.059053,5.61745,5.784171,6.257362,2.576939,4.517388,2.766977,8.026601,5.444925,6.556859,4.954976,3.088589,2.847899,4.662626,3.103008,5.165414,5.038908,1.94089,8.096149,8.010787,6.289698,7.175686,0.447448,3.662948,8.385676,7.982851,5.648061,8.579532,7.699583,7.303995,11.997231,1.020923,5.190358,2.241566,6.049052,1.587018,6.303523,7.852416,8.233416,4.111249,9.569811,4.301231,4.731914,4.317564,3.727516,7.508068,4.494802,7.565117,3.490437,3.563878,4.481828,5.155431,9.979726,3.885208,8.504629,4.884417,4.102622,6.405951,1.467679,9.121483,3.457539,6.031642,6.06012,5.915876,6.220346,1.940264,5.968164,8.134466,6.144438,12.291234,3.718329,4.454919,1.533445,3.823756,6.523164,5.859728,8.374757,5.785698,8.237717,5.63672,5.628983
3.61357,2.814059,5.786778,4.252364,2.392835,2.860907,2.796421,5.668943,0.385121,7.474897,4.601732,6.202705,6.625577,2.644665,5.703663,3.108835,5.083189,5.216249,2.37853,5.293176,3.515297,3.24592,6.253018,2.990398,6.383113,6.028552,7.992077,5.182799,2.150698,6.586316,5.760399,8.342197,5.412459,4.727974,7.73717,4.67326,6.330181,7.898542,4.062519,4.426477,2.148563,3.521836,3.715345,0.336126,6.043156,1.855777,7.260471,7.107801,2.379098,5.759109,8.058557,0,2.600153,4.854109,2.91808,3.560929,8.469122,4.656344,5.523879,7.16859,7.12861,2.959439,2.905675,3.408238,1.878712,3.531,2.862106,1.642029,5.978573,5.290204,2.069214,2.717522,8.406341,3.521867,3.176874,2.013443,6.618801,6.376476,4.621752,5.389497,6.596148,2.742399,1.835239,4.478604,5.837908,1.906959,8.303856,6.856307,6.145478,2.621683,3.252298,2.189576,4.365737,7.250945,2.575484,6.509997,1.315455,1.861772,7.120265,6.912272,6.5639,3.420919,5.988664,4.399706,5.47681,7.459717,2.323026,5.96524,6.622648,7.54937,4.058864,7.440475,3.456278,3.402301,6.788247,6.729219,6.045486,2.452974,6.361068,6.310249,2.795712,6.649366,6.179568,4.062425,3.240335,3.677116,4.551466,2.601927,5.18023,3.160738,5.885465,2.806651,0.678615,5.115894,5.901933,7.561849,4.134318,5.046348,3.881026,5.208251,7.339752,7.182404,7.071305,7.356219,1.716239,0.535874,7.43436,4.755102,5.735514,7.858463,2.394919,3.221195,7.943881,2.529833,4.443428,2.26868,6.520452,3.861052,1.479879,5.749278,7.961963,1.594271,5.389268,8.610367,6.360045,5.910751,5.119338,3.451736,4.753848,6.367987,6.171091,6.339388,3.227264,6.969705,4.248318,1.840165,2.498734,6.077783,4.419114,7.69103,2.450547,7.756302,6.435407,6.254091,3.210957,7.070342,3.988384,5.561769,3.127005,3.478019,6.041749,5.597036,6.670325,1.78905,2.710164,6.494362,6.305754,4.669035,2.506242,3.096122,7.760856,2.522011,3.03739,1.80792,4.627812,1.725813,4.545812,5.964755,6.487075,2.843144,5.714777,5.489544,5.949578,6.45982,6.639357,2.48416,6.822447,5.968976,7.419162,1.462477,6.06144,4.641346,5.512419,4.065606,6.152331,5.94053,6.243328,5.51803,7.92157,3.439421,4.857193,5.814281,6.439038,5.886864,5.815742,5.593653,3.711682,3.482689,6.175464,7.991118,7.905756,3.499345,4.434403,7.681623,6.835729,1.430707,6.046769,3.929496,2.613007,1.34866,6.093448,6.030706,7.037634,7.20466,6.94179,2.669234,6.576223,2.755866,1.501493,6.297334,4.344429,2.550863,5.90863,5.418073,6.001132,5.752617,5.615817,4.525993,5.672866,4.849364,5.259577,4.324376,7.169733,4.228418,4.21184,8.399598,3.410282,4.695653,3.934124,7.615089,3.370175,6.404176,3.573501,2.937797,3.125523,4.563398,6.783626,2.931812,8.029435,6.039407,6.324709,7.272977,6.435237,6.750862,4.931916,6.340304,3.969293,2.623449,5.680667,8.132686,4.500347,3.61357
1.609841,3.104722,4.894375,2.669513,1.270978,1.73923,3.087084,3.387749,2.27147,5.205728,3.018881,5.310302,5.042726,2.935328,3.422469,0.827028,3.500338,4.555799,3.30097,3.710325,1.045208,2.304919,4.236997,0.708591,4.113944,4.445701,7.04733,2.901605,0.674564,5.464639,4.149105,7.126303,3.801165,3.129683,5.721149,2.394049,5.208504,5.629373,4.353182,2.145283,1.327041,3.812499,2.558233,2.528891,3.761962,1.517435,4.991302,5.09178,0.893846,4.05116,7.11381,2.600153,0,3.540874,2.099421,1.286405,6.453101,2.387175,4.863429,5.152569,5.112589,1.601304,1.748563,4.330678,2.888296,3.821663,3.784546,1.736854,4.856896,4.397801,1.463627,3.008185,6.39032,1.699888,4.099314,2.391647,5.674054,4.139113,3.955603,4.729047,4.358785,1.620542,1.226017,3.321492,3.568739,2.418179,6.287835,4.840286,4.129457,0.552285,3.542961,3.083491,2.084543,5.639651,0.969505,4.927146,3.008945,2.871356,4.851096,5.300978,4.457039,2.263807,4.37737,3.242594,3.195616,5.876866,1.201169,5.044686,4.437929,5.533349,2.901752,5.829181,1.18612,3.692964,4.519078,4.449841,5.105927,1.81942,4.345047,4.029055,0.718681,4.380197,3.942205,1.845033,3.530998,3.967779,3.394354,0.657924,3.568936,0.712947,3.616296,1.684794,1.921538,3.5046,3.632764,5.950555,2.523024,2.777179,1.645706,4.051139,5.070583,5.842407,5.460011,6.411472,1.087687,2.255091,5.418339,3.59799,4.12422,5.842442,1.934444,0.99397,5.92786,0.748679,2.860577,2.810938,5.775603,2.278201,2.022137,4.592166,5.945942,2.516711,4.267591,6.594346,5.080923,4.971192,2.850169,4.374176,3.596736,4.098818,5.049414,5.217711,2.110523,4.700536,3.388652,0.760589,1.736588,4.494932,3.75472,5.675009,0.506544,6.811555,4.824113,3.984922,0.955779,4.801173,1.719215,3.545748,2.148295,4.400459,4.920072,4.681166,5.059031,2.354814,0.581069,4.256999,4.69446,2.389824,1.274412,2.592435,6.544962,0.376868,1.521568,1.693876,3.506135,2.418051,2.934518,3.948734,4.471054,1.902143,3.433583,3.473523,4.827901,4.848526,4.532496,1.031556,4.806426,3.928019,5.403141,1.716892,4.939763,2.372177,3.496398,4.356269,4.13631,4.637981,4.632034,4.597476,5.905549,1.932632,2.577982,4.202987,4.856187,4.304013,5.155292,4.010802,2.113838,3.773352,5.23261,5.975097,5.889735,3.790008,2.153209,6.736876,5.224435,1.965068,3.809406,4.220159,1.49133,1.603075,3.824279,4.909029,6.092887,5.593366,5.486665,1.326547,5.629344,1.015976,1.755908,4.059971,3.694166,3.473303,4.297336,3.806779,5.149592,4.141323,3.334623,2.928149,3.391672,4.036418,3.676726,2.741525,5.558439,3.071306,3.542172,6.383577,3.700945,3.112802,4.224787,6.670342,2.213063,4.792882,1.318323,1.845221,3.416186,2.294229,5.840772,1.259395,6.013414,4.023386,5.203032,5.661683,5.690388,5.803983,3.349065,4.112437,1.714115,1.466337,3.664646,6.116665,2.26619,1.609841
2.056047,2.143901,1.411881,0.872071,4.786244,5.254496,2.41296,3.988258,4.468988,5.281475,1.003444,1.827808,2.257683,2.261204,4.022978,4.141493,1.179977,1.722555,5.824542,1.549544,3.514347,2.648729,3.884593,4.033013,4.189691,1.295144,3.586151,3.502114,4.18983,8.979905,3.391974,3.933314,3.044034,1.429119,5.368745,2.878581,8.72377,5.70512,3.515523,3.214803,4.842307,1.405022,5.893717,4.782847,4.362471,5.032701,5.067049,4.739376,3.126027,4.651669,3.652631,4.854109,3.540874,0,5.614687,3.036697,6.100697,2.463347,1.550214,4.800165,4.760185,2.190193,5.084047,6.85425,3.157558,3.116905,6.308118,5.024062,7.716021,0.915307,3.309545,2.136587,6.037916,1.96079,6.622886,3.438259,2.212875,4.739622,1.15074,1.929522,4.959294,5.135808,3.360694,6.196429,3.769208,3.016014,5.935431,4.487882,3.777053,4.067551,2.868837,5.635588,3.641016,3.507469,2.843408,2.142103,3.71919,3.523219,4.926843,3.641076,4.195475,5.599291,2.850415,6.047311,3.796125,3.091823,4.716435,1.562192,5.038438,5.180945,6.237236,5.07205,2.963432,2.988206,4.594825,4.535797,1.642438,3.095508,3.992643,4.629564,2.941147,4.455944,4.542714,2.013984,2.856874,1.381024,6.729838,4.17319,2.811805,3.203271,3.692043,5.20006,4.44511,2.747469,3.673746,3.608137,1.765893,2.980771,2.174695,7.184589,5.14633,2.773521,3.754376,2.950293,4.602953,4.676179,5.065935,6.583707,3.367089,5.490038,2.969033,2.550645,5.575456,4.059033,0.866528,5.650713,2.293109,1.452399,4.861912,7.047056,5.593538,5.040283,7.782857,6.241942,1.932923,1.507703,3.053761,6.897748,6.413624,4.1398,8.330684,8.498981,2.402502,4.776283,0.710361,3.669537,3.122969,1.634297,0.961736,5.322605,4.02181,3.350376,2.85735,4.061094,2.840966,4.87692,2.749034,3.193344,2.610977,6.924031,8.435338,1.198672,4.3019,3.385286,3.127581,4.857508,3.759959,2.873874,2.765703,6.107701,3.351973,3.892134,2.095924,5.189953,7.021401,3.441513,2.177387,3.59633,4.11865,2.578943,4.034092,3.121119,8.343167,4.091395,4.270932,4.546822,4.454022,3.600551,5.050737,4.240464,8.221033,2.575769,3.143994,2.579723,3.783906,1.487424,3.874903,1.114982,5.553145,1.871989,3.028588,3.445856,2.071144,1.284506,1.785386,0.860245,1.592478,1.83446,1.771431,5.622693,5.537331,3.08525,3.60275,3.275697,3.5188,4.81274,4.409915,2.443613,5.006596,4.126647,3.900451,8.424295,2.631708,4.836235,2.532907,2.476116,2.168165,2.730587,4.27948,4.66048,0.909053,5.996875,3.531917,3.049648,1.667098,2.287852,3.935132,1.213306,3.992181,0.553924,0.526169,0.968555,4.801308,6.40679,0.69105,6.031173,1.679969,0.508371,3.201503,3.209163,5.548547,2.454218,2.458706,2.487184,2.711428,2.692075,2.379593,2.395228,5.66101,3.670982,8.718298,3.574181,2.207894,2.342804,0.59163,3.971879,2.286792,4.801821,3.312242,5.764261,2.224612,2.056047
3.683654,5.018335,6.968188,4.743326,1.095675,1.072343,5.000697,5.461542,2.589397,7.279521,5.092694,7.384115,7.116539,4.848941,5.496262,2.583689,5.574151,6.629612,1.613874,5.784138,3.119001,4.364102,6.31081,2.465252,6.187737,6.519514,9.121143,4.975398,1.455526,4.316496,6.222918,9.200116,5.874978,5.203496,7.794962,4.467842,4.060361,7.703166,6.266795,4.219076,1.152804,5.726112,2.975603,2.846818,5.533281,1.369436,7.065095,7.165593,2.843182,5.063937,9.187623,2.91808,2.099421,5.614687,0,3.360198,8.526914,4.460968,6.937242,7.226382,7.186402,3.682555,2.210503,2.643582,4.082988,5.735276,2.09745,2.168069,3.708753,6.471614,3.134388,4.921798,8.464133,3.773701,2.412218,4.217719,7.747867,5.681304,6.029416,6.80286,5.900976,1.462099,2.848174,3.783432,5.642532,4.111235,8.361648,6.914099,6.20327,1.931221,5.456574,0.98407,4.158336,7.713464,3.050617,7.000959,3.519731,4.066048,6.924889,7.374791,6.530832,2.281046,6.451183,3.704534,5.269409,7.950679,1.043011,7.118499,5.882906,7.607162,3.319122,7.902994,3.259933,5.606577,6.592871,6.054361,7.17974,3.875145,6.41886,5.633575,2.808152,6.45399,5.484396,3.918846,5.444611,5.881392,3.811724,1.933079,5.642749,2.78674,5.690089,1.526351,2.239465,5.578413,5.706557,8.024368,4.596837,4.850972,3.719519,4.513079,7.144376,7.91622,7.533824,8.485285,1.566842,2.573018,7.492152,4.05993,6.198033,7.916255,3.990169,3.067783,8.001673,2.057666,4.93439,3.242153,7.849416,4.352014,2.453352,5.009536,8.019755,1.323809,3.119448,8.668159,7.154736,7.045005,4.923962,2.68708,4.014106,6.172611,3.901271,4.069568,4.169706,6.774329,5.462465,2.382746,3.792313,6.568745,5.828533,7.748822,1.781699,8.885368,6.897926,6.058715,3.029592,6.874966,3.793008,5.619561,4.207478,2.713363,3.771929,6.754979,7.132844,3.993326,2.67054,5.79919,6.768273,4.463617,3.333595,0.493014,8.618775,1.95068,3.595381,1.604983,2.357992,3.930089,5.008331,6.022547,6.544867,3.961326,5.507376,5.547336,3.679758,6.922339,6.606289,1.788988,6.880239,6.001832,7.476954,2.702844,3.79162,4.44597,5.570211,6.269882,6.210123,6.711794,6.705847,6.671289,7.979362,4.006445,4.651775,6.2768,6.93,6.377826,7.229105,6.084615,4.187651,5.686965,7.306423,8.04891,7.963548,5.703621,4.227002,8.810689,7.298248,2.396283,5.351597,6.133772,0.674975,2.589027,5.898072,3.760886,8.1667,7.667179,7.560478,3.407798,7.703157,3.097227,2.74186,5.602162,5.767979,1.786207,6.371149,5.880592,7.223405,6.215136,5.408416,5.001962,5.465465,6.110231,5.750539,4.815338,7.632252,3.533246,5.615985,8.45739,5.614558,5.186615,6.1384,8.744155,2.675003,6.866695,3.392136,3.904404,5.329799,4.368022,7.914585,3.340646,8.087227,6.097199,4.054889,7.735496,7.764201,7.877796,5.422878,6.18623,3.787928,1.928277,5.738459,8.190478,4.340003,3.683654
1.10059,2.952399,4.390198,2.165336,2.531755,3.000007,2.934761,2.108014,3.232246,4.003882,2.514704,4.806125,4.538549,2.783005,2.142734,1.281518,2.996161,4.051622,4.261746,3.206148,0.483293,2.019508,3.344555,1.173038,2.912098,3.941524,6.543153,1.62187,1.921079,6.725416,3.4808,6.622126,3.13286,2.613135,4.828707,1.114314,6.469281,4.427527,4.200859,0.865548,2.587818,3.638714,3.033742,3.489667,2.482227,2.778212,3.789456,4.199338,1.380762,2.771425,6.609633,3.560929,1.286405,3.036697,3.360198,0,5.560659,1.277914,4.359252,4.260127,4.220147,1.348068,2.224072,5.291454,2.88799,3.66934,4.745322,2.997631,5.374642,3.893624,1.773605,2.855862,5.497878,1.190637,5.06009,2.440648,5.169877,2.859378,3.451426,4.22487,3.07905,2.881319,1.797898,3.797001,2.354048,2.265856,5.395393,3.947844,3.237015,1.438334,3.390638,4.072792,0.804808,4.971346,1.09754,4.422969,3.008639,2.87105,3.64925,4.632673,3.347778,2.739316,3.709065,3.718103,1.915881,5.372689,2.461946,4.540509,3.158194,4.640907,3.377261,5.160876,0.120348,3.540641,3.317232,3.170106,4.60175,1.880032,3.452605,2.74932,1.138733,3.178351,2.66247,1.320754,3.378675,3.614716,3.869863,1.918701,2.900631,0.573458,2.41445,2.945571,2.882314,2.836295,2.523503,5.28225,2.00381,1.562488,1.032176,4.526648,3.868737,5.33823,4.791706,5.907295,2.348464,3.215867,4.49428,4.073499,3.455915,4.95,1.770892,0.669548,5.035418,2.025134,2.3564,4.071715,5.271426,1.774024,3.282914,5.067675,5.0535,3.477487,5.528368,5.701904,4.576746,4.467015,1.635478,5.334952,4.072245,2.989557,5.989305,6.157602,1.77357,3.49869,2.884475,2.037044,1.881593,3.990755,3.250543,4.580106,1.767321,6.307378,4.155808,2.783076,0.442057,3.599327,0.609954,2.653306,1.932614,5.361235,6.180849,4.176989,4.390726,2.403815,1.070537,2.977264,4.026155,1.110089,1.491849,3.853212,6.040785,1.416678,1.021343,2.954653,4.766912,2.467052,2.415304,3.056292,3.578612,1.6871,2.153848,2.581081,6.032782,4.180221,3.423235,1.845365,3.913984,2.86562,4.510699,2.677668,5.879654,1.262916,2.603956,4.203946,3.243868,4.133804,3.963729,4.093299,5.013107,1.432113,1.298247,3.534682,4.35201,3.799836,4.651115,3.506625,1.604587,3.621029,4.728433,5.082655,4.997293,3.637685,0.873474,6.232699,4.55613,3.225845,2.529671,4.067836,2.752107,2.563851,2.622433,6.169806,5.58871,4.925061,4.982488,1.082805,5.125167,0.961493,2.716684,2.780236,3.189989,4.434079,3.629031,3.138474,4.645415,3.473018,2.054888,2.418898,2.111937,3.532241,3.172549,2.237348,4.890134,3.546815,3.037995,5.491135,3.548622,2.608625,4.072464,6.166165,2.688572,4.124577,0.612949,1.626234,3.263863,1.176799,5.336595,1.006159,5.120972,3.130944,6.463809,4.993378,5.186211,5.299806,2.844888,3.003176,0.924208,1.941846,2.772204,5.224223,1.39508,1.10059
5.084548,7.797421,7.361662,5.556513,7.698471,8.166723,7.840908,5.887536,8.140439,2.973126,5.247825,7.777589,6.161961,7.689152,5.922256,6.665455,5.729282,7.460894,9.169939,5.939269,6.038309,6.384343,2.872555,6.556975,4.293496,6.063952,7.80636,5.637481,7.102057,10.901198,4.318639,6.751427,4.506479,5.117115,2.847516,5.013948,10.645063,3.396771,9.107006,5.353434,7.754534,7.058542,7.747842,8.39786,5.430098,7.944928,3.56665,2.218147,6.46821,5.652136,7.87284,8.469122,6.453101,6.100697,8.526914,5.560659,0,4.378284,7.523015,1.383022,1.547995,5.808192,7.608009,10.199647,7.794137,8.575487,9.653515,8.164347,8.716488,6.865088,6.681798,7.762009,2.379064,5.083586,9.968283,7.346795,6.732644,5.740089,6.860698,7.634142,5.959761,8.048035,6.706091,7.196896,4.797521,7.172003,2.276579,1.738433,2.515612,6.822271,8.296785,8.980985,5.779647,4.913924,6.130865,5.570428,7.914786,7.777197,3.426444,4.698469,3.061054,8.123253,4.824946,7.047778,5.931492,5.32957,7.628662,6.873264,6.038905,0.93767,7.404323,2.949712,5.501621,8.446788,4.69863,4.661712,6.56627,6.786179,3.223506,5.378162,6.189029,4.559749,5.543181,4.690679,8.284822,7.034544,8.360182,7.085417,4.27425,5.956973,4.38178,8.112287,7.790507,4.209914,3.874466,5.224828,4.334804,4.453203,4.907825,8.185056,3.645931,6.087198,4.734284,7.170502,7.51518,8.12406,2.544706,7.584174,4.28932,2.968809,6.662785,5.477834,1.332181,7.19183,5.739444,8.99611,8.24289,5.069441,8.207309,8.047523,3.072309,8.38568,9.269,2.580046,6.233952,6.431535,4.583883,10.243145,7.414091,3.418502,9.331151,9.499448,6.138405,4.880088,6.293269,7.014934,6.78774,5.852157,6.659815,2.801376,6.934037,7.570585,5.271689,4.863501,5.746719,4.980725,5.187462,3.364297,6.336249,10.269428,10.356631,6.834568,3.904749,7.309962,6.228637,5.857975,4.267789,4.906786,6.397996,9.019928,6.170086,6.800615,5.445747,8.121369,9.933628,7.373199,4.511924,3.236777,2.233321,6.27684,6.169459,3.292072,9.374628,3.427322,3.132235,7.229302,1.932793,3.23778,2.384311,7.585861,9.2215,4.561882,3.314947,8.233243,2.435825,6.195278,3.937404,6.739161,3.031916,5.61967,4.987083,4.58365,5.782873,5.867376,7.735308,6.291637,4.968545,7.48798,6.692953,1.963841,3.016102,8.543832,5.738117,7.495906,4.498708,8.158137,5.410382,8.097133,7.918823,7.472044,4.702858,10.345588,6.851917,3.810508,5.797972,5.988952,6.38713,5.994818,7.624877,5.660947,6.605415,9.342272,4.162992,4.512093,7.616879,4.846637,6.070499,5.024068,6.127548,6.52218,6.090008,5.132142,2.717409,8.489185,6.447267,2.372321,7.333489,5.790576,8.855023,7.431772,8.072509,5.240458,5.318115,6.18512,8.17001,4.850694,7.203434,5.656148,1.417735,2.970961,10.639591,4.935956,8.157675,6.561769,5.689049,3.301544,5.001168,7.325783,2.889025,2.105409,4.44516,5.084548
1.105356,4.047335,3.724312,1.86993,3.632525,4.100777,4.029697,1.923883,4.327661,2.865268,1.610475,4.140239,3.729481,3.877941,1.958603,2.38271,2.091932,3.774311,5.357161,2.301919,1.755564,2.653272,2.16218,2.27423,1.773484,3.221633,5.808975,1.437739,3.022271,7.826186,2.298425,5.813058,1.950485,1.479765,3.646332,0.814206,7.570051,3.288913,5.295795,1.153692,3.688588,3.371959,4.134934,4.585082,2.298096,3.878982,2.650842,3.016963,2.481532,2.587294,5.875455,4.656344,2.387175,2.463347,4.460968,1.277914,4.378284,0,3.885665,3.077752,3.037772,2.074389,3.325264,6.386869,3.982926,4.764276,5.840737,4.098401,5.651646,3.227738,2.86902,3.950798,4.315503,1.211793,6.155505,3.535584,4.435699,2.675247,3.174115,3.947559,2.894919,3.982089,2.893313,4.132054,1.305861,3.360792,4.213018,2.765469,2.05464,2.539526,4.485574,5.168207,1.579905,3.788971,2.192955,3.272172,4.103575,3.965986,2.510636,3.450298,2.132405,3.840508,2.52669,3.982936,1.73175,4.204617,3.562716,3.84267,2.974063,3.458532,4.339481,3.978501,1.218876,4.635577,2.178618,2.11959,3.867572,2.974968,2.27023,2.565189,2.234148,2.039737,2.478339,0.717257,4.473611,3.347961,4.971055,3.019471,1.718256,1.674228,1.275836,4.046341,3.977729,1.65392,1.307995,4.099875,0.87044,0.580918,0.824356,5.120214,2.730123,4.529162,3.609331,5.173117,3.449234,4.311282,3.278907,4.519332,2.27354,3.767625,2.851574,1.489087,3.853043,3.125904,2.078611,5.172485,4.60554,1.382858,4.383684,4.982681,3.871125,4.572902,6.204158,4.519529,3.801472,3.732837,0.653908,6.430367,4.349249,1.774049,6.266309,6.434606,2.407334,2.360076,2.606686,3.137814,2.976529,3.218475,2.973232,3.441492,2.868091,5.5732,2.973433,1.644462,1.520701,2.460713,0.904717,1.470931,2.605178,6.45665,7.281619,3.47915,3.208351,3.498751,2.171307,2.793133,2.84378,0.707044,2.586785,4.953982,5.231717,2.51787,1.711091,4.055423,5.867682,3.561988,1.266208,1.873917,2.396237,2.540291,1.969717,1.398706,6.309786,2.997846,2.207862,2.946557,2.731609,1.651015,3.328324,3.773083,6.156658,0.183598,1.421581,4.54666,2.061493,3.399626,2.781354,3.39546,3.830732,1.888599,0.787341,2.352307,3.484617,3.027556,4.097958,2.786734,1.281962,3.801397,3.994255,3.90028,3.814918,4.732621,1.538375,5.498521,3.373755,4.326615,2.34554,4.41055,3.852877,3.659266,1.483819,7.270576,4.854532,3.742686,4.17342,2.177741,4.390989,2.056908,3.812099,2.596105,2.918832,5.529494,2.446656,1.956099,3.979529,2.290643,1.870757,1.386718,1.927806,2.88483,2.452658,1.494792,3.707759,4.648007,2.760684,4.30876,3.646906,2.153226,5.1674,5.431987,3.789764,2.942202,1.111053,2.451317,4.358799,0.605748,4.602417,1.786753,3.938597,1.948569,7.564579,3.811003,4.520325,4.565628,2.051699,1.787803,0.718423,3.043038,1.589829,4.041848,0.238735,1.105356
3.394648,2.813671,0.678193,2.352163,6.108799,6.577051,3.08273,5.328908,5.138758,6.703793,2.29515,1.035976,3.261887,2.930974,5.363628,5.464048,2.468514,0.324903,7.147097,2.838081,4.836902,3.971284,5.306911,5.355568,5.612009,2.494074,4.397534,4.842764,5.512385,10.30246,4.766902,4.760987,4.466352,2.720825,6.791063,4.219231,10.046325,7.127438,4.185293,4.555453,6.164862,2.074792,7.216272,5.452617,5.703121,6.355256,6.489367,6.161694,4.448582,5.992319,4.464014,5.523879,4.863429,1.550214,6.937242,4.359252,7.523015,3.885665,0,6.222483,6.182503,3.512748,6.406602,8.176805,3.827328,3.786675,7.630673,6.346617,9.056671,0.882132,4.6321,2.806357,7.460234,3.299391,7.945441,4.108029,3.024258,6.080272,0.927899,0.405798,6.299944,6.458363,4.683249,7.537079,5.191526,3.685784,7.357749,5.9102,5.199371,5.390106,3.538607,6.958143,4.981666,4.721319,4.165963,3.355953,4.38896,4.192989,6.349161,4.854926,5.617793,6.921846,4.064265,7.387961,5.136775,4.305673,6.03899,2.072125,6.379088,6.603263,7.559791,6.442544,4.285987,3.657976,6.017143,5.958115,2.450943,4.123652,5.414961,5.970214,4.263702,5.878262,5.883364,3.432171,3.526644,2.050794,8.052393,5.495745,4.234123,4.525826,5.114361,6.522615,5.48869,4.155818,5.096064,4.821987,3.188211,4.460863,3.515345,8.525239,6.568648,3.601194,4.968226,3.761676,5.925508,5.345949,6.488253,7.924357,4.599891,6.912356,3.91358,3.8732,6.997774,5.381588,2.285998,6.973268,1.028035,2.791,6.184467,8.387706,7.015856,6.362838,9.105412,7.66426,2.779078,2.316208,4.533853,8.220303,7.754274,5.562118,9.671334,9.839631,3.725057,6.198601,1.494676,4.992092,4.169412,2.584041,1.108709,6.744923,5.344365,4.161759,4.0712,5.483412,4.163521,6.299238,4.085882,4.615662,3.933532,8.246586,9.757893,2.002493,5.724218,4.055056,4.450136,6.198158,4.973809,4.214524,4.088258,7.430256,4.179646,5.214689,3.418479,6.512508,8.343956,4.111283,3.599705,5.018648,5.540968,3.901498,5.374742,4.543437,9.665722,5.461889,5.69325,5.869377,5.87634,5.022869,6.473055,5.563019,9.561683,4.055861,4.566312,3.249493,5.206224,2.365583,5.245397,1.923487,6.975463,3.194544,4.369238,4.868174,3.284994,2.498356,0.325864,2.125232,2.931079,2.50423,2.580921,7.045011,6.959649,3.75502,4.9434,4.08708,4.73265,6.135295,5.750565,3.113383,6.329151,5.449202,5.322769,9.74685,3.443091,6.206729,3.36058,3.798671,2.98168,4.053142,5.602035,6.00113,1.196564,7.31943,4.745767,4.471966,0.508715,3.519095,5.275782,2.505012,5.332831,1.007691,1.799918,2.448647,6.171802,7.729345,1.388448,7.453491,2.349739,1.97484,3.871273,3.371956,6.871102,3.668068,3.795554,3.809739,3.381198,4.032725,3.189083,3.717783,7.083328,5.0933,10.040853,4.788031,0.94282,3.156319,1.867479,5.394197,3.627442,6.124376,4.73456,7.186579,3.64693,3.394648
3.784016,6.496889,6.06113,4.255981,6.397939,6.866191,6.540376,4.587004,6.839907,1.672594,3.947293,6.477057,5.024433,6.38862,4.621724,5.364923,4.42875,6.160362,7.869407,4.638737,4.737777,5.083811,1.572023,5.256443,2.992964,4.76342,7.207141,4.336949,5.801525,9.600666,3.553887,7.10801,3.205947,3.816583,1.546984,3.713416,9.344531,2.096239,7.806474,4.052902,6.454002,5.75801,6.44731,7.097328,4.129566,6.644396,2.266118,0.917615,5.167678,4.351604,7.273621,7.16859,5.152569,4.800165,7.226382,4.260127,1.383022,3.077752,6.222483,0,0.164973,4.50766,6.307477,8.899115,6.493605,7.274955,8.352983,6.863815,7.415956,5.564556,5.381266,6.461477,1.904664,3.783054,8.667751,6.046263,5.833865,4.439557,5.560166,6.33361,4.659229,6.747503,5.405559,5.896364,3.496989,5.871471,1.802179,0.437901,1.21508,5.521739,6.996253,7.680453,4.479115,5.044433,4.830333,4.527634,6.614254,6.476665,2.125912,4.70576,1.760522,6.822721,3.782152,5.747246,4.63096,5.460079,6.32813,5.572732,4.738373,0.46327,6.103791,3.583514,4.201089,7.146256,3.398098,3.36118,5.265738,5.485647,1.922974,4.07763,4.888497,3.259217,4.242649,3.390147,6.98429,5.734012,7.05965,5.784885,2.973718,4.656441,3.081248,6.811755,6.489975,2.909382,2.573934,5.355337,3.034272,3.152671,3.607293,6.884524,2.345399,5.824114,4.864793,6.571283,6.214648,6.823528,1.244174,6.283642,3.529002,1.668277,5.362253,4.177302,0.857781,5.891298,4.438912,7.695578,6.942358,3.768909,6.906777,6.746991,1.771777,7.085148,7.968468,2.105646,5.096424,5.131003,3.283351,8.942613,6.113559,2.11797,8.030619,8.198916,4.837873,3.579556,4.992737,5.714402,5.487208,4.551625,5.359283,1.500844,5.633505,6.971366,4.228895,3.562969,4.446187,3.680193,3.88693,2.063765,5.035717,8.968896,9.056099,5.534036,4.463813,6.00943,4.928105,4.557443,4.099242,3.606254,5.097464,7.719396,6.526669,5.500083,4.145215,6.820837,8.633096,6.072667,3.211392,1.936245,0.932789,4.976308,4.868927,1.99154,8.074096,4.061124,1.831703,5.92877,0.632261,1.937248,1.228976,6.285329,7.920968,3.26135,2.014415,6.932711,1.135293,4.894746,4.036816,5.438629,1.731384,4.319138,3.686551,3.607769,4.740079,4.566844,6.434776,4.991105,3.668013,6.187448,5.392421,1.489441,1.71557,7.2433,4.437585,6.896687,4.629217,6.857605,4.10985,6.796601,6.618291,6.171512,3.402326,9.045056,6.252698,4.44431,5.468372,4.68842,5.789155,4.694286,6.324345,4.360415,5.304883,8.04174,3.702118,3.211561,6.316347,3.546105,4.769967,3.723536,4.827016,5.221648,4.789476,3.83161,3.351211,7.188653,5.146735,1.897921,6.032957,4.490044,7.554491,6.830153,6.771977,4.197664,4.017583,4.884588,6.869478,3.550162,6.000583,4.355616,0.943335,1.670429,9.339059,5.066465,6.857143,5.963794,4.388517,2.001012,3.700636,6.025251,1.588493,1.631009,3.144628,3.784016
3.744036,6.456909,6.02115,4.216001,6.357959,6.826211,6.500396,4.547024,6.799927,1.632614,3.907313,6.437077,4.984453,6.34864,4.581744,5.324943,4.38877,6.120382,7.829427,4.598757,4.697797,5.043831,1.532043,5.216463,2.952984,4.72344,7.167161,4.296969,5.761545,9.560686,3.513907,7.06803,3.165967,3.776603,1.507004,3.673436,9.304551,2.056259,7.766494,4.012922,6.414022,5.71803,6.40733,7.057348,4.089586,6.604416,2.226138,0.877635,5.127698,4.311624,7.233641,7.12861,5.112589,4.760185,7.186402,4.220147,1.547995,3.037772,6.182503,0.164973,0,4.46768,6.267497,8.859135,6.453625,7.234975,8.313003,6.823835,7.375976,5.524576,5.341286,6.421497,2.069637,3.743074,8.627771,6.006283,5.793885,4.399577,5.520186,6.29363,4.619249,6.707523,5.365579,5.856384,3.457009,5.831491,1.967152,0.397921,1.1751,5.481759,6.956273,7.640473,4.439135,5.004453,4.790353,4.487654,6.574274,6.436685,2.085932,4.66578,1.720542,6.782741,3.742172,5.707266,4.59098,5.420099,6.28815,5.532752,4.698393,0.628243,6.063811,3.748487,4.161109,7.106276,3.358118,3.3212,5.225758,5.445667,1.882994,4.03765,4.848517,3.219237,4.202669,3.350167,6.94431,5.694032,7.01967,5.744905,2.933738,4.616461,3.041268,6.771775,6.449995,2.869402,2.533954,5.315357,2.994292,3.112691,3.567313,6.844544,2.305419,5.784134,4.824813,6.531303,6.174668,6.783548,1.204194,6.243662,3.489022,1.628297,5.322273,4.137322,1.022754,5.851318,4.398932,7.655598,6.902378,3.728929,6.866797,6.707011,1.731797,7.045168,7.928488,2.270619,5.056444,5.091023,3.243371,8.902633,6.073579,2.07799,7.990639,8.158936,4.797893,3.539576,4.952757,5.674422,5.447228,4.511645,5.319303,1.460864,5.593525,6.931386,4.188915,3.522989,4.406207,3.640213,3.84695,2.023785,4.995737,8.928916,9.016119,5.494056,4.423833,5.96945,4.888125,4.517463,4.059262,3.566274,5.057484,7.679416,6.486689,5.460103,4.105235,6.780857,8.593116,6.032687,3.171412,1.896265,0.892809,4.936328,4.828947,1.95156,8.034116,4.213328,1.791723,5.88879,0.592281,1.897268,1.188996,6.245349,7.880988,3.22137,1.974435,6.892731,1.095313,4.854766,3.996836,5.398649,1.691404,4.279158,3.646571,3.567789,4.700099,4.526864,6.394796,4.951125,3.628033,6.147468,5.352441,1.654414,1.67559,7.20332,4.397605,6.856707,4.589237,6.817625,4.06987,6.756621,6.578311,6.131532,3.362346,9.005076,6.212718,4.609283,5.428392,4.64844,5.749175,4.654306,6.284365,4.320435,5.264903,8.00176,3.662138,3.171581,6.276367,3.506125,4.729987,3.683556,4.787036,5.181668,4.749496,3.79163,3.516184,7.148673,5.106755,2.062894,5.992977,4.450064,7.514511,6.790173,6.731997,4.157684,3.977603,4.844608,6.829498,3.510182,5.960603,4.315636,1.108308,1.630449,9.299079,5.026485,6.817163,5.923814,4.348537,1.961032,3.660656,5.985271,1.548513,1.795982,3.104648,3.744036
1.004646,2.055482,3.543694,1.318832,2.854112,3.322364,2.037844,3.311346,2.630756,4.892942,1.6682,3.959621,3.692045,1.886088,3.346066,2.401546,2.149657,3.205118,3.660256,2.359644,1.80743,0.84559,3.592088,2.293066,3.801158,3.09502,5.696649,2.825202,2.257698,7.047773,3.099469,5.775622,2.751529,1.8756,5.07624,2.201669,6.791638,5.316587,3.303942,2.103612,2.910175,2.763259,4.146663,2.888177,3.685559,3.073524,4.678516,4.446871,0.961741,3.974757,5.763129,2.959439,1.601304,2.190193,3.682555,1.348068,5.808192,2.074389,3.512748,4.50766,4.46768,0,3.336993,4.689964,1.991073,2.772423,4.143832,2.859776,6.44003,3.04712,1.157614,1.958945,5.745411,0.895535,4.4586,1.545113,4.323373,4.06271,2.604922,3.378366,4.282382,3.203676,1.196408,4.909922,3.255953,1.368939,5.642926,4.195377,3.484548,2.143639,2.493721,3.471302,2.152876,4.590015,0.728042,3.576465,2.111722,1.974133,4.53831,4.251342,3.90297,3.852237,3.327734,4.831024,3.119213,4.526185,2.784303,3.694005,4.361526,4.88844,4.490182,4.779545,1.243417,2.643724,4.206292,4.147264,3.755246,0.985252,3.700138,3.952652,0.89658,4.067411,3.865802,1.424619,2.481758,2.768212,4.982784,2.249278,2.5193,1.328936,3.30351,3.267928,2.280824,2.454964,3.319978,4.900919,1.473388,2.464393,1.297593,5.639569,4.757797,4.491726,4.410375,5.060791,2.648889,2.614377,4.77343,5.18642,3.074584,5.197533,0.858777,0.894304,5.282951,2.010797,1.509896,3.486427,4.424922,0.92752,2.697626,6.180596,5.301033,2.875997,5.850725,5.949437,3.730242,3.620511,2.537383,4.733462,5.185166,3.786032,6.632548,6.800845,0.640551,4.38775,2.037971,1.505251,1.012713,3.144251,2.404039,5.0301,2.097898,5.460874,3.774477,3.672136,0.981537,4.488387,1.493673,2.900839,0.68504,4.759745,6.503206,3.330485,4.009395,1.50828,1.082394,4.180596,3.644824,2.197444,0.655447,4.175569,5.194281,1.968222,0.363598,3.025667,5.089269,1.571517,1.884882,3.303825,3.826145,0.468687,3.35718,2.828614,6.411035,3.79889,3.978427,2.61469,4.161517,3.308046,4.758232,2.076178,6.522897,2.059391,2.851489,3.307029,3.491401,3.2873,3.582398,3.246795,5.26064,0.518271,2.361686,3.153351,3.505506,2.953332,3.804611,2.660121,1.03733,2.724112,3.881929,5.330188,5.244826,2.740768,2.221542,5.386195,4.174799,2.648454,3.733003,3.170919,3.074464,1.962361,3.511493,6.492163,4.742206,4.54373,4.135984,0.31183,4.278663,0.615221,2.115194,3.983568,2.343485,3.832589,3.2477,2.757143,3.798911,3.091687,3.25822,1.673619,3.315269,2.685737,2.326045,1.390844,4.508803,4.659736,2.191491,5.738668,2.651705,1.762121,3.175547,5.319661,3.801493,3.589024,1.035775,0.376928,2.366946,2.025173,4.490091,0.702375,5.368505,3.378477,6.786166,4.612047,4.339707,4.453302,1.998384,3.679374,1.415671,3.054767,3.019737,5.471756,1.862541,1.004646
3.14794,4.814885,6.437548,4.212686,1.38206,1.850312,4.797247,3.725199,2.576992,5.577066,4.562054,6.853475,6.585899,4.645491,3.759919,1.441683,5.043511,6.098972,3.606492,5.253498,1.979721,4.01854,5.391905,1.323246,4.485282,5.988874,8.590503,3.838662,1.081018,5.33528,5.52815,8.669476,5.18021,4.660485,6.682924,3.331106,5.079145,6.000711,6.063345,3.08234,1.438123,5.522662,0.80967,2.834413,3.3674,1.63089,5.36264,6.246688,2.49762,2.898056,8.656983,2.905675,1.748563,5.084047,2.210503,2.224072,7.608009,3.325264,6.406602,6.307477,6.267497,3.336993,0,4.6362,4.070583,5.531826,4.090068,1.852646,3.15057,5.940974,2.788826,4.718348,7.545228,3.237987,4.404836,4.10181,7.217227,3.515423,5.498776,6.27222,3.735095,1.455353,2.502612,1.617551,4.506828,4.09883,7.442743,5.995194,5.284365,1.198472,5.253124,3.194573,3.0216,7.018696,2.705055,6.470319,3.507326,4.053643,5.222434,6.680023,5.395128,0.515244,5.756415,1.538653,3.786091,7.420039,1.312251,6.587859,3.716973,6.688257,1.153189,7.208226,2.146512,5.403127,4.890416,3.88848,6.6491,3.529583,5.499955,3.467694,2.457294,4.751535,3.318515,3.368104,5.241161,5.662066,1.645791,1.586814,4.947981,2.066978,4.554385,1.621964,2.22706,4.883645,4.570853,7.3296,4.05116,3.715268,3.079526,2.505638,5.441921,7.38558,6.839056,7.954645,1.223021,2.560613,6.489002,2.003974,5.503265,6.978475,3.644607,2.698699,7.082768,1.712104,4.40375,2.92673,7.318776,3.821374,2.137929,2.843603,6.890245,2.822233,3.703082,7.749254,6.624096,6.514365,3.788258,4.679698,1.848173,5.036907,3.765233,3.93353,3.82092,5.071874,4.931825,2.037184,3.446751,6.038105,5.297893,6.15329,1.435434,8.354728,6.203158,4.923011,2.471208,5.172511,2.657304,4.700656,3.861916,4.705981,4.790713,6.224339,6.438076,3.980921,2.319682,3.633309,6.073505,3.326881,2.988033,2.703517,8.088135,1.374742,3.068693,1.807331,3.617217,3.917684,4.462654,5.103642,5.625962,3.615764,4.37064,4.628431,3.80871,6.227571,5.470585,0.982117,5.961334,4.91297,6.558049,2.62646,3.655582,3.310266,4.651306,6.066432,5.291218,6.181154,6.011079,6.140649,6.98341,3.479463,3.515039,5.582032,6.39936,5.847186,6.698465,5.553975,3.651937,5.483515,6.775783,7.130005,6.834038,5.500171,3.090266,8.280049,6.60348,2.08086,3.185716,5.930322,1.602412,2.512643,4.762368,4.77967,7.63606,6.972411,7.029838,3.062236,7.172517,2.751665,2.665476,3.436281,5.237339,3.778825,5.676381,5.185824,6.692765,5.520368,4.27168,4.466248,4.328729,5.579591,5.219899,4.284698,6.937484,1.525805,5.085345,7.538485,5.411108,4.655975,5.93495,8.213515,0.667562,6.171927,2.660299,3.558842,5.126349,3.232318,7.383945,2.995084,7.168322,5.178294,5.073673,7.040728,7.233561,7.347156,4.892238,5.050526,2.971558,0.282226,4.819554,7.271573,3.44243,3.14794
5.344095,5.508493,8.207751,5.982889,3.739257,3.715925,5.490855,7.399468,3.079555,9.205422,6.332257,8.623678,8.356102,5.339099,7.434188,4.83936,6.813714,7.869175,1.136911,7.023701,5.245822,5.267274,7.983543,4.720923,8.113638,7.759077,10.360706,6.913324,3.881223,5.639457,7.490924,10.439679,7.142984,6.458499,9.467695,6.403785,5.383322,9.629067,6.756953,6.157002,3.796386,6.21627,5.44587,3.336976,7.773681,3.586302,8.990996,8.838326,4.109623,7.489634,10.427186,3.408238,4.330678,6.85425,2.643582,5.291454,10.199647,6.386869,8.176805,8.899115,8.859135,4.689964,4.6362,0,4.573146,6.225434,0.546132,3.372554,5.031714,7.711177,3.799739,5.411956,10.136866,5.252392,0.282722,4.707877,8.98743,8.107001,7.268979,8.042423,8.326673,4.105681,3.565764,6.209129,7.568433,4.601393,10.034381,8.586832,7.876003,4.352208,5.946732,1.915078,6.096262,8.98147,4.306009,8.240522,4.009889,4.556206,8.85079,8.642797,8.294425,4.924628,7.719189,6.130231,7.207335,9.190242,3.686593,8.358062,8.353173,9.279895,5.789389,9.171,5.186803,6.096735,8.518772,8.459744,8.419303,4.775749,8.091593,8.040774,4.526237,8.379891,7.910093,5.79295,5.934769,6.37155,6.281991,4.332452,6.910755,4.891263,7.61599,4.169933,2.729623,6.846419,7.632458,9.292374,5.864843,6.776873,5.611551,6.938776,9.070277,9.155783,8.80183,9.724848,3.446764,3.063176,9.164885,6.485627,7.466039,9.588988,4.890773,4.95172,9.674406,4.260358,6.173953,3.999205,9.088979,5.591577,3.210404,7.479803,9.692488,1.813967,4.442409,10.340892,8.394299,8.284568,6.849863,0.218612,6.484373,8.098512,5.224232,5.392529,5.072878,8.70023,6.702028,3.57069,4.692917,7.808308,7.068096,9.421555,4.181072,10.124931,8.165932,7.984616,4.941482,8.800867,5.718909,7.292294,5.11065,1.784531,5.09489,7.994542,8.40085,4.483484,4.440689,8.224887,8.036279,6.39956,4.236767,2.821624,9.858338,4.252536,4.767915,3.538445,3.680953,4.420247,6.276337,7.69528,8.2176,4.864498,7.445302,7.220069,5.002719,8.190345,8.369882,4.214685,8.552972,7.699501,9.149687,3.193002,5.114581,6.371871,7.242944,6.76004,7.882856,7.951357,7.973853,7.910852,9.652095,5.169946,6.587718,7.544806,8.169563,7.617389,8.468668,7.324178,5.442207,6.177123,8.545986,9.721643,9.636281,6.193779,6.164928,10.050252,8.566254,3.161232,7.777294,6.62393,3.318557,3.079185,7.823973,5.083847,9.406263,8.935185,8.800041,4.399759,8.94272,4.486391,3.232018,8.027859,7.007542,0.857375,7.639155,7.148598,8.462968,7.483142,7.346342,6.256518,7.403391,7.349794,6.990102,6.054901,8.900258,5.958943,6.855548,10.130123,6.104716,6.426178,6.628558,9.983718,5.1007,8.134701,5.304026,4.807576,5.819957,6.293923,9.154148,4.662337,9.75996,7.769932,5.37785,9.003502,9.003764,9.117359,6.662441,8.070829,5.699818,4.353974,7.411192,9.863211,6.230872,5.344095
2.940135,1.117508,4.090227,3.229968,3.557743,4.025815,1.09987,4.996004,1.493591,6.801479,3.579336,4.506154,5.140868,0.948114,5.030724,3.688538,4.060793,3.519698,3.543438,4.27078,3.147556,1.990352,5.578033,3.580058,5.709695,4.368021,6.295526,4.50986,3.315606,7.751224,5.085414,6.645646,4.737474,3.786736,7.062185,3.999842,7.495089,7.225124,2.365968,3.753538,3.313471,1.825285,4.880253,1.80745,5.370217,3.020685,6.587053,6.432816,2.122606,5.659415,6.362006,1.878712,2.888296,3.157558,4.082988,2.88799,7.794137,3.982926,3.827328,6.493605,6.453625,1.991073,4.070583,4.573146,0,1.834449,4.027014,2.806937,7.143481,3.593653,2.133448,1.020971,7.731356,2.848432,4.341782,0.757875,4.92225,5.747368,2.925201,3.692946,5.96704,3.907307,2.351069,5.643512,5.16449,0.651391,7.628871,6.181322,5.470493,3.425557,1.555747,3.354484,3.692798,6.57596,2.083606,5.21201,0.743793,0.445457,6.446847,6.237287,5.888915,4.585827,5.313679,5.564614,4.803871,6.16173,3.487934,4.268689,6.046184,6.874385,5.223772,6.76549,2.783339,1.70575,6.114829,6.055801,4.348935,1.197406,5.686083,5.63731,2.308712,5.975948,5.55046,3.38899,1.543784,1.980565,5.716374,3.530931,4.505245,2.792997,5.212047,3.971559,1.843523,4.440909,5.228515,6.678044,3.459333,4.37293,3.207591,6.373159,6.666334,5.485853,6.39632,5.659668,2.881147,1.700782,6.759375,5.92001,5.060529,7.183478,1.139351,2.54776,7.268896,3.272263,3.328552,3.433588,4.823901,2.838656,2.644787,6.914186,7.286978,2.759179,6.554176,7.935382,4.663494,4.2142,4.44592,4.616644,5.918756,5.694569,7.335999,7.504296,1.971696,6.296287,2.551767,2.659912,1.243166,4.463022,2.722563,7.016045,3.379551,6.059751,5.760422,5.580673,2.537539,6.396924,3.314966,4.886784,1.871437,4.642927,7.206657,3.900485,5.99534,0.533482,2.347509,5.865254,5.630769,3.995617,1.637636,4.26103,6.064305,3.255214,2.34948,2.972828,5.79272,0.470245,3.870827,5.28977,5.81209,1.587576,5.041838,4.814559,7.114486,5.784835,5.964372,3.649068,6.147462,5.293991,6.744177,2.627385,7.226348,3.967928,4.837434,2.369055,5.477346,4.243979,5.568343,3.821479,7.246585,2.341147,4.183775,5.139296,5.141051,4.372303,4.119191,3.967947,3.008262,1.786138,4.478913,7.316133,7.230771,1.802794,3.761464,5.985072,6.160744,2.595615,5.417661,2.232945,3.777915,2.513568,5.42003,7.195614,5.341083,6.529675,5.245239,1.818481,4.879672,2.145056,2.666401,5.668226,2.647878,3.715771,5.233645,4.743088,4.304581,5.077632,4.942878,3.584755,4.999927,3.152813,3.633871,3.30198,6.494748,5.393326,2.515289,7.724613,1.713731,3.136671,2.237573,5.918538,4.535083,5.50016,2.900083,1.682229,1.428972,3.88998,5.087075,2.258377,7.35445,5.364422,7.489617,6.597992,4.738686,5.054311,3.651413,5.665319,3.295875,3.788357,5.005682,7.457701,3.826912,2.940135
3.721485,1.077845,4.049574,3.387362,5.048945,5.517197,0.792394,5.777354,3.145879,7.582829,3.99316,4.465501,5.100215,0.938095,5.812074,4.621905,4.169942,3.479045,5.195726,4.539509,4.080923,2.771702,6.359383,4.513425,6.491045,4.327368,6.254873,5.29121,4.452531,9.242606,5.866764,6.604993,5.518824,4.418835,7.843535,4.781192,8.986471,8.006474,0.592876,4.534888,4.965759,1.784632,6.341496,3.459738,6.151567,4.672973,7.368403,7.214166,3.055973,6.440765,6.321353,3.531,3.821663,3.116905,5.735276,3.66934,8.575487,4.764276,3.786675,7.274955,7.234975,2.772423,5.531826,6.225434,1.834449,0,5.679302,4.459225,8.634863,3.553,3.066815,0.980851,8.512706,3.629782,5.99407,2.11515,4.881597,6.528718,2.884548,3.652293,6.74839,5.398509,3.284436,7.104755,5.94584,1.692905,8.410221,6.962672,6.251843,4.358924,0.467371,5.006772,4.474148,6.536723,3.016973,5.171357,2.396081,2.20011,7.228197,6.67033,6.670265,6.04707,5.879669,7.025857,5.585221,6.121077,4.979136,4.228036,6.827534,7.655735,6.685015,7.54684,3.564689,0.312537,6.896179,6.837151,4.308282,2.130773,6.467433,6.41866,3.217811,6.757298,6.33181,4.17034,0.370194,1.939912,7.177617,4.464298,5.286595,3.650208,5.993397,5.462761,3.495811,5.222259,6.009865,6.637391,4.240683,5.15428,3.988941,7.834402,7.447684,5.4452,6.78363,5.619015,4.533435,3.35307,7.540725,7.381253,5.841879,7.964828,1.920701,3.32911,8.050246,4.20563,3.287899,5.085876,4.783248,3.620006,4.297075,8.375429,8.068328,4.411467,8.045558,8.716732,4.622841,4.173547,5.22727,6.268932,7.379999,6.475919,8.827381,8.995678,2.753046,7.077637,2.511114,3.593279,2.176533,4.422369,2.68191,7.797395,4.312918,6.019098,5.886604,6.362023,3.318889,7.178274,4.096316,5.668134,2.652787,6.295215,8.698039,3.859832,6.77669,2.062177,3.280876,6.646604,6.412119,4.776967,2.571003,5.913318,6.023652,4.188581,3.13083,4.625116,7.284102,2.118404,4.652177,6.07112,6.59344,2.368926,5.823188,5.595909,8.605868,6.566185,6.745722,4.809523,6.928812,6.075341,7.525527,4.164206,8.71773,4.749278,5.618784,0.944829,6.258696,4.203326,6.349693,3.780826,8.027935,3.122497,4.965125,5.920646,5.100398,4.33165,4.078538,3.927294,3.789612,1.66535,4.43826,8.097483,8.012121,0.409581,4.542814,5.944419,6.548054,4.247903,6.199011,1.037425,5.269297,4.050389,6.20138,8.686996,5.30043,7.311025,5.204586,2.599831,4.839019,2.926406,4.203222,6.449576,2.607225,5.368059,6.014995,5.524438,4.263928,5.292541,5.724228,4.203022,5.781277,3.11216,3.593218,3.745341,7.276098,6.854569,2.474636,8.505963,1.669062,3.096018,0.464481,5.877885,5.996326,5.464907,3.681433,2.463579,0.405477,4.67133,5.046422,3.039727,8.1358,6.145772,8.980999,6.603435,4.698033,5.013658,3.61076,6.446669,4.077225,5.2496,5.787032,8.239051,4.608262,3.721485
4.797963,4.962361,7.661619,5.436757,3.193125,3.169793,4.944723,6.853336,2.533423,8.65929,5.786125,8.077546,7.80997,4.792967,6.888056,4.293228,6.267582,7.323043,0.590779,6.477569,4.69969,4.721142,7.437411,4.174791,7.567506,7.212945,9.814574,6.367192,3.335091,5.093325,6.944792,9.893547,6.596852,5.912367,8.921563,5.857653,4.83719,9.082935,6.210821,5.61087,3.250254,5.670138,4.899738,2.790844,7.227549,3.04017,8.444864,8.292194,3.563491,6.943502,9.881054,2.862106,3.784546,6.308118,2.09745,4.745322,9.653515,5.840737,7.630673,8.352983,8.313003,4.143832,4.090068,0.546132,4.027014,5.679302,0,2.826422,4.485582,7.165045,3.253607,4.865824,9.590734,4.70626,0.314768,4.161745,8.441298,7.560869,6.722847,7.496291,7.780541,3.559549,3.019632,5.662997,7.022301,4.055261,9.488249,8.0407,7.329871,3.806076,5.4006,1.368946,5.55013,8.435338,3.759877,7.69439,3.463757,4.010074,8.304658,8.096665,7.748293,4.378496,7.173057,5.584099,6.661203,8.64411,3.140461,7.81193,7.807041,8.733763,5.243257,8.624868,4.640671,5.550603,7.97264,7.913612,7.873171,4.229617,7.545461,7.494642,3.980105,7.833759,7.363961,5.246818,5.388637,5.825418,5.735859,3.78632,6.364623,4.345131,7.069858,3.623801,2.183491,6.300287,7.086326,8.746242,5.318711,6.230741,5.065419,6.392644,8.524145,8.609651,8.255698,9.178716,2.900632,2.517044,8.618753,5.939495,6.919907,9.042856,4.344641,4.405588,9.128274,3.714226,5.627821,3.453073,8.542847,5.045445,2.664272,6.933671,9.146356,1.267835,3.896277,9.79476,7.848167,7.738436,6.303731,0.58963,5.938241,7.55238,4.6781,4.846397,4.526746,8.154098,6.155896,3.024558,4.146785,7.262176,6.521964,8.875423,3.63494,9.578799,7.6198,7.438484,4.39535,8.254735,5.172777,6.746162,4.564518,1.238399,4.548758,7.44841,7.854718,3.937352,3.894557,7.678755,7.490147,5.853428,3.690635,2.275492,9.312206,3.706404,4.221783,2.992313,3.134821,3.874115,5.730205,7.149148,7.671468,4.318366,6.89917,6.673937,4.456587,7.644213,7.82375,3.668553,8.00684,7.153369,8.603555,2.64687,4.568449,5.825739,6.696812,6.213908,7.336724,7.405225,7.427721,7.36472,9.105963,4.623814,6.041586,6.998674,7.623431,7.071257,7.922536,6.778046,4.896075,5.630991,7.999854,9.175511,9.090149,5.647647,5.618796,9.50412,8.020122,2.6151,7.231162,6.077798,2.772425,2.533053,7.277841,4.537715,8.860131,8.389053,8.253909,3.853627,8.396588,3.940259,2.685886,7.481727,6.46141,0.311243,7.093023,6.602466,7.916836,6.93701,6.80021,5.710386,6.857259,6.803662,6.44397,5.508769,8.354126,5.412811,6.309416,9.583991,5.558584,5.880046,6.082426,9.437586,4.554568,7.588569,4.757894,4.261444,5.273825,5.747791,8.608016,4.116205,9.213828,7.2238,4.831718,8.45737,8.457632,8.571227,6.116309,7.524697,5.153686,3.807842,6.86506,9.317079,5.68474,4.797963
3.321087,3.742284,6.377563,4.152701,1.339806,1.807878,3.724646,5.098975,1.313346,6.916954,4.502069,6.79349,6.525914,3.57289,5.133695,2.221122,4.983526,6.038987,2.342846,5.193513,2.756434,3.437086,5.948243,2.102685,5.82517,5.928889,8.530518,4.612831,1.097669,5.533287,5.660736,8.609491,5.312796,4.628311,7.432395,4.105275,5.277152,7.340599,4.990744,3.856509,1.095534,4.450061,2.662316,1.570767,5.175424,0.802748,6.702528,6.803026,2.279435,4.70608,8.596998,1.642029,1.736854,5.024062,2.168069,2.997631,8.164347,4.098401,6.346617,6.863815,6.823835,2.859776,1.852646,3.372554,2.806937,4.459225,2.826422,0,4.925544,5.880989,1.969551,3.645747,8.101566,3.411134,3.14119,2.941668,7.157242,5.323447,5.438791,6.212235,5.543119,1.68937,1.735576,3.425575,5.279965,2.835184,7.999081,6.551532,5.840703,1.568654,4.180523,2.153892,3.795769,7.151282,2.475821,6.410334,2.24368,2.789997,6.562322,6.812609,6.168265,2.36789,5.889001,3.346677,4.906842,7.360054,1.269997,6.527874,5.569619,7.244595,3.005835,7.340812,2.897366,4.330526,6.230304,5.696504,6.589115,2.945561,6.056293,5.275718,2.445585,6.091423,5.126539,3.556279,4.16856,4.605341,3.498437,1.548898,5.080567,2.424173,5.327522,1.753622,0.963414,5.016231,5.34399,7.462186,4.034655,4.488405,3.356952,4.155222,6.781809,7.325595,6.971642,7.89466,0.66321,1.296967,7.129585,3.702073,5.635851,7.553688,3.060585,2.705216,7.639106,1.673167,4.343765,1.663084,7.258791,3.761389,0.874283,4.696249,7.657188,1.558587,4.336239,8.305592,6.564111,6.45438,4.561395,3.416052,3.700819,5.810044,5.118062,5.286359,3.24269,6.411762,4.87184,1.740502,2.862729,5.97812,5.237908,7.386255,1.397518,8.294743,6.335744,5.696148,2.667025,6.512399,3.430441,5.256994,3.280462,3.442335,4.98872,6.164354,6.570662,2.717275,2.307973,5.441333,6.206091,4.10105,2.406579,2.661083,8.02815,1.588113,2.937727,0.754891,3.574783,2.654038,4.446149,5.65998,6.1823,3.03431,5.144809,5.184769,4.896549,6.360157,6.243722,1.431131,6.517672,5.639265,7.114387,1.362814,5.008411,4.083403,5.207644,4.993831,5.847556,6.121169,6.143665,6.080664,7.616795,3.339758,4.289208,5.714618,6.339375,5.787201,6.63848,5.49399,3.612019,4.410914,6.715798,7.686343,7.600981,4.42757,3.864435,8.220064,6.736066,0.817214,4.99374,4.857721,1.559978,1.248997,5.535505,4.977677,7.576075,7.104997,6.969853,2.569571,7.112532,2.656203,1.40183,5.244305,5.177354,2.515179,5.808967,5.31841,6.63278,5.652954,5.045849,4.42633,5.102898,5.519606,5.159914,4.224713,7.07007,3.175389,5.02536,8.094823,4.338507,4.59599,4.862349,8.15353,2.317146,6.304513,3.029569,2.977388,4.053748,4.005455,7.32396,2.832149,7.72466,5.734632,5.27168,7.173314,7.173576,7.287171,4.832253,5.823663,3.425361,1.57042,5.375892,7.827911,3.977436,3.321087
6.038691,7.917922,9.069522,6.84466,3.85315,3.829818,7.900284,3.891495,5.64989,5.743362,7.10911,9.485449,9.217846,7.748528,3.926215,4.592253,7.590567,8.749041,4.453875,7.800554,5.130291,7.121577,7.093976,4.473816,4.651578,8.620848,11.222477,4.213907,4.213001,2.221503,7.944973,11.301423,7.597033,7.114136,6.84922,4.83744,1.965368,6.167007,9.166382,5.073393,3.910279,8.346689,2.3409,5.907311,3.533696,4.126911,5.528936,7.067257,5.600657,3.064352,11.288957,5.978573,4.856896,7.716021,3.708753,5.374642,8.716488,5.651646,9.056671,7.415956,7.375976,6.44003,3.15057,5.031714,7.143481,8.634863,4.485582,4.925544,0,8.572948,5.891863,7.821385,8.368725,6.149451,4.80035,7.204847,9.849201,3.681719,8.148845,8.922289,3.901391,3.994783,5.605649,2.945694,5.93295,7.171728,8.366974,7.103673,6.837632,4.349042,8.356161,4.459724,5.030969,9.435519,5.808092,8.91872,6.580224,7.126541,5.38873,9.096846,6.566719,3.062006,8.173238,2.796576,3.952387,9.851165,3.800486,9.219833,3.875949,7.796736,1.997381,9.625049,5.297082,8.506164,5.056712,4.054776,9.281074,6.63262,7.202026,3.63399,5.565627,4.917831,3.484811,5.821755,8.344198,8.322691,2.95324,4.690554,7.364804,5.217548,5.055505,4.161394,5.299958,7.300468,5.639105,9.746423,6.504811,5.583968,5.776687,3.933854,5.608217,10.017527,9.255879,10.586619,4.324317,5.633511,6.655298,3.332972,7.920088,7.144771,6.747644,5.825258,8.191247,4.815141,7.053341,5.999628,9.95075,6.357588,5.210827,3.002579,7.056541,4.799463,0.589305,8.76818,9.25607,9.146339,5.656958,5.075212,2.007149,6.105159,0.651456,0.819753,6.927181,5.23817,7.581416,5.140221,6.549788,8.670079,7.947962,6.319586,4.539174,10.986702,8.619981,5.199473,5.621778,5.338807,5.549944,6.944035,6.964953,5.101495,1.676936,8.856313,8.854899,7.053819,5.428015,3.799605,8.490328,4.948579,6.09107,4.201767,10.720082,4.525312,6.219263,4.362458,1.836449,6.990582,6.916305,6.9058,7.298263,6.718801,4.572084,6.87181,0.705452,8.644394,6.642176,4.132687,6.867491,6.351877,7.631277,5.699358,0.541805,5.47573,6.894685,9.169469,6.844485,8.813128,8.427902,8.772623,7.149706,6.630033,5.136737,7.998855,9.011841,8.47916,9.348534,8.185949,6.256692,8.586552,9.407757,8.132972,7.000334,8.603208,4.962303,10.912023,9.020303,5.153758,3.352012,9.033359,3.43245,5.585541,5.03883,1.665893,10.268034,9.389234,9.661785,6.165273,9.804491,5.854702,5.738374,3.602577,7.893562,4.174339,8.093204,7.602647,9.324739,7.937191,4.473124,6.921829,4.861814,8.211565,7.851873,6.869148,9.354307,4.231845,7.735414,8.304542,8.514145,7.295756,9.037987,10.845489,3.818132,8.58875,5.810869,6.661879,8.229386,5.201012,10.015919,6.098121,8.276801,6.692451,1.959896,9.457551,9.865535,9.97913,7.524212,6.236453,5.649423,3.432796,6.52941,8.27454,5.890381,6.038691
2.912974,2.579996,0.496574,1.728998,5.643171,6.111423,2.849055,4.845185,4.905083,6.045866,1.637223,0.912501,2.399481,2.697299,4.879905,4.99842,1.803964,1.054473,6.681469,2.173531,4.371274,3.505656,4.648984,4.88994,4.954082,1.631668,3.535128,4.359041,5.046757,9.836832,3.904496,3.898581,3.808425,2.062898,6.133136,3.735508,9.580697,6.469511,3.951618,4.07173,5.699234,1.841117,6.750644,5.218942,5.219398,5.889628,5.83144,5.503767,3.982954,5.508596,3.601608,5.290204,4.397801,0.915307,6.471614,3.893624,6.865088,3.227738,0.882132,5.564556,5.524576,3.04712,5.940974,7.711177,3.593653,3.553,7.165045,5.880989,8.572948,0,4.166472,2.572682,6.802307,2.817717,7.479813,3.874354,2.161852,5.596549,1.202718,1.28793,5.816221,5.992735,4.217621,7.053356,4.533599,3.452109,6.699822,5.252273,4.541444,4.924478,3.304932,6.492515,4.497943,3.858913,3.700335,2.493547,4.155285,3.959314,5.691234,3.99252,4.959866,6.456218,3.201859,6.904238,4.653052,3.443267,5.573362,1.209719,5.895365,5.945336,7.094163,5.580138,3.820359,3.424301,5.359216,5.300188,1.588537,3.889977,4.757034,5.486491,3.798074,5.220335,5.399641,2.865253,3.292969,1.817119,7.586765,5.030117,3.576196,4.060198,4.456434,6.056987,5.255015,3.293412,4.438137,3.959581,2.530284,3.808656,3.031622,8.041516,5.910721,2.738788,4.10582,2.89927,5.45988,5.112274,5.830326,7.440634,3.737485,6.254429,3.679905,3.407572,6.339847,4.91596,1.723455,6.50764,1.584511,2.309326,5.718839,7.903983,6.357929,5.89721,8.639784,7.006333,1.916672,1.453802,3.881646,7.754675,7.270551,4.904191,9.187611,9.355908,3.259429,5.540674,1.182064,4.526464,3.935737,1.721635,1.126898,6.086996,4.878737,3.299353,3.208794,4.825485,3.697893,5.641311,3.605961,3.957735,3.467904,7.780958,9.292265,1.140087,4.881436,3.821381,3.984508,5.714435,4.111403,3.730801,3.62263,6.964628,3.31724,4.749061,2.952851,6.04688,7.878328,3.877608,2.941778,4.360721,4.883041,3.43587,4.891019,3.88551,9.200094,4.599483,5.035323,5.403749,5.218413,4.364942,5.815128,5.097391,9.07796,3.411336,3.908385,3.015818,4.548297,1.503177,4.382991,1.061081,6.317536,2.728916,3.885515,4.210247,2.422588,1.63595,1.080744,1.262826,2.449405,2.270555,1.718515,6.387084,6.301722,3.521345,4.459677,3.224674,3.870244,5.669667,5.266842,2.879708,5.863523,4.983574,4.664842,9.281222,2.580685,5.344323,2.498174,3.333043,2.119274,3.587514,5.136407,5.517407,1.074215,6.853802,3.883361,3.661087,0.751791,2.656689,4.792059,1.847085,4.849108,0.499408,1.135368,1.819824,5.309396,7.263717,1.116855,6.795564,2.116064,1.365298,3.637598,3.15814,6.405474,2.805662,3.315633,3.344111,3.147523,3.549002,2.326677,3.252155,6.425401,4.435373,9.575225,3.925625,1.499296,2.293913,1.202929,4.73627,3.143719,5.658748,4.076633,6.528652,2.989003,2.912974
1.826246,2.349874,4.663046,2.438184,2.305945,2.774197,2.332236,3.881619,1.740531,5.687573,2.787552,5.078973,4.811397,2.18048,3.916339,2.020913,3.269009,4.32447,2.770031,3.478996,1.727973,1.559393,4.465694,1.902476,4.595789,4.214372,6.816001,3.395475,1.709531,6.499606,3.973075,6.894974,3.625135,2.930582,5.949846,2.885936,6.243471,6.111218,3.598334,2.639153,2.362008,3.057651,3.598496,1.997952,4.255832,2.183299,5.473147,5.320477,0.593841,4.54503,6.882481,2.069214,1.463627,3.309545,3.134388,1.773605,6.681798,2.86902,4.6321,5.381266,5.341286,1.157614,2.788826,3.799739,2.133448,3.066815,3.253607,1.969551,5.891863,4.166472,0,2.253337,6.619017,1.734543,3.568375,1.636799,5.442725,4.632983,3.724274,4.497718,4.852655,2.655509,0.306183,4.361755,4.050584,1.663331,6.516532,5.068983,4.358154,1.616064,2.788113,2.581077,2.578413,5.463621,0.78816,4.695817,2.254097,2.116508,5.332941,5.124948,4.776576,3.30407,4.20134,4.282857,3.689486,5.645537,2.236136,4.813357,4.931799,5.762046,3.942015,5.653151,1.668954,2.938116,5.000923,4.941895,4.874598,1.064572,4.573744,4.522925,1.008388,4.862042,4.436075,2.275101,2.77615,3.212931,4.434617,1.721438,3.392906,1.373414,4.098141,2.719761,1.390599,3.32857,4.114609,5.774525,2.346994,3.259024,2.093702,5.091402,5.552428,5.611078,5.283981,6.180143,2.043761,1.724152,5.647036,4.638253,3.94819,6.071139,1.179596,1.433871,6.156557,1.46263,2.629248,2.596202,5.544274,2.046872,1.807401,5.632429,6.174639,1.985772,5.302558,6.823043,4.849594,4.739863,3.332014,3.843237,4.636999,4.580663,6.084381,6.252678,1.379953,5.182381,3.157323,0.753728,0.98174,4.263603,3.523391,5.903706,1.570058,6.580226,4.648083,4.466767,1.423633,5.283018,2.20106,3.774445,1.402769,3.86952,5.955039,4.449837,4.883001,1.599966,0.92284,4.750869,4.51843,2.881711,0.544795,3.487623,6.313633,1.452685,1.239405,2.135442,4.541102,1.663203,2.758488,4.177431,4.699751,1.156617,3.927453,3.70222,5.862868,4.672496,4.852033,2.066523,5.035123,4.181652,5.631838,1.185953,5.97473,2.854022,3.725095,3.601421,4.365007,4.406652,4.456004,4.366147,6.134246,1.550891,3.069869,4.026957,4.624858,4.072684,4.923963,3.779473,1.91429,3.018504,5.001281,6.203794,6.118432,3.03516,2.647079,6.505547,5.048405,1.758229,4.303276,3.465311,2.526297,1.072136,4.306124,5.943996,5.861558,5.417336,5.255336,0.867409,5.398015,0.968542,1.224969,4.553841,3.462837,2.942364,4.121306,3.630749,4.918263,3.965293,3.828493,2.728601,3.885542,3.805089,3.445397,2.510196,5.382409,4.111569,3.310843,6.612274,2.946097,2.881473,3.469939,6.439013,3.253326,4.616852,1.786177,1.114651,2.661338,2.776074,5.609443,1.144488,6.242111,4.252083,6.237999,5.485653,5.459059,5.572654,3.117736,4.55298,2.181969,2.5066,3.893343,6.345362,2.713023,1.826246
2.908007,0.249316,3.069256,2.407044,4.235467,4.703719,0.276373,4.963876,2.332401,6.769351,3.012842,3.485183,4.119897,0.124617,4.998596,3.808427,3.189624,2.498727,4.382248,3.559191,3.267445,1.958224,5.545905,3.699947,5.677567,3.34705,5.274555,4.477732,3.639053,8.429128,5.053286,5.624675,4.705346,3.438517,7.030057,3.967714,8.172993,7.192996,1.51237,3.72141,4.152281,0.804314,5.528018,2.64626,5.338089,3.859495,6.554925,6.400688,2.242495,5.627287,5.341035,2.717522,3.008185,2.136587,4.921798,2.855862,7.762009,3.950798,2.806357,6.461477,6.421497,1.958945,4.718348,5.411956,1.020971,0.980851,4.865824,3.645747,7.821385,2.572682,2.253337,0,7.699228,2.816304,5.180592,1.301672,3.901279,5.71524,1.90423,2.671975,5.934912,4.585031,2.470958,6.291277,5.132362,0.879427,7.596743,6.149194,5.438365,3.545446,0.73225,4.193294,3.66067,5.556405,2.203495,4.191039,1.582603,1.386632,6.414719,5.690012,5.856787,5.233592,4.899351,6.212379,4.771743,5.140759,4.165658,3.247718,6.014056,6.842257,5.871537,6.733362,2.751211,0.852152,6.082701,6.023673,3.327964,1.317295,5.653955,5.605182,2.404333,5.94382,5.518332,3.356862,0.720287,0.959594,6.364139,3.65082,4.473117,2.83673,5.179919,4.649283,2.682333,4.408781,5.196387,5.657073,3.427205,4.340802,3.175463,7.020924,6.634206,4.464882,5.803312,4.638697,3.719957,2.539592,6.727247,6.567775,5.028401,7.15135,1.107223,2.515632,7.236768,3.392152,2.307581,4.272398,3.80293,2.802027,3.483597,7.561951,7.25485,3.597989,7.23208,7.903254,3.642523,3.193229,4.413792,5.455454,6.566521,5.662441,8.013903,8.1822,1.939568,6.264159,1.530796,2.779801,1.363055,3.442051,1.701592,6.983917,3.49944,5.03878,4.906286,5.548545,2.505411,6.364796,3.282838,4.854656,1.839309,5.481737,7.884561,2.879514,5.963212,1.248699,2.467398,5.833126,5.598641,3.963489,1.757525,5.09984,5.043334,3.375103,2.317352,3.811638,6.470624,1.304926,3.838699,5.257642,5.779962,1.555448,5.00971,4.782431,7.79239,5.752707,5.932244,3.996045,6.115334,5.261863,6.712049,3.350728,7.904252,3.9358,4.805306,1.364977,5.445218,3.223008,5.536215,2.800508,7.214457,2.309019,4.151647,5.107168,4.12008,3.351332,3.09822,2.946976,2.942106,0.78206,3.457942,7.284005,7.198643,0.949196,3.729336,4.964101,5.567736,3.434425,5.385533,1.228867,4.455819,3.236911,5.387902,7.873518,4.320112,6.497547,4.224268,1.786353,3.858701,2.112928,3.389744,5.636098,1.626907,4.554581,5.201517,4.71096,3.28361,4.312223,4.91075,3.222704,4.967799,2.131842,2.6129,2.765023,6.46262,6.041091,1.494318,7.692485,0.709653,2.1157,1.383975,4.897567,5.182848,4.484589,2.867955,1.650101,0.575374,3.857852,4.066104,2.226249,7.322322,5.332294,8.167521,5.623117,3.717715,4.03334,2.630442,5.633191,3.263747,4.436122,4.973554,7.425573,3.794784,2.908007
5.021767,7.73464,7.298881,5.493732,7.63569,8.103942,7.778127,5.539773,8.077658,2.625363,5.185044,7.714808,6.262184,7.626371,5.574493,6.602674,5.666501,7.398113,9.107158,5.876488,5.975528,6.321562,2.809774,6.494194,3.945733,6.001171,8.444892,5.5747,7.039276,10.553435,4.791638,7.786315,4.443698,5.054334,1.698975,4.951167,10.2973,2.201718,9.044225,5.290653,7.691753,6.995761,7.400079,8.335079,5.082335,7.882147,3.218887,1.615612,6.405429,5.304373,8.511372,8.406341,6.39032,6.037916,8.464133,5.497878,2.379064,4.315503,7.460234,1.904664,2.069637,5.745411,7.545228,10.136866,7.731356,8.512706,9.590734,8.101566,8.368725,6.802307,6.619017,7.699228,0,5.020805,9.905502,7.284014,7.071616,5.392326,6.797917,7.571361,5.611998,7.985254,6.64331,6.849133,4.73474,7.109222,0.102485,1.903872,2.452831,6.75949,8.234004,8.918204,5.716866,5.948812,6.068084,5.765385,7.852005,7.714416,3.078681,5.733357,2.998273,8.060472,5.019903,6.700015,5.600665,6.364458,7.565881,6.810483,5.691142,1.441394,7.05656,3.9846,5.43884,8.384007,4.350867,4.313949,6.503489,6.723398,3.160725,5.030399,6.126248,4.211986,5.195418,4.627898,8.222041,6.971763,8.012419,7.022636,4.211469,5.894192,4.318999,8.049506,7.727726,4.147133,3.811685,6.259716,4.272023,4.390422,4.845044,7.837293,3.298168,7.061865,5.769172,7.809034,7.452399,8.061279,1.949397,7.236411,4.766753,1.622569,6.600004,5.415053,1.071877,7.129049,5.676663,8.933329,8.180109,5.00666,8.144528,7.69976,1.778841,8.322899,8.921237,0.920603,6.334175,6.368754,4.521102,10.180364,7.066328,3.355721,8.983388,9.151685,6.075624,4.532325,6.230488,6.952153,6.724959,5.789376,6.597034,2.676567,6.871256,8.209117,5.466646,4.515738,5.683938,4.25872,5.124681,3.301516,6.273468,10.206647,10.008868,6.771787,4.939637,7.247181,6.165856,5.510212,5.302677,4.844005,6.335215,8.957147,7.204974,6.737834,5.382966,8.058588,9.870847,7.310418,4.449143,3.173996,2.17054,6.214059,6.106678,3.229291,9.026865,4.46221,3.007426,7.166521,1.792497,3.174999,1.037731,7.52308,8.873737,4.499101,3.252166,8.170462,2.373044,6.132497,4.972292,6.67638,1.685676,5.556889,4.924302,4.84552,5.97783,5.804595,7.672527,6.228856,4.905764,7.425199,6.630172,0.415223,1.805104,8.481051,5.675336,8.134438,5.533596,8.095356,5.062619,8.034352,7.856042,7.409263,4.355095,9.997825,7.490449,4.845396,6.706123,5.926171,7.026906,5.932037,7.562096,5.313184,6.542634,9.279491,4.939869,4.449312,7.554098,4.783856,6.007718,4.961287,6.064767,6.459399,6.027227,5.069361,3.752297,8.141422,6.384486,0.104881,7.270708,5.727795,8.792242,8.067904,7.735465,5.435415,5.255334,6.122339,8.107229,4.787913,7.238334,5.593367,0.961329,2.90818,10.291828,5.970844,8.094894,7.201545,5.626268,3.238763,4.938387,7.263002,2.826244,0.428329,4.382379,5.021767
0.11076,2.912841,3.314291,1.089429,2.945258,3.41351,2.895203,2.421688,3.193184,4.030346,1.415542,3.730218,3.462642,2.743447,2.456408,2.295433,1.896999,2.991761,4.222684,2.106986,1.668287,1.474568,2.867482,2.186953,2.938562,2.865617,5.467246,1.935544,2.348844,7.138919,2.456578,5.546219,2.108638,1.430242,4.351634,1.312011,6.882784,4.453991,4.161301,1.411484,3.001321,2.578853,4.047657,3.450605,2.795901,3.191715,3.81592,3.722265,1.400603,3.085099,5.533726,3.521867,1.699888,1.96079,3.773701,1.190637,5.083586,1.211793,3.299391,3.783054,3.743074,0.895535,3.237987,5.252392,2.848432,3.629782,4.70626,3.411134,6.149451,2.817717,1.734543,2.816304,5.020805,0,5.021028,2.40109,4.09397,3.173052,2.391565,3.165009,3.392724,3.294822,1.758836,4.629859,2.393357,2.226298,4.91832,3.470771,2.759942,2.226565,3.35108,4.03373,1.774414,3.947124,1.063169,3.347062,2.969081,2.831492,3.675714,3.608451,3.178364,3.753231,2.684843,4.480741,2.229555,4.296782,2.875449,3.464602,3.471868,4.163834,4.391176,4.136654,1.117372,3.501083,3.343696,3.284668,3.525843,1.840474,2.975532,3.062994,1.105658,3.204815,2.976144,0.562023,3.339117,2.554855,4.883778,2.332204,1.876409,1.362285,2.440914,3.359074,2.843252,1.812073,2.457382,4.258028,0.830497,1.601797,0.403707,5.540563,3.895201,4.262323,3.767484,4.831388,2.761967,3.176805,4.048824,5.017137,2.431693,4.472927,1.71708,0.709956,4.558345,2.237839,1.296539,4.048855,4.195519,0.585741,3.260054,5.480486,4.576427,3.438425,5.941871,5.224831,3.500839,3.391108,1.674787,5.29589,4.847054,2.923436,6.723694,6.891991,1.22863,3.525154,1.824614,2.063752,1.842035,2.914848,2.190682,4.305494,2.180824,5.231471,3.131586,2.80954,0.999813,3.625791,0.820547,2.176233,1.426474,5.322173,6.594352,3.101082,3.366504,2.364257,1.292092,3.290938,3.001933,1.307786,1.452291,4.266715,4.964878,2.051148,0.532237,3.368156,5.180415,2.427494,1.241991,2.579219,3.101539,1.361437,2.467522,2.104008,6.502181,3.155999,3.253821,2.705836,3.436911,2.58344,4.033626,2.638606,6.614043,1.196795,2.126883,3.753554,2.766795,3.057897,2.939507,3.017392,4.536034,0.709895,1.488509,2.51046,3.276103,2.723929,3.591254,2.430718,0.41395,3.008291,3.652526,4.605582,4.52022,3.598127,1.84308,5.156792,3.531908,3.210882,2.843345,3.617444,3.16561,2.524789,2.648897,6.583309,4.512803,3.900839,3.906581,1.043247,4.04926,0.927122,2.677622,3.09391,2.130128,4.395017,2.604809,2.114252,3.569508,2.448796,2.368562,1.228261,2.425611,2.456334,2.096642,1.149733,3.865912,4.56073,1.978134,5.014062,2.8538,1.540525,4.032906,5.090258,3.702487,3.100355,0.579842,1.272463,3.224305,1.151996,4.260688,0.593069,4.643899,2.653871,6.877312,3.969156,4.110304,4.223899,1.768981,2.921145,0.528579,2.955761,2.295131,4.74715,0.999945,0.11076
5.112731,5.277129,7.976387,5.751525,3.507893,3.484561,5.259491,7.168104,2.848191,8.974058,6.100893,8.392314,8.124738,5.107735,7.202824,4.607996,6.58235,7.637811,0.905547,6.792337,5.014458,5.03591,7.752179,4.489559,7.882274,7.527713,10.129342,6.68196,3.649859,5.408093,7.25956,10.208315,6.91162,6.227135,9.236331,6.172421,5.151958,9.397703,6.525589,5.925638,3.565022,5.984906,5.214506,3.105612,7.542317,3.354938,8.759632,8.606962,3.878259,7.25827,10.195822,3.176874,4.099314,6.622886,2.412218,5.06009,9.968283,6.155505,7.945441,8.667751,8.627771,4.4586,4.404836,0.282722,4.341782,5.99407,0.314768,3.14119,4.80035,7.479813,3.568375,5.180592,9.905502,5.021028,0,4.476513,8.756066,7.875637,7.037615,7.811059,8.095309,3.874317,3.3344,5.977765,7.337069,4.370029,9.803017,8.355468,7.644639,4.120844,5.715368,1.683714,5.864898,8.750106,4.074645,8.009158,3.778525,4.324842,8.619426,8.411433,8.063061,4.693264,7.487825,5.898867,6.975971,8.958878,3.455229,8.126698,8.121809,9.048531,5.558025,8.939636,4.955439,5.865371,8.287408,8.22838,8.187939,4.544385,7.860229,7.80941,4.294873,8.148527,7.678729,5.561586,5.703405,6.140186,6.050627,4.101088,6.679391,4.659899,7.384626,3.938569,2.498259,6.615055,7.401094,9.06101,5.633479,6.545509,5.380187,6.707412,8.838913,8.924419,8.570466,9.493484,3.2154,2.831812,8.933521,6.254263,7.234675,9.357624,4.659409,4.720356,9.443042,4.028994,5.942589,3.767841,8.857615,5.360213,2.97904,7.248439,9.461124,1.582603,4.211045,10.109528,8.162935,8.053204,6.618499,0.32622,6.253009,7.867148,4.992868,5.161165,4.841514,8.468866,6.470664,3.339326,4.461553,7.576944,6.836732,9.190191,3.949708,9.893567,7.934568,7.753252,4.710118,8.569503,5.487545,7.06093,4.879286,1.553167,4.863526,7.763178,8.169486,4.25212,4.209325,7.993523,7.804915,6.168196,4.005403,2.59026,9.626974,4.021172,4.536551,3.307081,3.449589,4.188883,6.044973,7.463916,7.986236,4.633134,7.213938,6.988705,4.771355,7.958981,8.138518,3.983321,8.321608,7.468137,8.918323,2.961638,4.883217,6.140507,7.01158,6.528676,7.651492,7.719993,7.742489,7.679488,9.420731,4.938582,6.356354,7.313442,7.938199,7.386025,8.237304,7.092814,5.210843,5.945759,8.314622,9.490279,9.404917,5.962415,5.933564,9.818888,8.33489,2.929868,7.54593,6.392566,3.087193,2.847821,7.592609,4.852483,9.174899,8.703821,8.568677,4.168395,8.711356,4.255027,3.000654,7.796495,6.776178,0.626011,7.407791,6.917234,8.231604,7.251778,7.114978,6.025154,7.172027,7.11843,6.758738,5.823537,8.668894,5.727579,6.624184,9.898759,5.873352,6.194814,6.397194,9.752354,4.869336,7.903337,5.072662,4.576212,5.588593,6.062559,8.922784,4.430973,9.528596,7.538568,5.146486,8.772138,8.7724,8.885995,6.431077,7.839465,5.468454,4.12261,7.179828,9.631847,5.999508,5.112731
2.492793,1.398209,4.370928,2.784008,3.618929,4.087181,1.380571,4.548662,1.628322,6.354137,3.133376,4.786855,5.157221,1.228815,4.583382,3.191889,3.614833,3.800399,3.678169,3.82482,2.650907,1.547821,5.130691,3.083409,5.262353,4.560196,6.576227,4.062518,3.022515,7.81259,4.638072,6.926347,4.290132,3.340776,6.614843,3.5525,7.556455,6.777782,2.646669,3.306196,3.448202,2.105986,4.91148,1.942181,4.922875,3.155416,6.139711,5.985474,1.625957,5.212073,6.642707,2.013443,2.391647,3.438259,4.217719,2.440648,7.346795,3.535584,4.108029,6.046263,6.006283,1.545113,4.10181,4.707877,0.757875,2.11515,4.161745,2.941668,7.204847,3.874354,1.636799,1.301672,7.284014,2.40109,4.476513,0,5.202951,5.300026,3.205902,3.973647,5.519698,3.968493,1.85442,5.674739,4.717148,0.711666,7.181529,5.73398,5.023151,2.928908,1.836448,3.489215,3.245456,6.128618,1.586957,5.041641,0.878524,0.740935,5.999505,5.789945,5.441573,4.617054,4.866337,5.595841,4.356529,5.991361,3.54912,4.54939,5.598842,6.427043,5.254999,6.318148,2.335997,1.986451,5.667487,5.608459,4.629636,0.700757,5.238741,5.189968,1.812063,5.528606,5.103118,2.941648,1.824485,2.261266,5.747601,3.034282,4.057903,2.296348,4.764705,4.032745,1.978254,3.993567,4.781173,6.439522,3.011991,3.925588,2.760249,6.404386,6.218992,5.766554,5.948978,5.940369,3.015878,1.835513,6.312033,5.951237,4.613187,6.736136,0.709694,2.100418,6.821554,2.775614,2.975072,3.568319,5.104602,2.392696,2.779518,6.945413,6.839636,2.89391,6.615542,7.48804,4.944195,4.494901,3.998578,4.751375,5.949983,5.247227,7.397365,7.565662,1.528335,5.848945,2.832468,2.163263,0.746517,4.609427,3.003264,6.568703,2.882902,6.340452,5.31308,5.133331,2.090197,5.949582,2.867624,4.439442,1.426816,4.777658,7.268023,4.181186,5.547998,0.224393,1.85086,5.417912,5.183427,3.548275,1.140987,4.395761,6.345006,2.758565,1.902138,3.107559,5.854086,0.28763,3.423485,4.842428,5.364748,1.145045,4.594496,4.367217,7.175852,5.337493,5.51703,3.379507,5.70012,4.846649,6.296835,2.73419,7.287714,3.520586,4.390092,2.649756,5.030004,4.52468,5.121001,4.10218,6.799243,1.896526,3.736433,4.691954,4.970682,4.418508,4.399892,4.125297,2.562302,2.066839,4.759614,6.868791,6.783429,2.083495,3.314122,6.265773,5.713402,2.730346,4.970319,2.513646,3.839281,2.620373,4.972688,7.25698,5.621784,6.082333,5.52594,1.357843,5.160373,1.684418,2.773206,5.220884,2.928579,3.850502,4.786303,4.295746,4.585282,4.63029,4.495536,3.138795,4.552585,3.433514,3.791221,2.85602,6.047406,5.424553,2.79599,7.277271,1.994432,3.227297,2.518274,6.199239,4.56631,5.0542,2.452741,1.237608,1.709673,3.442638,5.367776,1.811035,6.907108,4.91708,7.550983,6.15065,5.019387,5.335012,3.46356,5.217977,2.848533,3.819584,4.55834,7.010359,3.37957,2.492793
4.189227,3.908593,2.622591,3.005251,6.919424,7.387676,4.177652,6.121438,6.23368,6.528055,2.845184,3.038518,1.685543,4.025896,6.156158,6.274673,2.590581,3.196599,7.957722,3.010005,5.647527,4.781909,4.918293,6.166193,5.961354,1.356139,1.373276,5.635294,6.32301,11.113085,3.213873,2.501777,3.609056,3.270859,6.402445,5.011761,10.85695,6.9517,5.280215,5.347983,6.975487,3.169714,8.026897,6.547539,6.495651,7.165881,6.838712,5.773076,5.259207,6.784849,1.439756,6.618801,5.674054,2.212875,7.747867,5.169877,6.732644,4.435699,3.024258,5.833865,5.793885,4.323373,7.217227,8.98743,4.92225,4.881597,8.441298,7.157242,9.849201,2.161852,5.442725,3.901279,7.071616,4.09397,8.756066,5.202951,0,6.872802,2.905948,3.430056,7.092474,7.268988,5.493874,8.329609,5.74156,4.780706,6.969131,5.521582,4.810753,6.200731,4.633529,7.768768,5.774196,2.511421,4.976588,1.817048,5.483882,5.287911,6.698506,2.645028,5.229175,7.732471,2.511236,8.180491,5.929305,2.095775,6.849615,1.425416,7.171618,6.214645,8.370416,4.285977,5.096612,4.752898,6.366488,6.30746,0.854423,5.218574,5.026343,6.762744,5.074327,6.227607,6.675894,4.087501,4.621566,3.145716,8.863018,6.30637,3.376827,5.336451,5.463706,7.33324,6.57829,2.924483,5.038137,2.612089,3.738245,5.016617,4.307875,9.317769,6.917993,1.341984,2.758328,0.737418,6.736133,6.440871,6.099635,8.716887,3.046862,6.523738,5.008502,4.683825,6.609156,6.192213,3.021023,7.783893,3.726637,3.585579,6.995092,9.180236,6.627238,7.173463,9.916037,7.265727,1.188174,0.719688,5.089607,9.030928,8.546804,5.284863,10.463864,10.632161,4.535682,6.547946,2.505897,5.802717,5.256149,1.28224,2.724176,6.356305,6.15499,1.137501,2.518171,6.024882,4.974146,6.648583,4.882214,4.227044,4.744157,9.057211,10.568518,1.422628,3.587275,5.149978,5.260761,6.990688,2.763911,5.007054,4.898883,8.240881,1.920436,6.025314,4.229104,7.323133,9.154581,5.206205,3.614501,4.63003,5.15235,4.712123,6.167272,4.154819,10.476347,3.305322,5.304632,6.680002,5.487722,4.634251,6.084437,6.373644,10.354213,4.619297,4.177694,4.344415,4.817606,1.137183,3.377192,1.327221,6.586845,4.005169,5.117103,3.612476,1.746089,1.408143,3.22287,1.663252,3.725658,3.599152,0.501134,6.656393,6.571031,4.849942,5.73593,1.062822,2.522752,6.94592,6.543095,4.208305,7.139776,6.259827,5.864239,10.557475,0.418833,4.050162,1.10137,4.609296,0.446822,4.863767,6.41266,6.79366,2.671493,8.130055,3.161035,3.292158,2.877808,2.28776,6.068312,3.055046,6.125361,2.050681,2.124122,3.042072,4.015235,8.53997,2.445452,7.064873,3.444661,2.662866,4.966195,0.996288,7.681727,2.115039,4.591886,4.620364,4.47612,4.78059,0.500508,4.528408,6.69471,4.704682,10.851478,2.578133,3.641422,0.393249,2.384,5.083408,4.419972,6.935001,4.345942,6.797961,4.196964,4.189227
3.062292,5.811777,6.093123,3.868261,4.585738,5.321113,5.794139,0.915096,6.047793,2.766963,4.132711,6.50905,6.241447,5.642383,0.949816,4.133616,4.614168,5.772642,7.077293,4.824155,3.106532,4.645821,4.117577,4.025136,1.675179,5.644449,8.246078,1.237508,4.551819,5.866429,4.968574,8.325024,4.620634,4.137737,3.872821,1.861041,5.610294,3.190608,7.060237,2.096994,4.908924,5.37029,2.713073,6.305214,0.557297,5.101691,2.552537,4.090858,4.233795,0.617367,8.312558,6.376476,4.139113,4.739622,5.681304,2.859378,5.740089,2.675247,6.080272,4.439557,4.399577,4.06271,3.515423,8.107001,5.747368,6.528718,7.560869,5.323447,3.681719,5.596549,4.632983,5.71524,5.392326,3.173052,7.875637,5.300026,6.872802,0,5.172446,5.94589,0.219672,4.359693,4.657276,2.162127,2.956551,5.125234,5.390575,4.127274,3.861233,4.290432,6.250016,6.665374,2.05457,6.45912,3.956918,5.942321,5.868017,5.730428,2.412331,6.120447,3.59032,3.426916,5.196839,2.013009,0.975988,6.874766,4.638687,6.243434,0.298816,4.820337,2.369554,6.64865,2.979726,6.400019,2.080313,1.078377,6.304675,4.73941,4.225627,0.657591,3.998111,1.941432,0.196908,2.845356,6.238053,5.346292,3.325413,4.771409,4.388405,3.427265,2.079106,4.526304,5.697861,4.324069,2.662706,6.770024,3.528412,2.607569,2.800288,3.150287,2.631818,7.041128,6.27948,7.61022,4.693822,6.031414,3.678899,2.549405,4.943689,4.168372,4.63027,3.433978,5.214848,4.877842,4.076942,6.397531,6.974351,3.381189,5.60873,2.307434,4.080142,6.293034,4.234231,5.791781,6.279671,6.16994,2.680559,8.150499,2.167616,3.12876,4.296382,4.464679,4.399883,2.261771,4.605017,4.889752,4.740971,5.69368,4.971563,3.343187,4.620029,8.010303,5.643582,2.223074,3.301435,2.362408,2.573545,3.967636,4.597727,8.176782,5.321862,5.879914,5.8785,5.263193,3.92357,0.117886,5.513929,1.97218,4.351227,6.174318,7.743683,4.268776,3.699745,5.278132,5.481375,5.32643,3.939906,3.929401,4.321864,4.528612,1.595685,3.895411,4.339859,5.667995,3.665777,4.452918,3.891092,3.375478,4.654878,5.537046,4.186731,2.499331,3.918286,6.544991,3.868086,5.836729,5.451503,5.796224,4.173307,3.881148,2.160338,5.022456,6.035442,5.502761,6.372135,5.20955,3.280293,5.799728,6.431358,5.156573,4.023935,6.497063,1.985904,7.935624,6.043904,5.551661,0.329707,6.408881,5.073213,5.423229,2.062431,5.310819,7.291635,6.412835,6.685386,3.942183,6.828092,3.820871,5.576062,0.079142,4.917163,7.249626,5.116805,4.626248,6.34834,4.960792,1.496725,3.94543,1.885415,5.235166,4.875474,3.892749,6.377908,3.454416,4.759015,5.328143,5.645237,4.319357,6.931842,7.86909,3.048459,5.612351,3.028222,4.439638,6.123241,2.224613,7.03952,3.755977,5.300402,3.716052,5.604822,6.481152,6.889136,7.002731,4.547813,3.260054,2.673024,3.753027,3.553011,5.298141,2.913982,3.062292
2.486822,1.911544,1.332383,1.466684,5.200973,5.669225,2.180603,4.421082,4.236631,5.992668,2.07192,1.74831,3.13405,2.028847,4.455802,4.556222,2.248453,0.620269,6.239271,2.61802,3.929076,3.063458,4.644594,4.447742,4.900884,2.361203,4.279224,3.934938,4.604559,9.394634,4.151975,4.638828,3.804035,2.497595,6.128746,3.311405,9.138499,6.416313,3.283166,3.647627,5.257036,1.172665,6.308446,4.55049,4.795295,5.44743,5.778242,5.499377,3.540756,5.084493,4.345704,4.621752,3.955603,1.15074,6.029416,3.451426,6.860698,3.174115,0.927899,5.560166,5.520186,2.604922,5.498776,7.268979,2.925201,2.884548,6.722847,5.438791,8.148845,1.202718,3.724274,1.90423,6.797917,2.391565,7.037615,3.205902,2.905948,5.172446,0,0.793517,5.392118,5.550537,3.775423,6.629253,4.355679,2.783657,6.695432,5.247883,4.537054,4.48228,2.63648,6.050317,4.07384,4.588448,3.258137,3.223082,3.486833,3.290862,5.638036,4.722055,4.955476,6.01402,3.931394,6.480135,4.228949,4.172802,5.131164,2.171603,5.471262,5.940946,6.651965,5.832051,3.378161,2.755849,5.306018,5.24699,2.332633,3.221525,4.752644,5.062388,3.355876,5.167137,4.975538,2.524345,2.624517,1.148667,7.144567,4.587919,3.571806,3.618,4.403236,5.614789,4.586563,3.50747,4.419704,4.689116,2.525894,3.564119,2.607519,7.617413,5.857523,3.479035,4.835355,3.643366,5.017682,4.443822,5.825936,7.016531,4.12709,6.250039,3.011453,2.965374,6.335457,4.473762,1.367221,6.065442,1.924472,1.883174,5.276641,7.47988,6.353539,5.455012,8.197586,7.001943,2.656676,2.197898,3.637109,7.312477,6.846448,4.885758,8.763508,8.931805,2.817231,5.487476,0.574971,4.084266,3.267285,2.456204,0.206582,6.082606,4.436539,4.043449,3.938329,4.771862,3.255695,5.588113,3.178056,3.953345,3.025706,7.33876,8.850067,1.884183,5.061901,3.152929,3.54231,5.290332,4.69733,3.306698,3.180432,6.52243,4.057487,4.306863,2.510653,5.604682,7.43613,3.209156,2.937388,4.356331,4.878651,2.993672,4.466916,3.88112,8.757896,4.851396,5.030933,4.961551,5.214023,4.360552,5.810738,4.655193,8.653857,3.159117,3.903995,2.347366,4.543907,2.237161,4.634904,1.805177,6.313146,2.286718,3.461412,4.205857,3.152123,2.365485,1.219762,1.961129,2.023253,1.602103,2.462611,6.382694,6.297332,2.852893,4.035574,3.96877,4.599779,5.227469,4.842739,2.211256,5.421325,4.541376,4.611219,8.839024,3.324781,5.596236,3.238421,2.890845,2.86337,3.145316,4.694209,5.093304,0.294437,6.411604,4.300206,3.809649,1.405152,3.371052,4.367956,2.281782,4.425005,0.914592,1.627053,1.824663,5.561309,6.821519,0.461511,6.791174,1.447612,1.174529,2.969146,3.902236,5.963276,3.535197,2.887728,2.901913,2.479071,3.124899,3.070773,2.809957,6.421011,4.430983,9.133027,4.65516,1.839257,3.038009,1.689271,4.73188,2.719616,5.21655,4.072243,6.524262,2.962267,2.486822
3.260266,2.679289,0.863403,2.251079,5.974417,6.442669,2.948348,5.194526,5.004376,6.766112,2.700948,1.221186,3.667685,2.796592,5.229246,5.329666,2.874312,0.270013,7.012715,3.243879,4.70252,3.836902,5.418038,5.221186,5.674328,2.899872,4.718891,4.708382,5.378003,10.168078,4.925419,5.166785,4.577479,3.126623,6.90219,4.084849,9.911943,7.189757,4.050911,4.421071,6.03048,1.94041,7.08189,5.318235,5.568739,6.220874,6.551686,6.272821,4.3142,5.857937,4.869812,5.389497,4.729047,1.929522,6.80286,4.22487,7.634142,3.947559,0.405798,6.33361,6.29363,3.378366,6.27222,8.042423,3.692946,3.652293,7.496291,6.212235,8.922289,1.28793,4.497718,2.671975,7.571361,3.165009,7.811059,3.973647,3.430056,5.94589,0.793517,0,6.165562,6.323981,4.548867,7.402697,5.129123,3.551402,7.468876,6.021327,5.310498,5.255724,3.404225,6.823761,4.847284,5.127117,4.031581,3.761751,4.254578,4.058607,6.41148,5.260724,5.72892,6.787464,4.470063,7.253579,5.002393,4.711471,5.904608,2.477923,6.244706,6.71439,7.425409,6.605495,4.151605,3.523594,6.079462,6.020434,2.856741,3.98927,5.526088,5.835832,4.12932,5.940581,5.748982,3.297789,3.392262,1.916412,7.918011,5.361363,4.34525,4.391444,5.17668,6.388233,5.354308,4.280914,5.193148,5.227785,3.299338,4.337563,3.380963,8.390857,6.630967,4.006992,5.374024,4.167474,5.791126,5.211567,6.59938,7.789975,4.900534,7.023483,3.779198,3.738818,7.108901,5.247206,2.151616,6.838886,1.1478,2.656618,6.050085,8.253324,7.126983,6.228456,8.97103,7.775387,3.184876,2.722006,4.410553,8.085921,7.619892,5.659202,9.536952,9.705249,3.590675,6.26092,1.360294,4.85771,4.03503,2.989839,0.974327,6.85605,5.209983,4.567557,4.476998,5.545306,4.029139,6.361557,3.9515,4.726789,3.79915,8.112204,9.623511,2.408291,5.835345,3.920674,4.315754,6.063776,5.379607,4.080142,3.953876,7.295874,4.585444,5.080307,3.284097,6.378126,8.209574,3.976901,3.710832,5.129775,5.652095,3.767116,5.24036,4.654564,9.53134,5.62484,5.804377,5.734995,5.987467,5.133996,6.584182,5.428637,9.427301,3.932561,4.677439,3.115111,5.317351,2.771381,5.408348,2.329285,7.08659,3.060162,4.234856,4.979301,3.690792,2.904154,0.426245,2.53103,2.796697,2.369848,2.986719,7.156138,7.070776,3.620638,4.809018,4.492878,5.138448,6.000913,5.616183,2.979001,6.194769,5.31482,5.384663,9.612468,3.848889,6.36968,3.766378,3.664289,3.387478,3.91876,5.467653,5.866748,1.062182,7.185048,5.07365,4.583093,0.689636,3.924893,5.1414,2.91081,5.198449,1.413489,2.205716,2.609058,6.334753,7.594963,1.254066,7.564618,2.215357,1.959735,3.736891,3.418444,6.73672,4.073866,3.661172,3.675357,3.246816,3.898343,3.594881,3.583401,7.194455,5.204427,9.906471,5.193829,1.062585,3.562117,2.273277,5.505324,3.49306,5.989994,4.845687,7.297706,3.735711,3.260266
3.281964,6.031449,6.312795,4.087933,4.80541,5.540785,6.013811,1.134768,6.267465,2.986635,4.352383,6.728722,6.461119,5.862055,1.169488,4.353288,4.83384,5.992314,7.296965,5.043827,3.326204,4.865493,4.337249,4.244808,1.894851,5.864121,8.46575,1.45718,4.771491,6.086101,5.188246,8.544696,4.840306,4.357409,4.092493,2.080713,5.829966,3.41028,7.279909,2.316666,5.128596,5.589962,2.932745,6.524886,0.776969,5.321363,2.772209,4.31053,4.453467,0.837039,8.53223,6.596148,4.358785,4.959294,5.900976,3.07905,5.959761,2.894919,6.299944,4.659229,4.619249,4.282382,3.735095,8.326673,5.96704,6.74839,7.780541,5.543119,3.901391,5.816221,4.852655,5.934912,5.611998,3.392724,8.095309,5.519698,7.092474,0.219672,5.392118,6.165562,0,4.579365,4.876948,2.381799,3.176223,5.344906,5.610247,4.346946,4.080905,4.510104,6.469688,6.885046,2.274242,6.678792,4.17659,6.161993,6.087689,5.9501,2.632003,6.340119,3.809992,3.646588,5.416511,2.232681,1.19566,7.094438,4.858359,6.463106,0.079144,5.040009,2.589226,6.868322,3.199398,6.619691,2.299985,1.298049,6.524347,4.959082,4.445299,0.877263,4.217783,2.161104,0.41658,3.065028,6.457725,5.565964,3.545085,4.991081,4.608077,3.646937,2.298778,4.745976,5.917533,4.543741,2.882378,6.989696,3.748084,2.827241,3.01996,3.369959,2.85149,7.2608,6.499152,7.829892,4.913494,6.251086,3.898571,2.769077,5.163361,4.388044,4.849942,3.65365,5.43452,5.097514,4.296614,6.617203,7.194023,3.600861,5.828402,2.087762,4.299814,6.512706,4.453903,6.011453,6.499343,6.389612,2.900231,8.370171,1.947944,3.348432,4.516054,4.684351,4.619555,2.481443,4.824689,5.109424,4.960643,5.913352,5.191235,3.562859,4.839701,8.229975,5.863254,2.442746,3.521107,2.58208,2.793217,4.187308,4.817399,8.396454,5.541534,6.099586,6.098172,5.482865,4.143242,0.101786,5.733601,2.191852,4.570899,6.39399,7.963355,4.488448,3.919417,5.497804,5.701047,5.546102,4.159578,4.149073,4.541536,4.748284,1.815357,4.115083,4.559531,5.887667,3.885449,4.67259,4.110764,3.59515,4.87455,5.756718,4.406403,2.719003,4.137958,6.764663,4.087758,6.056401,5.671175,6.015896,4.392979,4.10082,2.38001,5.242128,6.255114,5.722433,6.591807,5.429222,3.499965,6.0194,6.65103,5.376245,4.243607,6.716735,2.205576,8.155296,6.263576,5.771333,0.549379,6.628553,5.292885,5.642901,2.282103,5.530491,7.511307,6.632507,6.905058,4.161855,7.047764,4.040543,5.795734,0.298814,5.136835,7.469298,5.336477,4.84592,6.568012,5.180464,1.716397,4.165102,2.105087,5.454838,5.095146,4.112421,6.59758,3.674088,4.978687,5.547815,5.864909,4.539029,7.151514,8.088762,3.268131,5.832023,3.247894,4.65931,6.342913,2.444285,7.259192,3.975649,5.520074,3.935724,5.824494,6.700824,7.108808,7.222403,4.767485,3.479726,2.892696,3.972699,3.772683,5.517813,3.133654,3.281964
3.204775,4.681568,6.489309,4.264447,0.366424,1.101908,4.66393,4.569469,2.413716,6.421336,4.613815,6.905236,6.63766,4.512174,4.604189,2.10481,5.095272,6.150733,3.075973,5.305259,2.640122,3.885223,5.831931,1.986373,5.329552,6.040635,8.642264,4.496519,0.976647,4.827317,5.744039,8.721237,5.396099,4.724617,7.316083,3.988963,4.571182,6.844981,5.930028,3.740197,0.690817,5.389345,1.653883,2.671137,4.21167,0.891005,6.20691,6.686714,2.364303,3.742326,8.708744,2.742399,1.620542,5.135808,1.462099,2.881319,8.048035,3.982089,6.458363,6.747503,6.707523,3.203676,1.455353,4.105681,3.907307,5.398509,3.559549,1.68937,3.994783,5.992735,2.655509,4.585031,7.985254,3.294822,3.874317,3.968493,7.268988,4.359693,5.550537,6.323981,4.579365,0,2.369295,2.461821,5.163653,3.935554,7.882769,6.43522,5.724391,1.452342,5.119807,2.446169,3.679457,7.234585,2.571738,6.52208,3.34405,3.890367,6.066704,6.895912,6.051953,0.964481,5.972304,2.382923,4.630361,7.4718,0.419373,6.63962,4.561186,7.128283,1.997402,7.424115,2.781054,5.26981,5.734686,4.73275,6.700861,3.396266,5.939981,4.311964,2.329273,5.595805,4.162785,3.439967,5.107844,5.544625,2.490004,1.4542,5.16387,2.307861,5.21121,0.30699,2.063784,5.099534,5.227678,7.545489,4.117958,4.372093,3.24064,3.449126,6.286191,7.437341,7.054945,8.006406,1.087963,2.397337,7.013273,2.848244,5.719154,7.437376,3.51129,2.588904,7.522794,1.578787,4.455511,2.763454,7.370537,3.873135,1.974653,3.687816,7.540876,2.658957,3.630269,8.18928,6.675857,6.566126,4.445083,4.149179,2.692386,5.693732,4.412092,4.580389,3.690827,5.916144,4.983586,1.903867,3.313434,6.089866,5.349654,6.99756,1.30282,8.406489,6.419047,5.579836,2.550713,6.016781,3.314129,5.140682,3.728599,4.175462,4.28275,6.2761,6.653965,3.817645,2.191661,4.477579,6.289394,3.984738,2.854716,1.955113,8.139896,1.471801,3.116502,1.1308,2.868813,3.754408,4.529452,5.543668,6.065988,3.482447,5.028497,5.068457,4.190579,6.44346,6.12741,1.310109,6.40136,5.522953,6.998075,2.463184,4.302441,3.967091,5.091332,5.933115,5.731244,6.232915,6.226968,6.19241,7.500483,3.527566,4.172896,5.797921,6.451121,5.898947,6.750226,5.605736,3.708772,5.350198,6.827544,7.570031,7.484669,5.366854,3.748123,8.33181,6.819369,1.917584,4.029986,5.797005,0.854008,2.349367,5.419193,4.271707,7.687821,7.1883,7.081599,2.928919,7.224278,2.618348,2.5022,4.280551,5.2891,3.248306,5.89227,5.401713,6.744526,5.736257,4.929537,4.523083,4.986586,5.631352,5.27166,4.336459,7.153373,2.80242,5.137106,7.978511,5.277791,4.707736,5.801633,8.265276,2.122915,6.387816,2.913257,3.425525,4.993032,3.889143,7.435706,2.861767,7.608348,5.61832,4.56571,7.256617,7.285322,7.398917,4.943999,5.707351,3.309049,1.449398,5.25958,7.711599,3.861124,3.204775
1.850539,2.567495,4.714195,2.489333,2.019731,2.487983,2.549857,3.905912,1.506556,5.711866,2.838701,5.130122,4.862546,2.398101,3.940632,1.734699,3.320158,4.375619,2.536056,3.530145,1.747114,1.773718,4.489987,1.616262,4.620082,4.265521,6.86715,3.419768,1.423317,6.213392,3.997368,6.946123,3.649428,2.964943,5.974139,2.910229,5.957257,6.135511,3.815955,2.663446,2.075794,3.275272,3.312282,1.763977,4.280125,1.949324,5.49744,5.34477,0.585995,4.569323,6.93363,1.835239,1.226017,3.360694,2.848174,1.797898,6.706091,2.893313,4.683249,5.405559,5.365579,1.196408,2.502612,3.565764,2.351069,3.284436,3.019632,1.735576,5.605649,4.217621,0.306183,2.470958,6.64331,1.758836,3.3344,1.85442,5.493874,4.657276,3.775423,4.548867,4.876948,2.369295,0,4.075541,4.074877,1.880952,6.540825,5.093276,4.382447,1.32985,3.005734,2.347102,2.602706,5.487914,0.812453,4.746966,2.43689,2.334129,5.357234,5.149241,4.800869,3.017856,4.225633,3.996643,3.713779,5.696686,1.949922,4.864506,4.956092,5.786339,3.655801,5.677444,1.693247,3.155737,5.025216,4.966188,4.925747,1.282193,4.598037,4.547218,1.032681,4.886335,4.460368,2.299394,2.993771,3.430552,4.148403,1.435224,3.417199,1.392555,4.122434,2.433547,1.156624,3.352863,4.138902,5.798818,2.371287,3.283317,2.117995,4.805188,5.576721,5.662227,5.308274,6.231292,1.809786,1.490177,5.671329,4.352039,3.972483,6.095432,1.397217,1.458164,6.18085,1.176416,2.680397,2.362227,5.595423,2.098021,1.573426,5.346215,6.198932,1.751797,5.016344,6.847336,4.900743,4.791012,3.356307,3.609262,4.350785,4.604956,5.798167,5.966464,1.579322,5.206674,3.208472,0.467287,1.199361,4.314752,3.57454,5.927999,1.283844,6.631375,4.672376,4.49106,1.447926,5.307311,2.225353,3.798738,1.617094,3.635545,5.668825,4.500986,4.907294,1.817587,0.93831,4.775162,4.542723,2.906004,0.743211,3.253648,6.364782,1.166471,1.274359,1.901467,4.254888,1.880824,2.782781,4.201724,4.724044,1.370942,3.951746,3.726513,5.576654,4.696789,4.876326,1.780309,5.059416,4.205945,5.656131,0.951978,5.688516,2.878315,3.749388,3.819042,4.3893,4.457801,4.480297,4.417296,6.158539,1.67639,3.094162,4.05125,4.676007,4.123833,4.975112,3.830622,1.948651,3.236125,5.05243,6.228087,6.142725,3.252781,2.671372,6.556696,5.072698,1.524254,4.327569,3.682932,2.240083,0.838161,4.330417,5.657782,5.912707,5.441629,5.306485,0.906203,5.449164,0.992835,0.990994,4.578134,3.513986,2.708389,4.145599,3.655042,4.969412,3.989586,3.852786,2.762962,3.909835,3.856238,3.496546,2.561345,5.406702,3.825355,3.361992,6.636567,3.163718,2.932622,3.68756,6.490162,2.967112,4.641145,1.81047,1.31402,2.878959,2.800367,5.660592,1.168781,6.266404,4.276376,5.951785,5.509946,5.510208,5.623803,3.168885,4.577273,2.206262,2.220386,3.917636,6.369655,2.737316,1.850539
4.519099,6.387814,7.54993,5.325068,2.687866,3.423241,6.370176,2.371903,4.149921,4.22377,5.589518,7.965857,7.698254,6.21842,2.406623,3.014612,6.070975,7.229449,5.179421,6.280962,3.55265,5.591469,5.574384,2.896175,3.131986,7.101256,9.702885,2.694315,2.653947,5.130404,6.425381,9.781831,6.077441,5.594544,5.329628,3.317848,4.874269,4.647415,7.636274,3.553801,3.011052,6.827097,1.041802,4.407342,2.014104,3.203819,4.009344,5.547665,4.070549,1.54476,9.769365,4.478604,3.321492,6.196429,3.783432,3.797001,7.196896,4.132054,7.537079,5.896364,5.856384,4.909922,1.617551,6.209129,5.643512,7.104755,5.662997,3.425575,2.945694,7.053356,4.361755,6.291277,6.849133,4.629859,5.977765,5.674739,8.329609,2.162127,6.629253,7.402697,2.381799,2.461821,4.075541,0,4.413358,5.671759,6.847382,5.584081,5.31804,2.771401,6.826053,4.767502,3.511377,7.915927,4.277984,7.399128,5.080255,5.626572,3.869138,7.577254,5.047127,1.529044,6.653646,0.149118,2.432795,8.331573,2.740815,7.700241,2.460943,6.277144,1.385321,8.105457,3.719441,6.976056,3.53712,2.535184,7.761482,5.102512,5.682434,2.114398,4.030223,3.398239,1.965219,4.302163,6.81409,6.803099,1.882971,3.159743,5.845212,3.639907,3.535913,2.628432,3.799989,5.780876,4.119513,8.226831,4.985219,4.064376,4.257095,1.252415,4.088625,8.497935,7.736287,9.067027,2.79595,4.133542,5.135706,0.651533,6.400496,5.625179,5.217536,4.271628,6.671655,3.285033,5.533749,4.499659,8.431158,4.837996,3.710858,2.638727,5.536949,4.395162,3.498206,7.248588,7.736478,7.626747,4.137366,6.252627,1.643297,4.585567,3.560357,3.728654,5.393849,3.718578,6.061824,3.610113,5.01968,7.150487,6.42837,4.799994,3.008363,9.46711,7.100389,3.679881,4.044137,3.819215,4.030352,5.424443,5.434845,6.27891,4.585837,7.336721,7.335307,5.55385,3.892611,2.280013,6.970736,3.428987,4.560962,4.276446,9.20049,2.947671,4.641622,3.38026,4.74535,5.490613,5.396713,5.386208,5.778671,5.188693,3.052492,5.352218,3.603834,7.124802,5.122584,2.555046,5.347899,4.832285,6.111685,4.199389,3.450706,3.956138,5.375093,7.639361,5.324893,7.293536,6.90831,7.253031,5.630114,5.052392,3.617145,6.479263,7.492249,6.959568,7.828942,6.666357,4.7371,7.056444,7.888165,6.61338,5.480742,7.0731,3.442711,9.392431,7.500711,3.653789,1.83242,7.503251,3.175341,4.085572,3.519238,4.574794,8.748442,7.869642,8.142193,4.635165,8.284899,4.324594,4.238405,2.082985,6.37397,5.351754,6.573612,6.083055,7.805147,6.417599,2.953532,5.402237,3.342222,6.691973,6.332281,5.349556,7.834715,1.556544,6.215822,6.78495,6.984037,5.776164,7.507879,9.325897,1.150587,7.069158,4.233228,5.131771,6.699278,3.68142,8.496327,4.568013,6.757209,5.172859,4.868797,7.937959,8.345943,8.459538,6.00462,4.716861,4.129831,1.855155,5.009818,6.754948,4.370789,4.519099
2.28692,5.228899,5.030173,3.051494,4.814089,5.282341,5.211261,2.647765,5.509225,2.623852,2.916336,5.4461,5.035342,5.059505,2.682485,3.564274,3.397793,4.955875,6.538725,3.60778,2.601202,3.834836,2.611187,3.455794,1.532068,4.527494,7.114836,2.161621,4.203835,8.11766,3.597222,7.118919,3.249282,2.785626,3.72971,1.538088,7.861525,3.047497,6.477359,1.877574,4.870152,4.553523,4.964304,5.766646,2.64656,5.060546,2.409426,3.4362,3.663096,2.868598,7.181316,5.837908,3.568739,3.769208,5.642532,2.354048,4.797521,1.305861,5.191526,3.496989,3.457009,3.255953,4.506828,7.568433,5.16449,5.94584,7.022301,5.279965,5.93295,4.533599,4.050584,5.132362,4.73474,2.393357,7.337069,4.717148,5.74156,2.956551,4.355679,5.129123,3.176223,5.163653,4.074877,4.413358,0,4.542356,4.632255,3.184706,2.354843,3.72109,5.667138,6.349771,2.303787,5.087768,3.374519,4.570969,5.285139,5.14755,2.26922,4.749095,2.135935,5.022072,3.825487,4.26424,2.455632,5.503414,4.74428,5.148531,3.255367,3.877769,4.620785,5.277298,2.40044,5.817141,1.937202,1.878174,5.173433,4.156532,2.719237,2.594624,3.415712,1.798321,2.759643,1.898821,5.655175,4.529525,5.576644,4.201035,3.017053,2.855792,1.03442,5.227905,5.159293,2.952717,1.309841,5.398672,2.176301,0.79156,2.00592,5.401518,2.488707,5.835023,4.908128,6.478978,4.630798,5.492846,3.282437,4.800636,3.572337,4.025261,4.033138,2.670651,4.27228,4.307468,3.260175,6.354049,5.911401,2.564422,5.565248,5.263985,3.937031,5.754466,6.485462,4.938766,5.107333,5.038698,0.92224,7.611931,4.630553,1.775895,6.547613,6.71591,3.588898,2.11866,3.78825,4.319378,4.158093,4.524336,4.154796,3.200076,4.049655,6.879061,4.27223,1.403046,2.702265,2.219297,1.952207,2.550531,3.786742,7.638214,7.573093,4.785011,4.507148,4.680315,3.352871,3.074437,4.142577,1.430926,3.768349,6.135546,6.537578,3.699434,2.892655,5.236987,7.049246,4.743552,2.572069,2.423011,2.815474,3.721855,2.693599,2.478306,6.59109,4.296643,2.211392,4.128121,3.150846,1.869088,3.747561,4.954647,6.437962,1.196562,2.501181,5.728224,2.361696,4.705487,4.080151,4.701321,4.030196,3.070163,1.511223,3.651104,4.783414,4.333417,5.403819,4.092595,2.463526,4.982961,5.300116,4.319517,3.880824,5.914185,2.262257,6.804382,4.672552,5.508179,2.626844,5.592114,5.034441,4.84083,1.242403,7.56205,6.160393,5.041483,5.479281,3.359305,5.69685,3.238472,4.993663,2.877409,4.100396,6.711058,3.745453,3.254896,5.28539,3.58944,2.594639,2.692579,2.651688,4.190691,3.758519,2.800653,5.006556,5.705647,3.942248,4.727997,4.82847,3.449367,6.348964,6.737848,4.971328,4.240999,2.292617,3.632881,5.540363,1.374834,5.908278,2.968317,4.357834,2.209662,7.856053,5.1098,5.826186,5.871489,3.35756,1.791333,1.899987,4.224602,2.046621,4.461085,1.544596,2.28692
2.318001,0.975964,3.948683,2.607834,3.58599,4.054062,0.958326,4.37387,1.521838,6.179345,2.957202,4.36461,4.981047,0.80657,4.40859,3.218421,3.438659,3.378154,3.571685,3.648646,2.677439,1.368218,4.955899,3.109941,5.087561,4.226477,6.153982,3.887726,3.049047,7.779471,4.46328,6.504102,4.11534,3.164602,6.440051,3.377708,7.523336,6.60299,2.224424,3.131404,3.341718,1.683741,4.9085,1.835697,4.748083,3.048932,5.964919,5.810682,1.652489,5.037281,6.220462,1.906959,2.418179,3.016014,4.111235,2.265856,7.172003,3.360792,3.685784,5.871471,5.831491,1.368939,4.09883,4.601393,0.651391,1.692905,4.055261,2.835184,7.171728,3.452109,1.663331,0.879427,7.109222,2.226298,4.370029,0.711666,4.780706,5.125234,2.783657,3.551402,5.344906,3.935554,1.880952,5.671759,4.542356,0,7.006737,5.559188,4.848359,2.95544,1.414203,3.382731,3.070664,5.953826,1.613489,4.865467,0.77204,0.634451,5.824713,5.615153,5.266781,4.614074,4.691545,5.592861,4.181737,5.815187,3.516181,4.127145,5.42405,6.252251,5.252019,6.143356,2.161205,1.564206,5.492695,5.433667,4.207391,0.727289,5.063949,5.015176,1.814327,5.353814,4.928326,2.766856,1.40224,1.839021,5.744621,3.060814,3.883111,2.246724,4.589913,3.999806,1.87177,3.818775,4.606381,6.26473,2.837199,3.750796,2.585457,6.401406,6.0442,5.344309,5.774186,5.518124,2.909394,1.729029,6.137241,5.948257,4.438395,6.561344,0.517217,1.925626,6.646762,2.802146,2.798898,3.461835,4.682357,2.216522,2.673034,6.942433,6.664844,2.787426,6.582423,7.313248,4.52195,4.072656,3.823786,4.644891,5.947003,5.072435,7.364246,7.532543,1.349562,5.674153,2.410223,2.189795,0.773049,4.321478,2.581019,6.393911,2.909434,5.918207,5.138288,4.958539,1.915405,5.77479,2.692832,4.26465,1.249303,4.671174,7.234904,3.758941,5.373206,0.5576,1.877392,5.24312,5.008635,3.373483,1.167519,4.289277,5.922761,2.785097,1.727346,3.001075,5.820967,0.494363,3.248693,4.667636,5.189956,0.965442,4.419704,4.192425,7.142733,5.162701,5.342238,3.406039,5.525328,4.671857,6.122043,2.655632,7.254595,3.345794,4.2153,2.227511,4.855212,4.102435,4.946209,3.679935,6.624451,1.719013,3.561641,4.517162,4.794508,4.230759,3.977647,3.826403,2.386128,1.644594,4.337369,6.693999,6.608637,1.66125,3.13933,5.843528,5.53861,2.623862,4.795527,2.091401,3.806162,2.541815,4.797896,7.223861,5.199539,5.907541,5.103695,1.196347,4.738128,1.522922,2.694648,5.046092,2.506334,3.744018,4.611511,4.120954,4.163037,4.455498,4.320744,2.962621,4.377793,3.011269,3.492327,2.679846,5.872614,5.421573,2.373745,7.102479,1.572187,2.995127,2.096029,5.776994,4.56333,4.878026,2.277949,1.060095,1.287428,3.267846,4.945531,1.636243,6.732316,4.742288,7.517864,5.975858,4.597142,4.912767,3.287386,5.043185,2.673741,3.816604,4.383548,6.835567,3.204778,2.318001
4.919282,7.632155,7.196396,5.391247,7.533205,8.001457,7.675642,5.538022,7.975173,2.623612,5.082559,7.612323,6.159699,7.523886,5.572742,6.500189,5.564016,7.295628,9.004673,5.774003,5.873043,6.219077,2.707289,6.391709,3.943982,5.898686,8.342407,5.472215,6.936791,10.551684,4.689153,7.68383,4.341213,4.951849,1.59649,4.848682,10.295549,2.199967,8.94174,5.188168,7.589268,6.893276,7.398328,8.232594,5.080584,7.779662,3.217136,1.513127,6.302944,5.302622,8.408887,8.303856,6.287835,5.935431,8.361648,5.395393,2.276579,4.213018,7.357749,1.802179,1.967152,5.642926,7.442743,10.034381,7.628871,8.410221,9.488249,7.999081,8.366974,6.699822,6.516532,7.596743,0.102485,4.91832,9.803017,7.181529,6.969131,5.390575,6.695432,7.468876,5.610247,7.882769,6.540825,6.847382,4.632255,7.006737,0,1.801387,2.350346,6.657005,8.131519,8.815719,5.614381,5.846327,5.965599,5.6629,7.74952,7.611931,3.07693,5.630872,2.895788,7.957987,4.917418,6.698264,5.598914,6.261973,7.463396,6.707998,5.689391,1.338909,7.054809,3.882115,5.336355,8.281522,4.349116,4.312198,6.401004,6.620913,3.05824,5.028648,6.023763,4.210235,5.193667,4.525413,8.119556,6.869278,8.010668,6.920151,4.108984,5.791707,4.216514,7.947021,7.625241,4.044648,3.7092,6.157231,4.169538,4.287937,4.742559,7.835542,3.296417,6.95938,5.666687,7.706549,7.349914,7.958794,1.846912,7.23466,4.664268,1.520084,6.497519,5.312568,0.969392,7.026564,5.574178,8.830844,8.077624,4.904175,8.042043,7.698009,1.676356,8.220414,8.919486,0.918852,6.23169,6.266269,4.418617,10.077879,7.064577,3.253236,8.981637,9.149934,5.973139,4.530574,6.128003,6.849668,6.622474,5.686891,6.494549,2.574082,6.768771,8.106632,5.364161,4.513987,5.581453,4.256969,5.022196,3.199031,6.170983,10.104162,10.007117,6.669302,4.837152,7.144696,6.063371,5.508461,5.200192,4.74152,6.23273,8.854662,7.102489,6.635349,5.280481,7.956103,9.768362,7.207933,4.346658,3.071511,2.068055,6.111574,6.004193,3.126806,9.025114,4.359725,2.904941,7.064036,1.690012,3.072514,0.935246,7.420595,8.871986,4.396616,3.149681,8.067977,2.270559,6.030012,4.869807,6.573895,1.583191,5.454404,4.821817,4.743035,5.875345,5.70211,7.570042,6.126371,4.803279,7.322714,6.527687,0.312738,1.702619,8.378566,5.572851,8.031953,5.431111,7.992871,5.060868,7.931867,7.753557,7.306778,4.353344,9.996074,7.387964,4.742911,6.603638,5.823686,6.924421,5.829552,7.459611,5.311433,6.440149,9.177006,4.837384,4.346827,7.451613,4.681371,5.905233,4.858802,5.962282,6.356914,5.924742,4.966876,3.649812,8.139671,6.282001,0.095742,7.168223,5.62531,8.689757,7.965419,7.733714,5.33293,5.152849,6.019854,8.004744,4.685428,7.135849,5.490882,0.858844,2.805695,10.290077,5.868359,7.992409,7.09906,5.523783,3.136278,4.835902,7.160517,2.723759,0.325844,4.279894,4.919282
3.471733,6.184606,5.748847,3.943698,6.085656,6.553908,6.228093,4.274721,6.527624,1.360311,3.63501,6.164774,4.71215,6.076337,4.309441,5.05264,4.116467,5.848079,7.557124,4.326454,4.425494,4.771528,1.25974,4.94416,2.680681,4.451137,6.894858,4.024666,5.489242,9.288383,3.241604,6.795727,2.893664,3.5043,1.234701,3.401133,9.032248,1.783956,7.494191,3.740619,6.141719,5.445727,6.135027,6.785045,3.817283,6.332113,1.953835,0.605332,4.855395,4.039321,6.961338,6.856307,4.840286,4.487882,6.914099,3.947844,1.738433,2.765469,5.9102,0.437901,0.397921,4.195377,5.995194,8.586832,6.181322,6.962672,8.0407,6.551532,7.103673,5.252273,5.068983,6.149194,1.903872,3.470771,8.355468,5.73398,5.521582,4.127274,5.247883,6.021327,4.346946,6.43522,5.093276,5.584081,3.184706,5.559188,1.801387,0,0.902797,5.209456,6.68397,7.36817,4.166832,4.73215,4.51805,4.215351,6.301971,6.164382,1.813629,4.393477,1.448239,6.510438,3.469869,5.434963,4.318677,5.147796,6.015847,5.260449,4.42609,0.818681,5.791508,3.938925,3.888806,6.833973,3.085815,3.048897,4.953455,5.173364,1.610691,3.765347,4.576214,2.946934,3.930366,3.077864,6.672007,5.421729,6.747367,5.472602,2.661435,4.344158,2.768965,6.499472,6.177692,2.597099,2.261651,5.043054,2.721989,2.840388,3.29501,6.572241,2.033116,5.511831,4.55251,6.259,5.902365,6.511245,0.931891,5.971359,3.216719,1.355994,5.04997,3.865019,1.213192,5.579015,4.126629,7.383295,6.630075,3.456626,6.594494,6.434708,1.459494,6.772865,7.656185,2.107898,4.784141,4.81872,2.971068,8.63033,5.801276,1.805687,7.718336,7.886633,4.52559,3.267273,4.680454,5.402119,5.174925,4.239342,5.047,1.188561,5.321222,6.659083,3.916612,3.250686,4.133904,3.36791,3.574647,1.751482,4.723434,8.656613,8.743816,5.221753,4.15153,5.697147,4.615822,4.24516,3.786959,3.293971,4.785181,7.407113,6.214386,5.1878,3.832932,6.508554,8.320813,5.760384,2.899109,1.623962,0.620506,4.664025,4.556644,1.679257,7.761813,3.941025,1.51942,5.616487,0.319978,1.624965,0.916693,5.973046,7.608685,2.949067,1.702132,6.620428,0.82301,4.582463,3.724533,5.126346,1.419101,4.006855,3.374268,3.295486,4.427796,4.254561,6.122493,4.678822,3.35573,5.875165,5.080138,1.488649,1.403287,6.931017,4.125302,6.584404,4.316934,6.545322,3.797567,6.484318,6.306008,5.859229,3.090043,8.732773,5.940415,4.685865,5.156089,4.376137,5.476872,4.382003,6.012062,4.048132,4.9926,7.729457,3.389835,2.899278,6.004064,3.233822,4.457684,3.411253,4.514733,4.909365,4.477193,3.519327,3.706622,6.87637,4.834452,1.897129,5.720674,4.177761,7.242208,6.51787,6.459694,3.885381,3.7053,4.572305,6.557195,3.237879,5.6883,4.043333,1.298746,1.358146,9.026776,4.754182,6.54486,5.651511,4.076234,1.688729,3.388353,5.712968,1.27621,1.630217,2.832345,3.471733
2.760904,5.473777,5.038018,3.232869,5.374827,5.843079,5.517264,3.799981,5.816795,1.90927,2.924181,5.453945,4.001321,5.365508,3.834701,4.341811,3.405638,5.13725,6.846295,3.615625,3.714665,4.060699,0.548911,4.233331,2.43675,3.740308,6.184029,3.313837,4.778413,9.022342,2.530775,6.084898,2.182835,2.793471,1.78366,2.690304,8.766207,2.332915,6.783362,3.02979,5.43089,4.734898,5.868986,6.074216,3.551242,5.621284,2.502794,1.154291,4.144566,3.77328,6.250509,6.145478,4.129457,3.777053,6.20327,3.237015,2.515612,2.05464,5.199371,1.21508,1.1751,3.484548,5.284365,7.876003,5.470493,6.251843,7.329871,5.840703,6.837632,4.541444,4.358154,5.438365,2.452831,2.759942,7.644639,5.023151,4.810753,3.861233,4.537054,5.310498,4.080905,5.724391,4.382447,5.31804,2.354843,4.848359,2.350346,0.902797,0,4.498627,5.973141,6.657341,3.456003,4.021321,3.807221,3.504522,5.591142,5.453553,2.362588,3.682648,0.618376,5.799609,2.75904,5.168922,3.607848,4.436967,5.305018,4.54962,4.160049,1.59586,5.525467,4.210851,3.177977,6.123144,2.841884,2.782856,4.242626,4.462535,0.899862,3.499306,3.865385,2.703003,3.664325,2.367035,5.961178,4.7109,6.481326,4.761773,1.950606,3.633329,1.939102,5.788643,5.466863,1.88627,1.431788,4.332225,2.01116,2.010525,2.584181,6.3062,2.582075,4.801002,3.841681,5.548171,5.191536,5.800416,1.48085,5.705318,2.50589,1.904953,4.339141,3.15419,1.990371,4.868186,3.4158,6.672466,5.919246,2.745797,5.883665,6.168667,2.008453,6.062036,7.390144,2.656857,4.073312,4.107891,2.141205,7.919501,5.535235,0.975824,7.452295,7.620592,3.814761,3.023342,3.969625,4.69129,4.464096,3.528513,4.336171,1.73752,4.610393,5.948254,3.205783,2.502525,3.423075,3.123979,2.863818,1.040653,4.012605,7.945784,8.477775,4.510924,3.440701,4.986318,3.904993,3.979119,3.07613,2.583142,4.074352,6.696284,5.503557,4.476971,3.122103,5.797725,7.609984,5.049555,2.18828,0.913133,0.533565,3.953196,3.845815,0.968428,7.495772,3.230196,0.693833,4.905658,0.868937,0.885712,1.465652,5.262217,7.342644,2.238238,0.991303,5.909599,0.079787,3.871634,3.013704,4.415517,1.96806,3.296026,2.663439,2.584657,3.716967,3.543732,5.411664,3.967993,2.644901,5.164336,4.369309,2.037608,1.952246,6.220188,3.414473,5.873575,3.606105,5.834493,3.531526,5.773489,5.595179,5.1484,2.341882,8.466732,5.229586,3.975036,4.44526,3.665308,4.766043,3.671174,5.301233,3.782091,4.281771,7.018628,2.679006,2.188449,5.293235,2.522993,3.746855,2.700424,3.803904,4.198536,3.766364,2.808498,3.940109,6.607108,4.123623,2.446088,5.009845,3.466932,6.531379,5.807041,5.748865,3.174552,2.994471,3.861476,5.846366,2.52705,4.977471,3.332504,2.075925,0.647317,8.760735,4.043353,5.834031,4.940682,3.365405,0.858866,2.677524,5.002139,0.565381,2.179176,2.121516,2.760904
2.136518,3.641983,5.421052,3.19619,1.102778,1.57103,3.624345,3.539068,2.293,5.358079,3.545558,5.836979,5.569403,3.472589,3.573788,0.657557,4.027015,5.082476,3.3225,4.237002,1.193983,2.845638,4.606167,0.53912,4.266295,4.972378,7.574007,3.052924,0.487047,5.296439,4.675782,7.65298,4.327842,3.65636,6.090319,2.545368,5.040304,5.781724,4.890443,2.296602,1.158841,4.34976,2.008142,2.550421,3.913281,1.349235,5.143653,5.46095,1.324718,4.051906,7.640487,2.621683,0.552285,4.067551,1.931221,1.438334,6.822271,2.539526,5.390106,5.521739,5.481759,2.143639,1.198472,4.352208,3.425557,4.358924,3.806076,1.568654,4.349042,4.924478,1.616064,3.545446,6.75949,2.226565,4.120844,2.928908,6.200731,4.290432,4.48228,5.255724,4.510104,1.452342,1.32985,2.771401,3.72109,2.95544,6.657005,5.209456,4.498627,0,4.080222,2.915291,2.235862,6.166328,1.51184,5.453823,3.223334,3.408617,5.003447,5.827655,4.60939,1.713716,4.904047,2.692503,3.346935,6.403543,1.032969,5.571363,4.589248,5.902519,2.351661,6.355858,1.360774,4.230225,4.671429,4.60116,5.632604,2.356681,4.714217,4.180374,1.261016,4.532548,4.093524,2.37171,4.068259,4.50504,2.844263,0.489724,4.095613,1.239604,3.768647,1.516594,1.943068,4.031277,3.785115,6.477232,3.049701,2.92953,2.172383,3.501048,5.222934,6.369084,5.986688,6.938149,0.919487,2.276621,5.755892,3.047899,4.650897,6.211612,2.471705,1.520647,6.29703,0.698973,3.387254,2.642738,6.30228,2.804878,1.853937,4.042075,6.315112,2.538241,4.099391,6.963516,5.6076,5.497869,3.00252,4.395706,3.046645,4.251169,4.881214,5.049511,2.651242,4.852887,3.915329,0.864422,2.273849,5.021609,4.281397,5.934303,0.338344,7.338232,5.35079,4.137273,1.482456,4.953524,1.871566,3.914918,2.689014,4.421989,4.751872,5.207843,5.585708,2.892075,1.123404,4.408318,5.221137,2.541143,1.815131,2.424235,7.071639,0.182336,2.048245,1.525676,3.337935,2.955312,3.461195,4.317904,4.840224,2.442862,3.584902,3.842693,4.659701,5.375203,4.684847,0.805069,5.175596,4.127232,5.772311,1.802129,4.771563,2.524528,3.865568,4.89353,4.50548,5.164658,5.158711,5.124153,6.274719,2.459309,2.729301,4.729664,5.382864,4.83069,5.681969,4.537479,2.640515,4.310613,5.759287,6.344267,6.258905,4.327269,2.304528,7.263553,5.751112,1.796868,3.960725,4.75742,1.32313,1.688312,3.97663,4.740829,6.619564,6.120043,6.013342,1.868882,6.156021,1.558311,1.841145,4.21129,4.220843,3.494833,4.824013,4.333456,5.676269,4.668,3.485942,3.454826,3.542991,4.563095,4.203403,3.268202,6.085116,2.521215,4.068849,6.752747,4.238206,3.639479,4.762048,7.197019,1.662972,5.319559,1.845,2.38594,3.953447,2.44658,6.367449,1.80173,6.382584,4.392556,5.034832,6.18836,6.217065,6.33066,3.875742,4.264788,2.18582,0.916246,4.033816,6.485835,2.656692,2.136518
3.442783,0.828787,3.801506,3.139294,4.770243,5.238495,0.455877,5.498652,2.867177,7.304127,3.745092,4.217433,4.852147,0.607633,5.533372,4.343203,3.921874,3.230977,4.917024,4.291441,3.802221,2.493,6.080681,4.234723,6.212343,4.0793,6.006805,5.012508,4.173829,8.963904,5.588062,6.356925,5.240122,4.170767,7.564833,4.50249,8.707769,7.727772,0.99889,4.256186,4.687057,1.536564,6.062794,3.181036,5.872865,4.394271,7.089701,6.935464,2.777271,6.162063,6.073285,3.252298,3.542961,2.868837,5.456574,3.390638,8.296785,4.485574,3.538607,6.996253,6.956273,2.493721,5.253124,5.946732,1.555747,0.467371,5.4006,4.180523,8.356161,3.304932,2.788113,0.73225,8.234004,3.35108,5.715368,1.836448,4.633529,6.250016,2.63648,3.404225,6.469688,5.119807,3.005734,6.826053,5.667138,1.414203,8.131519,6.68397,5.973141,4.080222,0,4.72807,4.195446,6.288655,2.738271,4.923289,2.117379,1.921408,6.949495,6.422262,6.391563,5.768368,5.631601,6.747155,5.306519,5.873009,4.700434,3.979968,6.548832,7.377033,6.406313,7.268138,3.285987,0.294892,6.617477,6.558449,4.060214,1.852071,6.188731,6.139958,2.939109,6.478596,6.053108,3.891638,0.118891,1.691844,6.898915,4.185596,5.007893,3.371506,5.714695,5.184059,3.217109,4.943557,5.731163,6.389323,3.961981,4.875578,3.710239,7.5557,7.168982,5.197132,6.535562,5.370947,4.254733,3.074368,7.262023,7.102551,5.563177,7.686126,1.641999,3.050408,7.771544,3.926928,3.039831,4.807174,4.53518,3.341304,4.018373,8.096727,7.789626,4.132765,7.766856,8.43803,4.374773,3.925479,4.948568,5.99023,7.101297,6.197217,8.548679,8.716976,2.474344,6.798935,2.263046,3.314577,1.897831,4.174301,2.433842,7.518693,4.034216,5.77103,5.638536,6.083321,3.040187,6.899572,3.817614,5.389432,2.374085,6.016513,8.419337,3.611764,6.497988,1.783475,3.002174,6.367902,6.133417,4.498265,2.292301,5.634616,5.775584,3.909879,2.852128,4.346414,7.0054,1.839702,4.373475,5.792418,6.314738,2.090224,5.544486,5.317207,8.327166,6.287483,6.46702,4.530821,6.65011,5.796639,7.246825,3.885504,8.439028,4.470576,5.340082,1.037929,5.979994,3.955258,6.070991,3.532758,7.749233,2.843795,4.686423,5.641944,4.85233,4.083582,3.83047,3.679226,3.51091,1.497417,4.190192,7.818781,7.733419,0.391936,4.264112,5.696351,6.299986,3.969201,5.920309,1.130525,4.990595,3.771687,5.922678,8.408294,5.052362,7.032323,4.956518,2.321129,4.590951,2.647704,3.92452,6.170874,2.359157,5.089357,5.736293,5.245736,4.01586,5.044473,5.445526,3.954954,5.502575,2.864092,3.34515,3.497273,6.997396,6.575867,2.226568,8.227261,1.42501,2.84795,0.870495,5.629817,5.717624,5.216839,3.402731,2.184877,0.428872,4.392628,4.798354,2.761025,7.857098,5.86707,8.702297,6.355367,4.449965,4.76559,3.362692,6.167967,3.798523,4.970898,5.50833,7.960349,4.32956,3.442783
4.125433,4.289831,6.989089,4.764227,2.079745,2.056413,4.272193,6.180806,1.860893,7.98676,5.113595,7.405016,7.13744,4.120437,6.215526,3.567759,5.595052,6.650513,0.88537,5.805039,4.02716,4.048612,6.764881,3.449322,6.894976,6.540415,9.142044,5.694662,2.439596,5.067467,6.272262,9.221017,5.924322,5.239837,8.249033,5.185123,4.811332,8.410405,5.538291,4.93834,2.136874,4.997608,3.959673,2.118314,6.517351,2.353506,7.772334,7.619664,2.890961,6.048007,9.208524,2.189576,3.083491,5.635588,0.98407,4.072792,8.980985,5.168207,6.958143,7.680453,7.640473,3.471302,3.194573,1.915078,3.354484,5.006772,1.368946,2.153892,4.459724,6.492515,2.581077,4.193294,8.918204,4.03373,1.683714,3.489215,7.768768,6.665374,6.050317,6.823761,6.885046,2.446169,2.347102,4.767502,6.349771,3.382731,8.815719,7.36817,6.657341,2.915291,4.72807,0,4.8776,7.762808,3.087347,7.02186,2.791227,3.337544,7.632128,7.424135,7.075763,3.265116,6.500527,4.688604,5.988673,7.97158,2.027081,7.1394,6.866976,8.061233,4.303192,7.952338,3.968141,4.878073,7.30011,7.038431,7.200641,3.557087,6.872931,6.617645,3.307575,7.161229,6.468466,4.574288,4.716107,5.152888,4.795794,2.917149,5.692093,3.672601,6.397328,2.510421,1.510961,5.627757,6.413796,8.073712,4.646181,5.558211,4.392889,5.497149,7.851615,7.937121,7.583168,8.506186,2.228102,1.844514,7.946223,5.044,6.247377,8.370326,3.672111,3.733058,8.455744,3.041696,4.955291,2.780543,7.870317,4.372915,1.991742,5.993606,8.473826,0.595305,3.870419,9.12223,7.175637,7.065906,5.631201,1.958576,4.998176,6.87985,4.652242,4.820539,3.854216,7.481568,5.483366,2.352028,3.474255,6.589646,5.849434,8.202893,2.765769,8.906269,6.94727,6.765954,3.72282,7.582205,4.500247,6.073632,3.891988,1.984859,4.5229,6.77588,7.182188,3.264822,3.222027,6.78326,6.817617,5.180898,3.018105,1.162112,8.639676,2.93475,3.549253,2.319783,3.108963,3.201585,5.057675,6.476618,6.998938,3.645836,6.22664,6.001407,4.430729,6.971683,7.15122,2.773058,7.33431,6.480839,7.931025,1.97434,4.542591,5.153209,6.024282,5.541378,6.664194,6.732695,6.755191,6.69219,8.433433,3.951284,5.369056,6.326144,6.950901,6.398727,7.250006,6.105516,4.223545,4.958461,7.327324,8.502981,8.417619,4.975117,4.946266,8.83159,7.347592,1.94257,6.335667,5.405268,1.659045,1.860523,6.605311,4.511857,8.187601,7.716523,7.581379,3.181097,7.724058,3.267729,2.013356,6.586232,5.78888,1.057703,6.420493,5.929936,7.244306,6.26448,6.12768,5.037856,6.184729,6.131132,5.77144,4.836239,7.681596,4.517316,5.636886,8.911461,4.886054,5.207516,5.409896,8.765056,3.659073,6.916039,4.085364,3.588914,4.601295,5.075261,7.935486,3.443675,8.541298,6.55127,4.80586,7.78484,7.785102,7.898697,5.443779,6.852167,4.481156,2.912347,6.19253,8.644549,5.01221,4.125433
1.663654,3.757207,4.994517,2.769655,3.329893,3.798145,3.739569,1.303206,4.037054,3.953621,3.034105,5.410444,5.142841,3.587813,1.337926,2.079046,3.515562,4.674036,5.066554,3.725549,1.051962,2.824316,3.563543,1.970566,2.861837,4.545843,7.147472,0.817062,2.718607,7.215679,3.873232,7.226418,3.525292,3.039131,4.942395,0.792835,6.959544,4.377266,5.005667,0.493824,3.385956,4.271684,3.83127,4.294475,1.677419,3.57635,3.739195,4.418326,2.179225,1.966617,7.213952,4.365737,2.084543,3.641016,4.158336,0.804808,5.779647,1.579905,4.981666,4.479115,4.439135,2.152876,3.0216,6.096262,3.692798,4.474148,5.55013,3.795769,5.030969,4.497943,2.578413,3.66067,5.716866,1.774414,5.864898,3.245456,5.774196,2.05457,4.07384,4.847284,2.274242,3.679457,2.602706,3.511377,2.303787,3.070664,5.614381,4.166832,3.456003,2.235862,4.195446,4.8776,0,5.363778,1.902348,4.846979,3.813447,3.675858,3.598989,5.025105,3.303844,3.536844,4.101497,3.362259,1.111073,5.779424,3.260084,5.144828,2.353386,4.859895,3.718804,5.553308,0.925156,4.345449,3.266971,2.365298,5.206069,2.68484,3.671593,1.944512,1.943541,3.12809,1.857662,1.74675,4.183483,4.247686,4.667391,2.716839,3.293063,1.372695,2.364189,3.743709,3.687122,3.228727,2.47775,5.674682,2.429806,1.512227,1.490345,4.499537,3.818476,5.942522,5.184138,6.511614,3.146602,4.020675,4.450346,3.898655,3.848347,5.168988,2.5757,1.474356,5.254406,2.823272,2.978336,4.869853,5.875745,2.27873,4.081052,4.362004,5.167188,4.282295,5.583481,5.920892,5.181065,5.071334,1.585217,6.13976,3.728572,2.943804,5.645632,5.813929,2.578378,3.448429,3.506411,2.835182,2.686401,4.595074,3.872957,4.529845,2.565459,6.911697,4.54824,2.732815,1.246865,3.549066,0.972869,2.872294,2.737422,6.166043,6.671112,4.781308,4.783158,3.208623,1.869,2.172456,4.418587,0.876838,2.296657,4.65135,6.645077,2.214206,1.826151,3.752791,5.56505,3.27186,2.8413,3.27528,3.7976,2.491908,1.34904,2.800069,5.689109,4.572653,3.379301,2.642893,4.132972,2.827884,4.729687,3.482476,5.535981,1.403989,2.822944,5.008754,3.462856,4.738123,4.356161,4.697618,5.232095,2.236921,1.064996,3.927114,4.936836,4.404155,5.273529,4.110944,2.126145,4.425837,5.332752,5.301643,5.110981,4.442493,0.068666,6.837018,4.948562,4.023983,1.724863,4.872644,3.550245,3.368659,2.572172,6.660069,6.193029,5.317493,5.58678,1.887613,5.729486,1.766301,3.521492,1.975428,3.818557,5.238887,4.021463,3.530906,5.249734,3.86545,1.25008,2.846824,1.307129,4.13656,3.776868,2.794143,5.282566,4.344343,3.660409,5.710123,4.35343,3.220751,4.877272,6.770484,3.4861,4.517009,1.258304,2.431042,4.068671,1.12817,5.940914,1.810967,5.33996,3.349932,6.954072,5.38581,5.79053,5.904125,3.449207,2.959242,1.36268,2.739374,2.991192,5.443211,1.816609,1.663654
4.039129,5.563719,4.319652,3.623709,6.885021,7.353273,5.832778,5.707756,6.922262,5.738623,3.388752,4.735579,1.993326,5.681022,5.742476,6.076142,3.030935,4.89366,7.951762,3.450359,5.448996,5.166166,4.128861,5.967662,5.171922,2.419539,3.585137,5.221612,6.288607,11.078682,1.682442,3.216387,2.206893,3.814427,5.613013,4.598079,10.822547,6.162268,6.935341,4.937565,6.941084,4.82484,7.828366,7.179683,6.081969,7.131478,6.04928,4.983644,5.250033,6.371167,3.651617,7.250945,5.639651,3.507469,7.713464,4.971346,4.913924,3.788971,4.721319,5.044433,5.004453,4.590015,7.018696,8.98147,6.57596,6.536723,8.435338,7.151282,9.435519,3.858913,5.463621,5.556405,5.948812,3.947124,8.750106,6.128618,2.511421,6.45912,4.588448,5.127117,6.678792,7.234585,5.487914,7.915927,5.087768,5.953826,5.846327,4.73215,4.021321,6.166328,6.288655,7.762808,5.363778,0,4.966583,1.890527,6.696609,6.55902,5.909074,0.826308,4.439743,7.53394,1.858098,7.766809,5.515623,0.415646,6.815212,3.159609,6.757936,5.102374,8.123354,2.467257,4.912308,6.408024,5.577056,5.518028,2.59942,5.568002,4.236911,6.234478,5.052567,5.438175,6.262212,3.799683,6.276692,4.800842,8.664487,6.271967,2.262611,5.302048,4.674274,7.298837,6.57233,2.521742,4.248705,0.310904,3.116627,4.364791,4.094375,8.904087,6.128561,1.932491,0.939608,2.949279,6.70173,6.905883,5.310203,8.303205,1.515431,5.734306,5.444608,4.651966,5.110815,6.171991,3.642675,7.777933,5.423698,3.851264,6.989132,8.766554,5.837806,7.167503,9.881634,5.447007,2.065317,2.464685,4.437781,9.024968,8.133122,4.495431,10.050182,10.218479,4.920228,5.758514,4.040263,5.796757,5.569563,2.205878,4.399444,5.566873,6.120587,3.349362,2.304841,5.23545,4.937954,5.859151,4.598149,3.437612,5.118072,9.051251,10.534115,3.142261,1.768555,6.091785,5.239001,6.577006,0.945191,4.490917,5.179819,8.206478,2.635046,5.990911,4.22757,7.307919,9.120178,6.155022,2.825069,3.840598,4.362918,5.058663,5.75359,3.365387,10.093659,1.486602,4.5152,6.639989,4.69829,3.844819,5.295005,6.367684,9.940531,3.972569,3.388262,5.999541,4.028174,2.502971,1.558472,3.046854,5.797413,4.401493,4.571214,2.081045,1.819568,2.222963,4.919931,2.647224,3.750368,5.254278,2.53413,5.533589,5.781599,6.505068,5.322248,3.274683,0.704032,6.93996,6.129413,5.863431,7.105373,6.253867,5.074807,10.523072,2.630694,2.231442,1.576749,4.770775,2.165907,4.850006,6.4067,6.379978,4.346761,8.124095,1.342315,2.370363,4.574869,2.728114,5.65463,3.598614,5.711679,3.741405,3.108094,3.599617,2.196515,8.341439,4.128186,5.942069,5.099787,3.475988,6.621321,3.210549,7.483196,2.188518,4.51037,4.966943,6.131246,4.29918,2.982211,4.509033,5.201229,3.91525,10.817075,0.244544,5.338483,2.340546,2.964356,4.293976,4.197947,6.73647,3.55651,5.675157,3.748332,4.039129
1.150445,2.300032,4.196909,1.972047,2.222174,2.690426,2.282394,3.205554,2.246801,5.011508,2.321415,4.612836,4.34526,2.130638,3.240274,1.769747,2.802872,3.858333,3.276301,3.012859,1.228126,1.456691,3.914761,1.661267,3.919724,3.748235,6.349864,2.71941,1.62576,6.415835,3.476037,6.428837,3.128097,2.443612,5.398913,2.209871,6.1597,5.435153,3.548492,1.963088,2.278237,3.007809,3.514725,2.504222,3.579767,2.446699,4.797082,4.769544,0.523084,3.868965,6.416344,2.575484,0.969505,2.843408,3.050617,1.09754,6.130865,2.192955,4.165963,4.830333,4.790353,0.728042,2.705055,4.306009,2.083606,3.016973,3.759877,2.475821,5.808092,3.700335,0.78816,2.203495,6.068084,1.063169,4.074645,1.586957,4.976588,3.956918,3.258137,4.031581,4.17659,2.571738,0.812453,4.277984,3.374519,1.613489,5.965599,4.51805,3.807221,1.51184,2.738271,3.087347,1.902348,4.966583,0,4.22968,2.204255,2.066666,4.656876,4.62791,4.225643,3.220299,3.704302,4.199086,3.013421,5.1794,2.152365,4.34722,4.255734,5.211113,3.858244,5.156113,0.992889,2.888274,4.324858,4.26583,4.408461,1.01473,4.022811,3.84686,0.264879,4.185977,3.76001,1.5993,2.726308,3.163089,4.350846,1.617479,2.895868,0.873567,3.422076,2.63599,1.896869,2.831532,3.438544,5.277487,1.849956,2.582959,1.417901,5.007631,4.876363,5.144941,4.786943,5.714006,2.016951,2.230422,5.096103,4.554482,3.451152,5.520206,1.129754,0.75807,5.605624,1.378859,2.163111,3.102472,5.078137,1.580735,2.313671,5.548658,5.623706,2.492042,5.218787,6.27211,4.383457,4.273726,2.655949,4.349507,4.553228,3.904598,6.00061,6.168907,1.261803,4.506316,2.691186,1.101098,0.931898,3.797466,3.057254,5.352773,1.466099,6.114089,4.151045,3.790702,0.747568,4.606953,1.524995,3.223512,1.300067,4.37579,5.871268,3.9837,4.385963,1.550124,0.450595,4.074804,4.021392,2.205646,0.537114,3.543631,5.847496,1.336423,0.753028,2.62314,4.457331,1.613361,2.26145,3.626498,4.148818,1.053915,3.251388,3.151287,5.779097,4.175458,4.3011,1.982752,4.48419,3.630719,5.080905,1.692223,5.890959,2.177957,3.174162,3.551579,3.814074,3.940515,3.958966,3.90001,5.583313,1.208024,2.393804,3.529919,4.158721,3.606547,4.457826,3.313336,1.42732,2.968662,4.535144,5.652861,5.567499,2.985318,1.971014,6.03941,4.551367,2.264499,3.627211,3.415469,2.442526,1.578406,3.630059,5.860225,5.395421,4.920298,4.789199,0.439396,4.931878,0.233075,1.731239,3.877776,2.9967,3.448634,3.624268,3.133711,4.452126,3.468255,3.152428,2.241631,3.209477,3.338952,2.97926,2.044059,4.885371,4.027798,2.844706,6.061341,2.896255,2.415336,3.420097,5.972876,3.169555,4.119814,1.110112,0.996501,2.611496,2.100009,5.143306,0.47702,5.691178,3.70115,6.154228,4.988615,4.992922,5.106517,2.651599,3.917174,1.505904,2.422829,3.34241,5.794429,2.037222,1.150445
3.442319,4.198353,2.954286,2.258343,6.172516,6.640768,4.467412,5.190957,6.181314,5.221824,2.00392,3.370213,0.642827,4.315656,5.225677,5.527765,1.646103,3.528294,7.210814,2.065527,4.900619,4.035001,3.612062,5.419285,4.655123,1.054173,3.093068,4.704813,5.576102,10.366177,1.448119,2.724318,1.97257,2.429595,5.096214,4.08128,10.110042,5.645469,5.569975,4.420766,6.228579,3.459474,7.279989,6.438735,5.56517,6.418973,5.532481,4.466845,4.512299,5.854368,3.159548,6.509997,4.927146,2.142103,7.000959,4.422969,5.570428,3.272172,3.355953,4.527634,4.487654,3.576465,6.470319,8.240522,5.21201,5.171357,7.69439,6.410334,8.91872,2.493547,4.695817,4.191039,5.765385,3.347062,8.009158,5.041641,1.817048,5.942321,3.223082,3.761751,6.161993,6.52208,4.746966,7.399128,4.570969,4.865467,5.6629,4.215351,3.504522,5.453823,4.923289,7.02186,4.846979,1.890527,4.22968,0,5.60825,5.470661,5.392275,2.024134,3.922944,6.985563,0.745482,7.25001,4.998824,1.474881,6.102707,1.80911,6.241137,4.908414,7.606555,3.123761,4.349704,5.042658,5.060257,5.001229,1.248921,4.48178,3.720112,5.717679,4.327419,4.921376,5.745413,3.261045,4.911326,3.435476,8.11611,5.559462,1.819304,4.589543,4.157475,6.586332,5.831382,1.980005,3.731906,1.991195,2.599828,3.847992,3.552033,8.387288,5.611762,1.440422,2.137434,2.45721,5.989225,6.164935,4.793404,7.786406,1.281108,5.217507,4.355305,3.936917,5.302925,5.445305,2.277309,7.036985,4.058332,2.838671,6.248184,8.249755,5.321007,6.426555,9.169129,5.969411,0.714818,1.114186,3.920982,8.28402,7.616323,3.978632,9.533383,9.70168,3.788774,5.241715,2.674897,5.055809,4.509241,0.840512,3.034078,5.050074,5.408082,2.857293,0.752417,4.718651,4.227238,5.342352,4.08135,2.920813,3.997249,8.310303,9.82161,1.791762,2.425059,5.004808,4.513853,6.060207,1.658389,3.974118,4.151975,7.493973,2.142977,5.278406,3.482196,6.576225,8.407673,5.068045,2.30827,3.323799,3.846119,3.965215,5.236791,2.848588,9.57686,2.143106,3.998401,5.933094,4.181491,3.32802,4.778206,5.626736,9.423732,3.45577,2.871463,4.634175,3.511375,1.152472,1.926614,1.696355,5.280614,3.258261,4.054415,1.846722,0.249615,0.857597,3.554565,1.281858,2.97875,3.888912,1.375604,5.350162,5.2648,5.139702,4.805449,2.782614,1.901858,6.199012,5.612614,4.498065,6.392868,5.512919,4.558008,9.810567,2.138625,2.887946,1.08468,3.862388,1.673838,4.116859,5.665752,5.863179,2.981395,7.383147,1.426984,1.853564,3.209503,1.343282,5.137831,2.213782,5.19488,2.376039,1.742728,2.214785,2.853019,7.793062,2.76282,5.758642,3.734421,2.110622,5.255955,2.71848,6.934819,0.330297,3.844978,3.873456,4.76588,3.782381,1.983766,3.7815,5.388479,3.398451,10.10457,1.957239,3.973117,1.848477,1.59899,3.777177,3.659309,6.188093,3.039711,5.49173,3.231533,3.442319
3.060784,1.67914,4.651859,3.350617,2.994486,3.462558,1.661502,5.116653,0.930334,6.922128,3.699985,5.067786,5.7025,1.509746,5.151373,3.710486,4.181442,4.08133,2.980181,4.391429,3.268205,2.111001,5.698682,3.592049,5.830344,4.929653,6.857158,4.630509,2.752349,7.187967,5.206063,7.207278,4.858123,3.907385,7.182834,4.120491,6.931832,7.345773,2.9276,3.874187,2.750214,2.386917,4.316996,1.244193,5.490866,2.457428,6.707702,6.553465,2.243255,5.780064,6.923638,1.315455,3.008945,3.71919,3.519731,3.008639,7.914786,4.103575,4.38896,6.614254,6.574274,2.111722,3.507326,4.009889,0.743793,2.396081,3.463757,2.24368,6.580224,4.155285,2.254097,1.582603,7.852005,2.969081,3.778525,0.878524,5.483882,5.868017,3.486833,4.254578,6.087689,3.34405,2.43689,5.080255,5.285139,0.77204,7.74952,6.301971,5.591142,3.223334,2.117379,2.791227,3.813447,6.696609,2.204255,5.60825,0,0.726853,6.567496,6.357936,6.009564,4.02257,5.434328,5.001357,4.92452,6.55797,2.924677,4.830321,6.166833,6.995034,4.660515,6.886139,2.903988,2.267382,6.235478,6.17645,4.910567,1.318055,5.806732,5.757959,2.429361,6.096597,5.671109,3.509639,2.105416,2.542197,5.153117,3.203578,4.625894,2.913646,5.332696,3.408302,1.280266,4.561558,5.349164,7.007513,3.579982,4.493579,3.32824,5.809902,6.786983,6.047485,6.516969,6.2213,2.31789,1.137525,6.880024,5.356753,5.181178,7.304127,1.26,2.668409,7.389545,3.131484,3.541681,2.870331,5.385533,2.959305,2.08153,6.350929,7.407627,2.195922,5.990919,8.056031,5.225126,4.775832,4.566569,4.053387,5.355499,5.815218,6.772742,6.941039,2.092345,6.416936,3.113399,2.441816,1.363815,5.024654,3.284195,7.136694,3.052198,6.621383,5.881071,5.701322,2.658188,6.517573,3.435615,5.007433,1.992086,4.07967,6.6434,4.462117,6.115989,0.654131,2.468158,5.985903,5.751418,4.116266,1.758285,3.697773,6.625937,3.123662,2.470129,2.409571,5.229463,0.590894,3.991476,5.410419,5.932739,1.708225,5.162487,4.935208,6.551229,5.905484,6.085021,3.085811,6.268111,5.41464,6.864826,2.064128,6.663091,4.088577,4.958083,2.930687,5.597995,4.805611,5.688992,4.383111,7.367234,2.461796,4.304424,5.259945,5.537291,4.933935,4.680823,4.529579,3.128911,2.34777,5.040545,7.436782,7.35142,2.364426,3.882113,6.546704,6.281393,2.032358,5.53831,2.794577,3.214658,1.950311,5.540679,6.632357,5.902715,6.650324,5.806871,1.93913,5.441304,2.265705,2.103144,5.788875,3.20951,3.152514,5.354294,4.863737,4.866213,5.198281,5.063527,3.705404,5.120576,3.714445,4.195503,3.422629,6.615397,4.830069,3.076921,7.845262,2.275363,3.698303,2.799205,6.48017,3.971826,5.620809,3.020732,1.802878,1.990604,4.010629,5.648707,2.379026,7.475099,5.485071,6.92636,6.718641,5.300318,5.615943,4.030169,5.785968,3.416524,3.2251,5.126331,7.57835,3.947561,3.060784
2.923195,1.483169,4.455888,3.213028,3.540803,4.008875,1.465531,4.979064,1.476651,6.784539,3.562396,4.871815,5.506529,1.313775,5.013784,3.671598,4.043853,3.885359,3.526498,4.25384,3.130616,1.973412,5.561093,3.563118,5.692755,4.733682,6.661187,4.49292,3.298666,7.734284,5.068474,7.011307,4.720534,3.769796,7.045245,3.982902,7.478149,7.208184,2.731629,3.736598,3.296531,2.190946,4.863313,1.79051,5.353277,3.003745,6.570113,6.415876,2.105666,5.642475,6.727667,1.861772,2.871356,3.523219,4.066048,2.87105,7.777197,3.965986,4.192989,6.476665,6.436685,1.974133,4.053643,4.556206,0.445457,2.20011,4.010074,2.789997,7.126541,3.959314,2.116508,1.386632,7.714416,2.831492,4.324842,0.740935,5.287911,5.730428,3.290862,4.058607,5.9501,3.890367,2.334129,5.626572,5.14755,0.634451,7.611931,6.164382,5.453553,3.408617,1.921408,3.337544,3.675858,6.55902,2.066666,5.470661,0.726853,0,6.429907,6.220347,5.871975,4.568887,5.296739,5.547674,4.786931,6.420381,3.470994,4.63435,6.029244,6.857445,5.206832,6.74855,2.766399,2.071411,6.097889,6.038861,4.714596,1.180466,5.669143,5.62037,2.291772,5.959008,5.53352,3.37205,1.909445,2.346226,5.699434,3.513991,4.488305,2.776057,5.195107,3.954619,1.826583,4.423969,5.211575,6.869924,3.442393,4.35599,3.190651,6.356219,6.649394,5.851514,6.37938,6.025329,2.864207,1.683842,6.742435,5.90307,5.043589,7.166538,1.122411,2.53082,7.251956,3.255323,3.404092,3.416648,5.189562,2.821716,2.627847,6.897246,7.270038,2.742239,6.537236,7.918442,5.029155,4.579861,4.42898,4.599704,5.901816,5.677629,7.319059,7.487356,1.954756,6.279347,2.917428,2.642972,1.226226,4.828683,3.088224,6.999105,3.362611,6.425412,5.743482,5.563733,2.520599,6.379984,3.298026,4.869844,1.854497,4.625987,7.189717,4.266146,5.9784,0.516542,2.330569,5.848314,5.613829,3.978677,1.620696,4.24409,6.429966,3.238274,2.33254,2.955888,5.77578,0.453305,3.853887,5.27283,5.79515,1.570636,5.024898,4.797619,7.097546,5.767895,5.947432,3.632128,6.130522,5.277051,6.727237,2.610445,7.209408,3.950988,4.820494,2.734716,5.460406,4.60964,5.551403,4.18714,7.229645,2.324207,4.166835,5.122356,5.399702,4.737964,4.484852,4.333608,2.991322,2.151799,4.844574,7.299193,7.213831,2.168455,3.744524,6.350733,6.143804,2.578675,5.400721,2.598606,3.760975,2.496628,5.40309,7.178674,5.706744,6.512735,5.6109,1.801541,5.245333,2.128116,2.649461,5.651286,3.013539,3.698831,5.216705,4.726148,4.670242,5.060692,4.925938,3.567815,4.982987,3.518474,3.999532,3.28504,6.477808,5.376386,2.88095,7.707673,2.079392,3.502332,2.603234,6.284199,4.518143,5.48322,2.883143,1.665289,1.794633,3.87304,5.452736,2.241437,7.33751,5.347482,7.472677,6.581052,5.104347,5.419972,3.89258,5.648379,3.278935,3.771417,4.988742,7.440761,3.809972,2.923195
3.569277,6.511256,6.187808,4.333851,6.096446,6.564698,6.493618,2.559778,6.791582,0.453318,4.073971,6.603735,5.889074,6.341862,2.594498,4.846631,4.555428,6.238232,7.821082,4.765415,3.896404,5.117193,2.719531,4.738151,0.965738,5.628061,8.071782,2.88219,5.486192,7.57344,4.418528,7.972651,4.070588,3.943261,1.559176,2.83329,7.317305,0.876963,7.759716,3.172776,6.152509,5.83588,4.420084,7.049003,2.10234,6.342903,0.140206,1.777213,4.945453,2.324378,8.138262,7.120265,4.851096,4.926843,6.924889,3.64925,3.426444,2.510636,6.349161,2.125912,2.085932,4.53831,5.222434,8.85079,6.446847,7.228197,8.304658,6.562322,5.38873,5.691234,5.332941,6.414719,3.078681,3.675714,8.619426,5.999505,6.698506,2.412331,5.638036,6.41148,2.632003,6.066704,5.357234,3.869138,2.26922,5.824713,3.07693,1.813629,2.362588,5.003447,6.949495,7.632128,3.598989,5.909074,4.656876,5.392275,6.567496,6.429907,0,5.570401,2.02652,5.133927,4.646793,3.72002,2.62067,6.32472,6.026637,6.306166,2.711147,2.506692,4.076565,5.626936,3.682797,7.099498,1.370872,1.333954,6.130379,5.438889,3.070482,2.050404,4.698069,1.231991,2.215423,3.181178,6.937532,5.811882,5.032424,5.483392,3.838359,4.138149,1.391775,6.233315,6.44165,3.774023,1.975375,6.219978,3.16095,2.086762,3.288277,4.857298,0.219487,6.688755,5.729434,7.435924,5.913155,6.775203,1.365254,4.256416,4.393643,1.854727,5.315495,3.953008,2.901203,5.589825,4.542532,7.636406,7.069036,3.846779,6.847605,4.719765,1.766497,7.036823,5.941242,3.478136,5.961065,5.995644,2.217442,8.894288,4.086333,2.441429,6.003393,6.17169,4.871255,1.55233,5.070607,5.601735,5.44045,5.416266,5.437153,1.029542,5.332012,7.836007,5.093536,1.535743,3.984622,1.652967,3.247409,3.211273,5.069099,8.920571,7.028873,5.942646,5.328454,5.962672,4.635228,2.530217,4.963883,2.726128,5.050706,7.417903,7.39131,4.981791,4.175012,6.519344,7.188386,6.025909,3.516438,3.083753,2.080297,5.004212,3.240367,3.139048,6.04687,5.117949,1.944727,5.410478,1.577447,2.688147,2.341233,6.237004,5.893742,2.491764,3.161923,7.010581,2.282801,5.759387,4.901457,5.858956,1.859662,4.35252,2.806425,4.47241,5.60472,5.431485,6.561454,5.25023,3.745883,6.265318,6.257062,2.842928,1.71029,7.196542,3.557459,7.761328,5.493858,6.790536,2.082624,6.874471,6.316798,6.123187,1.3751,7.01783,7.117339,5.862789,6.333013,4.641662,6.653796,4.520829,6.27602,2.333189,5.382753,7.993415,4.566759,4.076202,6.443025,4.410746,3.141407,3.850214,3.530097,5.348326,4.916154,3.958288,5.394633,5.161427,5.224605,3.014498,6.110827,4.616722,7.631321,7.694794,4.75547,5.062305,3.574974,4.915238,6.82272,2.670036,6.865224,4.250674,2.986757,2.817937,7.311833,5.931106,6.983821,6.828435,4.515195,2.364786,3.182344,5.460038,2.736001,2.984496,2.702656,3.569277
3.700456,5.697326,4.453259,3.757316,6.546348,7.0146,5.966385,5.369083,6.583589,5.39995,3.522359,4.869186,2.126933,5.814629,5.403803,5.737469,3.164542,5.027267,7.613089,3.583966,5.110323,4.827493,3.790188,5.628989,4.833249,2.553146,3.718744,4.882939,5.949934,10.740009,1.343769,3.349994,1.86822,3.560265,5.27434,4.259406,10.483874,5.823595,7.068948,4.598892,6.602411,4.958447,7.489693,6.84101,5.743296,6.792805,5.710607,4.644971,4.91136,6.032494,3.785224,6.912272,5.300978,3.641076,7.374791,4.632673,4.698469,3.450298,4.854926,4.70576,4.66578,4.251342,6.680023,8.642797,6.237287,6.67033,8.096665,6.812609,9.096846,3.99252,5.124948,5.690012,5.733357,3.608451,8.411433,5.789945,2.645028,6.120447,4.722055,5.260724,6.340119,6.895912,5.149241,7.577254,4.749095,5.615153,5.630872,4.393477,3.682648,5.827655,6.422262,7.424135,5.025105,0.826308,4.62791,2.024134,6.357936,6.220347,5.570401,0,4.10107,7.195267,1.519425,7.428136,5.17695,1.241954,6.476539,3.293216,6.419263,4.886919,7.784681,2.251802,4.573635,6.541631,5.238383,5.179355,2.733027,5.229329,3.898238,5.895805,4.713894,5.099502,5.923539,3.46101,6.410299,4.934449,8.325814,5.933294,1.923938,4.963375,4.335601,6.960164,6.233657,2.183069,3.910032,1.137212,2.777954,4.026118,3.755702,8.565414,5.789888,2.066098,1.004304,3.082886,6.363057,6.56721,4.97153,7.964532,1.176758,5.395633,5.105935,4.313293,4.89536,5.833318,3.776282,7.43926,5.557305,3.512591,6.650459,8.427881,5.499133,6.82883,9.542961,5.231552,2.198924,2.598292,4.099108,8.686295,7.794449,4.156758,9.711509,9.879806,4.581555,5.419841,4.17387,5.458084,5.23089,2.339485,4.533051,5.2282,5.781914,3.482969,1.966168,4.896777,4.599281,5.520478,4.259476,3.098939,4.779399,8.712578,10.195442,3.275868,1.5531,5.753112,4.900328,6.238333,0.606518,4.152244,4.841146,7.867805,2.768653,5.652238,3.888897,6.969246,8.781505,5.816349,2.486396,3.501925,4.024245,4.71999,5.414917,3.026714,9.754986,1.271147,4.176527,6.301316,4.359617,3.506146,4.956332,6.029011,9.601858,3.633896,3.049589,6.133148,3.689501,2.636578,1.343017,3.180461,5.45874,4.06282,4.232541,1.742372,1.953175,2.35657,5.053538,2.780831,3.411695,5.387885,2.667737,5.318134,5.442926,6.638675,4.983575,3.40829,0.768728,6.601287,5.79074,5.997038,6.7667,5.915194,4.736134,10.184399,2.764301,2.015987,1.710356,4.432102,2.299514,4.511333,6.068027,6.041305,4.480368,7.785422,1.003642,2.03169,4.708476,2.730228,5.315957,3.467218,5.373006,3.875012,3.241701,3.575292,1.98106,8.002766,4.261793,5.726614,5.233394,3.609595,6.754928,3.344156,7.144523,1.934937,4.171697,4.62827,6.264853,3.960507,3.115818,4.17036,4.985774,3.576577,10.478402,0.84834,5.47209,2.474153,3.097963,3.955303,3.859274,6.397797,3.217837,5.459702,3.409659,3.700456
3.163439,5.892199,5.45644,3.651291,5.702389,6.170641,5.935686,3.647822,6.235217,1.573202,3.342603,5.872367,4.419743,5.78393,3.682542,4.452574,3.82406,5.555672,7.264717,4.034047,3.601259,4.479121,0.999831,4.344094,2.165837,4.15873,6.602451,3.161678,5.092135,8.751429,2.949197,6.50332,2.601257,3.211893,1.644887,2.538145,8.495294,1.996847,7.201784,2.877631,5.758452,5.15332,5.598073,6.492638,3.280329,5.948846,2.166726,1.564797,4.551396,3.502367,6.668931,6.5639,4.457039,4.195475,6.530832,3.347778,3.061054,2.132405,5.617793,1.760522,1.720542,3.90297,5.395128,8.294425,5.888915,6.670265,7.748293,6.168265,6.566719,4.959866,4.776576,5.856787,2.998273,3.178364,8.063061,5.441573,5.229175,3.59032,4.955476,5.72892,3.809992,6.051953,4.800869,5.047127,2.135935,5.266781,2.895788,1.448239,0.618376,4.60939,6.391563,7.075763,3.303844,4.439743,4.225643,3.922944,6.009564,5.871975,2.02652,4.10107,0,5.910372,3.177462,4.898009,3.455689,4.855389,5.63258,4.968042,3.889136,2.141302,5.254554,4.629273,3.28874,6.541566,2.570971,2.511943,4.661048,4.880957,1.350782,3.228393,4.283807,2.43209,3.393412,2.770968,6.3796,5.129322,6.210413,5.089335,2.369028,3.744092,1.668189,6.116205,5.885285,2.304692,0.927614,4.750647,2.429582,1.791617,2.883537,6.035287,2.246007,5.219424,4.260103,5.966593,5.519098,6.218838,1.152838,5.434405,2.924312,1.95791,4.757563,3.548268,2.535813,5.195768,3.834222,7.090888,6.337668,3.164219,6.302087,5.897754,1.86968,6.480458,7.119231,3.202299,4.491734,4.526313,1.922297,8.337923,5.264322,0.46156,7.181382,7.349679,4.233183,2.752429,4.388047,5.109712,4.882518,3.946935,4.754593,1.401452,4.937955,6.366676,3.624205,2.268522,3.590565,2.853066,2.952264,1.459075,4.431027,8.364206,8.206862,4.929346,3.859123,5.40474,4.241171,3.708206,3.494552,2.430983,4.492774,7.023846,5.921979,4.587734,3.540525,6.125287,7.937546,5.467977,2.606702,1.331555,1.079007,4.371618,3.693656,1.38685,7.224859,3.648618,0.179569,5.016421,1.365031,0.838083,2.011094,5.680639,7.071731,2.196619,1.409725,6.328021,0.625229,4.290056,3.432126,4.833939,1.962845,3.714448,2.51128,3.003079,4.135389,3.962154,5.830086,4.386415,3.063323,5.582758,4.787731,2.58305,1.813473,6.63861,3.262314,6.291997,4.024527,6.252915,3.260613,6.191911,5.922741,5.566822,2.107879,8.195819,5.648008,4.393458,4.863682,4.08373,5.184465,4.089596,5.719655,3.511178,4.700193,7.43705,3.097428,2.606871,5.711657,2.941415,3.594696,3.118846,3.651745,4.616958,4.184786,3.22692,4.358531,6.339416,4.542045,2.99153,5.428267,3.885354,6.949801,6.225463,5.859628,3.592974,3.170234,4.279898,6.264788,2.374891,5.395893,3.750926,2.621367,0.883485,8.489822,4.461775,6.252453,5.359104,3.783827,0.344602,2.788287,5.112902,0.883233,2.724618,2.2672,3.163439
3.663184,5.330129,6.952792,4.72793,1.185371,1.920855,5.312491,3.636692,3.092236,5.488559,5.077298,7.368719,7.101143,5.160735,3.671412,1.956927,5.558755,6.614216,3.89492,5.768742,2.494965,4.533784,5.907149,1.83849,4.396775,6.504118,9.105747,3.959104,1.596262,5.246716,6.043394,9.18472,5.695454,5.175729,6.594417,3.84635,4.990581,5.912204,6.578589,3.597584,1.509764,6.037906,0.721106,3.349657,3.278893,1.709952,5.274133,6.761932,3.012864,2.809549,9.172227,3.420919,2.263807,5.599291,2.281046,2.739316,8.123253,3.840508,6.921846,6.822721,6.782741,3.852237,0.515244,4.924628,4.585827,6.04707,4.378496,2.36789,3.062006,6.456218,3.30407,5.233592,8.060472,3.753231,4.693264,4.617054,7.732471,3.426916,6.01402,6.787464,3.646588,0.964481,3.017856,1.529044,5.022072,4.614074,7.957987,6.510438,5.799609,1.713716,5.768368,3.265116,3.536844,7.53394,3.220299,6.985563,4.02257,4.568887,5.133927,7.195267,5.910372,0,6.271659,1.450146,3.697584,7.935283,1.23832,7.103103,3.628409,7.203501,1.064625,7.72347,2.661756,5.918371,4.801909,3.799973,7.164344,4.044827,6.015199,3.379187,2.972538,4.663028,3.230008,3.883348,5.756405,6.17731,1.557227,2.102058,5.463225,2.582222,4.800702,1.125937,2.742304,5.398889,5.086097,7.844844,4.566404,4.230512,3.59477,2.516349,5.353414,7.900824,7.3543,8.469889,1.738265,3.075857,6.400495,1.915467,6.018509,6.889968,4.159851,3.213943,7.598012,2.227348,4.918994,3.441974,7.83402,4.336618,2.653173,2.755039,6.801738,3.337477,3.614518,8.264498,7.13934,7.029609,4.303502,4.968126,1.759609,5.552151,3.676669,3.844966,4.336164,4.983367,5.447069,2.552428,3.961995,6.553349,5.813137,6.064783,1.950678,8.869972,6.718402,4.94467,2.986452,5.084004,3.172548,5.2159,4.37716,4.994409,4.702149,6.739583,6.95332,4.496165,2.834926,3.544802,6.588749,3.842125,3.503277,2.77406,8.603379,1.889986,3.583937,1.949747,3.68776,4.432928,4.977898,5.618886,6.141206,4.131008,4.317281,5.143675,3.720146,6.742815,5.985829,1.497361,6.476578,5.428214,7.073293,3.141704,3.567018,3.82551,5.16655,6.581676,5.806462,6.696398,6.526323,6.655893,6.894903,3.994707,4.030283,6.097276,6.914604,6.36243,7.213709,6.069219,4.167181,5.998759,7.291027,7.645249,6.745531,6.015415,3.60551,8.795293,7.118724,2.596104,3.097209,6.445566,1.672955,3.027887,4.784027,4.691106,8.151304,7.487655,7.545082,3.57748,7.687761,3.266909,3.18072,3.347774,5.752583,4.067253,6.191625,5.701068,7.208009,6.035612,4.218321,4.981492,4.607011,6.094835,5.735143,4.799942,7.452728,1.869643,5.600589,8.049739,5.926352,5.171219,6.450194,8.728759,1.182806,6.687171,3.175543,4.074086,5.641593,3.747562,7.899189,3.510328,7.683566,5.693538,4.985109,7.555972,7.748805,7.8624,5.407482,5.56577,3.486802,0.79747,5.334798,7.786817,3.957674,3.663184
2.776848,4.906665,3.662598,2.706848,5.62274,6.090992,5.175724,4.445475,5.659981,4.476342,2.404773,4.078525,1.337015,5.023968,4.480195,4.813861,2.046956,4.236606,6.689481,2.46638,4.186715,3.903885,2.86658,4.705381,3.909641,1.762485,3.787256,3.959331,5.026326,9.816401,0.702637,3.418506,1.227088,2.636657,4.350732,3.335798,9.560266,4.899987,6.278287,3.675284,5.678803,4.167786,6.566085,5.917402,4.819688,5.869197,4.786999,3.721363,3.987752,5.108886,3.853736,5.988664,4.37737,2.850415,6.451183,3.709065,4.824946,2.52669,4.064265,3.782152,3.742172,3.327734,5.756415,7.719189,5.313679,5.879669,7.173057,5.889001,8.173238,3.201859,4.20134,4.899351,5.019903,2.684843,7.487825,4.866337,2.511236,5.196839,3.931394,4.470063,5.416511,5.972304,4.225633,6.653646,3.825487,4.691545,4.917418,3.469869,2.75904,4.904047,5.631601,6.500527,4.101497,1.858098,3.704302,0.745482,5.434328,5.296739,4.646793,1.519425,3.177462,6.271659,0,6.504528,4.253342,2.169069,5.552931,2.503298,5.495655,4.162932,6.861073,2.378279,3.650027,5.75097,4.314775,4.255747,1.943109,4.305721,2.97463,4.972197,3.790286,4.175894,4.999931,2.537402,5.619638,4.143788,7.402206,5.009686,1.073822,4.039767,3.411993,6.036556,5.310049,1.259461,2.986424,2.169002,1.854346,3.10251,2.832094,7.641806,4.86628,2.13461,1.678458,3.151398,5.439449,5.643602,4.047922,7.040924,0.535626,4.472025,4.182327,3.389685,4.557443,4.90971,2.805404,6.515652,4.766644,2.588983,5.726851,7.504273,4.575525,5.905222,8.619353,5.223929,1.409006,1.808374,3.1755,7.762687,6.870841,3.23315,8.787901,8.956198,3.657947,4.496233,3.383209,4.534476,4.307282,1.548824,3.74239,4.304592,4.858306,3.551481,0.446743,3.973169,3.675673,4.59687,3.335868,2.175331,3.855791,7.78897,9.271834,2.48595,1.679577,4.829504,3.97672,5.314725,0.912907,3.228636,3.917538,6.944197,2.837165,4.72863,2.965289,6.045638,7.857897,4.892741,1.562788,2.578317,3.100637,3.796382,4.491309,2.103106,8.831378,1.397624,3.252919,5.377708,3.436009,2.582538,4.032724,5.105403,8.67825,2.710288,2.125981,5.342487,2.765893,1.84666,1.181132,2.390543,4.535132,3.139212,3.308933,1.10124,0.957927,1.565909,4.262877,1.99017,2.488087,4.597224,2.069792,4.60468,4.519318,5.848014,4.059967,3.476802,1.442882,5.677679,4.867132,5.206377,5.843092,4.991586,3.812526,9.260791,2.832813,2.142464,1.778868,3.508494,2.368026,3.587725,5.144419,5.117697,3.689707,6.861814,0.681502,1.108082,3.917815,1.568953,4.392349,2.54361,4.449398,3.084351,2.45104,2.615638,2.107537,7.079158,3.471132,5.01316,4.442733,2.815873,5.964267,3.412668,6.220915,0.415512,3.248089,3.704662,5.474192,3.036899,2.677954,3.246752,4.642997,2.652969,9.554794,1.88013,4.681429,2.542665,2.307302,3.031695,2.935666,5.474189,2.294229,4.746248,2.486051,2.776848
4.369981,6.308916,7.400812,5.17595,2.608968,3.344343,6.291278,2.222785,4.071023,4.074652,5.4404,7.816739,7.549136,6.139522,2.257505,2.935714,5.921857,7.080331,5.100523,6.131844,3.473752,5.512571,5.425266,2.817277,2.982868,6.952138,9.553767,2.545197,2.575049,4.981286,6.276263,9.632713,5.928323,5.445426,5.18051,3.16873,4.725151,4.498297,7.557376,3.404683,2.932154,6.677979,0.962904,4.328444,1.864986,3.124921,3.860226,5.398547,3.991651,1.395642,9.620247,4.399706,3.242594,6.047311,3.704534,3.718103,7.047778,3.982936,7.387961,5.747246,5.707266,4.831024,1.538653,6.130231,5.564614,7.025857,5.584099,3.346677,2.796576,6.904238,4.282857,6.212379,6.700015,4.480741,5.898867,5.595841,8.180491,2.013009,6.480135,7.253579,2.232681,2.382923,3.996643,0.149118,4.26424,5.592861,6.698264,5.434963,5.168922,2.692503,6.747155,4.688604,3.362259,7.766809,4.199086,7.25001,5.001357,5.547674,3.72002,7.428136,4.898009,1.450146,6.504528,0,2.283677,8.182455,2.661917,7.551123,2.311825,6.128026,1.306423,7.956339,3.640543,6.897158,3.388002,2.386066,7.612364,5.023614,5.533316,1.96528,3.951325,3.249121,1.816101,4.153045,6.735192,6.653981,1.804073,3.080845,5.696094,3.561009,3.386795,2.549534,3.721091,5.631758,3.970395,8.077713,4.836101,3.915258,4.107977,1.173517,3.939507,8.348817,7.587169,8.917909,2.717052,4.054644,4.986588,0.572635,6.251378,5.476061,5.138638,4.19273,6.522537,3.206135,5.384631,4.420761,8.28204,4.688878,3.63196,2.489609,5.387831,4.316264,3.349088,7.09947,7.58736,7.477629,3.988248,6.173729,1.494179,4.436449,3.411239,3.579536,5.314951,3.56946,5.912706,3.531215,4.940782,7.001369,6.279252,4.650876,2.929465,9.317992,6.951271,3.530763,3.965239,3.670097,3.881234,5.275325,5.355947,6.200012,4.436719,7.187603,7.186189,5.474952,3.813713,2.130895,6.821618,3.279869,4.482064,4.197548,9.051372,2.868773,4.562724,3.301362,4.596232,5.411715,5.247595,5.23709,5.629553,5.109795,2.903374,5.2031,3.454716,6.975684,4.973466,2.476148,5.198781,4.683167,5.962567,4.120491,3.301588,3.80702,5.225975,7.560463,5.175775,7.144418,6.759192,7.103913,5.480996,4.973494,3.468027,6.330145,7.343131,6.81045,7.679824,6.517239,4.587982,6.977546,7.739047,6.464262,5.331624,6.994202,3.293593,9.243313,7.351593,3.574891,1.683302,7.424353,3.096443,4.006674,3.37012,4.425676,8.599324,7.720524,7.993075,4.556267,8.135781,4.245696,4.159507,1.933867,6.224852,5.272856,6.424494,5.933937,7.656029,6.268481,2.804414,5.253119,3.193104,6.542855,6.183163,5.200438,7.685597,1.477646,6.066704,6.635832,6.905139,5.627046,7.428981,9.176779,1.071689,6.92004,4.15433,5.052873,6.62038,3.532302,8.347209,4.489115,6.608091,5.023741,4.719679,7.788841,8.196825,8.31042,5.855502,4.567743,3.980713,1.776257,4.8607,6.60583,4.221671,4.369981
2.118795,4.86828,5.149626,2.924764,4.440966,4.909218,4.850642,0.224624,5.148127,2.975302,3.189214,5.565553,5.29795,4.698886,0.259344,3.190119,3.670671,4.829145,6.177627,3.880658,2.163035,3.702324,3.715388,3.081639,1.883518,4.700952,7.302581,0.294011,3.82968,6.137097,4.025077,7.381527,3.677137,3.19424,4.08116,0.917544,5.880962,3.398947,6.11674,1.153497,4.497029,4.426793,2.983741,5.405548,0.598837,4.687423,2.760876,4.299197,3.290298,0.888035,7.369061,5.47681,3.195616,3.796125,5.269409,1.915881,5.931492,1.73175,5.136775,4.63096,4.59098,3.119213,3.786091,7.207335,4.803871,5.585221,6.661203,4.906842,3.952387,4.653052,3.689486,4.771743,5.600665,2.229555,6.975971,4.356529,5.929305,0.975988,4.228949,5.002393,1.19566,4.630361,3.713779,2.432795,2.455632,4.181737,5.598914,4.318677,3.607848,3.346935,5.306519,5.988673,1.111073,5.515623,3.013421,4.998824,4.92452,4.786931,2.62067,5.17695,3.455689,3.697584,4.253342,2.283677,0,5.931269,4.371157,5.299937,1.274804,5.01174,2.640222,5.705153,2.036229,5.456522,2.288652,1.286716,5.361178,3.795913,3.823438,0.86593,3.054614,2.149771,0.77908,1.901859,5.294556,4.402795,3.596081,3.827912,3.444908,2.483768,2.287445,4.796972,4.798195,3.380572,2.629595,5.826527,2.584915,1.664072,1.856791,3.420955,2.840157,6.097631,5.335983,6.666723,4.257675,5.131748,3.887238,2.820073,4.000192,4.376711,3.686773,2.490481,5.406251,3.934345,3.133445,5.980926,6.030854,2.437692,5.192125,3.283422,4.288481,5.393368,4.504899,6.00012,5.336174,5.226443,1.737062,7.250833,2.64999,3.095649,4.56705,4.735347,3.456386,2.47011,3.66152,3.946255,3.797474,4.750183,4.028066,3.551526,3.676532,7.066806,4.700085,2.431413,2.357938,2.570747,1.630048,3.024139,3.65423,7.277116,5.59253,4.936417,4.935003,4.319696,2.980073,1.093874,4.570432,1.028683,3.40773,5.762423,6.800186,3.325279,2.756248,4.863864,5.752043,4.382933,2.996409,3.427125,3.949445,3.585115,0.652188,2.951914,4.610527,4.724498,3.531146,3.753966,4.099431,2.979729,4.863217,4.593549,4.457399,1.555834,2.974789,5.601494,3.614701,4.893232,4.508006,4.852727,4.381646,2.937651,1.216841,4.078959,5.091945,4.559264,5.428638,4.266053,2.336796,4.856231,5.487861,5.364912,4.232274,5.553566,1.042407,6.992127,5.100407,5.135056,0.646281,5.465384,4.661318,4.479732,2.27077,5.581487,6.348138,5.469338,5.741889,2.998686,5.884595,2.877374,4.632565,0.896846,3.973666,6.34996,4.173308,3.682751,5.404843,4.017295,0.553228,3.001933,0.941918,4.291669,3.931977,2.949252,5.434411,3.725084,3.815518,5.536482,4.70174,3.37586,5.988345,6.925593,3.319127,4.668854,2.084725,3.496141,5.179744,1.281116,6.096023,2.81248,5.491805,3.501777,5.87549,5.537655,5.945639,6.059234,3.604316,3.111087,1.729527,3.850447,3.143037,5.50648,1.970485,2.118795
4.392039,5.148073,3.904006,3.208063,7.122236,7.590488,5.417132,6.123402,7.131034,6.154269,2.973106,4.319933,1.57768,5.265376,6.158122,6.477485,2.615289,4.478014,8.160534,3.034713,5.850339,4.984721,4.544507,6.369005,5.587568,2.003893,3.169491,5.637258,6.525822,11.315897,2.098088,2.800741,2.622539,3.398781,6.028659,5.013725,11.059762,6.577914,6.519695,5.353211,7.178299,4.409194,8.229709,7.388455,6.497615,7.368693,6.464926,5.39929,5.462019,6.786813,3.235971,7.459717,5.876866,3.091823,7.950679,5.372689,5.32957,4.204617,4.305673,5.460079,5.420099,4.526185,7.420039,9.190242,6.16173,6.121077,8.64411,7.360054,9.851165,3.443267,5.645537,5.140759,6.364458,4.296782,8.958878,5.991361,2.095775,6.874766,4.172802,4.711471,7.094438,7.4718,5.696686,8.331573,5.503414,5.815187,6.261973,5.147796,4.436967,6.403543,5.873009,7.97158,5.779424,0.415646,5.1794,1.474881,6.55797,6.420381,6.32472,1.241954,4.855389,7.935283,2.169069,8.182455,5.931269,0,7.052427,2.743963,7.173582,5.51802,8.539,2.882903,5.299424,5.992378,5.992702,5.933674,2.183774,5.4315,4.652557,6.650124,5.277139,5.853821,6.677858,4.215329,5.861046,4.385196,9.06583,6.509182,2.678257,5.539263,5.08992,7.536052,6.781102,2.937388,4.664351,0.516314,3.532273,4.780437,4.510021,9.319733,6.544207,1.516845,1.355254,2.533633,6.938945,7.114655,5.725849,8.718851,1.931077,6.149952,5.305025,4.886637,5.526461,6.395025,3.227029,7.986705,5.008052,3.788391,7.197904,9.1822,6.253452,7.376275,10.118849,5.862653,1.649671,2.049039,4.853427,9.23374,8.548768,4.911077,10.465828,10.634125,4.738494,6.17416,3.624617,6.005529,5.458961,1.790232,3.983798,5.982519,6.357802,2.933716,2.176004,5.651096,5.176958,6.274797,5.013795,3.853258,4.946969,9.260023,10.77133,2.726615,2.184201,5.954528,5.463573,6.992652,1.360837,4.906563,5.101695,8.443693,2.2194,6.228126,4.431916,7.525945,9.357393,6.017765,3.240715,4.256244,4.778564,4.914935,6.169236,3.781033,10.509305,1.902248,4.930846,6.882814,5.113936,4.260465,5.710651,6.576456,10.356177,4.388215,3.803908,5.583895,4.44382,2.087325,1.974118,2.631208,6.213059,4.207981,4.98686,2.496691,1.403922,1.807317,4.504285,2.231578,3.92847,4.838632,2.118484,5.949235,6.197245,6.089422,5.737894,2.859037,1.119678,7.148732,6.545059,5.447785,7.342588,6.462639,5.490453,10.760287,2.215048,2.647088,1.161103,4.812108,1.750261,5.066579,6.615472,6.795624,3.931115,8.332867,1.757961,2.786009,4.159223,2.312468,6.070276,3.182968,6.127325,3.325759,2.692448,3.183971,2.612161,8.742782,3.71254,6.357715,4.684141,3.060342,6.205675,2.794903,7.884539,1.772872,4.794698,4.823176,5.7156,4.714826,2.566565,4.73122,5.616875,4.330896,11.05429,0.66019,4.922837,1.9249,2.54871,4.709622,4.613593,7.137813,3.972156,6.090803,4.163978,4.392039
2.785402,4.262195,6.069936,3.845074,0.069809,0.68282,4.244557,4.56329,1.994343,6.381269,4.194442,6.485863,6.218287,4.092801,4.59801,1.685437,4.675899,5.73136,2.656885,4.885886,2.220749,3.46585,5.412558,1.567,5.289485,5.621262,8.222891,4.077146,0.557274,4.408229,5.324666,8.301864,4.976726,4.305244,6.89671,3.56959,4.152094,6.804914,5.510655,3.320824,0.271444,4.969972,1.932877,2.251764,4.490664,0.471632,6.166843,6.267341,1.94493,4.02132,8.289371,2.323026,1.201169,4.716435,1.043011,2.461946,7.628662,3.562716,6.03899,6.32813,6.28815,2.784303,1.312251,3.686593,3.487934,4.979136,3.140461,1.269997,3.800486,5.573362,2.236136,4.165658,7.565881,2.875449,3.455229,3.54912,6.849615,4.638687,5.131164,5.904608,4.858359,0.419373,1.949922,2.740815,4.74428,3.516181,7.463396,6.015847,5.305018,1.032969,4.700434,2.027081,3.260084,6.815212,2.152365,6.102707,2.924677,3.470994,6.026637,6.476539,5.63258,1.23832,5.552931,2.661917,4.371157,7.052427,0,6.220247,4.84018,6.70891,2.276396,7.004742,2.361681,4.850437,5.694619,5.011744,6.281488,2.976893,5.520608,4.590958,1.9099,5.555738,4.441779,3.020594,4.688471,5.125252,2.768998,1.034827,4.744497,1.888488,4.791837,0.483625,1.644411,4.680161,4.808305,7.126116,3.698585,3.95272,2.821267,3.614827,6.246124,7.017968,6.635572,7.587033,0.66859,1.977964,6.5939,3.127238,5.299781,7.018003,3.091917,2.169531,7.103421,1.159414,4.036138,2.344081,6.951164,3.453762,1.55528,3.96681,7.121503,2.239584,3.211181,7.769907,6.256484,6.146753,4.02571,3.730091,2.97138,5.274359,3.993004,4.161301,3.271454,5.876077,4.564213,1.484494,2.894061,5.670493,4.930281,6.85057,0.883447,7.987116,5.999674,5.160463,2.13134,5.976714,2.894756,4.721309,3.309226,3.756374,3.863662,5.856727,6.234592,3.398272,1.772288,4.756573,5.870021,3.565365,2.435343,1.536025,7.720523,1.052428,2.697129,0.711427,2.449725,3.335035,4.110079,5.124295,5.646615,3.063074,4.609124,4.649084,3.771491,6.024087,5.708037,0.890736,5.981987,5.10358,6.578702,2.043811,3.883353,3.547718,4.671959,5.513742,5.311871,5.813542,5.807595,5.773037,7.08111,3.108193,3.753523,5.378548,6.031748,5.479574,6.330853,5.186363,3.289399,4.930825,6.408171,7.150658,7.065296,4.947481,3.32875,7.912437,6.399996,1.498211,4.30898,5.377632,0.43492,1.929994,4.99982,3.852619,7.268448,6.768927,6.662226,2.509546,6.804905,2.198975,2.082827,4.559545,4.869727,2.829218,5.472897,4.98234,6.325153,5.316884,4.510164,4.10371,4.567213,5.211979,4.852287,3.917086,6.734,2.634994,4.717733,7.559138,4.858418,4.288363,5.38226,7.845903,1.776751,5.968443,2.493884,3.006152,4.573659,3.46977,7.016333,2.442394,7.188975,5.198947,4.146622,6.837244,6.865949,6.979544,4.524626,5.287978,2.889676,1.030025,4.840207,7.292226,3.441751,2.785402
3.559859,3.255032,1.670458,2.375883,6.290056,6.758308,3.524091,5.49207,5.580119,6.266922,2.252155,2.086385,1.677605,3.372335,5.52679,5.645305,2.329448,2.244466,7.328354,2.748872,5.018159,4.152541,4.65716,5.536825,5.569014,0.955769,2.798692,5.005926,5.693642,10.483717,3.205935,3.162145,3.347923,2.67783,6.141312,4.382393,10.227582,6.690567,4.626654,4.718615,6.346119,2.516153,7.397529,5.893978,5.866283,6.536513,6.446372,5.511943,4.629839,6.155481,2.865172,5.96524,5.044686,1.562192,7.118499,4.540509,6.873264,3.84267,2.072125,5.572732,5.532752,3.694005,6.587859,8.358062,4.268689,4.228036,7.81193,6.527874,9.219833,1.209719,4.813357,3.247718,6.810483,3.464602,8.126698,4.54939,1.425416,6.243434,2.171603,2.477923,6.463106,6.63962,4.864506,7.700241,5.148531,4.127145,6.707998,5.260449,4.54962,5.571363,3.979968,7.1394,5.144828,3.159609,4.34722,1.80911,4.830321,4.63435,6.306166,3.293216,4.968042,7.103103,2.503298,7.551123,5.299937,2.743963,6.220247,0,6.54225,5.953512,7.741048,4.881577,4.467244,4.099337,5.974148,5.91512,0.850143,4.565013,4.76521,6.133376,4.444959,5.835267,6.046526,3.480185,3.968005,2.492155,8.23365,5.677002,3.115694,4.707083,5.071366,6.703872,5.930051,2.66335,4.777004,3.260277,3.145216,4.423588,3.678507,8.688401,6.525653,2.002352,3.406516,2.162834,6.106765,5.78731,5.838502,8.087519,3.038924,6.262605,4.354941,4.054457,6.348023,5.562845,2.37034,7.154525,2.774504,2.956211,6.365724,8.550868,6.366105,6.544095,9.286669,7.014509,1.180236,0.717366,4.496578,8.40156,7.917436,5.02373,9.834496,10.002793,3.906314,6.155606,1.852336,5.173349,4.610773,1.021107,1.990235,6.095172,5.525622,2.562917,2.510233,5.440417,4.344778,6.256243,4.252846,3.965911,4.114789,8.427843,9.93915,0.769067,4.182875,4.496417,4.631393,6.36132,3.412099,4.377686,4.269515,7.611513,2.580804,5.395946,3.599736,6.693765,8.525213,4.552644,3.353368,4.368897,4.891217,4.082755,5.537904,3.893686,9.846979,3.900922,5.043499,6.050634,5.226589,4.373118,5.823304,5.744276,9.724845,4.026268,3.916561,3.690854,4.556473,0.802649,3.68443,0.67366,6.325712,3.375801,4.509787,3.604538,1.738151,1.022419,2.270737,1.262882,3.09629,2.945591,0.982079,6.39526,6.309898,4.196381,5.106562,2.488238,3.17094,6.316552,5.913727,3.554744,6.510408,5.630459,5.279774,9.928107,1.844249,4.645762,1.761738,3.979928,1.382838,4.234399,5.783292,6.164292,1.937552,7.500687,3.1848,3.031025,1.925675,2.026627,5.438944,2.462017,5.495993,1.359483,1.541415,2.434756,4.610835,7.910602,1.791891,6.80374,2.7911,2.012183,4.312634,2.421704,7.052359,2.107101,3.962518,3.990996,3.822559,4.173274,1.590241,3.89904,6.433577,4.443549,10.22211,3.226321,2.689289,1.557477,1.81032,4.822275,3.790604,6.305633,4.084809,6.536828,3.603935,3.559859
3.361108,6.110593,6.391939,4.167077,4.787231,5.522715,6.092955,1.213912,6.293965,3.065779,4.431527,6.807866,6.540263,5.941199,1.248632,4.432432,4.912984,6.071458,7.323465,5.122971,3.405348,4.944637,4.416393,4.323952,1.973995,5.943265,8.544894,1.536324,4.797991,6.060659,5.26739,8.62384,4.91945,4.436553,4.171637,2.159857,5.804524,3.489424,7.359053,2.39581,5.111624,5.669106,2.907303,6.551386,0.856113,5.311812,2.851353,4.389674,4.532611,0.916183,8.611374,6.622648,4.437929,5.038438,5.882906,3.158194,6.038905,2.974063,6.379088,4.738373,4.698393,4.361526,3.716973,8.353173,6.046184,6.827534,7.807041,5.569619,3.875949,5.895365,4.931799,6.014056,5.691142,3.471868,8.121809,5.598842,7.171618,0.298816,5.471262,6.244706,0.079144,4.561186,4.956092,2.460943,3.255367,5.42405,5.689391,4.42609,4.160049,4.589248,6.548832,6.866976,2.353386,6.757936,4.255734,6.241137,6.166833,6.029244,2.711147,6.419263,3.889136,3.628409,5.495655,2.311825,1.274804,7.173582,4.84018,6.54225,0,5.119153,2.563784,6.947466,3.278542,6.698835,2.379129,1.377193,6.603491,5.038226,4.524443,0.956407,4.296927,2.240248,0.495724,3.144172,6.536869,5.645108,3.519643,5.070225,4.687221,3.726081,2.377922,4.727797,5.944033,4.622885,2.961522,7.06884,3.827228,2.906385,3.099104,3.449103,2.930634,7.339944,6.578296,7.909036,4.939994,6.277586,3.977715,2.848221,5.242505,4.467188,4.929086,3.732794,5.513664,5.176658,4.375758,6.643703,7.273167,3.680005,5.854902,2.008618,4.378958,6.539206,4.428461,6.090597,6.578487,6.468756,2.979375,8.396671,1.8688,3.427576,4.490612,4.658909,4.698699,2.560587,4.903833,5.188568,5.039787,5.992496,5.270379,3.642003,4.918845,8.309119,5.942398,2.52189,3.600251,2.661224,2.872361,4.266452,4.896543,8.422954,5.516092,6.17873,6.177316,5.562009,4.222386,0.18093,5.812745,2.270996,4.650043,6.37592,8.042499,4.567592,3.998561,5.524304,5.675605,5.625246,4.238722,4.228217,4.62068,4.827428,1.894501,4.194227,4.534089,5.966811,3.964593,4.69909,4.189908,3.674294,4.953694,5.835862,4.380961,2.798147,4.217102,6.843807,4.166902,6.135545,5.750319,6.09504,4.472123,4.179964,2.459154,5.321272,6.334258,5.801577,6.670951,5.508366,3.579109,6.098544,6.730174,5.455389,4.322751,6.795879,2.28472,8.23444,6.34272,5.797833,0.628523,6.707697,5.274815,5.722045,2.361247,5.505049,7.590451,6.711651,6.984202,4.240999,7.126908,4.119687,5.874878,0.377958,5.215979,7.495798,5.415621,4.925064,6.647156,5.259608,1.795541,4.244246,2.184231,5.533982,5.17429,4.191565,6.676724,3.753232,5.057831,5.626959,5.944053,4.618173,7.230658,8.167906,3.347275,5.911167,3.327038,4.738454,6.422057,2.523429,7.338336,4.054793,5.599218,4.014868,5.799052,6.779968,7.187952,7.301547,4.846629,3.55887,2.97184,3.999199,3.851827,5.596957,3.212798,3.361108
4.164796,6.877669,6.44191,4.636761,6.778719,7.246971,6.921156,4.967784,7.220687,2.053374,4.328073,6.857837,5.405213,6.7694,5.002504,5.745703,4.80953,6.541142,8.250187,5.019517,5.118557,5.464591,1.952803,5.637223,3.373744,5.1442,7.587921,4.717729,6.182305,9.981446,3.934667,6.939877,3.586727,4.197363,1.927764,4.094196,9.725311,2.477019,8.187254,4.433682,6.834782,6.13879,6.82809,7.478108,4.510346,7.025176,2.646898,1.298395,5.548458,4.732384,7.654401,7.54937,5.533349,5.180945,7.607162,4.640907,0.93767,3.458532,6.603263,0.46327,0.628243,4.88844,6.688257,9.279895,6.874385,7.655735,8.733763,7.244595,7.796736,5.945336,5.762046,6.842257,1.441394,4.163834,9.048531,6.427043,6.214645,4.820337,5.940946,6.71439,5.040009,7.128283,5.786339,6.277144,3.877769,6.252251,1.338909,0.818681,1.59586,5.902519,7.377033,8.061233,4.859895,5.102374,5.211113,4.908414,6.995034,6.857445,2.506692,4.886919,2.141302,7.203501,4.162932,6.128026,5.01174,5.51802,6.70891,5.953512,5.119153,0,6.484571,3.138162,4.581869,7.527036,3.778878,3.74196,5.646518,5.866427,2.303754,4.45841,5.269277,3.639997,4.623429,3.770927,7.36507,6.114792,7.44043,6.165665,3.354498,5.037221,3.462028,7.192535,6.870755,3.290162,2.954714,5.413278,3.415052,3.533451,3.988073,7.265304,2.726179,6.204894,4.922734,6.952063,6.595428,7.204308,1.624954,6.664422,3.909782,2.047438,5.743033,4.558082,0.394511,6.272078,4.819692,8.076358,7.323138,4.149689,7.287557,7.127771,2.152557,7.465928,8.349248,1.642376,5.477204,5.511783,3.664131,9.323393,6.494339,2.49875,8.411399,8.579696,5.218653,3.960336,5.373517,6.095182,5.867988,4.932405,5.740063,1.881624,6.014285,7.352146,4.609675,3.943749,4.826967,4.060973,4.26771,2.444545,5.416497,9.349676,9.436879,5.914816,4.093199,6.39021,5.308885,4.938223,4.456239,3.987034,5.478244,8.100176,6.358536,5.880863,4.525995,7.201617,9.013876,6.453447,3.592172,2.317025,1.313569,5.357088,5.249707,2.37232,8.454876,3.615772,2.212483,6.30955,1.013041,2.318028,1.446641,6.666109,8.301748,3.64213,2.395195,7.313491,1.516073,5.275526,4.125854,5.819409,2.110545,4.699918,4.067331,3.988549,5.120859,4.947624,6.815556,5.371885,4.048793,6.568228,5.773201,1.026171,2.09635,7.62408,4.818365,7.277467,4.687158,7.238385,4.49063,7.177381,6.999071,6.552292,3.783106,9.425836,6.633478,3.998958,5.849152,5.0692,6.169935,5.075066,6.705125,4.741195,5.685663,8.42252,4.082898,3.592341,6.697127,3.926885,5.150747,4.104316,5.207796,5.602428,5.170256,4.21239,2.905859,7.569433,5.527515,1.434651,6.413737,4.870824,7.935271,7.210933,7.152757,4.578444,4.398363,5.265368,7.250258,3.930942,6.381363,4.736396,0.480065,2.051209,9.719839,5.124406,7.237923,6.344574,4.769297,2.381792,4.081416,6.406031,1.969273,1.167739,3.525408,4.164796
4.301129,5.968074,7.590737,5.365875,2.223447,2.958931,5.950436,2.57933,3.730181,4.431197,5.715243,8.006664,7.739088,5.79868,2.61405,2.594872,6.1967,7.252161,4.759681,6.406687,3.13291,5.171729,5.781811,2.476435,3.339413,7.142063,9.743692,2.901742,2.234207,4.182091,6.632808,9.822665,6.284868,5.801971,5.537055,3.525275,3.925956,4.854842,7.216534,3.761228,2.54784,6.675851,0.343519,3.987602,2.221531,2.748028,4.216771,5.755092,3.650809,1.752187,9.810172,4.058864,2.901752,6.237236,3.319122,3.377261,7.404323,4.339481,7.559791,6.103791,6.063811,4.490182,1.153189,5.789389,5.223772,6.685015,5.243257,3.005835,1.997381,7.094163,3.942015,5.871537,7.05656,4.391176,5.558025,5.254999,8.370416,2.369554,6.651965,7.425409,2.589226,1.997402,3.655801,1.385321,4.620785,5.252019,7.054809,5.791508,5.525467,2.351661,6.406313,4.303192,3.718804,8.123354,3.858244,7.606555,4.660515,5.206832,4.076565,7.784681,5.254554,1.064625,6.861073,1.306423,2.640222,8.539,2.276396,7.741048,2.563784,6.484571,0,8.312884,3.299701,6.556316,3.744547,2.742611,7.802289,4.682772,5.889861,2.321825,3.610483,3.605666,2.172646,4.50959,6.39435,6.815255,0.955859,2.740003,6.052639,3.220167,3.74334,2.164013,3.380249,5.988303,4.32694,8.434258,5.192646,4.271803,4.232715,2.372626,4.296052,8.538769,7.943714,9.107834,2.37621,3.713802,5.343133,1.771744,6.607923,5.832606,4.797796,3.851888,6.879082,2.865293,5.556939,4.079919,8.471965,4.974563,3.291118,1.690414,5.744376,3.975422,2.549893,7.456015,7.777285,7.667554,4.344793,5.832887,0.694984,4.792994,2.612044,2.780341,4.974109,3.926005,6.085014,3.190373,4.59994,7.191294,6.451082,5.007421,2.588623,9.507917,7.307816,3.887308,3.624397,4.026642,3.810493,5.63187,5.015105,5.85917,3.637524,7.377528,7.542734,5.13411,3.472871,2.48744,7.178163,3.636414,4.141222,3.812136,9.241324,2.527931,4.221882,2.96052,3.797037,5.070873,5.60414,5.593635,5.986098,4.768953,3.259919,5.559645,2.655521,7.332229,5.330011,2.135306,5.555326,5.039712,6.319112,3.779649,2.502393,4.163565,5.58252,7.219621,5.53232,7.334343,7.115737,7.293838,5.837541,4.632652,3.824572,6.68669,7.552549,7.000375,7.851654,6.707164,4.805126,6.636704,7.928972,6.820807,5.688169,6.65336,3.650138,9.433238,7.708138,3.234049,2.039847,7.083511,2.711031,3.665832,3.726665,3.626481,8.789249,8.077069,8.183027,4.215425,8.325706,3.904854,3.818665,2.290412,6.390528,4.932014,6.781039,6.290482,7.845954,6.625026,3.160959,5.609664,3.549649,6.73278,6.373088,5.437887,8.042142,2.234464,6.238534,6.992377,6.564297,5.809164,7.088139,9.366704,1.820751,7.276585,3.813488,4.712031,6.279538,3.888847,8.537134,4.148273,6.964636,5.380286,3.920484,8.145386,8.38675,8.500345,6.045427,4.924288,4.124747,1.435415,5.217245,6.962375,4.578216,4.301129
4.228659,6.768774,6.040877,4.527866,7.074551,7.542803,6.812261,5.897286,7.111792,5.173618,4.219178,6.456804,3.715294,6.660505,5.932006,6.265672,4.425235,6.432247,8.141292,4.844659,5.638526,5.355696,4.318391,6.157192,5.361452,4.140764,5.359693,5.411142,6.478137,11.268212,1.871972,4.990943,2.396423,4.088468,4.66705,4.787609,11.012077,5.349263,8.078359,5.127095,7.130614,6.029895,8.017896,7.369213,6.271499,7.321008,5.767142,4.418639,5.439563,6.560697,5.426173,7.440475,5.829181,5.07205,7.902994,5.160876,2.949712,3.978501,6.442544,3.583514,3.748487,4.779545,7.208226,9.171,6.76549,7.54684,8.624868,7.340812,9.625049,5.580138,5.653151,6.733362,3.9846,4.136654,8.939636,6.318148,4.285977,6.64865,5.832051,6.605495,6.868322,7.424115,5.677444,8.105457,5.277298,6.143356,3.882115,3.938925,4.210851,6.355858,7.268138,7.952338,5.553308,2.467257,5.156113,3.123761,6.886139,6.74855,5.626936,2.251802,4.629273,7.72347,2.378279,7.956339,5.705153,2.882903,7.004742,4.881577,6.947466,3.138162,8.312884,0,5.101838,7.418141,5.766586,5.707558,4.321388,5.757532,4.426441,6.424008,5.242097,5.627705,6.451742,3.989213,7.256175,6.005897,8.854017,6.461497,2.452141,5.491578,4.863804,7.488367,6.76186,2.711272,4.438235,2.778161,3.306157,4.554321,4.283905,9.093617,5.846423,3.707047,2.287617,4.723835,6.89126,7.095413,4.745198,8.492735,1.842653,4.590644,5.634138,4.841496,3.146603,6.361521,4.710797,7.967463,7.144923,4.040794,7.178662,8.956084,4.746916,7.357033,10.071164,3.482795,3.787285,4.186653,4.627311,9.214498,8.322652,4.684961,10.239712,10.408009,5.109758,5.948044,5.264622,5.986287,5.759093,3.927103,5.631168,5.001868,6.310117,5.123918,2.825022,5.42498,5.127484,6.048681,4.787679,3.627142,5.307602,9.240781,10.723645,4.864229,1.458082,6.281315,5.428531,6.766536,1.821122,4.680447,5.369349,8.396008,4.409602,6.180441,4.4171,7.497449,9.309708,6.344552,3.014599,4.030128,4.433813,5.248193,5.94312,3.554917,10.283189,0.980655,4.70473,6.829519,4.133285,4.034349,3.989847,6.557214,10.130061,4.162099,3.577792,7.204596,4.217704,4.224939,1.490737,4.768822,4.653751,4.591023,4.760744,2.136983,3.336206,3.944188,6.641156,4.368449,3.939898,6.459333,4.308686,3.569377,4.773179,7.515185,5.511778,5.049239,2.052041,7.12949,6.318943,7.068486,7.294903,6.443397,5.264337,10.712602,4.40525,1.34408,3.351305,4.960305,3.940463,5.039536,6.59623,6.569508,5.576768,8.313625,1.716325,2.559893,6.296094,3.258431,5.84416,3.995421,5.901209,5.46263,4.829319,4.103495,0.507005,8.530969,5.41862,3.977857,6.304842,4.761929,7.826376,4.985105,7.672726,2.793791,4.6999,5.156473,7.141363,4.48871,4.756767,4.698563,3.237017,4.10478,11.006605,2.489289,7.059708,4.115102,4.660402,4.483506,4.387477,6.926,3.74604,3.710945,3.937862,4.228659
1.027325,2.847748,4.316933,2.092071,2.43149,2.899742,2.83011,2.228362,3.127595,4.037429,2.441439,4.73286,4.465284,2.678354,2.263082,1.203958,2.922896,3.978357,4.157095,3.132883,0.576812,1.946243,3.285517,1.095478,2.945645,3.868259,6.469888,1.742218,1.835076,6.625151,3.421762,6.548861,3.073822,2.541337,4.769669,1.234662,6.369016,4.461074,4.096208,0.985896,2.487553,3.555525,2.956182,3.385016,2.602575,2.677947,3.823003,4.1403,1.271881,2.891773,6.536368,3.456278,1.18612,2.963432,3.259933,0.120348,5.501621,1.218876,4.285987,4.201089,4.161109,1.243417,2.146512,5.186803,2.783339,3.564689,4.640671,2.897366,5.297082,3.820359,1.668954,2.751211,5.43884,1.117372,4.955439,2.335997,5.096612,2.979726,3.378161,4.151605,3.199398,2.781054,1.693247,3.719441,2.40044,2.161205,5.336355,3.888806,3.177977,1.360774,3.285987,3.968141,0.925156,4.912308,0.992889,4.349704,2.903988,2.766399,3.682797,4.573635,3.28874,2.661756,3.650027,3.640543,2.036229,5.299424,2.361681,4.467244,3.278542,4.581869,3.299701,5.101838,0,3.43599,3.350779,3.290454,4.528485,1.775381,3.393567,2.869668,1.034082,3.211898,2.782818,1.248956,3.274024,3.541451,3.792303,1.818436,2.841593,0.479502,2.447997,2.845306,2.777663,2.777257,2.464465,5.223212,1.932012,1.60888,0.960378,4.449088,3.902284,5.264965,4.732668,5.83403,2.248199,3.111216,4.435242,3.995939,3.396877,4.890962,1.666241,0.564927,4.97638,1.924849,2.283135,3.97145,5.198161,1.700759,3.182649,4.990115,4.994462,3.372836,5.428103,5.642866,4.503481,4.39375,1.68187,5.230301,3.994685,2.930519,5.911745,6.080042,1.700305,3.532237,2.81121,1.932573,1.776942,3.91749,3.177278,4.613653,1.667056,6.234113,4.09677,2.816623,0.337436,3.632874,0.550916,2.594268,1.827963,5.256584,6.080584,4.103724,4.331688,2.299164,0.961656,3.097612,3.967117,1.230437,1.387198,3.752947,5.96752,1.339118,0.948078,2.854388,4.666647,2.362401,2.343506,2.997254,3.519574,1.582449,2.274196,2.522043,5.955222,4.121183,3.364197,1.767805,3.854946,2.806582,4.451661,2.573017,5.802094,1.203878,2.544918,4.099295,3.18483,4.060539,3.904691,4.020034,4.954069,1.358848,1.418595,3.475644,4.278745,3.726571,4.57785,3.43336,1.531322,3.516378,4.655168,5.023617,4.938255,3.533034,0.993822,6.159434,4.497092,3.12558,2.650019,3.963185,2.651842,2.4592,2.65598,6.069541,5.515445,4.866023,4.909223,0.978154,5.051902,0.856842,2.612033,2.900584,3.116724,4.329428,3.569993,3.079436,4.57215,3.41398,2.175236,2.345633,2.232285,3.458976,3.099284,2.164083,4.831096,3.469255,2.96473,5.432097,3.443971,2.53536,3.967813,6.0929,2.611012,4.065539,0.540889,1.521583,3.159212,1.12593,5.26333,0.901508,5.061934,3.071906,6.363544,4.93434,5.112946,5.226541,2.771623,2.944138,0.85241,1.864286,2.713166,5.165185,1.336042,1.027325
3.592786,0.949146,3.920875,3.258663,4.920246,5.388498,0.619915,5.648655,3.01718,7.45413,3.864461,4.336802,4.971516,0.771671,5.683375,4.493206,4.041243,3.350346,5.067027,4.41081,3.952224,2.643003,6.230684,4.384726,6.362346,4.198669,6.126174,5.162511,4.323832,9.113907,5.738065,6.476294,5.390125,4.290136,7.714836,4.652493,8.857772,7.877775,0.844056,4.406189,4.83706,1.655933,6.212797,3.331039,6.022868,4.544274,7.239704,7.085467,2.927274,6.312066,6.192654,3.402301,3.692964,2.988206,5.606577,3.540641,8.446788,4.635577,3.657976,7.146256,7.106276,2.643724,5.403127,6.096735,1.70575,0.312537,5.550603,4.330526,8.506164,3.424301,2.938116,0.852152,8.384007,3.501083,5.865371,1.986451,4.752898,6.400019,2.755849,3.523594,6.619691,5.26981,3.155737,6.976056,5.817141,1.564206,8.281522,6.833973,6.123144,4.230225,0.294892,4.878073,4.345449,6.408024,2.888274,5.042658,2.267382,2.071411,7.099498,6.541631,6.541566,5.918371,5.75097,6.897158,5.456522,5.992378,4.850437,4.099337,6.698835,7.527036,6.556316,7.418141,3.43599,0,6.76748,6.708452,4.179583,2.002074,6.338734,6.289961,3.089112,6.628599,6.203111,4.041641,0.176725,1.811213,7.048918,4.335599,5.157896,3.521509,5.864698,5.334062,3.367112,5.09356,5.881166,6.508692,4.111984,5.025581,3.860242,7.705703,7.318985,5.316501,6.654931,5.490316,4.404736,3.224371,7.412026,7.252554,5.71318,7.836129,1.792002,3.200411,7.921547,4.076931,3.1592,4.957177,4.654549,3.491307,4.168376,8.24673,7.939629,4.282768,7.916859,8.588033,4.494142,4.044848,5.098571,6.140233,7.2513,6.34722,8.698682,8.866979,2.624347,6.948938,2.382415,3.46458,2.047834,4.29367,2.553211,7.668696,4.184219,5.890399,5.757905,6.233324,3.19019,7.049575,3.967617,5.539435,2.524088,6.166516,8.56934,3.731133,6.647991,1.933478,3.152177,6.517905,6.28342,4.648268,2.442304,5.784619,5.894953,4.059882,3.002131,4.496417,7.155403,1.989705,4.523478,5.942421,6.464741,2.240227,5.694489,5.46721,8.477169,6.437486,6.617023,4.680824,6.800113,5.946642,7.396828,4.035507,8.589031,4.620579,5.490085,0.874515,6.129997,4.074627,6.220994,3.652127,7.899236,2.993798,4.836426,5.791947,4.971699,4.202951,3.949839,3.798595,3.660913,1.595036,4.309561,7.968784,7.883422,0.150918,4.414115,5.81572,6.419355,4.119204,6.070312,0.967111,5.140598,3.92169,6.072681,8.558297,5.171731,7.182326,5.075887,2.471132,4.71032,2.797707,4.074523,6.320877,2.478526,5.23936,5.886296,5.395739,4.135229,5.163842,5.595529,4.074323,5.652578,2.983461,3.464519,3.616642,7.147399,6.72587,2.345937,8.377264,1.540363,2.967319,0.715661,5.749186,5.867627,5.336208,3.552734,2.33488,0.276778,4.542631,4.917723,2.911028,8.007101,6.017073,8.8523,6.474736,4.569334,4.884959,3.482061,6.31797,3.948526,5.120901,5.658333,8.110352,4.479563,3.592786
3.237259,6.179238,5.85579,4.001833,5.764428,6.23268,6.1616,2.22776,6.459564,1.725504,3.741953,6.271717,5.557056,6.009844,2.26248,4.514613,4.22341,5.906214,7.489064,4.433397,3.564386,4.785175,3.098228,4.406133,0.405134,5.296043,7.739764,2.550172,5.154174,7.241422,4.08651,7.640633,3.73857,3.611243,2.831362,2.501272,6.985287,2.149149,7.427698,2.840758,5.820491,5.503862,4.088066,6.716985,1.770322,6.010885,1.511078,3.049399,4.613435,1.99236,7.806244,6.788247,4.519078,4.594825,6.592871,3.317232,4.69863,2.178618,6.017143,3.398098,3.358118,4.206292,4.890416,8.518772,6.114829,6.896179,7.97264,6.230304,5.056712,5.359216,5.000923,6.082701,4.350867,3.343696,8.287408,5.667487,6.366488,2.080313,5.306018,6.079462,2.299985,5.734686,5.025216,3.53712,1.937202,5.492695,4.349116,3.085815,2.841884,4.671429,6.617477,7.30011,3.266971,5.577056,4.324858,5.060257,6.235478,6.097889,1.370872,5.238383,2.570971,4.801909,4.314775,3.388002,2.288652,5.992702,5.694619,5.974148,2.379129,3.778878,3.744547,5.766586,3.350779,6.76748,0,1.001936,5.798361,5.106871,3.206278,1.718386,4.366051,0.329709,1.883405,2.84916,6.605514,5.479864,4.700406,5.151374,3.506341,3.806131,1.059757,5.901297,6.109632,3.442005,1.643357,5.88796,2.828932,1.754744,2.956259,4.52528,1.590359,6.356737,5.397416,7.103906,5.581137,6.443185,2.63744,3.924398,4.061625,3.126913,4.983477,3.62099,4.173389,5.257807,4.210514,7.304388,6.737018,3.514761,6.515587,4.387747,3.038683,6.704805,5.609224,4.750322,5.629047,5.663626,1.885424,8.56227,3.754315,2.109411,5.671375,5.839672,4.539237,0.491408,4.738589,5.269717,5.108432,5.084248,5.105135,2.301728,4.999994,7.503989,4.761518,1.203725,3.652604,0.336003,2.915391,3.037572,4.737081,8.588553,6.696855,5.610628,4.996436,5.630654,4.30321,2.198199,4.631865,2.39411,4.718688,7.085885,7.059292,4.649773,3.842994,6.187326,6.856368,5.693891,3.18442,2.910052,3.302515,4.672194,2.908349,2.965347,5.714852,4.785931,2.646428,5.07846,2.849633,2.356129,3.613419,5.904986,5.561724,2.159746,2.988222,6.678563,2.848737,5.427369,4.569439,5.526938,3.131848,4.020502,2.474407,4.140392,5.272702,5.099467,6.229436,4.918212,3.413865,5.9333,5.925044,4.115114,2.982476,6.864524,3.225441,7.42931,5.16184,6.458518,1.750606,6.542453,5.98478,5.791169,1.043082,6.685812,6.785321,5.530771,6.000995,4.309644,6.321778,4.188811,5.944002,2.001171,5.050735,7.661397,4.234741,3.744184,6.111007,4.078728,2.809389,3.518196,3.198079,5.016308,4.584136,3.62627,5.495844,4.829409,4.892587,4.286684,5.778809,4.284704,7.299303,7.362776,4.423452,4.730287,3.242956,4.58322,6.490702,2.338018,6.533206,3.918656,4.258943,2.696703,6.979815,5.599088,6.651803,6.496417,4.183177,2.240705,2.850326,5.12802,2.533662,4.256682,2.370638,3.237259
3.178231,6.12021,5.796762,3.942805,4.958795,5.69417,6.102572,1.225824,6.400536,1.688586,3.682925,6.212689,5.498028,5.950816,1.260544,4.444344,4.164382,5.847186,7.430036,4.374369,3.41726,4.726147,3.0392,4.335864,0.596802,5.237015,7.680736,1.548236,4.924876,6.239486,4.027482,7.581605,3.679542,3.552215,2.794444,2.171769,5.983351,2.112231,7.36867,2.407722,5.281981,5.444834,3.08613,6.657957,0.768386,5.474748,1.47416,3.012481,4.544523,0.990424,7.747216,6.729219,4.449841,4.535797,6.054361,3.170106,4.661712,2.11959,5.958115,3.36118,3.3212,4.147264,3.88848,8.459744,6.055801,6.837151,7.913612,5.696504,4.054776,5.300188,4.941895,6.023673,4.313949,3.284668,8.22838,5.608459,6.30746,1.078377,5.24699,6.020434,1.298049,4.73275,4.966188,2.535184,1.878174,5.433667,4.312198,3.048897,2.782856,4.60116,6.558449,7.038431,2.365298,5.518028,4.26583,5.001229,6.17645,6.038861,1.333954,5.179355,2.511943,3.799973,4.255747,2.386066,1.286716,5.933674,5.011744,5.91512,1.377193,3.74196,2.742611,5.707558,3.290454,6.708452,1.001936,0,5.739333,5.047843,3.14725,0.71645,4.307023,0.863055,0.881469,2.790132,6.546486,5.420836,3.69847,5.082137,3.447313,3.737993,1.000729,4.899361,6.050604,3.382977,1.584329,5.828932,2.769904,1.695716,2.897231,3.523344,1.553441,6.297709,5.338388,7.044878,5.066879,6.384157,2.600522,2.922462,4.002597,3.089995,4.924449,3.561962,4.136471,5.18857,4.151486,6.770588,6.67799,3.455733,5.981787,3.385811,3.001765,6.645777,4.607288,4.713404,5.570019,5.604598,1.826396,8.503242,2.752379,2.050383,4.669439,4.837736,4.480209,1.183394,4.679561,5.20048,5.049404,5.02522,5.046107,2.26481,4.930757,7.444961,4.70249,1.144697,3.593576,1.284031,2.856363,2.978544,4.678053,8.529525,5.694919,5.5516,4.937408,5.571626,4.234298,1.196263,4.572837,2.282908,4.65966,6.547375,7.000264,4.579504,3.783966,5.651189,5.854432,5.634863,3.125392,2.851024,3.243487,4.613166,1.906413,2.906319,4.712916,4.726903,2.5874,4.825975,2.812715,2.297101,3.576501,5.845958,4.559788,2.100718,2.929194,6.619535,2.789709,5.368341,4.510411,5.46791,3.09493,3.961474,2.415379,4.081364,5.213674,5.040439,6.170408,4.859184,3.354837,5.874272,5.866016,4.078196,2.945558,6.805496,2.296632,7.370282,5.102812,5.924718,0.74867,6.483425,5.44627,5.732141,0.984054,5.683876,6.726293,5.471743,5.941967,4.250616,6.26275,4.129783,5.884974,0.999235,4.991707,7.602369,4.175713,3.685156,6.051979,4.0197,1.807453,3.459168,2.196143,4.95728,4.525108,3.567242,5.436816,3.827473,4.833559,4.249766,5.719781,4.225676,7.240275,7.303748,3.421516,4.671259,3.183928,4.524192,6.431674,2.27899,6.474178,3.859628,4.222025,2.637675,5.977879,5.54006,6.592775,6.437389,4.124149,2.181677,2.791298,4.126084,2.474634,4.219764,2.31161,3.178231
3.6211,3.335278,2.049276,2.437124,6.351297,6.819549,3.604337,5.553311,5.660365,5.959928,2.277057,2.465203,1.117416,3.452581,5.588031,5.706546,2.022454,2.623284,7.389595,2.441878,5.0794,4.213782,4.350166,5.598066,5.393227,0.788012,2.227699,5.067167,5.754883,10.544958,2.645746,2.59451,3.040929,2.702732,5.834318,4.443634,10.288823,6.383573,4.7069,4.779856,6.40736,2.596399,7.45877,5.974224,5.927524,6.597754,6.270585,5.204949,4.69108,6.216722,2.294179,6.045486,5.105927,1.642438,7.17974,4.60175,6.56627,3.867572,2.450943,5.265738,5.225758,3.755246,6.6491,8.419303,4.348935,4.308282,7.873171,6.589115,9.281074,1.588537,4.874598,3.327964,6.503489,3.525843,8.187939,4.629636,0.854423,6.304675,2.332633,2.856741,6.524347,6.700861,4.925747,7.761482,5.173433,4.207391,6.401004,4.953455,4.242626,5.632604,4.060214,7.200641,5.206069,2.59942,4.408461,1.248921,4.910567,4.714596,6.130379,2.733027,4.661048,7.164344,1.943109,7.612364,5.361178,2.183774,6.281488,0.850143,6.603491,5.646518,7.802289,4.321388,4.528485,4.179583,5.798361,5.739333,0,4.645259,4.458216,6.194617,4.5062,5.65948,6.107767,3.519374,4.048251,2.572401,8.294891,5.738243,2.8087,4.768324,4.895579,6.765113,6.010163,2.356356,4.47001,2.700088,3.170118,4.44849,3.739748,8.749642,6.349866,1.434717,2.846327,1.591841,6.168006,5.867556,5.531508,8.14876,2.478735,5.955611,4.435187,4.115698,6.041029,5.624086,2.450586,7.215766,3.153322,3.017452,6.426965,8.612109,6.059111,6.605336,9.34791,6.707515,0.620047,0.134735,4.52148,8.462801,7.978677,4.716736,9.895737,10.064034,3.967555,5.979819,1.932582,5.23459,4.688022,0.714113,2.150861,5.788178,5.586863,1.991924,1.950044,5.456755,4.406019,6.080456,4.314087,3.658917,4.17603,8.489084,10.000391,0.849313,3.622686,4.576663,4.692634,6.422561,2.85191,4.438927,4.330756,7.672754,2.013169,5.457187,3.660977,6.755006,8.586454,4.63289,3.046374,4.061903,4.584223,4.143996,5.599145,3.586692,9.90822,3.340733,4.736505,6.111875,4.919595,4.066124,5.51631,5.805517,9.786086,4.05117,3.609567,3.7711,4.249479,0.569056,3.124241,0.753906,6.018718,3.437042,4.548976,3.044349,1.177962,0.840016,2.649555,1.095125,3.157531,3.025837,0.411086,6.088266,6.002904,4.276627,5.167803,1.917245,2.610751,6.377793,5.974968,3.63499,6.571649,5.6917,5.296112,9.989348,1.273256,4.085573,1.194103,4.041169,0.811845,4.29564,5.844533,6.225533,2.098178,7.561928,2.624611,2.724031,2.304493,1.719633,5.500185,2.486919,5.557234,1.477366,1.555995,2.473945,4.050646,7.971843,1.872137,6.496746,2.871346,2.092429,4.39288,1.850711,7.1136,1.546912,4.023759,4.052237,3.902805,4.212463,1.019248,3.960281,6.126583,4.136555,10.283351,2.666132,3.068107,0.986484,1.815873,4.515281,3.851845,6.366874,3.777815,6.229834,3.628837,3.6211
1.932177,1.413832,4.386551,2.224147,3.046702,3.514954,1.396194,3.988046,2.067853,5.793521,2.573515,4.802478,4.59736,1.244438,4.022766,2.619662,3.054972,3.816022,3.746041,3.264959,2.07868,1.005495,4.570075,2.511182,4.701737,4.000335,6.59185,3.501902,2.450288,7.240363,4.077456,6.680937,3.729516,2.780915,6.054227,2.991884,6.984228,6.217166,2.662292,2.74558,3.102765,2.121609,4.339253,2.381712,4.362259,3.159309,5.579095,5.424858,1.05373,4.651457,6.65833,2.452974,1.81942,3.095508,3.875145,1.880032,6.786179,2.974968,4.123652,5.485647,5.445667,0.985252,3.529583,4.775749,1.197406,2.130773,4.229617,2.945561,6.63262,3.889977,1.064572,1.317295,6.723398,1.840474,4.544385,0.700757,5.218574,4.73941,3.221525,3.98927,4.959082,3.396266,1.282193,5.102512,4.156532,0.727289,6.620913,5.173364,4.462535,2.356681,1.852071,3.557087,2.68484,5.568002,1.01473,4.48178,1.318055,1.180466,5.438889,5.229329,4.880957,4.044827,4.305721,5.023614,3.795913,5.4315,2.976893,4.565013,5.038226,5.866427,4.682772,5.757532,1.775381,2.002074,5.106871,5.047843,4.645259,0,4.678125,4.629352,1.239836,4.96799,4.542502,2.381032,1.840108,2.276889,5.175374,2.462055,3.497287,1.724121,4.204089,3.460518,2.366609,3.432951,4.220557,5.878906,2.451375,3.364972,2.199633,5.832159,5.658376,5.397041,5.388362,5.955992,2.841479,2.275044,5.751417,5.37901,4.052571,6.17552,0.251055,1.539802,6.260938,2.203387,2.415211,3.572212,5.120225,1.832835,2.783411,6.373186,6.27902,2.961782,6.043315,6.927424,4.635557,4.510524,3.437962,4.819247,5.377756,4.686611,6.825138,6.993435,0.968474,5.288329,2.848091,1.591036,0.17429,4.049566,3.018887,6.008087,2.310675,6.356075,4.752464,4.572715,1.529581,5.388966,2.307008,3.878826,0.866955,4.84553,6.695796,4.196809,4.987382,0.663924,1.278633,4.857296,4.622811,2.987659,0.56876,4.368159,6.099596,2.186338,1.341522,3.111452,5.281859,0.727161,2.862869,4.281812,4.804132,0.602719,4.03388,3.806601,6.603625,4.776877,4.956414,2.80728,5.139504,4.286033,5.736219,2.161963,6.715487,2.95997,3.829476,2.665379,4.469388,4.192615,4.560385,4.117803,6.238627,1.336665,3.175817,4.131338,4.410821,3.858647,4.415515,3.565436,2.002441,2.082462,4.775237,6.308175,6.222813,2.099118,2.753506,6.281396,5.152786,2.734239,4.409703,2.529269,3.267054,2.048146,4.412072,6.684753,5.637407,5.521717,5.041299,0.797227,5.175996,1.123802,2.200979,4.660268,2.944202,3.918374,4.225687,3.73513,4.600905,4.069674,3.93492,2.578934,3.991969,3.449137,3.23136,2.296159,5.48679,4.852326,2.811613,6.716655,2.010055,2.667436,2.533897,6.214862,3.994083,4.494339,1.892125,0.677747,1.725296,2.882022,5.383399,1.250419,6.346492,4.356464,6.978756,5.590034,5.03501,5.350635,2.903699,4.657361,2.287917,3.247357,3.997724,6.449743,2.818954,1.932177
2.976494,5.689367,5.253608,3.448459,5.590417,6.058669,5.732854,4.015571,6.032385,2.617164,3.139771,5.669535,4.216911,5.581098,4.050291,4.557401,3.621228,5.35284,7.061885,3.831215,3.930255,4.276289,0.35531,4.448921,2.801144,3.955898,6.399619,3.529427,4.994003,9.386736,2.746365,6.300488,2.398425,3.009061,2.491554,2.905894,9.130601,3.040809,6.998952,3.24538,5.64648,4.950488,6.23338,6.289806,3.915636,5.836874,3.210688,1.862185,4.360156,4.137674,6.466099,6.361068,4.345047,3.992643,6.41886,3.452605,3.223506,2.27023,5.414961,1.922974,1.882994,3.700138,5.499955,8.091593,5.686083,6.467433,7.545461,6.056293,7.202026,4.757034,4.573744,5.653955,3.160725,2.975532,7.860229,5.238741,5.026343,4.225627,4.752644,5.526088,4.445299,5.939981,4.598037,5.682434,2.719237,5.063949,3.05824,1.610691,0.899862,4.714217,6.188731,6.872931,3.671593,4.236911,4.022811,3.720112,5.806732,5.669143,3.070482,3.898238,1.350782,6.015199,2.97463,5.533316,3.823438,4.652557,5.520608,4.76521,4.524443,2.303754,5.889861,4.426441,3.393567,6.338734,3.206278,3.14725,4.458216,4.678125,0,3.8637,4.080975,3.067397,4.028719,2.582625,6.176768,4.92649,6.84572,4.977363,2.166196,3.848919,2.303496,6.004233,5.682453,2.10186,1.796182,4.547815,2.22675,2.374919,2.799771,6.670594,3.289969,5.016592,4.057271,5.763761,5.407126,6.016006,2.188744,6.069712,2.72148,2.612847,4.554731,3.36978,2.698265,5.083776,3.63139,6.888056,6.134836,2.961387,6.099255,6.533061,2.716347,6.277626,7.754538,3.364751,4.288902,4.323481,2.505599,8.135091,5.899629,1.448748,7.816689,7.984986,4.030351,3.387736,4.185215,4.90688,4.679686,3.744103,4.551761,2.445414,4.825983,6.163844,3.421373,2.866919,3.638665,3.488373,3.079408,1.256243,4.228195,8.161374,8.842169,4.726514,3.656291,5.201908,4.120583,4.343513,3.29172,2.798732,4.289942,6.911874,5.719147,4.692561,3.337693,6.013315,7.825574,5.265145,2.40387,1.128723,1.241459,4.168786,4.061405,1.184018,7.860166,3.445786,1.426239,5.121248,1.576831,1.129726,2.173546,5.477807,7.707038,2.453828,1.206893,6.125189,0.906715,4.087224,3.229294,4.631107,2.675954,3.511616,2.879029,2.800247,3.932557,3.759322,5.627254,4.183583,2.860491,5.379926,4.584899,2.745502,2.66014,6.435778,3.630063,6.089165,3.821695,6.050083,3.89592,5.989079,5.810769,5.36399,2.706276,8.831126,5.445176,4.190626,4.66085,3.880898,4.981633,3.886764,5.516823,4.146485,4.497361,7.234218,2.894596,2.404039,5.508825,2.738583,3.962445,2.916014,4.019494,4.414126,3.981954,3.024088,4.155699,6.822698,4.339213,3.153982,5.225435,3.682522,6.746969,6.022631,5.964455,3.390142,3.210061,4.077066,6.061956,2.74264,5.193061,3.548094,2.783819,0.862907,9.125129,4.258943,6.049621,5.156272,3.580995,1.247293,2.893114,5.217729,0.780971,2.88707,2.337106,2.976494
2.952234,5.701719,5.983065,3.758203,4.538009,5.273384,5.684081,0.805038,5.981566,2.405036,4.022653,6.398992,6.131389,5.532325,0.839758,4.023558,4.50411,5.662584,7.011066,4.714097,2.996474,4.535763,3.75565,3.915078,1.313252,5.534391,8.13602,1.12745,4.50409,5.8187,4.743932,8.214966,4.395992,4.027679,3.510894,1.750983,5.562565,2.828681,6.950179,1.986936,4.861195,5.260232,2.665344,6.238987,0.3476,5.053962,2.19061,3.728931,4.123737,0.569638,8.2025,6.310249,4.029055,4.629564,5.633575,2.74932,5.378162,2.565189,5.970214,4.07763,4.03765,3.952652,3.467694,8.040774,5.63731,6.41866,7.494642,5.275718,3.63399,5.486491,4.522925,5.605182,5.030399,3.062994,7.80941,5.189968,6.762744,0.657591,5.062388,5.835832,0.877263,4.311964,4.547218,2.114398,2.594624,5.015176,5.028648,3.765347,3.499306,4.180374,6.139958,6.617645,1.944512,6.234478,3.84686,5.717679,5.757959,5.62037,2.050404,5.895805,3.228393,3.379187,4.972197,1.96528,0.86593,6.650124,4.590958,6.133376,0.956407,4.45841,2.321825,6.424008,2.869668,6.289961,1.718386,0.71645,6.194617,4.629352,3.8637,0,3.888053,1.579505,0.460683,2.735298,6.127995,5.236234,3.277684,4.661351,4.163763,3.317207,1.717179,4.478575,5.631634,4.099427,2.300779,6.545382,3.418354,2.412166,2.69023,3.102558,2.269891,6.93107,6.054838,7.500162,4.646093,5.965187,3.316972,2.501676,4.719047,3.806445,4.520212,3.32392,4.852921,4.767784,3.966884,6.349802,6.864293,3.271131,5.561001,2.965025,3.718215,6.226807,4.186502,5.429854,6.169613,6.059882,2.542846,8.084272,2.331593,2.766833,4.248653,4.41695,4.289825,1.899844,4.494959,4.779694,4.630913,5.583622,4.861505,2.98126,4.509971,7.900245,5.41894,1.861147,3.191377,2.000481,2.463487,3.694994,4.487669,8.110555,5.274133,5.769856,5.653858,5.153135,3.813512,0.775477,5.289287,1.862122,4.241169,6.126589,7.633625,4.158718,3.589687,5.230403,5.433646,5.216372,3.829848,3.567474,3.959937,4.418554,1.485627,3.622769,4.29213,5.443353,3.30385,4.405189,3.529165,3.013551,4.292951,5.426988,4.139002,2.389273,3.645644,6.434933,3.506159,5.726671,5.226861,5.686166,3.81138,3.77109,2.05028,4.797814,5.925384,5.392703,6.262077,5.099492,3.170235,5.68967,6.3213,4.794646,3.662008,6.387005,1.875846,7.825566,5.819262,5.503932,0.327884,6.298823,5.025484,5.313171,1.700504,5.26309,7.181577,6.188193,6.575328,3.832125,6.718034,3.710813,5.466004,0.578449,4.807105,7.183399,4.892163,4.401606,6.238282,4.73615,1.386667,3.835372,1.775357,5.125108,4.765416,3.782691,6.153266,3.406687,4.648957,4.966216,5.535179,4.209299,6.821784,7.759032,3.00073,5.387709,2.918164,4.32958,6.013183,2.114555,6.929462,3.645919,4.938475,3.354125,5.557093,6.25651,6.779078,6.892673,4.437755,2.898127,2.562966,3.705298,3.191084,4.936214,2.803924,2.952234
1.191638,2.50087,4.294648,2.069786,1.979709,2.447961,2.483232,3.246747,2.467029,5.052701,2.419154,4.710575,4.442999,2.331476,3.281467,1.518923,2.900611,3.956072,3.496529,3.110598,0.975167,1.637874,3.972925,1.410443,3.960917,3.845974,6.447603,2.760603,1.383295,6.17337,3.562021,6.526576,3.214081,2.533524,5.457077,2.251064,5.917235,5.476346,3.74933,2.004281,2.035772,3.208647,3.266964,2.72445,3.62096,2.226166,4.838275,4.827708,0.462307,3.910158,6.514083,2.795712,0.718681,2.941147,2.808152,1.138733,6.189029,2.234148,4.263702,4.888497,4.848517,0.89658,2.457294,4.526237,2.308712,3.217811,3.980105,2.445585,5.565627,3.798074,1.008388,2.404333,6.126248,1.105658,4.294873,1.812063,5.074327,3.998111,3.355876,4.12932,4.217783,2.329273,1.032681,4.030223,3.415712,1.814327,6.023763,4.576214,3.865385,1.261016,2.939109,3.307575,1.943541,5.052567,0.264879,4.327419,2.429361,2.291772,4.698069,4.713894,4.283807,2.972538,3.790286,3.951325,3.054614,5.277139,1.9099,4.444959,4.296927,5.269277,3.610483,5.242097,1.034082,3.089112,4.366051,4.307023,4.5062,1.239836,4.080975,3.888053,0,4.22717,3.801203,1.640493,2.927146,3.363927,4.103085,1.366655,2.981852,0.620608,3.463269,2.393525,2.117097,2.917516,3.479737,5.363471,1.93594,2.624152,1.459094,4.75987,4.917556,5.24268,4.872927,5.811745,1.796418,2.45065,5.154267,4.306721,3.537136,5.57837,1.319363,0.799263,5.663788,1.297086,2.26085,3.3227,5.175876,1.678474,2.533899,5.300897,5.68187,2.71227,4.976322,6.330274,4.481196,4.371465,2.697142,4.569735,4.305467,3.945791,5.758145,5.926442,1.43858,4.547509,2.788925,1.122999,1.157004,3.895205,3.154993,5.410937,1.215275,6.211828,4.237029,3.831895,0.788761,4.648146,1.566188,3.281676,1.481085,4.596018,5.628803,4.081439,4.471947,1.77523,0.223288,4.115997,4.107376,2.246839,0.757342,3.301166,5.945235,1.085599,0.915346,2.402607,4.214866,1.838467,2.347434,3.684662,4.206982,1.235571,3.292581,3.209451,5.536632,4.261442,4.359264,1.740287,4.542354,3.688883,5.139069,1.912451,5.648494,2.21915,3.232326,3.752417,3.872238,4.038254,4.04495,3.997749,5.641477,1.332587,2.434997,3.615903,4.25646,3.704286,4.555565,3.411075,1.517232,3.1695,4.632883,5.711025,5.625663,3.186156,2.012207,6.137149,4.637351,2.484727,3.668404,3.616307,2.200061,1.798634,3.671252,5.61776,5.49316,5.006282,4.886938,0.621921,5.029617,0.31135,1.951467,3.918969,3.094439,3.668862,3.710252,3.219695,4.549865,3.554239,3.193621,2.331543,3.25067,3.436691,3.076999,2.141798,4.971355,3.780037,2.942445,6.119505,3.097093,2.513075,3.620935,6.070615,2.921794,4.205798,1.151305,1.174705,2.812334,2.141202,5.241045,0.554671,5.749342,3.759314,5.911763,5.074599,5.090661,5.204256,2.749338,3.958367,1.547097,2.175068,3.400574,5.852593,2.078415,1.191638
3.098378,6.040357,5.716909,3.862952,5.625547,6.093799,6.022719,2.088879,6.320683,1.586623,3.603072,6.132836,5.418175,5.870963,2.123599,4.375732,4.084529,5.767333,7.350183,4.294516,3.425505,4.646294,2.959347,4.267252,0.266253,5.157162,7.600883,2.411291,5.015293,7.102541,3.947629,7.501752,3.599689,3.472362,2.692481,2.362391,6.846406,2.010268,7.288817,2.701877,5.68161,5.364981,3.949185,6.578104,1.631441,5.872004,1.372197,2.910518,4.474554,1.853479,7.667363,6.649366,4.380197,4.455944,6.45399,3.178351,4.559749,2.039737,5.878262,3.259217,3.219237,4.067411,4.751535,8.379891,5.975948,6.757298,7.833759,6.091423,4.917831,5.220335,4.862042,5.94382,4.211986,3.204815,8.148527,5.528606,6.227607,1.941432,5.167137,5.940581,2.161104,5.595805,4.886335,3.398239,1.798321,5.353814,4.210235,2.946934,2.703003,4.532548,6.478596,7.161229,3.12809,5.438175,4.185977,4.921376,6.096597,5.959008,1.231991,5.099502,2.43209,4.663028,4.175894,3.249121,2.149771,5.853821,5.555738,5.835267,2.240248,3.639997,3.605666,5.627705,3.211898,6.628599,0.329709,0.863055,5.65948,4.96799,3.067397,1.579505,4.22717,0,1.744524,2.710279,6.466633,5.340983,4.561525,5.012493,3.36746,3.66725,0.920876,5.762416,5.970751,3.303124,1.504476,5.749079,2.690051,1.615863,2.817378,4.386399,1.451478,6.217856,5.258535,6.965025,5.442256,6.304304,2.498559,3.785517,3.922744,2.988032,4.844596,3.482109,4.034508,5.118926,4.071633,7.165507,6.598137,3.37588,6.376706,4.248866,2.899802,6.565924,5.470343,4.611441,5.490166,5.524745,1.746543,8.423389,3.615434,1.97053,5.532494,5.700791,4.400356,0.323333,4.599708,5.130836,4.969551,4.945367,4.966254,2.162847,4.861113,7.365108,4.622637,1.064844,3.513723,0.611804,2.77651,2.898691,4.5982,8.449672,6.557974,5.471747,4.857555,5.491773,4.164329,2.059318,4.492984,2.255229,4.579807,6.947004,6.920411,4.510892,3.704113,6.048445,6.717487,5.55501,3.045539,2.771171,3.163634,4.533313,2.769468,2.826466,5.575971,4.64705,2.507547,4.939579,2.710752,2.217248,3.474538,5.766105,5.422843,2.020865,2.849341,6.539682,2.709856,5.288488,4.430558,5.388057,2.992967,3.881621,2.335526,4.001511,5.133821,4.960586,6.090555,4.779331,3.274984,5.794419,5.786163,3.976233,2.843595,6.725643,3.08656,7.290429,5.022959,6.319637,1.611725,6.403572,5.845899,5.652288,0.904201,6.546931,6.64644,5.39189,5.862114,4.170763,6.182897,4.04993,5.805121,1.86229,4.911854,7.522516,4.09586,3.605303,5.972126,3.939847,2.670508,3.379315,3.059198,4.877427,4.445255,3.487389,5.356963,4.690528,4.753706,4.147803,5.639928,4.145823,7.160422,7.223895,4.284571,4.591406,3.104075,4.444339,6.351821,2.199137,6.394325,3.779775,4.120062,2.557822,6.840934,5.460207,6.512922,6.357536,4.044296,2.101824,2.711445,4.989139,2.394781,4.117801,2.231757,3.098378
2.865384,5.614869,5.896215,3.671353,4.38883,5.124205,5.597231,0.718188,5.850885,2.570055,3.935803,6.312142,6.044539,5.445475,0.752908,3.936708,4.41726,5.575734,6.880385,4.627247,2.909624,4.448913,3.920669,3.828228,1.478271,5.447541,8.04917,1.0406,4.354911,5.669521,4.771666,8.128116,4.423726,3.940829,3.675913,1.664133,5.413386,2.9937,6.863329,1.900086,4.712016,5.173382,2.516165,6.108306,0.360389,4.904783,2.355629,3.89395,4.036887,0.420459,8.11565,6.179568,3.942205,4.542714,5.484396,2.66247,5.543181,2.478339,5.883364,4.242649,4.202669,3.865802,3.318515,7.910093,5.55046,6.33181,7.363961,5.126539,3.484811,5.399641,4.436075,5.518332,5.195418,2.976144,7.678729,5.103118,6.675894,0.196908,4.975538,5.748982,0.41658,4.162785,4.460368,1.965219,2.759643,4.928326,5.193667,3.930366,3.664325,4.093524,6.053108,6.468466,1.857662,6.262212,3.76001,5.745413,5.671109,5.53352,2.215423,5.923539,3.393412,3.230008,4.999931,1.816101,0.77908,6.677858,4.441779,6.046526,0.495724,4.623429,2.172646,6.451742,2.782818,6.203111,1.883405,0.881469,6.107767,4.542502,4.028719,0.460683,3.801203,1.744524,0,2.648448,6.041145,5.149384,3.128505,4.574501,4.191497,3.230357,1.882198,4.329396,5.500953,4.127161,2.465798,6.573116,3.331504,2.410661,2.60338,2.953379,2.43491,6.84422,6.082572,7.413312,4.496914,5.834506,3.481991,2.352497,4.746781,3.971464,4.433362,3.23707,5.01794,4.680934,3.880034,6.200623,6.777443,3.184281,5.411822,2.504342,3.883234,6.096126,4.037323,5.594873,6.082763,5.973032,2.483651,7.953591,2.182414,2.931852,4.099474,4.267771,4.202975,2.064863,4.408109,4.692844,4.544063,5.496772,4.774655,3.146279,4.423121,7.813395,5.446674,2.026166,3.104527,2.1655,2.376637,3.770728,4.400819,7.979874,5.124954,5.683006,5.681592,5.066285,3.726662,0.314794,5.317021,1.775272,4.154319,5.97741,7.546775,4.071868,3.502837,5.081224,5.284467,5.129522,3.742998,3.732493,4.124956,4.331704,1.398777,3.698503,4.142951,5.471087,3.468869,4.25601,3.694184,3.17857,4.45797,5.340138,3.989823,2.302423,3.721378,6.348083,3.671178,5.639821,5.254595,5.599316,3.976399,3.68424,1.96343,4.825548,5.838534,5.305853,6.175227,5.012642,3.083385,5.60282,6.23445,4.959665,3.827027,6.300155,1.788996,7.738716,5.846996,5.354753,0.132799,6.211973,4.876305,5.226321,1.865523,5.113911,7.094727,6.215927,6.488478,3.745275,6.631184,3.623963,5.379154,0.117766,4.720255,7.052718,4.919897,4.42934,6.151432,4.763884,1.299817,3.748522,1.688507,5.038258,4.678566,3.695841,6.181,3.257508,4.562107,5.131235,5.448329,4.122449,6.734934,7.672182,2.851551,5.415443,2.831314,4.24273,5.926333,2.027705,6.842612,3.559069,5.103494,3.519144,5.407914,6.284244,6.692228,6.805823,4.350905,3.063146,2.476116,3.556119,3.356103,5.101233,2.717074,2.865384
0.459715,3.453399,3.361827,1.22016,3.090403,3.558655,3.435761,2.093992,3.733742,3.53581,1.287355,3.777754,3.396091,3.284005,2.128712,2.42555,1.768812,3.124541,4.763242,1.978799,1.798404,2.003502,2.474575,2.31707,2.444026,2.859148,5.460777,1.607848,2.493989,7.284064,2.309137,5.479668,1.961197,1.292381,3.958727,0.984315,7.027929,3.959455,4.701859,1.320537,3.146466,2.722189,4.177774,3.991163,2.468205,3.33686,3.321384,3.329358,1.930794,2.757403,5.527257,4.062425,1.845033,2.013984,3.918846,1.320754,4.690679,0.717257,3.432171,3.390147,3.350167,1.424619,3.368104,5.79295,3.38899,4.17034,5.246818,3.556279,5.821755,2.865253,2.275101,3.356862,4.627898,0.562023,5.561586,2.941648,4.087501,2.845356,2.524345,3.297789,3.065028,3.439967,2.299394,4.302163,1.898821,2.766856,4.525413,3.077864,2.367035,2.37171,3.891638,4.574288,1.74675,3.799683,1.5993,3.261045,3.509639,3.37205,3.181178,3.46101,2.770968,3.883348,2.537402,4.153045,1.901859,4.215329,3.020594,3.480185,3.144172,3.770927,4.50959,3.989213,1.248956,4.041641,2.84916,2.790132,3.519374,2.381032,2.582625,2.735298,1.640493,2.710279,2.648448,0,3.879675,2.698191,5.013895,2.477349,1.728968,1.50743,1.946378,3.504219,3.38381,1.664632,1.962846,4.110587,0.683056,1.107261,0.299757,5.290323,3.400665,4.195772,3.620043,4.824919,2.907112,3.717363,3.655917,4.689441,2.284252,4.08002,2.257638,0.869766,4.165438,2.583762,1.428841,4.589413,4.243055,0.733088,3.800612,5.15279,4.18352,3.978983,6.087016,4.831924,3.457093,3.384639,1.180251,5.836448,4.519358,2.4289,6.436418,6.604715,1.757564,3.030618,1.956916,2.591486,2.382593,2.871102,2.323462,3.912587,2.325969,5.225002,2.984145,2.315004,1.139291,3.131255,0.948545,1.783326,1.955408,5.862731,6.739497,3.116665,3.219063,2.904815,1.620569,2.963242,2.854492,0.979608,1.992849,4.41186,4.898327,2.196293,1.061321,3.513301,5.32556,2.968052,1.09455,2.186312,2.708632,1.890521,2.139826,1.711101,6.479895,3.008558,2.846425,2.850981,3.044004,2.165597,3.640719,3.179164,6.326767,0.702259,1.733976,3.89689,2.373888,3.051428,2.792066,3.032975,4.143127,1.238829,1.113333,2.363019,3.190086,2.680183,3.724034,2.424249,0.632192,3.151627,3.646057,4.212675,4.127313,4.138685,1.708484,5.150323,3.384467,3.75144,2.515649,3.76078,3.310755,3.065347,2.154361,6.728454,4.506334,3.753398,3.84003,1.583805,4.042791,1.463253,3.21818,2.766214,2.269062,4.935575,2.457368,1.966811,3.617044,2.301355,2.040866,1.100074,2.097915,2.505269,2.090173,1.047393,3.718471,4.690847,2.110914,4.621155,2.997136,1.671256,4.51867,5.083789,3.832604,2.952914,0.710687,1.801547,3.764863,0.77682,4.254219,1.136983,4.250992,2.260964,7.022457,3.821715,4.15784,4.21743,1.716363,2.426366,0.398264,3.085878,1.902224,4.354243,0.503768,0.459715
3.43082,0.816824,3.789543,3.127331,4.75828,5.226532,0.443914,5.486689,2.855214,7.292164,3.733129,4.20547,4.840184,0.59567,5.521409,4.33124,3.909911,3.219014,4.905061,4.279478,3.790258,2.481037,6.068718,4.22276,6.20038,4.067337,5.994842,5.000545,4.161866,8.951941,5.576099,6.344962,5.228159,4.158804,7.55287,4.490527,8.695806,7.715809,0.901713,4.244223,4.675094,1.524601,6.050831,3.169073,5.860902,4.382308,7.077738,6.923501,2.765308,6.1501,6.061322,3.240335,3.530998,2.856874,5.444611,3.378675,8.284822,4.473611,3.526644,6.98429,6.94431,2.481758,5.241161,5.934769,1.543784,0.370194,5.388637,4.16856,8.344198,3.292969,2.77615,0.720287,8.222041,3.339117,5.703405,1.824485,4.621566,6.238053,2.624517,3.392262,6.457725,5.107844,2.993771,6.81409,5.655175,1.40224,8.119556,6.672007,5.961178,4.068259,0.118891,4.716107,4.183483,6.276692,2.726308,4.911326,2.105416,1.909445,6.937532,6.410299,6.3796,5.756405,5.619638,6.735192,5.294556,5.861046,4.688471,3.968005,6.536869,7.36507,6.39435,7.256175,3.274024,0.176725,6.605514,6.546486,4.048251,1.840108,6.176768,6.127995,2.927146,6.466633,6.041145,3.879675,0,1.679881,6.886952,4.173633,4.99593,3.359543,5.702732,5.172096,3.205146,4.931594,5.7192,6.37736,3.950018,4.863615,3.698276,7.543737,7.157019,5.185169,6.523599,5.358984,4.24277,3.062405,7.25006,7.090588,5.551214,7.674163,1.630036,3.038445,7.759581,3.914965,3.027868,4.795211,4.523217,3.329341,4.00641,8.084764,7.777663,4.120802,7.754893,8.426067,4.36281,3.913516,4.936605,5.978267,7.089334,6.185254,8.536716,8.705013,2.462381,6.786972,2.251083,3.302614,1.885868,4.162338,2.421879,7.50673,4.022253,5.759067,5.626573,6.071358,3.028224,6.887609,3.805651,5.377469,2.362122,6.00455,8.407374,3.599801,6.486025,1.771512,2.990211,6.355939,6.121454,4.486302,2.280338,5.622653,5.763621,3.897916,2.840165,4.334451,6.993437,1.827739,4.361512,5.780455,6.302775,2.078261,5.532523,5.305244,8.315203,6.27552,6.455057,4.518858,6.638147,5.784676,7.234862,3.873541,8.427065,4.458613,5.328119,0.932172,5.968031,3.943295,6.059028,3.520795,7.73727,2.831832,4.67446,5.629981,4.840367,4.071619,3.818507,3.667263,3.498947,1.485454,4.178229,7.806818,7.721456,0.273769,4.252149,5.684388,6.288023,3.957238,5.908346,1.024768,4.978632,3.759724,5.910715,8.396331,5.040399,7.02036,4.944555,2.309166,4.578988,2.635741,3.912557,6.158911,2.347194,5.077394,5.72433,5.233773,4.003897,5.03251,5.433563,3.942991,5.490612,2.852129,3.333187,3.48531,6.985433,6.563904,2.214605,8.215298,1.413047,2.835987,0.773318,5.617854,5.705661,5.204876,3.390768,2.172914,0.334435,4.380665,4.786391,2.749062,7.845135,5.855107,8.690334,6.343404,4.438002,4.753627,3.350729,6.156004,3.78656,4.958935,5.496367,7.948386,4.317597,3.43082
2.650112,1.20891,2.313693,1.651481,5.195061,5.663313,1.235967,4.594928,3.291995,6.166514,2.257279,2.72962,3.364334,1.084211,4.629648,4.719512,2.434061,1.743164,5.341842,2.803628,4.092366,2.917818,4.81844,4.611032,5.07473,2.591487,4.518992,4.108784,4.598647,9.388722,4.325821,4.869112,3.977881,2.682954,6.302592,3.485251,9.132587,6.590159,2.33351,3.821473,5.111875,0.489407,6.471736,3.605854,4.969141,4.819089,5.952088,5.673223,3.202089,5.258339,4.585472,3.677116,3.967779,1.381024,5.881392,3.614716,7.034544,3.347961,2.050794,5.734012,5.694032,2.768212,5.662066,6.37155,1.980565,1.939912,5.825418,4.605341,8.322691,1.817119,3.212931,0.959594,6.971763,2.554855,6.140186,2.261266,3.145716,5.346292,1.148667,1.916412,5.565964,5.544625,3.430552,6.803099,4.529525,1.839021,6.869278,5.421729,4.7109,4.50504,1.691844,5.152888,4.247686,4.800842,3.163089,3.435476,2.542197,2.346226,5.811882,4.934449,5.129322,6.17731,4.143788,6.653981,4.402795,4.385196,5.125252,2.492155,5.645108,6.114792,6.815255,6.005897,3.541451,1.811213,5.479864,5.420836,2.572401,2.276889,4.92649,5.236234,3.363927,5.340983,5.149384,2.698191,1.679881,0,7.307857,4.610414,3.745652,3.78129,4.577082,5.608877,3.641927,3.681316,4.59355,4.90151,2.69974,3.737965,2.773067,7.791259,6.031369,3.709319,5.047749,3.883134,4.679551,3.499186,5.999782,7.190377,4.300936,6.423885,2.066817,3.128664,6.509303,4.351746,1.552018,5.231992,3.047367,2.046464,4.443191,7.653726,6.527385,4.557583,8.191674,7.175789,2.88696,2.437666,3.810955,6.415048,7.020294,5.059604,8.937354,9.105651,2.899162,5.661322,0.775233,3.739395,2.322649,2.686488,0.946029,6.256452,4.459034,4.283217,4.150723,4.945708,3.418985,5.761959,3.341346,4.127191,2.798903,6.441331,8.844155,2.123951,5.235747,2.208293,3.426992,5.464178,4.871176,3.480544,2.717119,6.059434,4.287771,4.334697,2.673943,4.771232,7.430218,2.26452,3.111234,4.530177,5.052497,2.515042,4.640762,4.054966,8.751984,5.025242,5.204779,4.955639,5.387869,4.534398,5.984584,4.310322,8.827703,3.332963,4.077841,1.39771,4.717753,2.467445,4.80875,2.044945,6.486992,2.450008,3.635258,4.379703,3.364517,2.595769,2.342657,2.191413,2.186543,0.652447,2.702379,6.55654,6.471178,1.908257,4.20942,4.208538,4.812173,4.394019,5.016585,1.2616,5.415413,4.196505,4.785065,8.833112,3.564549,5.770082,3.468705,2.745947,3.103138,3.072522,4.349338,5.26715,0.871344,5.514175,4.474052,3.983495,2.528047,3.55666,4.541802,2.467141,4.598851,1.376279,1.857337,2.00946,5.735155,6.984809,0.738755,6.96502,0.497956,1.360137,2.01949,4.142004,6.126566,3.729026,3.051018,2.609695,1.534435,3.298745,3.310541,2.973247,6.594857,4.604829,9.127115,4.867554,2.962152,3.277777,1.874879,4.905726,2.885164,5.37984,4.246089,6.698108,3.136113,2.650112
4.793731,6.460676,8.083339,5.858477,2.716049,3.451533,6.443038,3.535189,4.222783,5.387056,6.207845,8.499266,8.23169,6.291282,3.569909,3.087474,6.689302,7.744763,5.252283,6.899289,3.625512,5.664331,6.73767,2.969037,4.295272,7.634665,10.236294,3.857601,2.726809,5.13795,7.173941,10.315267,6.826001,6.306276,6.492914,4.481134,4.881815,5.810701,7.709136,4.717087,3.040442,7.168453,1.0431,4.480204,3.17739,3.24063,5.17263,6.710951,4.143411,2.708046,10.302774,4.551466,3.394354,6.729838,3.811724,3.869863,8.360182,4.971055,8.052393,7.05965,7.01967,4.982784,1.645791,6.281991,5.716374,7.177617,5.735859,3.498437,2.95324,7.586765,4.434617,6.364139,8.012419,4.883778,6.050627,5.747601,8.863018,3.325413,7.144567,7.918011,3.545085,2.490004,4.148403,1.882971,5.576644,5.744621,8.010668,6.747367,6.481326,2.844263,6.898915,4.795794,4.667391,8.664487,4.350846,8.11611,5.153117,5.699434,5.032424,8.325814,6.210413,1.557227,7.402206,1.804073,3.596081,9.06583,2.768998,8.23365,3.519643,7.44043,0.955859,8.854017,3.792303,7.048918,4.700406,3.69847,8.294891,5.175374,6.84572,3.277684,4.103085,4.561525,3.128505,5.013895,6.886952,7.307857,0,3.232605,6.593772,3.712769,4.699199,2.656615,3.872851,6.529436,5.282799,8.975391,5.696951,5.227662,4.725317,2.870276,5.251911,9.031371,8.484847,9.600436,2.868812,4.206404,6.298992,2.269394,7.149056,6.788465,5.290398,4.34449,7.834941,3.357895,6.049541,4.572521,8.964567,5.467165,3.78372,2.646273,6.700235,4.468024,3.505752,8.411874,8.269887,8.160156,5.300652,6.325489,1.650843,5.748853,3.567903,3.7362,5.466711,4.881864,6.577616,3.682975,5.092542,7.683896,6.943684,5.96328,3.081225,10.000519,7.848949,4.843167,4.116999,4.982501,4.303095,6.346447,5.507707,6.351772,4.593383,7.87013,8.083867,5.626712,3.965473,3.443299,7.719296,4.592273,4.633824,4.304738,9.733926,3.020533,4.714484,3.453122,4.752896,5.563475,6.108445,6.549494,6.941957,5.261555,4.215778,6.274222,3.61138,7.873362,6.28587,2.627908,6.511185,5.995571,7.274971,4.272251,3.458252,4.956057,6.297097,7.712223,6.488179,7.826945,7.65687,7.78644,6.7934,5.125254,4.780431,7.227823,8.045151,7.492977,8.344256,7.199766,5.297728,7.129306,8.421574,7.776666,6.644028,7.145962,4.605997,9.92584,8.249271,3.726651,2.995706,7.576113,3.203633,4.158434,4.682524,4.58234,9.281851,8.618202,8.675629,4.708027,8.818308,4.397456,4.311267,3.246271,6.88313,5.424616,7.322172,6.831615,8.338556,7.166159,4.116818,6.112039,4.505508,7.225382,6.86569,5.930489,8.583275,2.732114,6.731136,7.948236,7.056899,6.301766,7.580741,9.859306,2.313353,7.817718,4.30609,5.204633,6.77214,4.844706,9.029736,4.640875,7.920495,6.336145,4.876343,8.686519,8.879352,8.992947,6.538029,5.880147,4.617349,1.928017,6.173104,7.918234,5.088221,4.793731
2.242157,3.747357,5.526691,3.301829,1.104636,1.572888,3.729719,4.020045,2.273244,5.838024,3.651197,5.942618,5.675042,3.577963,4.054765,1.145084,4.132654,5.188115,3.302744,4.342641,1.677504,2.951012,4.869313,1.026647,4.74624,5.078017,7.679646,3.533901,0.508222,5.298297,4.781421,7.758619,4.433481,3.761999,6.353465,3.026345,5.042162,6.261669,4.995817,2.777579,1.160699,4.455134,2.396484,2.530665,4.394258,1.329479,5.623598,5.724096,1.430092,4.440248,7.746126,2.601927,0.657924,4.17319,1.933079,1.918701,7.085417,3.019471,5.495745,5.784885,5.744905,2.249278,1.586814,4.332452,3.530931,4.464298,3.78632,1.548898,4.690554,5.030117,1.721438,3.65082,7.022636,2.332204,4.101088,3.034282,6.30637,4.771409,4.587919,5.361363,4.991081,1.4542,1.435224,3.159743,4.201035,3.060814,6.920151,5.472602,4.761773,0.489724,4.185596,2.917149,2.716839,6.271967,1.617479,5.559462,3.203578,3.513991,5.483392,5.933294,5.089335,2.102058,5.009686,3.080845,3.827912,6.509182,1.034827,5.677002,5.070225,6.165665,2.740003,6.461497,1.818436,4.335599,5.151374,5.082137,5.738243,2.462055,4.977363,4.661351,1.366655,5.012493,4.574501,2.477349,4.173633,4.610414,3.232605,0,4.201252,1.345243,4.248592,1.518452,1.923312,4.136916,4.26506,6.582871,3.15534,3.409475,2.278022,3.88939,5.702879,6.474723,6.092327,7.043788,0.899731,2.256865,6.050655,3.436241,4.756536,6.474758,2.577079,1.626286,6.560176,0.679085,3.492893,2.622982,6.407919,2.910517,1.834181,4.430417,6.578258,2.518485,4.101249,7.226662,5.713239,5.603508,3.482465,4.37595,3.434987,4.731114,4.883072,5.051369,2.756616,5.332832,4.020968,0.969796,2.379223,5.127248,4.387036,6.307325,0.298062,7.443871,5.456429,4.617218,1.588095,5.433469,2.351511,4.178064,2.794388,4.402233,4.75373,5.313482,5.691347,2.997449,1.229043,4.889295,5.326776,3.02212,1.920505,2.426093,7.177278,0.509183,2.153884,1.50592,3.339793,3.060686,3.566834,4.58105,5.10337,2.548236,4.065879,4.105839,4.661559,5.480842,5.164792,0.865214,5.438742,4.560335,6.035457,1.907503,4.773421,3.004473,4.128714,4.998904,4.768626,5.270297,5.26435,5.229792,6.537865,2.564948,3.210278,4.835303,5.488503,4.936329,5.787608,4.643118,2.746154,4.415987,5.864926,6.607413,6.522051,4.432643,2.785505,7.369192,5.856751,1.777112,4.441702,4.862794,1.324988,1.793686,4.456575,4.742687,6.725203,6.225682,6.118981,1.974521,6.26166,1.66395,1.946519,4.692267,4.326482,3.475077,4.929652,4.439095,5.781908,4.773639,3.966919,3.560465,4.023968,4.668734,4.309042,3.373841,6.190755,2.909557,4.174488,7.015893,4.34358,3.745118,4.867422,7.302658,2.051314,5.425198,1.950639,2.491314,4.058821,2.926525,6.473088,1.907369,6.64573,4.655702,5.03669,6.293999,6.322704,6.436299,3.981381,4.744733,2.346431,1.304588,4.296962,6.748981,2.898506,2.242157
1.968414,4.508529,4.07277,2.267621,4.814306,5.282558,4.552016,3.637041,4.851547,3.667908,1.958933,4.488697,2.410837,4.40026,3.671761,4.005427,2.44039,4.172002,5.881047,2.650377,3.378281,3.095451,2.058146,3.896947,3.101207,2.306382,4.750103,3.150897,4.217892,9.007967,0.580169,4.492328,0.307645,1.828223,3.542298,2.527364,8.751832,4.091553,5.818114,2.86685,4.870369,3.76965,5.757651,5.108968,4.011254,5.060763,3.978565,2.912929,3.179318,4.300452,4.816583,5.18023,3.568936,2.811805,5.642749,2.900631,4.27425,1.718256,4.234123,2.973718,2.933738,2.5193,4.947981,6.910755,4.505245,5.286595,6.364623,5.080567,7.364804,3.576196,3.392906,4.473117,4.211469,1.876409,6.679391,4.057903,3.376827,4.388405,3.571806,4.34525,4.608077,5.16387,3.417199,5.845212,3.017053,3.883111,4.108984,2.661435,1.950606,4.095613,5.007893,5.692093,3.293063,2.262611,2.895868,1.819304,4.625894,4.488305,3.838359,1.923938,2.369028,5.463225,1.073822,5.696094,3.444908,2.678257,4.744497,3.115694,4.687221,3.354498,6.052639,2.452141,2.841593,5.157896,3.506341,3.447313,2.8087,3.497287,2.166196,4.163763,2.981852,3.36746,4.191497,1.728968,4.99593,3.745652,6.593772,4.201252,0,3.231333,2.603559,5.228122,4.501615,0.452344,2.17799,2.573515,1.045912,2.294076,2.02366,6.833372,4.057846,3.208432,2.082971,4.114245,4.631015,4.835168,3.239488,6.23249,0.74718,3.663591,3.373893,2.581251,3.749009,4.101276,2.450552,5.707218,4.953998,1.780549,4.918417,6.695839,3.767091,5.096788,7.810919,4.415495,2.482828,2.673965,2.367066,6.954253,6.062407,2.424716,7.979467,8.147764,2.849513,3.687799,3.004377,3.726042,3.498848,2.094587,3.370923,3.496158,4.049872,4.514328,1.520565,3.164735,2.867239,3.788436,2.527434,1.366897,3.047357,6.980536,8.4634,3.076998,1.565511,4.02107,3.168286,4.506291,1.31742,2.420202,3.109104,6.135763,3.910987,3.920196,2.156855,5.237204,7.049463,4.084307,0.754354,1.769883,2.292203,2.987948,3.682875,1.294672,8.022944,1.471486,2.444485,4.569274,2.627575,1.774104,3.22429,4.296969,7.869816,1.901854,1.317547,4.944351,1.957459,2.437708,1.254994,2.981591,3.726698,2.330778,2.500499,0.709467,2.031749,2.109806,4.446416,2.534067,1.679653,4.199088,2.935383,3.796246,3.710884,5.25494,3.251533,4.439649,1.847395,4.869245,4.058698,4.808241,5.034658,4.183152,3.004092,8.452357,3.79566,2.216326,2.85269,2.70006,3.332117,2.779291,4.335985,4.309263,3.316523,6.05338,0.920296,0.515044,4.327987,1.089067,3.583915,1.735176,3.640964,3.233288,2.801116,1.84325,2.181399,6.270724,3.158375,4.204726,4.044597,2.501684,5.566131,4.373115,5.412481,1.489334,2.439655,2.896228,4.881118,2.228465,3.543545,2.438318,3.834563,1.844535,8.74636,2.284643,4.868783,3.506756,2.400157,2.223261,2.127232,4.665755,1.485795,3.937814,1.677617,1.968414
1.272238,2.933267,4.556772,2.33191,1.958297,2.426549,2.915629,2.675901,2.832055,4.492781,2.681278,4.972699,4.705123,2.763873,2.710621,1.124424,3.162735,4.218196,3.861555,3.372722,0.498485,2.070271,3.740869,1.015944,3.400997,4.108098,6.709727,2.189757,1.361883,6.151958,3.811502,6.7887,3.463562,2.79208,5.225021,1.682201,5.895823,4.916426,4.181727,1.433435,2.01436,3.641044,2.876648,3.089476,3.050114,2.204754,4.278355,4.595652,0.807304,3.339312,6.776207,3.160738,0.712947,3.203271,2.78674,0.573458,5.956973,1.674228,4.525826,4.656441,4.616461,1.328936,2.066978,4.891263,2.792997,3.650208,4.345131,2.424173,5.217548,4.060198,1.373414,2.83673,5.894192,1.362285,4.659899,2.296348,5.336451,3.427265,3.618,4.391444,3.646937,2.307861,1.392555,3.639907,2.855792,2.246724,5.791707,4.344158,3.633329,1.239604,3.371506,3.672601,1.372695,5.302048,0.873567,4.589543,2.913646,2.776057,4.138149,4.963375,3.744092,2.582222,4.039767,3.561009,2.483768,5.539263,1.888488,4.707083,3.726081,5.037221,3.220167,5.491578,0.479502,3.521509,3.806131,3.737993,4.768324,1.724121,3.848919,3.317207,0.620608,3.66725,3.230357,1.50743,3.359543,3.78129,3.712769,1.345243,3.231333,0,2.903349,2.372113,2.482123,3.166997,2.919817,5.612952,2.185421,2.064232,1.308103,4.369554,4.357636,5.504804,5.122408,6.073869,1.775006,2.815676,4.890594,3.916405,3.786617,5.346314,1.75176,0.656367,5.431732,1.451676,2.522974,3.498257,5.438,1.940598,2.709456,4.910581,5.449814,3.077296,4.95491,6.098218,4.74332,4.633589,2.137222,4.934761,3.915151,3.385871,5.736733,5.90503,1.870977,3.987589,3.051049,1.463586,1.641289,4.157329,3.417117,5.069005,1.193863,6.473952,4.48651,3.271975,0.561545,4.088226,1.006268,3.04962,1.913482,4.961044,5.607391,4.343563,4.721428,2.259515,0.497079,3.545151,4.356857,1.677976,1.178474,3.279754,6.207359,1.064187,1.183965,2.381195,4.193454,2.322752,2.596915,3.452606,3.974926,1.667968,2.721735,2.977395,5.51522,4.510923,3.819549,1.688271,4.310298,3.261934,4.907013,2.277477,5.627082,1.65923,3.00027,4.184814,3.640182,4.300378,4.294431,4.259873,5.409421,1.595029,1.866134,3.865384,4.518584,3.96641,4.817689,3.673199,1.776235,3.601897,4.895007,5.478969,5.393607,3.618553,1.441361,6.399273,4.886832,2.652387,3.097558,4.048704,2.178649,2.16366,3.111332,5.596348,5.755284,5.255763,5.149062,1.05599,5.291741,0.920038,2.316493,3.348123,3.356563,4.033888,3.959733,3.469176,4.811989,3.80372,2.622775,2.590546,2.679824,3.698815,3.339123,2.403922,5.220836,3.389721,3.204569,5.887449,3.52949,2.775199,4.053332,6.332739,2.531478,4.455279,0.933405,1.607102,3.244731,1.581282,5.503169,0.987027,5.517286,3.527258,5.890351,5.32408,5.352785,5.46638,3.011462,3.39949,1.308372,1.784752,3.168518,5.620537,1.791394,1.272238
2.334477,5.276456,4.953008,3.099051,4.861646,5.329898,5.258818,2.226553,5.556782,1.746407,2.839171,5.368935,4.654274,5.107062,2.261273,3.611831,3.320628,5.003432,6.586282,3.530615,2.661604,3.882393,2.195446,3.503351,0.654623,4.393261,6.836982,2.222023,4.251392,7.240215,3.183728,6.737851,2.835788,2.708461,2.852265,1.59849,6.98408,2.170052,6.524916,1.937976,4.917709,4.60108,4.086859,5.814203,1.769115,5.108103,1.531981,3.020459,3.710653,1.991153,6.903462,5.885465,3.616296,3.692043,5.690089,2.41445,4.38178,1.275836,5.114361,3.081248,3.041268,3.30351,4.554385,7.61599,5.212047,5.993397,7.069858,5.327522,5.055505,4.456434,4.098141,5.179919,4.318999,2.440914,7.384626,4.764705,5.463706,2.079106,4.403236,5.17668,2.298778,5.21121,4.122434,3.535913,1.03442,4.589913,4.216514,2.768965,1.939102,3.768647,5.714695,6.397328,2.364189,4.674274,3.422076,4.157475,5.332696,5.195107,1.391775,4.335601,1.668189,4.800702,3.411993,3.386795,2.287445,5.08992,4.791837,5.071366,2.377922,3.462028,3.74334,4.863804,2.447997,5.864698,1.059757,1.000729,4.895579,4.204089,2.303496,1.717179,3.463269,0.920876,1.882198,1.946378,5.702732,4.577082,4.699199,4.248592,2.603559,2.903349,0,5.275462,5.20685,2.539223,0.740575,4.985178,1.92615,0.851962,2.053477,4.524073,1.611262,5.453955,4.494634,6.201124,4.678355,5.540403,2.658343,3.923191,3.158843,3.147816,4.080695,2.718208,3.856539,4.355025,3.307732,6.401606,5.834236,2.611979,5.612805,4.38654,3.059586,5.802023,5.608017,4.523025,4.726265,4.760844,0.982642,7.659488,3.753108,1.206629,5.670168,5.838465,3.636455,1.241215,3.835807,4.366935,4.20565,4.181466,4.202353,2.322631,4.097212,6.601207,3.858736,0.757308,2.749822,1.341852,2.012609,2.13479,3.834299,7.685771,6.695648,4.707846,4.093654,4.727872,3.400428,2.196992,3.729083,1.491328,3.815906,6.183103,6.15651,3.746991,2.940212,5.284544,6.855161,4.791109,2.281638,2.00727,2.399733,3.769412,2.754001,2.062565,5.713645,3.883149,1.743646,4.175678,2.735105,1.453347,3.33182,5.002204,5.560517,1.256964,2.08544,5.775781,1.945955,4.524587,3.666657,4.624156,3.152751,3.11772,1.571625,3.23761,4.36992,4.196685,5.326654,4.01543,2.511083,5.030518,5.022262,3.903776,3.003379,5.961742,2.322659,6.526528,4.259058,5.555736,1.749399,5.639671,5.081998,4.888387,0.596665,6.684605,5.882539,4.627989,5.098213,3.406862,5.418996,3.286029,5.04122,1.999964,4.147953,6.758615,3.331959,2.841402,5.208225,3.175946,2.655041,2.615414,2.71209,4.113526,3.681354,2.723488,4.593062,4.828202,3.989805,4.307587,4.876027,3.381922,6.396521,6.459994,4.422245,3.827505,2.340174,3.680438,5.58792,1.435236,5.630424,3.015874,3.942093,1.793921,6.978608,4.696306,5.749021,5.593635,3.280395,1.337923,1.947544,4.272159,1.63088,4.045344,1.467856,2.334477
3.269027,4.74582,6.553561,4.328699,0.430676,1.16616,4.728182,4.73608,2.477968,6.587947,4.678067,6.969488,6.701912,4.576426,4.7708,2.169062,5.159524,6.214985,3.140225,5.369511,2.704374,3.949475,5.896183,2.050625,5.496163,6.104887,8.706516,4.560771,1.040899,4.891569,5.808291,8.785489,5.460351,4.788869,7.380335,4.053215,4.635434,7.011592,5.99428,3.804449,0.755069,5.453597,1.820494,2.735389,4.378281,0.955257,6.373521,6.750966,2.428555,3.908937,8.772996,2.806651,1.684794,5.20006,1.526351,2.945571,8.112287,4.046341,6.522615,6.811755,6.771775,3.267928,1.621964,4.169933,3.971559,5.462761,3.623801,1.753622,4.161394,6.056987,2.719761,4.649283,8.049506,3.359074,3.938569,4.032745,7.33324,4.526304,5.614789,6.388233,4.745976,0.30699,2.433547,2.628432,5.227905,3.999806,7.947021,6.499472,5.788643,1.516594,5.184059,2.510421,3.743709,7.298837,2.63599,6.586332,3.408302,3.954619,6.233315,6.960164,6.116205,1.125937,6.036556,2.549534,4.796972,7.536052,0.483625,6.703872,4.727797,7.192535,2.164013,7.488367,2.845306,5.334062,5.901297,4.899361,6.765113,3.460518,6.004233,4.478575,2.393525,5.762416,4.329396,3.504219,5.172096,5.608877,2.656615,1.518452,5.228122,2.372113,5.275462,0,2.128036,5.163786,5.29193,7.609741,4.18221,4.436345,3.304892,3.615737,6.452802,7.501593,7.119197,8.070658,1.152215,2.461589,7.077525,3.014855,5.783406,7.501628,3.575542,2.653156,7.587046,1.643039,4.519763,2.827706,7.434789,3.937387,2.038905,3.854427,7.605128,2.723209,3.694521,8.253532,6.740109,6.630378,4.509335,4.213431,2.858997,5.757984,4.476344,4.644641,3.755079,6.082755,5.047838,1.968119,3.377686,6.154118,5.413906,7.164171,1.367072,8.470741,6.483299,5.644088,2.614965,6.183392,3.378381,5.204934,3.792851,4.239714,4.347002,6.340352,6.718217,3.881897,2.255913,4.64419,6.353646,4.04899,2.918968,2.019365,8.204148,1.536053,3.180754,1.195052,2.933065,3.81866,4.593704,5.60792,6.13024,3.546699,5.092749,5.132709,4.254831,6.507712,6.191662,1.374361,6.465612,5.587205,7.062327,2.527436,4.366693,4.031343,5.155584,5.997367,5.795496,6.297167,6.29122,6.256662,7.564735,3.591818,4.237148,5.862173,6.515373,5.963199,6.814478,5.669988,3.773024,5.41445,6.891796,7.634283,7.548921,5.431106,3.812375,8.396062,6.883621,1.981836,4.196597,5.861257,0.91826,2.413619,5.483445,4.335959,7.752073,7.252552,7.145851,2.993171,7.28853,2.6826,2.566452,4.447162,5.353352,3.312558,5.956522,5.465965,6.808778,5.800509,4.993789,4.587335,5.050838,5.695604,5.335912,4.400711,7.217625,2.969031,5.201358,8.042763,5.342043,4.771988,5.865885,8.329528,2.260376,6.452068,2.977509,3.489777,5.057284,3.953395,7.499958,2.926019,7.6726,5.682572,4.629962,7.320869,7.349574,7.463169,5.008251,5.771603,3.373301,1.51365,5.323832,7.775851,3.925376,3.269027
2.934955,2.77887,5.751589,3.573749,1.71422,2.182292,2.761232,4.990328,0.349932,6.796282,3.923117,6.167516,5.946962,2.609476,5.025048,2.43022,4.404574,5.18106,1.699915,4.614561,2.836682,2.858134,5.574403,2.311783,5.704498,5.349937,7.951566,4.504184,1.472083,5.907701,5.081784,8.030539,4.733844,4.049359,7.058555,3.994645,5.651566,7.219927,4.02733,3.747862,1.469948,3.486647,3.03673,0.607353,5.364541,1.177162,6.581856,6.429186,1.700483,5.080494,8.018046,0.678615,1.921538,4.44511,2.239465,2.882314,7.790507,3.977729,5.48869,6.489975,6.449995,2.280824,2.22706,2.729623,1.843523,3.495811,2.183491,0.963414,5.299958,5.255015,1.390599,2.682333,7.727726,2.843252,2.498259,1.978254,6.57829,5.697861,4.586563,5.354308,5.917533,2.063784,1.156624,3.799989,5.159293,1.87177,7.625241,6.177692,5.466863,1.943068,3.217109,1.510961,3.687122,6.57233,1.896869,5.831382,1.280266,1.826583,6.44165,6.233657,5.885285,2.742304,5.310049,3.721091,4.798195,6.781102,1.644411,5.930051,5.944033,6.870755,3.380249,6.76186,2.777663,3.367112,6.109632,6.050604,6.010163,2.366609,5.682453,5.631634,2.117097,5.970751,5.500953,3.38381,3.205146,3.641927,3.872851,1.923312,4.501615,2.482123,5.20685,2.128036,0,4.437279,5.223318,6.883234,3.455703,4.367733,3.202411,4.529636,6.661137,6.746643,6.39269,7.315708,1.037624,0.333553,6.755745,4.076487,5.056899,7.179848,2.35973,2.54258,7.265266,1.851218,3.764813,1.590065,6.485263,3.182437,0.801264,5.070663,7.283348,0.915656,4.710653,7.931752,5.985159,5.875428,4.440723,2.773121,4.075233,5.689372,5.492476,5.660773,2.663738,6.29109,4.213129,1.16155,2.283777,5.399168,4.383925,7.012415,1.771932,7.715791,5.756792,5.575476,2.532342,6.391727,3.309769,4.883154,2.70151,2.799404,5.363134,5.561847,5.99171,1.753861,2.031549,5.815747,5.627139,3.99042,1.827627,2.417507,7.449198,1.843396,2.358775,1.129305,3.949197,1.690624,3.867197,5.28614,5.80846,2.455358,5.036162,4.810929,5.270963,5.781205,5.960742,1.805545,6.143832,5.290361,6.740547,0.783862,5.382825,3.962731,4.833804,4.030417,5.473716,5.542217,5.564713,5.482841,7.242955,2.760806,4.178578,5.135666,5.760423,5.208249,5.780553,4.915038,3.033067,3.4475,6.136846,7.312503,7.227141,3.464156,3.755788,7.641112,6.157114,0.752092,5.368154,3.894307,1.934392,0.670045,5.414833,5.352091,6.997123,6.526045,6.390901,1.990619,6.53358,2.077251,0.822878,5.618719,4.30924,1.872248,5.230015,4.739458,5.965943,5.074002,4.937202,3.847378,4.994251,4.814175,4.580962,3.645761,6.491118,3.549803,4.176651,7.720983,3.375093,4.017038,3.898935,7.574578,2.69156,5.725561,2.894886,2.398436,3.090334,3.884783,6.745008,2.253197,7.35082,5.360792,5.646094,6.594362,6.400048,6.708219,4.253301,5.661689,3.290678,1.944834,5.002052,7.454071,3.821732,2.934955
1.904078,4.444193,3.754151,2.203285,4.74997,5.218222,4.48768,3.572705,4.787211,3.603572,1.894597,4.170078,2.115051,4.335924,3.607425,3.941091,2.096128,4.107666,5.816711,2.515552,3.313945,3.031115,1.99381,3.832611,3.036871,1.854038,4.297759,3.086561,4.153556,8.943631,1.032513,4.198628,0.684573,1.763887,3.477962,2.463028,8.687496,4.027217,5.753778,2.802514,4.806033,3.705314,5.693315,5.044632,3.946918,4.996427,3.914229,2.848593,3.114982,4.236116,4.364239,5.115894,3.5046,2.747469,5.578413,2.836295,4.209914,1.65392,4.155818,2.909382,2.869402,2.454964,4.883645,6.846419,4.440909,5.222259,6.300287,5.016231,7.300468,3.293412,3.32857,4.408781,4.147133,1.812073,6.615055,3.993567,2.924483,4.324069,3.50747,4.280914,4.543741,5.099534,3.352863,5.780876,2.952717,3.818775,4.044648,2.597099,1.88627,4.031277,4.943557,5.627757,3.228727,2.521742,2.831532,1.980005,4.561558,4.423969,3.774023,2.183069,2.304692,5.398889,1.259461,5.631758,3.380572,2.937388,4.680161,2.66335,4.622885,3.290162,5.988303,2.711272,2.777257,5.09356,3.442005,3.382977,2.356356,3.432951,2.10186,4.099427,2.917516,3.303124,4.127161,1.664632,4.931594,3.681316,6.529436,4.136916,0.452344,3.166997,2.539223,5.163786,4.437279,0,2.113654,2.832646,0.981576,2.22974,1.959324,6.769036,3.99351,2.914732,2.342102,3.661901,4.566679,4.770832,3.175152,6.168154,1.006311,3.599255,3.309557,2.516915,3.684673,4.03694,2.386216,5.642882,4.858197,1.716213,4.854081,6.631503,3.702755,5.032452,7.746583,4.351159,2.187042,2.221621,2.30273,6.889917,5.998071,2.36038,7.915131,8.083428,2.785177,3.623463,2.940041,3.661706,3.434512,1.642243,3.306587,3.431822,3.985536,4.061984,1.706204,3.100399,2.802903,3.7241,2.463098,1.302561,2.983021,6.9162,8.399064,2.624654,1.942439,3.956734,3.10395,4.441955,1.576551,2.355866,3.044768,6.071427,3.617287,3.85586,2.092519,5.172868,6.985127,4.019971,0.690018,1.705547,2.227867,2.923612,3.618539,1.230336,7.958608,1.730617,2.380149,4.504938,2.563239,1.709768,3.159954,4.232633,7.80548,1.837518,1.253211,4.880015,1.893123,1.985364,1.514125,2.529247,3.662362,2.266442,2.436163,1.086395,1.909046,1.657462,4.35443,2.081723,1.615317,4.134752,2.483039,3.73191,3.646548,5.190604,3.187197,3.987305,2.106526,4.804909,3.994362,4.743905,4.970322,4.118816,2.939756,8.388021,3.343316,2.475457,2.55899,2.635724,2.879773,2.714955,4.271649,4.244927,3.252187,5.989044,1.179427,0.457239,4.009368,0.636723,3.519579,1.67084,3.576628,3.168952,2.542593,1.778914,2.44053,6.206388,3.094039,4.14039,3.980261,2.437348,5.501795,3.920771,5.348145,1.674973,2.375319,2.831892,4.816782,2.164129,3.091201,2.373982,3.770227,1.780199,8.682024,2.543774,4.772982,3.054412,2.335821,2.158925,2.062896,4.601419,1.421459,3.873478,1.613281,1.904078
2.350945,5.292924,4.934711,3.115519,4.878114,5.346366,5.275286,2.810153,5.57325,2.330007,2.820874,5.350638,4.228705,5.12353,2.844873,3.628299,3.302331,5.0199,6.60275,3.512318,2.775165,3.898861,1.688132,3.519819,1.238223,3.967692,6.411413,2.335584,4.26786,7.823815,2.758159,6.312282,2.410219,2.690164,2.566165,1.712051,7.56768,2.753652,6.541384,2.051537,4.934177,4.617548,4.670459,5.830671,2.352715,5.124571,2.115581,2.486075,3.727121,2.574753,6.477893,5.901933,3.632764,3.673746,5.706557,2.523503,3.874466,1.307995,5.096064,2.573934,2.533954,3.319978,4.570853,7.632458,5.228515,6.009865,7.086326,5.34399,5.639105,4.438137,4.114609,5.196387,3.811685,2.457382,7.401094,4.781173,5.038137,2.662706,4.419704,5.193148,2.882378,5.227678,4.138902,4.119513,1.309841,4.606381,3.7092,2.261651,1.431788,3.785115,5.731163,6.413796,2.47775,4.248705,3.438544,3.731906,5.349164,5.211575,1.975375,3.910032,0.927614,5.086097,2.986424,3.970395,2.629595,4.664351,4.808305,4.777004,2.961522,2.954714,4.32694,4.438235,2.464465,5.881166,1.643357,1.584329,4.47001,4.220557,1.796182,2.300779,3.479737,1.504476,2.465798,1.962846,5.7192,4.59355,5.282799,4.26506,2.17799,2.919817,0.740575,5.29193,5.223318,2.113654,0,4.559609,1.907853,0.965523,2.069945,5.107673,2.194862,5.028386,4.069065,5.775555,4.694823,5.556871,2.074116,4.506791,2.733274,2.879188,4.097163,2.734676,3.349225,4.371493,3.312493,6.418074,5.815939,2.628447,5.629273,4.97014,2.790958,5.818491,6.191617,4.015711,4.300696,4.335275,1.096203,7.675956,4.336708,0.466054,6.253768,6.422065,3.652923,1.824815,3.852275,4.383403,4.222118,3.755897,4.218821,2.32273,4.11368,6.175638,3.433167,1.340908,2.76629,1.925452,2.12617,1.627834,3.850767,7.702239,7.279248,4.689549,3.668085,4.74434,3.416896,2.780592,3.303514,1.604889,3.832374,6.199571,5.730941,3.763459,2.95668,5.301012,7.113271,4.807577,2.117441,1.500314,1.892419,3.78588,2.867562,1.555609,6.297245,3.45758,1.003071,4.192146,2.227791,0.946391,2.824506,5.018672,6.144117,1.370525,1.578484,5.792249,1.438641,4.099018,3.241088,4.605859,2.884123,3.134188,1.685186,2.812041,3.944351,3.771116,5.308357,3.997133,2.527551,5.046986,4.596693,3.396462,2.734751,5.97821,2.43622,6.100959,3.833489,5.572204,2.332999,5.656139,5.098466,4.904855,1.180265,7.268205,5.45697,4.20242,4.672644,3.42333,4.993427,3.302497,5.057688,2.583564,4.164421,6.775083,2.90639,2.415833,5.189928,2.750377,2.768602,2.597117,2.825651,4.095229,3.663057,2.705191,4.167493,5.411802,4.006273,3.804942,4.892495,3.363625,6.412989,6.034425,5.005845,3.401936,2.356642,3.696906,5.604388,1.548797,5.204855,3.032342,3.434779,1.286607,7.562208,4.270737,5.730724,5.168066,3.262098,0.597348,1.964012,4.288627,1.123924,3.53803,1.478533,2.350945
4.350033,5.664387,4.42032,3.724377,7.195925,7.664177,5.933446,6.01866,7.233166,6.049527,3.48942,4.836247,2.093994,5.78169,6.05338,6.387046,3.131603,4.994328,8.262666,3.551027,5.7599,5.47707,4.439765,6.278566,5.482826,2.520207,3.685805,5.532516,6.599511,11.389586,1.993346,3.317055,2.517797,3.915095,5.923917,4.908983,11.133451,6.473172,7.036009,5.248469,7.251988,4.925508,8.13927,7.490587,6.392873,7.442382,6.360184,5.294548,5.560937,6.682071,3.752285,7.561849,5.950555,3.608137,8.024368,5.28225,5.224828,4.099875,4.821987,5.355337,5.315357,4.900919,7.3296,9.292374,6.678044,6.637391,8.746242,7.462186,9.746423,3.959581,5.774525,5.657073,6.259716,4.258028,9.06101,6.439522,2.612089,6.770024,4.689116,5.227785,6.989696,7.545489,5.798818,8.226831,5.398672,6.26473,6.157231,5.043054,4.332225,6.477232,6.389323,8.073712,5.674682,0.310904,5.277487,1.991195,7.007513,6.869924,6.219978,1.137212,4.750647,7.844844,2.169002,8.077713,5.826527,0.516314,7.126116,3.260277,7.06884,5.413278,8.434258,2.778161,5.223212,6.508692,5.88796,5.828932,2.700088,5.878906,4.547815,6.545382,5.363471,5.749079,6.573116,4.110587,6.37736,4.90151,8.975391,6.582871,2.573515,5.612952,4.985178,7.609741,6.883234,2.832646,4.559609,0,3.427531,4.675695,4.405279,9.214991,6.439465,2.033159,1.250512,3.049947,7.012634,7.216787,5.621107,8.614109,1.826335,6.04521,5.755512,4.96287,5.421719,6.482895,3.743343,8.088837,5.524366,4.162168,7.300036,9.077458,6.14871,7.478407,10.192538,5.757911,2.165985,2.565353,4.748685,9.335872,8.444026,4.806335,10.361086,10.529383,5.231132,6.069418,4.140931,6.107661,5.880467,2.306546,4.500112,5.877777,6.431491,3.45003,2.615745,5.546354,5.248858,6.170055,4.909053,3.748516,5.428976,9.362155,10.845019,3.242929,2.079459,6.402689,5.549905,6.88791,1.256095,4.801821,5.490723,8.517382,2.735714,6.301815,4.538474,7.618823,9.431082,6.465926,3.135973,4.151502,4.673822,5.369567,6.064494,3.676291,10.404563,1.797506,4.826104,6.950893,5.009194,4.155723,5.605909,6.678588,10.251435,4.283473,3.699166,6.100209,4.339078,2.603639,1.869376,3.147522,6.108317,4.712397,4.882118,2.391949,1.920236,2.323631,5.020599,2.747892,4.061272,5.354946,2.634798,5.844493,6.092503,6.605736,5.633152,3.375351,1.014936,7.250864,6.440317,5.964099,7.416277,6.564771,5.385711,10.833976,2.731362,2.542346,1.677417,5.081679,2.266575,5.16091,6.717604,6.690882,4.447429,8.434999,1.653219,2.681267,4.675537,2.828782,5.965534,3.699282,6.022583,3.842073,3.208762,3.700285,2.507419,8.652343,4.228854,6.252973,5.200455,3.576656,6.721989,3.311217,7.7941,2.289186,4.821274,5.277847,6.231914,4.610084,3.082879,4.819937,5.512133,4.226154,11.127979,0.555448,5.439151,2.441214,3.065024,4.60488,4.508851,7.047374,3.867414,5.986061,4.059236,4.350033
0.922502,3.462617,3.026858,1.221709,3.768394,4.236646,3.506104,2.777048,3.805635,3.515582,0.913021,3.442785,3.032027,3.354348,2.811768,3.108606,1.394478,3.12609,4.835135,1.604465,2.48146,2.049539,2.1187,3.000126,2.423798,2.524179,5.111521,2.290904,3.17198,7.962055,1.626081,5.115604,1.278141,0.782311,3.602852,1.667371,7.70592,3.939227,4.772202,2.003593,3.824457,2.723738,4.86083,4.063056,3.151261,4.014851,3.301156,2.973483,2.133406,3.440459,5.178001,4.134318,2.523024,1.765893,4.596837,2.00381,4.334804,0.87044,3.188211,3.034272,2.994292,1.473388,4.05116,5.864843,3.459333,4.240683,5.318711,4.034655,6.504811,2.530284,2.346994,3.427205,4.272023,0.830497,5.633479,3.011991,3.738245,3.528412,2.525894,3.299338,3.748084,4.117958,2.371287,4.985219,2.176301,2.837199,4.169538,2.721989,2.01116,3.049701,3.961981,4.646181,2.429806,3.116627,1.849956,2.599828,3.579982,3.442393,3.16095,2.777954,2.429582,4.566404,1.854346,4.836101,2.584915,3.532273,3.698585,3.145216,3.827228,3.415052,5.192646,3.306157,1.932012,4.111984,2.828932,2.769904,3.170118,2.451375,2.22675,3.418354,1.93594,2.690051,3.331504,0.683056,3.950018,2.69974,5.696951,3.15534,1.045912,2.185421,1.92615,4.18221,3.455703,0.981576,1.907853,3.427531,0,1.451358,0.977748,5.973379,3.380437,3.831708,2.936987,4.475663,3.585103,3.789256,3.300042,5.372497,1.601196,3.724145,2.327981,1.535339,3.809563,3.055364,1.40464,4.661306,3.908086,0.734637,3.872505,5.835846,3.827645,4.050876,6.765007,4.476049,3.104018,3.035383,1.524348,5.908341,5.202414,2.373907,7.119474,7.287771,1.803601,3.01039,1.958465,2.68013,2.452936,2.521021,2.325011,3.556712,3.00396,4.875746,2.301089,2.375912,1.821327,3.111027,1.631601,1.427451,2.001445,5.934624,7.417488,2.781696,2.536007,2.975158,2.122374,3.646298,2.171436,1.577484,2.063192,5.089851,4.534263,2.874284,1.110943,4.191292,6.003551,3.038395,0.411494,1.830437,2.352757,1.942036,2.822882,1.355226,7.162951,2.325502,2.505039,3.528972,2.688129,1.834658,3.284844,3.251057,7.009823,1.054038,1.378101,3.898439,2.018013,2.702172,2.10901,2.698006,3.787252,1.284866,1.657781,1.679963,2.812273,2.330102,3.400504,2.08928,0.633741,3.153176,3.296801,3.8568,3.771438,4.209028,2.39154,4.801067,2.701411,3.823333,3.198705,3.762329,3.988746,3.13724,2.215269,7.406445,4.157078,3.070342,3.475966,1.654148,3.693535,1.733379,3.290073,3.44927,2.270611,5.007468,1.774312,1.283755,3.282075,1.618299,2.723922,0.689264,2.780971,2.187376,1.755204,0.797338,3.035415,5.373903,2.112463,4.26528,2.998685,1.455772,4.520219,4.734533,4.51566,2.269858,1.393743,1.850316,3.835206,1.353416,3.904963,1.392406,3.895117,1.905089,7.700448,3.138659,3.822871,3.868174,1.354245,2.205986,1.08132,3.768934,1.546349,3.998368,0.631705,0.922502
1.49536,4.437339,4.30523,2.259934,4.022529,4.490781,4.419701,1.856205,4.717665,2.441394,2.191393,4.721157,4.310399,4.267945,1.890925,2.772714,2.67285,4.164315,5.747165,2.882837,1.809642,3.043276,2.266869,2.664234,1.34961,3.802551,6.389893,1.370061,3.412275,7.768678,2.874245,6.393976,2.526305,2.060683,3.430168,0.746528,7.512543,2.865039,5.685799,1.086014,4.078592,3.761963,4.524938,4.975086,2.230418,4.268986,2.226968,3.091882,2.871536,2.519616,6.456373,5.046348,2.777179,2.980771,4.850972,1.562488,4.453203,0.580918,4.460863,3.152671,3.112691,2.464393,3.715268,6.776873,4.37293,5.15428,6.230741,4.488405,5.583968,3.808656,3.259024,4.340802,4.390422,1.601797,6.545509,3.925588,5.016617,2.607569,3.564119,4.337563,2.827241,4.372093,3.283317,4.064376,0.79156,3.750796,4.287937,2.840388,2.010525,2.92953,4.875578,5.558211,1.512227,4.364791,2.582959,3.847992,4.493579,4.35599,2.086762,4.026118,1.791617,4.230512,3.10251,3.915258,1.664072,4.780437,3.95272,4.423588,2.906385,3.533451,4.271803,4.554321,1.60888,5.025581,1.754744,1.695716,4.44849,3.364972,2.374919,2.412166,2.624152,1.615863,2.410661,1.107261,4.863615,3.737965,5.227662,3.409475,2.294076,2.064232,0.851962,4.436345,4.367733,2.22974,0.965523,4.675695,1.451358,0,1.21436,5.052536,2.306249,5.11008,4.185151,5.754035,3.839238,4.701286,2.938119,4.451654,2.84936,3.743191,3.241578,1.879091,3.927962,3.515908,2.468615,5.562489,5.186458,1.772862,4.773688,4.915003,3.654961,4.962906,6.13648,4.594448,4.38239,4.313755,0.13068,6.820371,4.281571,1.431577,6.198631,6.366928,2.797338,1.936202,2.99669,3.527818,3.366533,3.799393,3.363236,3.017618,3.258095,6.154118,3.549253,1.220588,1.910705,2.036839,1.160647,1.872225,2.995182,6.846654,7.224111,4.060068,3.784171,3.888755,2.561311,2.725455,3.4196,0.639366,2.976789,5.343986,5.812635,2.907874,2.101095,4.445427,6.257686,3.951992,1.847126,2.078693,2.471156,2.930295,1.902039,1.8,6.242108,3.573666,1.867074,3.336561,2.806528,1.52477,3.403243,4.163087,6.08898,0.405002,1.822875,4.936664,2.017378,3.980544,3.357174,3.976378,3.748126,2.278603,0.719663,2.928127,4.060437,3.608474,4.678876,3.367652,1.671966,4.191401,4.575173,3.975199,3.598754,5.122625,1.470697,6.079439,3.949575,4.716619,2.277862,4.800554,4.242881,4.04927,1.059945,7.213068,5.43545,4.318506,4.754338,2.567745,4.971907,2.446912,4.202103,2.528427,3.308836,5.919498,3.022476,2.531919,4.560447,2.866463,1.803079,1.967636,1.860128,3.465748,3.033576,2.01418,4.283579,5.038011,3.150688,4.383679,4.03691,2.657807,5.557404,6.012905,4.179768,3.518022,1.501057,2.841321,4.748803,0.583274,5.183335,2.176757,4.013516,1.865344,7.507071,4.386823,5.101243,5.146546,2.632617,1.447015,1.108427,3.433042,1.702303,4.116767,0.819653,1.49536
0.292947,3.272,3.528196,1.303334,2.891076,3.359328,3.254362,2.048924,3.552343,3.642909,1.578343,3.944123,3.676547,3.102606,2.083644,2.136972,2.0598,3.207715,4.581843,2.269787,1.509826,1.876476,2.691721,2.028492,2.551125,3.079522,5.681151,1.56278,2.294662,7.084737,2.603829,5.760124,2.255889,1.584407,4.175873,0.939247,6.828602,4.066554,4.52046,1.07213,2.947139,2.797065,3.889196,3.809764,2.423137,3.137533,3.428483,3.546504,1.731467,2.712335,5.747631,3.881026,1.645706,2.174695,3.719519,1.032176,4.907825,0.824356,3.515345,3.607293,3.567313,1.297593,3.079526,5.611551,3.207591,3.988941,5.065419,3.356952,5.776687,3.031622,2.093702,3.175463,4.845044,0.403707,5.380187,2.760249,4.307875,2.800288,2.607519,3.380963,3.01996,3.24064,2.117995,4.257095,2.00592,2.585457,4.742559,3.29501,2.584181,2.172383,3.710239,4.392889,1.490345,4.094375,1.417901,3.552033,3.32824,3.190651,3.288277,3.755702,2.883537,3.59477,2.832094,4.107977,1.856791,4.510021,2.821267,3.678507,3.099104,3.988073,4.232715,4.283905,0.960378,3.860242,2.956259,2.897231,3.739748,2.199633,2.799771,2.69023,1.459094,2.817378,2.60338,0.299757,3.698276,2.773067,4.725317,2.278022,2.02366,1.308103,2.053477,3.304892,3.202411,1.959324,2.069945,4.405279,0.977748,1.21436,0,5.245255,3.507764,4.476228,3.914735,5.045293,2.707785,3.535964,3.873063,4.644373,2.578944,4.297166,2.076239,0.670439,4.382584,2.384435,1.512015,4.408014,4.409424,0.803953,3.619213,5.107722,4.400666,3.797584,5.887689,5.04907,3.714744,3.605013,1.28735,5.655049,4.47429,2.535999,6.39135,6.559647,1.630538,3.137717,2.04009,2.392159,2.201194,3.128753,2.406636,4.129733,2.126642,5.445376,3.278837,2.422103,0.850713,3.238354,0.659967,2.000472,1.828382,5.681332,6.54017,3.314987,3.513755,2.723416,1.421242,2.918174,3.149184,0.93454,1.81145,4.212533,5.178783,1.996966,0.934295,3.313974,5.126233,2.786653,1.389242,2.403458,2.925778,1.763495,2.094758,1.928247,6.434827,3.30325,2.958994,2.651654,3.26115,2.382743,3.857865,2.997765,6.281699,0.809358,1.951122,3.971766,2.591034,3.271802,3.086758,3.231297,4.360273,1.111803,1.089254,2.657711,3.481074,2.937834,3.807208,2.644623,0.651368,3.226503,3.866431,4.429821,4.344459,3.957286,1.559011,5.370697,3.679159,3.570041,2.470581,3.835656,3.111428,2.883948,2.26146,6.529127,4.726708,4.04809,4.120486,1.402406,4.263165,1.281854,3.036781,2.721146,2.34834,4.754176,2.75206,2.261503,3.783413,2.596047,1.995798,1.391062,2.052847,2.670239,2.310547,1.338381,4.013163,4.402269,2.194088,4.838301,3.072012,1.75443,4.392065,5.304163,3.544026,3.247606,0.422109,1.674521,3.583464,0.752741,4.474593,0.992182,4.468138,2.47811,6.82313,4.116407,4.324209,4.437804,1.982886,2.538935,0.127665,2.7973,2.11937,4.571389,0.713815,0.292947
5.450516,7.117461,8.53809,6.313228,3.675171,4.152888,7.099823,3.360063,4.879568,5.21193,6.577678,8.954017,8.686414,6.948067,3.394783,3.744259,7.059135,8.217609,5.909068,7.269122,4.282297,6.321116,6.562544,3.625822,4.120146,8.089416,10.691045,3.682475,3.383594,6.118564,7.413541,10.769991,7.065601,6.582704,6.317788,4.306008,5.862429,5.635575,8.365921,4.541961,3.740699,7.815257,2.029107,5.136989,3.002264,3.933466,4.997504,6.535825,4.800196,2.53292,10.757525,5.208251,4.051139,7.184589,4.513079,4.526648,8.185056,5.120214,8.525239,6.884524,6.844544,5.639569,2.505638,6.938776,6.373159,7.834402,6.392644,4.155222,3.933854,8.041516,5.091402,7.020924,7.837293,5.540563,6.707412,6.404386,9.317769,3.150287,7.617413,8.390857,3.369959,3.449126,4.805188,1.252415,5.401518,6.401406,7.835542,6.572241,6.3062,3.501048,7.5557,5.497149,4.499537,8.904087,5.007631,8.387288,5.809902,6.356219,4.857298,8.565414,6.035287,2.516349,7.641806,1.173517,3.420955,9.319733,3.614827,8.688401,3.449103,7.265304,2.372626,9.093617,4.449088,7.705703,4.52528,3.523344,8.749642,5.832159,6.670594,3.102558,4.75987,4.386399,2.953379,5.290323,7.543737,7.791259,2.870276,3.88939,6.833372,4.369554,4.524073,3.615737,4.529636,6.769036,5.107673,9.214991,5.973379,5.052536,5.245255,0,5.076785,9.486095,8.724447,10.055187,3.525597,4.863189,6.123866,0.600882,7.388656,6.613339,5.947183,5.001275,7.659815,4.01468,6.521909,5.229306,9.419318,5.826156,4.440505,3.626887,6.525109,5.124809,4.486366,8.236748,8.724638,8.614907,5.125526,6.982274,2.631457,5.573727,4.548517,4.716814,6.123496,4.706738,7.049984,4.33976,5.749327,8.138647,7.41653,5.788154,3.73801,10.45527,8.088549,4.668041,4.773784,4.807375,4.95988,6.412603,6.164492,7.008557,5.573997,8.324881,8.323467,6.283497,4.622258,3.268173,7.958896,4.417147,5.290609,5.006093,10.18865,3.677318,5.371269,4.109907,5.73351,6.22026,6.384873,6.374368,6.766831,5.91834,4.040652,6.340378,4.591994,8.112962,6.110744,3.284693,6.336059,5.820445,7.099845,4.929036,4.438866,4.944298,6.363253,8.369008,6.313053,8.281696,7.89647,8.241191,6.618274,5.782039,4.605305,7.467423,8.480409,7.947728,8.817102,7.654517,5.72526,7.786091,8.876325,7.60154,6.468902,7.802747,4.430871,10.380591,8.488871,4.383436,2.82058,8.232898,3.904988,4.815219,4.507398,5.562954,9.736602,8.857802,9.130353,5.364812,9.273059,5.054241,4.968052,3.071145,7.36213,6.081401,7.561772,7.071215,8.793307,7.405759,3.941692,6.390397,4.330382,7.680133,7.320441,6.337716,8.822875,1.130371,7.203982,7.77311,7.713684,6.764324,8.237526,10.314057,1.880234,8.057318,4.962875,5.861418,7.428925,4.66958,9.484487,5.29766,7.745369,6.161019,5.856957,8.926119,9.334103,9.447698,6.99278,5.705021,5.117991,2.584802,5.997978,7.743108,5.358949,5.450516
3.788764,6.730743,6.407295,4.553338,6.315933,6.784185,6.713105,2.779265,7.011069,0.672805,4.293458,6.823222,6.108561,6.561349,2.813985,5.066118,4.774915,6.457719,8.040569,4.984902,4.115891,5.33668,2.939018,4.957638,1.185225,5.847548,8.291269,3.101677,5.705679,7.792927,4.638015,8.192138,4.290075,4.162748,1.778663,3.052777,7.536792,1.09645,7.979203,3.392263,6.371996,6.055367,4.639571,7.26849,2.321827,6.56239,0.35741,1.9967,5.16494,2.543865,8.357749,7.339752,5.070583,5.14633,7.144376,3.868737,3.645931,2.730123,6.568648,2.345399,2.305419,4.757797,5.441921,9.070277,6.666334,7.447684,8.524145,6.781809,5.608217,5.910721,5.552428,6.634206,3.298168,3.895201,8.838913,6.218992,6.917993,2.631818,5.857523,6.630967,2.85149,6.286191,5.576721,4.088625,2.488707,6.0442,3.296417,2.033116,2.582075,5.222934,7.168982,7.851615,3.818476,6.128561,4.876363,5.611762,6.786983,6.649394,0.219487,5.789888,2.246007,5.353414,4.86628,3.939507,2.840157,6.544207,6.246124,6.525653,2.930634,2.726179,4.296052,5.846423,3.902284,7.318985,1.590359,1.553441,6.349866,5.658376,3.289969,2.269891,4.917556,1.451478,2.43491,3.400665,7.157019,6.031369,5.251911,5.702879,4.057846,4.357636,1.611262,6.452802,6.661137,3.99351,2.194862,6.439465,3.380437,2.306249,3.507764,5.076785,0,6.908242,5.948921,7.655411,6.132642,6.99469,1.584741,4.475903,4.61313,2.074214,5.534982,4.172495,3.12069,5.809312,4.762019,7.855893,7.288523,4.066266,7.067092,4.939252,1.985984,7.25631,6.160729,3.697623,6.180552,6.215131,2.436929,9.113775,4.30582,2.660916,6.22288,6.391177,5.090742,1.771817,5.290094,5.821222,5.659937,5.635753,5.65664,1.249029,5.551499,8.055494,5.313023,1.75523,4.204109,1.872454,3.466896,3.43076,5.288586,9.140058,7.24836,6.162133,5.547941,6.182159,4.854715,2.749704,5.18337,2.945615,5.270193,7.63739,7.610797,5.201278,4.394499,6.738831,7.407873,6.245396,3.735925,3.30324,2.299784,5.223699,3.459854,3.358535,6.266357,5.337436,2.164214,5.629965,1.796934,2.907634,2.56072,6.456491,6.113229,2.711251,3.38141,7.230068,2.502288,5.978874,5.120944,6.078443,2.079149,4.572007,3.025912,4.691897,5.824207,5.650972,6.780941,5.469717,3.96537,6.484805,6.476549,3.062415,1.929777,7.416029,3.776946,7.980815,5.713345,7.010023,2.302111,7.093958,6.536285,6.342674,1.594587,7.237317,7.336826,6.082276,6.5525,4.861149,6.873283,4.740316,6.495507,2.552676,5.60224,8.212902,4.786246,4.295689,6.662512,4.630233,3.360894,4.069701,3.749584,5.567813,5.135641,4.177775,5.61412,5.380914,5.444092,3.233985,6.330314,4.836209,7.850808,7.914281,4.974957,5.281792,3.794461,5.134725,7.042207,2.889523,7.084711,4.470161,3.206244,3.037424,7.53132,6.150593,7.203308,7.047922,4.734682,2.584273,3.401831,5.679525,2.955488,3.203983,2.922143,3.788764
4.35758,4.472196,3.199527,3.173604,7.087777,7.556029,4.741255,6.289764,6.797283,6.518304,2.938647,3.615454,1.543221,4.589499,6.324484,6.443026,2.58083,3.773535,8.126075,3.000254,5.81588,4.950262,4.908542,6.334546,5.951603,1.916785,2.4157,5.80362,6.491363,11.281438,2.837247,1.293781,3.361698,3.364322,6.392694,5.180087,11.025303,6.941949,5.843818,5.516309,7.14384,3.733317,8.19525,7.111142,6.663977,7.334234,6.828961,5.763325,5.42756,6.953175,2.48218,7.182404,5.842407,2.773521,7.91622,5.33823,6.087198,4.529162,3.601194,5.824114,5.784134,4.491726,7.38558,9.155783,5.485853,5.4452,8.609651,7.325595,10.017527,2.738788,5.611078,4.464882,7.061865,4.262323,8.924419,5.766554,1.341984,7.041128,3.479035,4.006992,7.2608,7.437341,5.662227,8.497935,5.835023,5.344309,6.95938,5.511831,4.801002,6.369084,5.197132,7.937121,5.942522,1.932491,5.144941,1.440422,6.047485,5.851514,6.688755,2.066098,5.219424,7.900824,2.13461,8.348817,6.097631,1.516845,7.017968,2.002352,7.339944,6.204894,8.538769,3.707047,5.264965,5.316501,6.356737,6.297709,1.434717,5.397041,5.016592,6.93107,5.24268,6.217856,6.84422,4.195772,5.185169,3.709319,9.031371,6.474723,3.208432,5.504804,5.453955,7.501593,6.746643,2.914732,5.028386,2.033159,3.831708,5.11008,4.476228,9.486095,6.908242,0,2.179398,1.779842,6.904486,7.004474,6.089884,8.885213,2.670236,6.513987,5.270566,4.852178,6.284089,6.360566,3.19257,7.952246,4.303573,3.753932,7.163445,9.348562,6.617487,7.341816,10.08439,6.620281,1.615212,1.299982,5.18307,9.199281,8.71513,5.275112,10.63219,10.800487,4.704035,6.538195,3.067768,5.97107,5.424502,1.755773,3.290031,6.346554,6.323343,2.179925,2.141545,6.015131,5.142499,6.638832,5.050567,4.217293,4.91251,9.225564,10.736871,1.999564,3.008345,5.713581,5.429114,7.159014,2.184981,5.143933,5.067236,8.409234,0.71244,6.193667,4.397457,7.491486,9.322934,5.769808,3.60475,4.620279,5.142599,4.880476,6.335598,4.145068,10.6447,2.726392,5.294881,6.848355,5.477971,4.6245,6.074686,6.541997,10.522539,4.71276,4.167943,4.908018,4.807855,1.697829,2.798262,1.904157,6.577094,4.173522,5.225374,3.23585,1.369463,1.772858,3.799806,2.197119,3.894011,4.162755,1.364693,6.646642,6.56128,5.413545,5.904256,2.105246,1.943822,7.114273,6.711421,4.771908,7.308129,6.42818,5.854488,10.725828,1.461257,3.471232,0.355742,4.777649,0.99647,5.03212,6.581013,6.961986,3.237348,8.298408,2.582105,3.242692,3.454744,2.278009,6.236638,3.148509,6.293687,2.627617,2.657989,3.149512,3.436305,8.708323,3.018773,7.055122,4.008264,3.025883,5.529798,2.041112,7.85008,1.738413,4.760239,4.788717,5.039723,4.888861,1.812774,4.696761,6.374503,4.694931,11.019831,1.999203,4.218358,1.171109,2.514251,5.073657,4.588325,7.103354,4.336191,6.78821,4.290427,4.35758
3.859489,5.810626,4.566559,3.870616,6.705381,7.173633,6.079685,5.528116,6.742622,5.558983,3.635659,4.982486,2.240233,5.927929,5.562836,5.896502,3.277842,5.140567,7.772122,3.697266,5.269356,4.986526,3.949221,5.788022,4.992282,2.666446,3.832044,5.041972,6.108967,10.899042,1.502802,3.463294,2.027253,3.719298,5.433373,4.418439,10.642907,5.982628,7.182248,4.757925,6.761444,5.071747,7.648726,7.000043,5.902329,6.951838,5.86964,4.804004,5.070393,6.191527,3.898524,7.071305,5.460011,3.754376,7.533824,4.791706,4.734284,3.609331,4.968226,4.864793,4.824813,4.410375,6.839056,8.80183,6.39632,6.78363,8.255698,6.971642,9.255879,4.10582,5.283981,5.803312,5.769172,3.767484,8.570466,5.948978,2.758328,6.27948,4.835355,5.374024,6.499152,7.054945,5.308274,7.736287,4.908128,5.774186,5.666687,4.55251,3.841681,5.986688,6.535562,7.583168,5.184138,0.939608,4.786943,2.137434,6.516969,6.37938,5.729434,1.004304,4.260103,7.3543,1.678458,7.587169,5.335983,1.355254,6.635572,3.406516,6.578296,4.922734,7.943714,2.287617,4.732668,6.654931,5.397416,5.338388,2.846327,5.388362,4.057271,6.054838,4.872927,5.258535,6.082572,3.620043,6.523599,5.047749,8.484847,6.092327,2.082971,5.122408,4.494634,7.119197,6.39269,2.342102,4.069065,1.250512,2.936987,4.185151,3.914735,8.724447,5.948921,2.179398,0,3.196186,6.52209,6.726243,5.130563,8.123565,1.335791,5.554666,5.264968,4.472326,4.931175,5.992351,3.889582,7.598293,5.670605,3.671624,6.809492,8.586914,5.658166,6.987863,9.701994,5.267367,2.312224,2.711592,4.258141,8.845328,7.953482,4.315791,9.870542,10.038839,4.740588,5.578874,4.28717,5.617117,5.389923,2.452785,4.646351,5.387233,5.940947,3.596269,2.125201,5.05581,4.758314,5.679511,4.418509,3.257972,4.938432,8.871611,10.354475,3.389168,1.588915,5.912145,5.059361,6.397366,0.765551,4.311277,5.000179,8.026838,2.881953,5.811271,4.04793,7.128279,8.940538,5.975382,2.645429,3.660958,4.183278,4.879023,5.57395,3.185747,9.914019,1.306962,4.33556,6.460349,4.51865,3.665179,5.115365,6.188044,9.760891,3.792929,3.208622,6.246448,3.848534,2.749878,1.378832,3.293761,5.617773,4.221853,4.391574,1.901405,2.066475,2.46987,5.166838,2.894131,3.570728,5.501185,2.781037,5.353949,5.601959,6.751975,5.142608,3.52159,0.250887,6.76032,5.949773,6.110338,6.925733,6.074227,4.895167,10.343432,2.877601,2.051802,1.823656,4.591135,2.412814,4.670366,6.22706,6.200338,4.593668,7.944455,1.162675,2.190723,4.821776,2.889261,5.47499,3.626251,5.532039,3.988312,3.355001,3.734325,2.016875,8.161799,4.375093,5.762429,5.346694,3.722895,6.868228,3.457456,7.303556,2.09397,4.33073,4.787303,6.378153,4.11954,3.229118,4.329393,5.021589,3.73561,10.637435,0.96164,5.58539,2.587453,3.211263,4.114336,4.018307,6.55683,3.37687,5.495517,3.568692,3.859489
4.926645,4.646011,3.360009,3.742669,7.656842,8.125094,4.91507,6.858856,6.971098,7.265473,3.582602,3.775936,2.422961,4.763314,6.893576,7.012091,3.327999,3.934017,8.69514,3.747423,6.384945,5.519327,5.655711,6.903611,6.698772,2.093557,0.742021,6.372712,7.060428,11.850503,3.854035,2.939635,4.346474,4.008277,7.139863,5.749179,11.594368,7.689118,6.017633,6.085401,7.712905,3.907132,8.764315,7.284957,7.233069,7.903299,7.57613,6.510494,5.996625,7.522267,0.748833,7.356219,6.411472,2.950293,8.485285,5.907295,7.170502,5.173117,3.761676,6.571283,6.531303,5.060791,7.954645,9.724848,5.659668,5.619015,9.178716,7.89466,10.586619,2.89927,6.180143,4.638697,7.809034,4.831388,9.493484,5.940369,0.737418,7.61022,3.643366,4.167474,7.829892,8.006406,6.231292,9.067027,6.478978,5.518124,7.706549,6.259,5.548171,6.938149,5.370947,8.506186,6.511614,2.949279,5.714006,2.45721,6.2213,6.025329,7.435924,3.082886,5.966593,8.469889,3.151398,8.917909,6.666723,2.533633,7.587033,2.162834,7.909036,6.952063,9.107834,4.723835,5.83403,5.490316,7.103906,7.044878,1.591841,5.955992,5.763761,7.500162,5.811745,6.965025,7.413312,4.824919,5.358984,3.883134,9.600436,7.043788,4.114245,6.073869,6.201124,8.070658,7.315708,3.661901,5.775555,3.049947,4.475663,5.754035,5.045293,10.055187,7.655411,1.779842,3.196186,0,7.473551,7.178289,6.837053,9.454305,3.687024,7.261156,5.74592,5.421243,7.346574,6.929631,3.758441,8.521311,4.074764,4.322997,7.73251,9.917654,7.364656,7.910881,10.653455,7.703585,1.925592,1.457106,5.827025,9.768346,9.284222,6.022281,11.201282,11.369579,5.2731,7.285364,3.243315,6.540135,5.993567,2.019658,3.461594,7.093723,6.892408,0.450716,3.158333,6.7623,5.711564,7.386001,5.619632,4.964462,5.481575,9.794629,11.305936,2.160046,4.025133,5.887396,5.998179,7.728106,3.201769,5.744472,5.636301,8.978299,2.358294,6.762732,4.966522,8.060551,9.891999,5.943623,4.351919,5.367448,5.889768,5.449541,6.90469,4.892237,11.213765,3.74318,6.04205,7.41742,6.22514,5.371669,6.821855,7.111062,11.091631,5.356715,4.915112,5.081833,5.555024,1.874601,3.81505,2.064639,7.324263,4.742587,5.854521,4.252638,2.386251,2.145561,3.960288,2.40067,4.463076,4.33657,1.238552,7.393811,7.308449,5.58736,6.473348,0.371899,2.96061,7.683338,7.280513,4.945723,7.877194,6.997245,6.601657,11.294893,0.344275,4.48802,1.539228,5.346714,0.88468,5.601185,7.150078,7.531078,3.408911,8.867473,3.598893,4.029576,3.615226,3.025178,6.80573,3.792464,6.862779,2.788099,2.86154,3.77949,4.453093,9.277388,3.18287,7.802291,4.182079,3.400284,5.703613,0.925665,8.419145,2.755201,5.329304,5.357782,5.213538,5.518008,1.237926,5.265826,7.432128,5.4421,11.588896,3.015991,3.912905,0.831107,3.121418,5.820826,5.15739,7.672419,5.08336,7.535379,4.934382,4.926645
2.67192,3.816494,5.956454,3.731592,0.738399,1.206651,3.798856,4.449808,1.387556,6.267787,4.08096,6.372381,6.104805,3.6471,4.484528,1.571955,4.562417,5.617878,2.417056,4.772404,2.107267,3.330436,5.299076,1.453518,5.176003,5.50778,8.109409,3.963664,0.468044,4.93206,5.211184,8.188382,4.863244,4.191762,6.783228,3.456108,4.675925,6.691432,5.064954,3.207342,0.741332,4.524271,2.032691,1.644977,4.545799,0.448546,6.053361,6.153859,1.809516,4.076455,8.175889,1.716239,1.087687,4.602953,1.566842,2.348464,7.51518,3.449234,5.925508,6.214648,6.174668,2.648889,1.223021,3.446764,2.881147,4.533435,2.900632,0.66321,4.324317,5.45988,2.043761,3.719957,7.452399,2.761967,3.2154,3.015878,6.736133,4.693822,5.017682,5.791126,4.913494,1.087963,1.809786,2.79595,4.630798,2.909394,7.349914,5.902365,5.191536,0.919487,4.254733,2.228102,3.146602,6.70173,2.016951,5.989225,2.31789,2.864207,5.913155,6.363057,5.519098,1.738265,5.439449,2.717052,4.257675,6.938945,0.66859,6.106765,4.939994,6.595428,2.37621,6.89126,2.248199,4.404736,5.581137,5.066879,6.168006,2.841479,5.407126,4.646093,1.796418,5.442256,4.496914,2.907112,4.24277,4.679551,2.868812,0.899731,4.631015,1.775006,4.678355,1.152215,1.037624,4.566679,4.694823,7.012634,3.585103,3.839238,2.707785,3.525597,6.132642,6.904486,6.52209,7.473551,0,1.371177,6.480418,3.072448,5.186299,6.904521,2.956503,2.056049,6.989939,1.024,3.922656,1.737294,6.837682,3.34028,0.948493,4.066624,7.008021,1.632797,3.735012,7.656425,6.143002,6.033271,3.912228,3.490262,3.071194,5.160877,4.516835,4.685132,3.13604,5.762595,4.450731,1.34908,2.758647,5.557011,4.816799,6.737088,0.748351,7.873634,5.886192,5.046981,2.017858,5.863232,2.781274,4.607827,3.173812,3.516545,4.387493,5.743245,6.12111,2.791485,1.658806,4.811708,5.756539,3.451883,2.299929,2.059856,7.607041,0.938946,2.583647,0.624987,2.973556,2.728248,3.996597,5.010813,5.533133,2.92766,4.495642,4.535602,4.295322,5.910605,5.594555,0.801506,5.868505,4.990098,6.46522,1.437024,4.407184,3.434236,4.558477,5.068041,5.198389,5.70006,5.694113,5.659555,6.967628,2.994711,3.640041,5.265066,5.918266,5.366092,6.217371,5.072881,3.175917,4.485124,6.294689,7.037176,6.951814,4.50178,3.215268,7.798955,6.286514,0.891424,4.364115,4.931931,0.958751,1.323207,4.886338,4.37645,7.154966,6.655445,6.548744,2.374132,6.691423,2.063561,1.47604,4.61468,4.756245,2.589389,5.359415,4.868858,6.211671,5.203402,4.396682,3.990228,4.453731,5.098497,4.738805,3.803604,6.620518,2.545764,4.604251,7.445656,4.412717,4.174881,4.936559,7.732421,1.687521,5.854961,2.380402,2.870738,4.127958,3.356288,6.902851,2.30698,7.075493,5.085465,4.670453,6.723762,6.752467,6.866062,4.411144,5.174496,2.776194,0.940795,4.726725,7.178744,3.328269,2.67192
3.268508,2.636129,5.608848,3.907302,2.047773,2.515845,2.618491,5.323881,0.207191,7.129835,4.25667,6.024775,6.280515,2.466735,5.358601,2.763773,4.738127,5.038319,2.033468,4.948114,3.170235,3.06799,5.907956,2.645336,6.038051,5.68349,7.814147,4.837737,1.805636,6.241254,5.415337,8.164267,5.067397,4.382912,7.392108,4.328198,5.985119,7.55348,3.884589,4.081415,1.803501,3.343906,3.370283,0.464612,5.698094,1.510715,6.915409,6.762739,2.034036,5.414047,7.880627,0.535874,2.255091,4.676179,2.573018,3.215867,8.12406,4.311282,5.345949,6.823528,6.783548,2.614377,2.560613,3.063176,1.700782,3.35307,2.517044,1.296967,5.633511,5.112274,1.724152,2.539592,8.061279,3.176805,2.831812,1.835513,6.440871,6.031414,4.443822,5.211567,6.251086,2.397337,1.490177,4.133542,5.492846,1.729029,7.958794,6.511245,5.800416,2.276621,3.074368,1.844514,4.020675,6.905883,2.230422,6.164935,1.137525,1.683842,6.775203,6.56721,6.218838,3.075857,5.643602,4.054644,5.131748,7.114655,1.977964,5.78731,6.277586,7.204308,3.713802,7.095413,3.111216,3.224371,6.443185,6.384157,5.867556,2.275044,6.016006,5.965187,2.45065,6.304304,5.834506,3.717363,3.062405,3.499186,4.206404,2.256865,4.835168,2.815676,5.540403,2.461589,0.333553,4.770832,5.556871,7.216787,3.789256,4.701286,3.535964,4.863189,6.99469,7.004474,6.726243,7.178289,1.371177,0,7.089298,4.41004,5.390452,7.513401,2.216989,2.876133,7.598819,2.184771,4.098366,1.923618,6.342522,3.51599,1.134817,5.404216,7.616901,1.249209,5.044206,8.265305,6.182115,5.732821,4.774276,3.106674,4.408786,6.022925,5.826029,5.994326,2.997291,6.624643,4.070388,1.495103,2.320804,5.732721,4.241184,7.345968,2.105485,7.578372,6.090345,5.909029,2.865895,6.72528,3.643322,5.216707,2.949075,3.132957,5.696687,5.419106,6.325263,1.61112,2.365102,6.1493,5.960692,4.323973,2.16118,2.75106,7.582926,2.176949,2.692328,1.462858,4.28275,1.547883,4.20075,5.619693,6.142013,2.665214,5.369715,5.144482,5.604516,6.114758,6.294295,2.139098,6.477385,5.623914,7.0741,1.117415,5.716378,4.296284,5.167357,3.887676,5.807269,5.7626,5.898266,5.3401,7.576508,3.094359,4.512131,5.469219,6.093976,5.541802,5.637812,5.248591,3.36662,3.304759,5.997534,7.646056,7.560694,3.321415,4.089341,7.503693,6.490667,1.085645,5.701707,3.751566,2.267945,1.003598,5.748386,5.685644,6.859704,6.859598,6.724454,2.324172,6.398293,2.410804,1.156431,5.952272,4.166499,2.205801,5.563568,5.073011,5.823202,5.407555,5.270755,4.180931,5.327804,4.671434,4.914515,3.979314,6.824671,3.883356,4.03391,8.054536,3.232352,4.350591,3.756194,7.437159,3.025113,6.059114,3.228439,2.731989,2.947593,4.218336,6.605696,2.58675,7.684373,5.694345,5.979647,6.927915,6.257307,6.572932,4.586854,5.995242,3.624231,2.278387,5.335605,7.787624,4.155285,3.268508
4.049786,6.762659,6.3269,4.521751,6.663709,7.131961,6.806146,3.826346,7.105677,0.911936,4.213063,6.742827,5.290203,6.65439,3.861066,5.599076,4.69452,6.426132,8.135177,4.904507,4.747761,5.349581,1.837793,5.490596,2.232306,5.02919,7.472911,4.148758,6.067295,8.840008,3.819657,7.37378,3.471717,4.082353,0.492049,3.684647,8.583873,1.132457,8.072244,4.024133,6.719772,6.02378,5.686652,7.363098,3.368908,6.910166,1.50546,0.424975,5.433448,3.590946,7.539391,7.43436,5.418339,5.065935,7.492152,4.49428,2.544706,3.278907,6.488253,1.244174,1.204194,4.77343,6.489002,9.164885,6.759375,7.540725,8.618753,7.129585,6.655298,5.830326,5.647036,6.727247,1.949397,4.048824,8.933521,6.312033,6.099635,3.678899,5.825936,6.59938,3.898571,7.013273,5.671329,5.135706,3.282437,6.137241,1.846912,0.931891,1.48085,5.755892,7.262023,7.946223,4.450346,5.310203,5.096103,4.793404,6.880024,6.742435,1.365254,4.97153,1.152838,6.400495,4.047922,4.986588,3.887238,5.725849,6.5939,5.838502,3.977715,1.624954,5.343133,4.745198,4.435242,7.412026,2.63744,2.600522,5.531508,5.751417,2.188744,3.316972,5.154267,2.498559,3.481991,3.655917,7.25006,5.999782,6.298992,6.050655,3.239488,4.890594,2.658343,7.077525,6.755745,3.175152,2.074116,5.621107,3.300042,2.938119,3.873063,6.123866,1.584741,6.089884,5.130563,6.837053,6.480418,7.089298,0,5.522984,3.794772,0.805072,5.628023,4.443072,2.004749,6.157068,4.704682,7.961348,7.208128,4.034679,7.172547,5.986333,0.716842,7.350918,7.20781,2.169382,5.362194,5.396773,3.068799,9.208383,5.352901,1.608062,7.269961,7.438258,5.103643,2.818898,5.258507,5.980172,5.752978,4.817395,5.625053,0.740186,5.899275,7.237136,4.494665,2.802311,4.711957,2.919535,4.098766,2.329535,5.301487,9.234666,8.295441,5.799806,4.729583,6.2752,5.193875,3.796785,4.365012,3.577485,5.363234,7.985166,6.792439,5.734236,4.410985,7.086607,8.454954,6.338437,3.477162,2.202015,1.198559,5.242078,4.506935,2.25731,7.313438,4.519078,1.071045,6.162923,0.641497,1.984585,1.015383,6.551099,7.16031,3.343121,2.280185,7.198481,1.401063,5.160516,4.302586,5.704399,0.810007,4.584908,3.657782,3.873539,5.005849,4.832614,6.700546,5.256875,3.933783,6.453218,5.658191,1.534174,0.660635,7.50907,4.408816,7.162457,4.894987,7.123375,3.349192,7.062371,6.884061,6.437282,2.641668,8.284398,6.518468,5.263918,5.734142,4.95419,6.054925,4.960056,6.590115,3.599757,5.570653,8.30751,3.967888,3.477331,6.582117,3.811875,4.407975,3.989306,4.796665,5.487418,5.055246,4.09738,4.512895,6.427995,5.412505,1.942654,6.298727,4.755814,7.820261,7.095923,6.022038,4.463434,4.283353,5.150358,7.135248,3.521393,6.266353,4.621386,1.894201,1.936199,8.578401,5.332235,7.122913,6.229564,4.654287,1.491104,3.934789,6.259404,1.854263,1.675742,3.410398,4.049786
4.906377,6.664312,7.937208,5.712346,3.074289,3.699739,6.646674,2.759181,4.426419,4.611048,5.976796,8.353135,8.085532,6.494918,2.793901,3.29111,6.458253,7.616727,5.455919,6.66824,3.829148,5.867967,5.961662,3.172673,3.519264,7.488534,10.090163,3.081593,2.930445,5.517682,6.812659,10.169109,6.464719,5.981822,5.716906,3.705126,5.261547,5.034693,7.912772,3.941079,3.28755,7.214375,1.428225,4.68384,2.401382,3.480317,4.396622,5.934943,4.347047,1.932038,10.156643,4.755102,3.59799,6.583707,4.05993,4.073499,7.584174,4.519332,7.924357,6.283642,6.243662,5.18642,2.003974,6.485627,5.92001,7.381253,5.939495,3.702073,3.332972,7.440634,4.638253,6.567775,7.236411,5.017137,6.254263,5.951237,8.716887,2.549405,7.016531,7.789975,2.769077,2.848244,4.352039,0.651533,4.800636,5.948257,7.23466,5.971359,5.705318,3.047899,7.102551,5.044,3.898655,8.303205,4.554482,7.786406,5.356753,5.90307,4.256416,7.964532,5.434405,1.915467,7.040924,0.572635,2.820073,8.718851,3.127238,8.087519,2.848221,6.664422,1.771744,8.492735,3.995939,7.252554,3.924398,2.922462,8.14876,5.37901,6.069712,2.501676,4.306721,3.785517,2.352497,4.689441,7.090588,7.190377,2.269394,3.436241,6.23249,3.916405,3.923191,3.014855,4.076487,6.168154,4.506791,8.614109,5.372497,4.451654,4.644373,0.600882,4.475903,8.885213,8.123565,9.454305,3.072448,4.41004,5.522984,0,6.787774,6.012457,5.494034,4.548126,7.058933,3.561531,5.921027,4.776157,8.818436,5.225274,3.987356,3.026005,5.924227,4.67166,3.885484,7.635866,8.123756,8.014025,4.524644,6.529125,2.030575,4.972845,3.947635,4.115932,5.670347,4.105856,6.449102,3.886611,5.296178,7.537765,6.815648,5.187272,3.284861,9.854388,7.487667,4.067159,4.320635,4.206493,4.41763,5.811721,5.711343,6.555408,4.973115,7.723999,7.722585,5.830348,4.169109,2.667291,7.358014,3.816265,4.83746,4.552944,9.587768,3.224169,4.91812,3.656758,5.132628,5.767111,5.783991,5.773486,6.165949,5.465191,3.43977,5.739496,3.991112,7.51208,5.509862,2.831544,5.735177,5.219563,6.498963,4.475887,3.837984,4.343416,5.762371,7.915859,5.712171,7.680814,7.295588,7.640309,6.017392,5.32889,4.004423,6.866541,7.879527,7.346846,8.21622,7.053635,5.124378,7.332942,8.275443,7.000658,5.86802,7.349598,3.829989,9.779709,7.887989,3.930287,2.219698,7.779749,3.451839,4.36207,3.906516,4.962072,9.13572,8.25692,8.529471,4.911663,8.672177,4.601092,4.514903,2.470263,6.761248,5.628252,6.96089,6.470333,8.192425,6.804877,3.34081,5.789515,3.7295,7.079251,6.719559,5.736834,8.221993,0.915385,6.6031,7.172228,7.260535,6.163442,7.784377,9.713175,1.427085,7.456436,4.509726,5.408269,6.975776,4.068698,8.883605,4.844511,7.144487,5.560137,5.256075,8.325237,8.733221,8.846816,6.391898,5.104139,4.517109,2.131653,5.397096,7.142226,4.758067,4.906377
2.523698,5.063813,4.198224,2.822905,5.36959,5.837842,5.1073,4.192325,5.406831,4.223192,2.514217,4.614151,1.872641,4.955544,4.227045,4.560711,2.582582,4.727286,6.436331,3.002006,3.933565,3.650735,2.61343,4.452231,3.656491,2.298111,4.322882,3.706181,4.773176,9.563251,0.167011,3.954132,0.691462,2.383507,4.097582,3.082648,9.307116,4.646837,6.373398,3.422134,5.425653,4.324934,6.312935,5.664252,4.566538,5.616047,4.533849,3.468213,3.734602,4.855736,4.389362,5.735514,4.12422,3.367089,6.198033,3.455915,4.28932,2.27354,4.599891,3.529002,3.489022,3.074584,5.503265,7.466039,5.060529,5.841879,6.919907,5.635851,7.920088,3.737485,3.94819,5.028401,4.766753,2.431693,7.234675,4.613187,3.046862,4.943689,4.12709,4.900534,5.163361,5.719154,3.972483,6.400496,3.572337,4.438395,4.664268,3.216719,2.50589,4.650897,5.563177,6.247377,3.848347,1.515431,3.451152,1.281108,5.181178,5.043589,4.393643,1.176758,2.924312,6.018509,0.535626,6.251378,4.000192,1.931077,5.299781,3.038924,5.242505,3.909782,6.607923,1.842653,3.396877,5.71318,4.061625,4.002597,2.478735,4.052571,2.72148,4.719047,3.537136,3.922744,4.746781,2.284252,5.551214,4.300936,7.149056,4.756536,0.74718,3.786617,3.158843,5.783406,5.056899,1.006311,2.733274,1.826335,1.601196,2.84936,2.578944,7.388656,4.61313,2.670236,1.335791,3.687024,5.186299,5.390452,3.794772,6.787774,0,4.218875,3.929177,3.136535,4.304293,4.65656,3.005836,6.262502,5.30227,2.335833,5.473701,7.251123,4.322375,5.652072,8.366203,4.822403,1.944632,2.344,2.92235,7.509537,6.617691,2.98,8.534751,8.703048,3.404797,4.243083,3.559661,4.281326,4.054132,2.08445,3.926207,4.051442,4.605156,4.087107,0.982369,3.720019,3.422523,4.34372,3.082718,1.922181,3.602641,7.53582,9.018684,3.021576,1.143951,4.576354,3.72357,5.061575,0.57024,2.975486,3.664388,6.691047,3.372791,4.47548,2.712139,5.792488,7.604747,4.639591,1.309638,2.325167,2.847487,3.543232,4.238159,1.849956,8.578228,0.861998,2.999769,5.124558,3.182859,2.329388,3.779574,4.852253,8.4251,2.457138,1.872831,5.499635,2.512743,2.382286,0.645506,2.926169,4.281982,2.886062,3.055783,0.565614,1.493553,2.101535,4.798503,2.525796,2.234937,4.754372,2.605418,4.35153,4.266168,5.810224,3.806817,4.012428,1.100215,5.424529,4.613982,5.363525,5.589942,4.738436,3.559376,9.007641,3.368439,1.606838,2.314494,3.255344,2.903652,3.334575,4.891269,4.864547,3.871807,6.608664,0.173116,0.854932,4.453441,1.55347,4.139199,2.29046,4.196248,3.619977,2.986666,2.398534,1.571911,6.826008,3.713659,4.76001,4.599881,3.056968,6.121415,3.948294,5.967765,0.951138,2.994939,3.451512,5.436402,2.783749,3.21358,2.993602,4.389847,2.399819,9.301644,1.537463,5.217055,3.078291,2.842928,2.778545,2.682516,5.221039,2.041079,4.493098,2.232901,2.523698
4.473889,7.186762,6.751003,4.945854,7.087812,7.556064,7.230249,4.315819,7.52978,1.401409,4.637166,7.16693,5.714306,7.078493,4.350539,6.054796,5.118623,6.850235,8.55928,5.32861,5.42765,5.773684,2.261896,5.946316,2.721779,5.453293,7.897014,4.638231,6.491398,9.329481,4.24376,7.797883,3.89582,4.506456,0.313023,4.403289,9.073346,0.977764,8.496347,4.742775,7.143875,6.447883,6.176125,7.787201,3.858381,7.334269,1.994933,0.795013,5.857551,4.080419,7.963494,7.858463,5.842442,5.490038,7.916255,4.95,2.968809,3.767625,6.912356,1.668277,1.628297,5.197533,6.978475,9.588988,7.183478,7.964828,9.042856,7.553688,7.144771,6.254429,6.071139,7.15135,1.622569,4.472927,9.357624,6.736136,6.523738,4.168372,6.250039,7.023483,4.388044,7.437376,6.095432,5.625179,4.025261,6.561344,1.520084,1.355994,1.904953,6.211612,7.686126,8.370326,5.168988,5.734306,5.520206,5.217507,7.304127,7.166538,1.854727,5.395633,1.95791,6.889968,4.472025,5.476061,4.376711,6.149952,7.018003,6.262605,4.467188,2.047438,5.832606,4.590644,4.890962,7.836129,3.126913,3.089995,5.955611,6.17552,2.612847,3.806445,5.57837,2.988032,3.971464,4.08002,7.674163,6.423885,6.788465,6.474758,3.663591,5.346314,3.147816,7.501628,7.179848,3.599255,2.879188,6.04521,3.724145,3.743191,4.297166,6.613339,2.074214,6.513987,5.554666,7.261156,6.904521,7.513401,0.805072,6.012457,4.218875,0,6.052126,4.867175,1.677921,6.581171,5.128785,8.385451,7.632231,4.458782,7.59665,6.475806,0.156272,7.775021,7.697283,1.842554,5.786297,5.820876,3.873871,9.632486,5.842374,2.413134,7.759434,7.927731,5.527746,3.308371,5.68261,6.404275,6.177081,5.241498,6.049156,1.545258,6.323378,7.661239,4.918768,3.291784,5.13606,3.034766,4.576803,2.753638,5.72559,9.658769,8.784914,6.223909,5.153686,6.699303,5.617978,4.286258,4.789115,4.296127,5.787337,8.409269,7.216542,6.189956,4.835088,7.51071,8.944427,6.76254,3.901265,2.626118,1.622662,5.666181,4.996408,2.681413,7.802911,4.943181,1.876117,6.618643,1.118543,2.627121,0.730017,6.975202,7.649783,3.951223,2.704288,7.622584,1.825166,5.584619,4.726689,6.128502,0.063107,5.009011,4.376424,4.297642,5.429952,5.256717,7.124649,5.680978,4.357886,6.877321,6.082294,1.207346,0.212479,7.933173,5.127458,7.58656,5.31909,7.547478,3.838665,7.486474,7.308164,6.861385,3.131141,8.773871,6.942571,5.45144,6.158245,5.378293,6.479028,5.384159,7.014218,4.08923,5.994756,8.731613,4.391991,3.901434,7.00622,4.235978,4.897448,4.413409,5.286138,5.911521,5.479349,4.521483,4.358341,6.917468,5.836608,1.615826,6.72283,5.179917,8.244364,7.520026,6.511511,4.887537,4.707456,5.574461,7.559351,4.240035,6.690456,5.045489,1.567373,2.360302,9.067874,5.756338,7.547016,6.653667,5.07839,2.296176,4.390509,6.715124,2.278366,1.348914,3.834501,4.473889
1.808783,1.20376,4.176479,2.097672,3.161726,3.629978,1.186122,3.878906,2.009798,5.670127,2.44704,4.592406,4.470885,1.034366,3.913626,2.734686,2.928497,3.60595,3.861065,3.138484,2.193704,0.851001,4.446681,2.626206,4.578343,3.87386,6.381778,3.392762,2.565312,7.355387,3.954062,6.554462,3.606122,2.65444,5.930833,2.86849,7.099252,6.093772,2.45222,2.63644,3.217789,1.911537,4.454277,2.323657,4.253119,3.274333,5.455701,5.301464,1.168754,4.542317,6.448258,2.394919,1.934444,2.969033,3.990169,1.770892,6.662785,2.851574,3.91358,5.362253,5.322273,0.858777,3.644607,4.890773,1.139351,1.920701,4.344641,3.060585,6.747644,3.679905,1.179596,1.107223,6.600004,1.71708,4.659409,0.709694,5.008502,4.63027,3.011453,3.779198,4.849942,3.51129,1.397217,5.217536,4.033138,0.517217,6.497519,5.04997,4.339141,2.471705,1.641999,3.672111,2.5757,5.444608,1.129754,4.355305,1.26,1.122411,5.315495,5.105935,4.757563,4.159851,4.182327,5.138638,3.686773,5.305025,3.091917,4.354941,4.929086,5.743033,4.797796,5.634138,1.666241,1.792002,4.983477,4.924449,4.435187,0.251055,4.554731,4.520212,1.319363,4.844596,4.433362,2.257638,1.630036,2.066817,5.290398,2.577079,3.373893,1.75176,4.080695,3.575542,2.35973,3.309557,4.097163,5.755512,2.327981,3.241578,2.076239,5.947183,5.534982,5.270566,5.264968,5.74592,2.956503,2.216989,5.628023,5.494034,3.929177,6.052126,0,1.416408,6.137544,2.318411,2.288736,3.687236,4.910153,1.70636,2.898435,6.48821,6.155626,3.076806,6.158339,6.80403,4.509082,4.300452,3.314568,4.934271,5.49278,4.563217,6.940162,7.108459,0.832345,5.164935,2.638019,1.70606,0.289314,3.923091,2.808815,5.884693,2.425699,6.146003,4.62907,4.449321,1.406187,5.265572,2.183614,3.755432,0.732086,4.960554,6.81082,3.986737,4.863988,0.65942,1.393657,4.748156,4.499417,2.864265,0.683784,4.483183,5.973121,2.301362,1.218128,3.226476,5.396883,0.722657,2.739475,4.158418,4.680738,0.448225,3.92474,3.683207,6.718649,4.653483,4.83302,2.922304,5.01611,4.162639,5.612825,2.276987,6.830511,2.836576,3.706082,2.455307,4.345994,4.06614,4.436991,3.907731,6.115233,1.201796,3.052423,4.007944,4.284346,3.732172,4.205443,3.438961,1.875966,1.87239,4.565165,6.184781,6.099419,1.889046,2.644366,6.071324,5.029392,2.849263,4.300563,2.319197,3.382078,2.16317,4.288678,6.799777,5.427335,5.398323,4.914824,0.702969,4.965924,1.029544,2.316003,4.551128,2.73413,4.033398,4.102293,3.611736,4.390833,3.94628,3.82578,2.452459,3.882829,3.239065,3.104885,2.169684,5.363396,4.96735,2.601541,6.593261,1.799983,2.540961,2.323825,6.00479,4.109107,4.367864,1.768731,0.542878,1.515224,2.758628,5.173327,1.127025,6.223098,4.23307,7.09378,5.46664,4.824938,5.140563,2.777224,4.533967,2.164523,3.362381,3.87433,6.326349,2.69556,1.808783
0.619909,2.612169,3.904146,1.679284,2.23934,2.707592,2.594531,2.682614,2.892512,4.30764,2.028652,4.320073,4.052497,2.442775,2.717334,1.756145,2.510109,3.56557,3.922012,2.720096,1.128999,1.529504,3.26173,1.647665,3.215856,3.455472,6.057101,2.19647,1.642926,6.433001,3.16142,6.136074,2.81348,2.140198,4.745882,1.572937,6.176866,4.731285,3.860629,1.473365,2.295403,3.152662,3.508369,3.149933,3.056827,2.485797,4.093214,4.116513,1.07049,3.346025,6.123581,3.221195,0.99397,2.550645,3.067783,0.669548,5.477834,1.489087,3.8732,4.177302,4.137322,0.894304,2.698699,4.95172,2.54776,3.32911,4.405588,2.705216,5.825258,3.407572,1.433871,2.515632,5.415053,0.709956,4.720356,2.100418,4.683825,3.433978,2.965374,3.738818,3.65365,2.588904,1.458164,4.271628,2.670651,1.925626,5.312568,3.865019,3.15419,1.520647,3.050408,3.733058,1.474356,4.651966,0.75807,3.936917,2.668409,2.53082,3.953008,4.313293,3.548268,3.213943,3.389685,4.19273,2.490481,4.886637,2.169531,4.054457,3.732794,4.558082,3.851888,4.841496,0.564927,3.200411,3.62099,3.561962,4.115698,1.539802,3.36978,3.32392,0.799263,3.482109,3.23707,0.869766,3.038445,3.128664,4.34449,1.626286,2.581251,0.656367,2.718208,2.653156,2.54258,2.516915,2.734676,4.96287,1.535339,1.879091,0.670439,5.001275,4.172495,4.852178,4.472326,5.421243,2.056049,2.876133,4.443072,4.548126,3.136535,4.867175,1.416408,0,4.952593,1.732699,1.870348,3.748183,4.785374,1.287972,2.959382,5.542302,4.970675,3.137753,5.235953,5.619079,4.090694,3.980963,1.952081,4.995218,4.546872,3.20073,6.017776,6.186073,1.283566,3.802448,2.398423,1.731182,1.541363,3.504703,2.764491,4.699742,1.474906,5.821326,3.836428,3.086834,0.302805,3.903085,0.864941,2.570481,1.48141,5.021501,5.888434,3.690937,4.071346,2.063585,0.769506,3.551864,3.706775,1.568712,1.151619,3.560797,5.554733,1.34523,0.531339,2.662238,4.474497,2.126822,1.946833,2.973467,3.495787,1.332616,2.728448,2.498256,5.796263,3.860841,3.623725,1.999918,3.831159,2.952752,4.427874,2.337934,5.908125,1.474089,2.521131,3.863716,3.161043,3.647752,3.644349,3.607247,4.930282,0.942403,1.75687,3.215302,3.865958,3.313784,4.165063,3.020573,1.123906,3.280799,4.242381,4.99983,4.914468,3.297455,1.543022,5.746647,4.23675,2.91021,3.104271,3.727606,2.459692,2.224117,2.926191,5.877391,5.102658,4.605681,4.496436,0.742575,4.639115,0.622023,2.37695,3.354836,2.703937,4.094345,3.309651,2.819094,4.159363,3.153638,2.629488,1.938217,2.686537,3.046189,2.686497,1.751296,4.570754,4.021442,2.551943,5.40831,3.208392,2.122573,3.732234,5.680113,3.163199,3.805197,0.406417,1.271232,2.923633,1.42311,4.850543,0.587571,5.038147,3.048119,6.171394,4.673998,4.700159,4.813754,2.358836,3.203666,0.798034,2.416473,2.689379,5.141398,1.290923,0.619909
4.559307,7.27218,6.836421,5.031272,7.17323,7.641482,7.315667,5.362295,7.615198,2.447885,4.722584,7.252348,5.799724,7.163911,5.397015,6.140214,5.204041,6.935653,8.644698,5.414028,5.513068,5.859102,2.347314,6.031734,3.768255,5.538711,7.982432,5.11224,6.576816,10.375957,4.329178,6.948318,3.981238,4.591874,1.754327,4.488707,10.119822,2.43654,8.581765,4.828193,7.229293,6.533301,7.222601,7.872619,4.904857,7.419687,3.041409,1.670964,5.942969,5.126895,8.048912,7.943881,5.92786,5.575456,8.001673,5.035418,1.332181,3.853043,6.997774,0.857781,1.022754,5.282951,7.082768,9.674406,7.268896,8.050246,9.128274,7.639106,8.191247,6.339847,6.156557,7.236768,1.071877,4.558345,9.443042,6.821554,6.609156,5.214848,6.335457,7.108901,5.43452,7.522794,6.18085,6.671655,4.27228,6.646762,0.969392,1.213192,1.990371,6.29703,7.771544,8.455744,5.254406,5.110815,5.605624,5.302925,7.389545,7.251956,2.901203,4.89536,2.535813,7.598012,4.557443,6.522537,5.406251,5.526461,7.103421,6.348023,5.513664,0.394511,6.879082,3.146603,4.97638,7.921547,4.173389,4.136471,6.041029,6.260938,2.698265,4.852921,5.663788,4.034508,5.01794,4.165438,7.759581,6.509303,7.834941,6.560176,3.749009,5.431732,3.856539,7.587046,7.265266,3.684673,3.349225,5.421719,3.809563,3.927962,4.382584,7.659815,3.12069,6.284089,4.931175,7.346574,6.989939,7.598819,2.004749,7.058933,4.304293,1.677921,6.137544,4.952593,0,6.666589,5.214203,8.470869,7.717649,4.5442,7.682068,7.522282,1.834193,7.860439,8.743759,1.272859,5.871715,5.906294,4.058642,9.717904,6.88885,2.893261,8.80591,8.974207,5.613164,4.354847,5.768028,6.489693,6.262499,5.326916,6.134574,2.276135,6.408796,7.746657,5.004186,4.33826,5.221478,4.455484,4.662221,2.839056,5.811008,9.744187,9.83139,6.309327,4.10164,6.784721,5.703396,5.332734,4.46468,4.381545,5.872755,8.494687,6.366977,6.275374,4.920506,7.596128,9.408387,6.847958,3.986683,2.711536,1.70808,5.751599,5.644218,2.766831,8.849387,3.624213,2.606994,6.704061,1.407552,2.712539,1.077124,7.06062,8.696259,4.036641,2.789706,7.708002,1.910584,5.670037,4.134295,6.21392,1.741028,5.094429,4.461842,4.38306,5.51537,5.342135,7.210067,5.766396,4.443304,6.962739,6.167712,0.656654,1.860456,8.018591,5.212876,7.671978,4.695599,7.632896,4.885141,7.571892,7.393582,6.946803,4.177617,9.820347,7.027989,4.007399,5.994863,5.463711,6.564446,5.469577,7.099636,5.135706,6.080174,8.817031,4.359883,3.986852,7.091638,4.321396,5.545258,4.498827,5.602307,5.996939,5.564767,4.606901,2.9143,7.963944,5.922026,1.065134,6.808248,5.265335,8.329782,7.605444,7.547268,4.972955,4.792874,5.659879,7.644769,4.325453,6.775874,5.130907,0.110548,2.44572,10.11435,5.132847,7.632434,6.739085,5.163808,2.776303,4.475927,6.800542,2.363784,0.798222,3.919919,4.559307
2.323819,3.488689,5.412534,3.187672,1.229223,1.697475,3.471051,4.126478,2.20115,5.944457,3.53704,5.828461,5.560885,3.319295,4.161198,1.257361,4.018497,5.073958,3.23065,4.228484,1.783937,2.692344,4.975726,1.138924,4.852673,4.96386,7.565489,3.640334,0.632809,5.422884,4.681445,7.644462,4.333505,3.651457,6.459878,3.132778,5.166749,6.368102,4.737149,2.884012,1.285286,4.196466,2.521774,2.458571,4.500691,1.453748,5.730031,5.830509,1.171424,4.565538,7.631969,2.529833,0.748679,4.059033,2.057666,2.025134,7.19183,3.125904,5.381588,5.891298,5.851318,2.010797,1.712104,4.260358,3.272263,4.20563,3.714226,1.673167,4.815141,4.91596,1.46263,3.392152,7.129049,2.237839,4.028994,2.775614,6.192213,4.877842,4.473762,5.247206,5.097514,1.578787,1.176416,3.285033,4.307468,2.802146,7.026564,5.579015,4.868186,0.698973,3.926928,3.041696,2.823272,6.171991,1.378859,5.445305,3.131484,3.255323,5.589825,5.833318,5.195768,2.227348,4.90971,3.206135,3.934345,6.395025,1.159414,5.562845,5.176658,6.272078,2.865293,6.361521,1.924849,4.076931,5.257807,5.18857,5.624086,2.203387,5.083776,4.767784,1.297086,5.118926,4.680934,2.583762,3.914965,4.351746,3.357895,0.679085,4.101276,1.451676,4.355025,1.643039,1.851218,4.03694,4.371493,6.482895,3.055364,3.515908,2.384435,4.01468,5.809312,6.360566,5.992351,6.929631,1.024,2.184771,6.157068,3.561531,4.65656,6.581171,2.318411,1.732699,6.666589,0,3.378736,2.747251,6.293762,2.79636,1.95845,4.555707,6.684671,2.446391,4.225836,7.333075,5.599082,5.489351,3.588898,4.303856,3.560277,4.837547,5.007659,5.175956,2.497948,5.439265,3.906811,0.710988,2.120555,5.013091,4.272879,6.413738,0.527705,7.329714,5.356453,4.723651,1.694508,5.539902,2.457944,4.284477,2.53572,4.330139,4.878317,5.199325,5.591371,2.738781,1.186233,4.995728,5.2268,3.128553,1.661837,2.55068,7.063121,0.670211,2.029563,1.630189,3.46438,2.802018,3.466858,4.687463,5.209783,2.289568,4.172312,4.212252,4.786146,5.380866,5.271225,0.989801,5.545155,4.666748,6.14187,1.646572,4.898008,3.110906,4.235127,4.740236,4.875039,5.15614,5.164374,5.115635,6.644278,2.450473,3.316711,4.735327,5.374346,4.822172,5.673451,4.528961,2.635165,4.157319,5.750769,6.713826,6.628464,4.173975,2.891938,7.255035,5.756775,1.901381,4.548135,4.604126,1.449575,1.532755,4.563008,4.867274,6.611046,6.125706,6.004824,1.73604,6.147503,1.425469,1.685588,4.7987,4.212325,3.402983,4.829676,4.339119,5.667751,4.673663,4.073352,3.449476,4.130401,4.554577,4.194885,3.259684,6.090779,3.034847,4.060331,7.122306,4.084912,3.630961,4.608754,7.188501,2.176604,5.325222,2.057052,2.232646,3.800153,3.032958,6.358931,1.668888,6.752143,4.762115,5.161277,6.194023,6.208547,6.322142,3.867224,4.851166,2.452844,1.429878,4.403375,6.855394,3.004919,2.323819
1.391796,2.314895,2.220029,0.236271,4.105947,4.574199,2.583954,3.325578,4.114745,4.897164,0.855121,2.635956,2.392889,2.432198,3.360298,3.461196,1.095254,1.978368,5.144245,1.407245,2.83405,1.968432,3.52334,3.352716,3.80538,1.795864,4.394299,2.839434,3.509533,8.299608,3.030721,4.476466,2.682781,1.280796,5.007492,2.215901,8.043473,5.320809,3.686517,2.552123,4.16201,1.576016,5.21342,4.372166,3.699791,4.352404,4.682738,4.378123,2.44573,3.988989,4.460779,4.443428,2.860577,0.866528,4.93439,2.3564,5.739444,2.078611,2.285998,4.438912,4.398932,1.509896,4.40375,6.173953,3.328552,3.287899,5.627821,4.343765,7.053341,1.723455,2.629248,2.307581,5.676663,1.296539,5.942589,2.975072,3.021023,4.076942,1.367221,2.151616,4.296614,4.455511,2.680397,5.533749,3.260175,2.798898,5.574178,4.126629,3.4158,3.387254,3.039831,4.955291,2.978336,3.642675,2.163111,2.277309,3.541681,3.404092,4.542532,3.776282,3.834222,4.918994,2.805404,5.384631,3.133445,3.227029,4.036138,2.37034,4.375758,4.819692,5.556939,4.710797,2.283135,3.1592,4.210514,4.151486,2.450586,2.415211,3.63139,3.966884,2.26085,4.071633,3.880034,1.428841,3.027868,1.552018,6.049541,3.492893,2.450552,2.522974,3.307732,4.519763,3.764813,2.386216,3.312493,3.743343,1.40464,2.468615,1.512015,6.521909,4.762019,3.19257,3.889582,3.758441,3.922656,4.098366,4.704682,5.921027,3.005836,5.128785,2.288736,1.870348,5.214203,3.378736,0,4.970416,3.101257,0.788148,4.181615,6.384376,5.232285,4.359986,7.10256,5.880689,2.431086,2.315851,2.541605,6.217451,5.750944,3.778547,7.668004,7.836301,1.722205,4.391972,0.79225,2.98924,2.442672,1.845095,1.177289,4.961352,3.341513,4.158524,2.812339,3.676358,2.160669,4.492609,2.08303,2.832091,1.93068,6.243734,7.755041,2.00682,3.940647,2.938239,2.447284,4.194828,3.576076,2.211194,2.085406,5.427404,3.895125,3.211837,1.415627,4.509656,6.341104,3.001476,1.816134,3.235077,3.757397,1.898646,3.371412,2.759866,7.66287,3.730142,3.909679,3.866525,4.092769,3.239298,4.689484,3.560167,7.558353,2.063613,2.782741,2.750717,3.422653,1.988144,3.51365,1.92313,5.191892,1.191692,2.365908,3.084603,2.20635,1.654176,2.577861,1.360965,0.928227,2.005454,2.579579,5.26144,5.176078,3.256244,2.94007,4.083845,3.654006,4.132443,3.747235,2.614607,4.326299,3.44635,3.515715,7.743998,3.439856,4.474982,2.836828,1.795819,2.976313,2.05029,3.599183,3.9978,1.122889,5.316578,3.178952,2.688395,2.475246,2.217853,3.272452,1.064983,3.329501,1.359928,1.026889,0.607302,4.440055,5.726493,0.95379,5.66992,1.850963,0.384539,3.372497,4.017311,4.86825,2.390219,1.792702,1.806887,2.882422,2.029395,3.187741,1.714931,5.299757,3.309729,8.038001,3.709387,3.016042,3.150952,0.699228,3.610626,1.624112,4.121524,2.950989,5.403008,1.863359,1.391796
4.140558,4.368935,7.004214,4.779352,2.41389,2.881962,4.351297,6.173059,1.939997,7.991038,5.12872,7.420141,7.152565,4.199541,6.207779,3.295206,5.610177,6.665638,2.969497,5.820164,3.830518,4.063737,6.780006,3.176769,6.899254,6.55554,9.157169,5.686915,2.171753,6.607371,6.287387,9.236142,5.939447,5.254962,8.264158,5.179359,6.351236,8.414683,5.617395,4.930593,2.169618,5.076712,3.7364,2.197418,6.249508,1.876832,7.776612,7.634789,2.906086,5.780164,9.223649,2.26868,2.810938,5.650713,3.242153,4.071715,8.99611,5.172485,6.973268,7.695578,7.655598,3.486427,2.92673,3.999205,3.433588,5.085876,3.453073,1.663084,5.999628,6.50764,2.596202,4.272398,8.933329,4.048855,3.767841,3.568319,7.783893,6.397531,6.065442,6.838886,6.617203,2.763454,2.362227,4.499659,6.354049,3.461835,8.830844,7.383295,6.672466,2.642738,4.807174,2.780543,4.869853,7.777933,3.102472,7.036985,2.870331,3.416648,7.636406,7.43926,7.090888,3.441974,6.515652,4.420761,5.980926,7.986705,2.344081,7.154525,6.643703,8.076358,4.079919,7.967463,3.97145,4.957177,7.304388,6.770588,7.215766,3.572212,6.888056,6.349802,3.3227,7.165507,6.200623,4.589413,4.795211,5.231992,4.572521,2.622982,5.707218,3.498257,6.401606,2.827706,1.590065,5.642882,6.418074,8.088837,4.661306,5.562489,4.408014,5.229306,7.855893,7.952246,7.598293,8.521311,1.737294,1.923618,7.961348,4.776157,6.262502,8.385451,3.687236,3.748183,8.470869,2.747251,4.970416,0,7.885442,4.38804,0.788801,5.770333,8.488951,2.185238,5.410323,9.137355,7.190762,7.081031,5.635479,4.042703,4.774903,6.884128,6.192146,6.360443,3.869341,7.485846,5.498491,2.367153,3.48938,6.604771,5.864559,8.218018,2.471602,8.921394,6.962395,6.770232,3.737945,7.586483,4.504525,6.088757,3.907113,4.068986,6.062804,6.791005,7.197313,3.343926,3.237152,6.515417,6.832742,5.175134,3.03323,3.687089,8.654801,2.662197,3.564378,1.828975,4.648867,3.280689,5.0728,6.491743,7.014063,3.660961,6.218893,6.016532,5.970633,6.986808,7.166345,2.505215,7.349435,6.495964,7.94615,1.989465,6.082495,5.157487,6.039407,5.620482,6.679319,6.74782,6.770316,6.707315,8.448558,3.966409,5.363292,6.341269,6.966026,6.413852,7.265131,6.120641,4.23867,5.037565,7.342449,8.518106,8.432744,5.054221,4.938519,8.846715,7.362717,1.066644,6.067824,5.484372,2.634062,1.875648,6.609589,6.051761,8.202726,7.731648,7.596504,3.196222,7.739183,3.282854,2.028481,6.318389,5.804005,3.14183,6.435618,5.945061,7.259431,6.279605,6.119933,5.052981,6.176982,6.146257,5.786565,4.851364,7.696721,4.249473,5.652011,8.926586,4.965158,5.222641,5.489,8.780181,3.39123,6.931164,4.100489,3.604039,4.680399,5.079539,7.950611,3.4588,8.556423,6.566395,6.345764,7.799965,7.800227,7.913822,5.458904,6.867292,4.496281,2.644504,6.207655,8.659674,5.027335,4.140558
4.290776,3.810244,1.119407,3.1068,7.020973,7.489225,4.079303,6.222987,6.135331,7.423668,3.015025,1.47719,3.964266,3.927547,6.257707,6.376222,3.181766,1.321476,8.059271,3.551333,5.749076,4.883458,6.026786,6.267742,6.331884,3.196453,4.449546,5.736843,6.424559,11.214634,5.469281,5.463366,5.186227,3.4407,7.510938,5.11331,10.958499,7.847313,5.181866,5.449532,7.077036,3.071365,8.128446,6.44919,6.5972,7.26743,7.209242,6.881569,5.360756,6.886398,4.616778,6.520452,5.775603,2.293109,7.849416,5.271426,8.24289,4.60554,1.028035,6.942358,6.902378,4.424922,7.318776,9.088979,4.823901,4.783248,8.542847,7.258791,9.95075,1.584511,5.544274,3.80293,8.180109,4.195519,8.857615,5.104602,3.726637,6.974351,1.924472,1.1478,7.194023,7.370537,5.595423,8.431158,5.911401,4.682357,8.077624,6.630075,5.919246,6.30228,4.53518,7.870317,5.875745,5.423698,5.078137,4.058332,5.385533,5.189562,7.069036,5.557305,6.337668,7.83402,4.766644,8.28204,6.030854,5.008052,6.951164,2.774504,7.273167,7.323138,8.471965,7.144923,5.198161,4.654549,6.737018,6.67799,3.153322,5.120225,6.134836,6.864293,5.175876,6.598137,6.777443,4.243055,4.523217,3.047367,8.964567,6.407919,4.953998,5.438,5.834236,7.434789,6.485263,4.858197,5.815939,5.524366,3.908086,5.186458,4.409424,9.419318,7.288523,4.303573,5.670605,4.074764,6.837682,6.342522,7.208128,8.818436,5.30227,7.632231,4.910153,4.785374,7.717649,6.293762,3.101257,7.885442,0,3.687128,7.096641,9.281785,7.735731,7.275012,10.017586,8.384135,3.481457,3.018587,5.259448,9.132477,8.648353,6.281993,10.565413,10.73371,4.637231,6.918476,2.491249,5.904266,5.165985,3.28642,2.105282,7.464798,6.256539,4.313926,4.773579,6.203287,5.075695,7.019113,4.983763,5.335537,4.845706,9.15876,10.670067,2.704872,6.444093,5.051629,5.36231,7.092237,5.676188,5.108603,5.000432,8.34243,4.882025,6.126863,4.330653,7.424682,9.25613,5.107856,4.31958,5.738523,6.260843,4.813672,6.268821,5.263312,10.577896,6.164268,6.413125,6.781551,6.596215,5.742744,7.19293,6.475193,10.455762,4.789138,5.286187,4.246066,5.926099,3.067962,5.947776,2.625866,7.695338,4.106718,5.263317,5.588049,3.987373,3.200735,0.885864,2.827611,3.827207,3.500803,3.2833,7.764886,7.679524,4.751593,5.837479,4.254841,5.435029,7.047469,6.644644,4.109956,7.241325,6.361376,6.042644,10.659024,3.773006,6.909108,4.062959,4.710845,3.684059,4.965316,6.514209,6.895209,2.193137,8.231604,5.448146,5.191841,0.94564,4.221474,6.169861,3.224887,6.22691,1.87721,2.51317,3.197626,6.874181,8.641519,2.385021,8.173366,3.346312,2.7431,4.867846,3.149099,7.783276,4.370447,4.693435,4.721913,4.377771,4.926804,3.891462,4.629957,7.803203,5.813175,10.953027,5.49041,0.257336,3.858698,2.580731,6.114072,4.521521,7.03655,5.454435,7.906454,4.366805,4.290776
0.680998,2.809341,2.8059,0.581038,3.523571,3.991823,2.885427,2.629825,3.532369,4.201411,0.930406,3.221827,2.954251,2.733671,2.664545,2.87882,1.411863,2.48337,4.561869,1.62185,2.251674,1.386056,2.853337,2.77034,3.109627,2.357226,4.958855,2.143681,2.927157,7.717232,2.360718,5.037828,2.012778,0.94808,4.337489,1.520148,7.461097,4.625056,4.151525,1.85637,3.579634,2.070462,4.631044,3.78979,3.004038,3.770028,3.986985,3.70812,1.863354,3.293236,5.025335,3.861052,2.278201,1.452399,4.352014,1.774024,5.069441,1.382858,2.791,3.768909,3.728929,0.92752,3.821374,5.591577,2.838656,3.620006,5.045445,3.761389,6.357588,2.309326,2.046872,2.802027,5.00666,0.585741,5.360213,2.392696,3.585579,3.381189,1.883174,2.656618,3.600861,3.873135,2.098021,4.837996,2.564422,2.216522,4.904175,3.456626,2.745797,2.804878,3.341304,4.372915,2.27873,3.851264,1.580735,2.838671,2.959305,2.821716,3.846779,3.512591,3.164219,4.336618,2.588983,4.688878,2.437692,3.788391,3.453762,2.956211,3.680005,4.149689,4.974563,4.040794,1.700759,3.491307,3.514761,3.455733,3.017452,1.832835,2.961387,3.271131,1.678474,3.37588,3.184281,0.733088,3.329341,2.046464,5.467165,2.910517,1.780549,1.940598,2.611979,3.937387,3.182437,1.716213,2.628447,4.162168,0.734637,1.772862,0.803953,5.826156,4.066266,3.753932,3.671624,4.322997,3.34028,3.51599,4.034679,5.225274,2.335833,4.458782,1.70636,1.287972,4.5442,2.79636,0.788148,4.38804,3.687128,0,3.599239,5.688623,4.562282,3.77761,6.520184,5.210686,2.992448,2.882717,1.845852,5.635075,5.055191,3.094501,6.972251,7.140548,1.139829,3.696219,1.316223,2.406864,1.860296,2.406457,1.682291,4.291349,2.759137,4.72308,3.035726,2.980605,1.578293,3.796856,1.406288,2.162088,1.348304,5.661358,7.172665,2.592691,3.270644,2.355863,1.864908,3.499075,2.906073,1.515441,1.50303,4.845028,4.456487,2.629461,0.833251,3.92728,5.758728,2.4191,1.146131,2.565074,3.087394,1.31627,2.675659,2.089863,7.015728,3.060139,3.239676,3.284149,3.422766,2.569295,4.019481,2.977791,6.8626,1.36786,2.112738,3.245163,2.75265,2.549506,2.843647,2.509001,4.521889,0.609316,1.670155,2.4146,2.767712,2.215538,3.082863,1.922327,0.217429,2.4999,3.144135,4.591437,4.506075,3.588351,2.244317,4.648401,3.436048,3.550067,3.051482,3.109053,3.743923,2.863974,2.819962,7.161622,4.004412,3.804979,3.39819,1.213443,3.540869,1.467914,3.016807,3.302047,1.621737,4.734202,2.508949,2.018392,3.061117,2.352936,2.576699,0.746099,2.633748,1.947943,1.588251,0.65305,3.770052,5.144117,1.469743,4.999917,2.345409,1.032134,3.866943,4.581867,4.285874,2.85123,1.165583,1.224511,3.214529,1.333642,3.752297,1.132555,4.629754,2.639726,7.455625,3.873296,3.601913,3.715508,1.26059,2.940623,0.91605,3.539148,2.280986,4.733005,1.17101,0.680998
3.351757,3.580134,6.215413,3.990551,1.625089,2.093161,3.562496,5.384258,1.151196,7.202237,4.339919,6.63134,6.363764,3.41074,5.418978,2.506405,4.821376,5.876837,2.180696,5.031363,3.041717,3.274936,5.991205,2.387968,6.110453,5.766739,8.368368,4.898114,1.382952,5.81857,5.498586,8.447341,5.150646,4.466161,7.475357,4.390558,5.562435,7.625882,4.828594,4.141792,1.380817,4.287911,2.947599,1.408617,5.460707,1.088031,6.987811,6.845988,2.117285,4.991363,8.434848,1.479879,2.022137,4.861912,2.453352,3.282914,8.207309,4.383684,6.184467,6.906777,6.866797,2.697626,2.137929,3.210404,2.644787,4.297075,2.664272,0.874283,5.210827,5.718839,1.807401,3.483597,8.144528,3.260054,2.97904,2.779518,6.995092,5.60873,5.276641,6.050085,5.828402,1.974653,1.573426,3.710858,5.565248,2.673034,8.042043,6.594494,5.883665,1.853937,4.018373,1.991742,4.081052,6.989132,2.313671,6.248184,2.08153,2.627847,6.847605,6.650459,6.302087,2.653173,5.726851,3.63196,5.192125,7.197904,1.55528,6.365724,5.854902,7.287557,3.291118,7.178662,3.182649,4.168376,6.515587,5.981787,6.426965,2.783411,6.099255,5.561001,2.533899,6.376706,5.411822,3.800612,4.00641,4.443191,3.78372,1.834181,4.918417,2.709456,5.612805,2.038905,0.801264,4.854081,5.629273,7.300036,3.872505,4.773688,3.619213,4.440505,7.067092,7.163445,6.809492,7.73251,0.948493,1.134817,7.172547,3.987356,5.473701,7.59665,2.898435,2.959382,7.682068,1.95845,4.181615,0.788801,7.096641,3.599239,0,4.981532,7.70015,1.396437,4.621522,8.348554,6.401961,6.29223,4.846678,3.253902,3.986102,6.095327,5.403345,5.571642,3.08054,6.697045,4.70969,1.578352,2.700579,5.81597,5.075758,7.429217,1.682801,8.132593,6.173594,5.981431,2.949144,6.797682,3.715724,5.299956,3.118312,3.280185,5.274003,6.002204,6.408512,2.555125,2.448351,5.726616,6.043941,4.386333,2.244429,2.898288,7.866,1.873396,2.775577,1.040174,3.860066,2.491888,4.283999,5.702942,6.225262,2.87216,5.430092,5.227731,5.181832,6.198007,6.377544,1.716414,6.560634,5.707163,7.157349,1.200664,5.293694,4.368686,5.250606,4.831681,5.890518,5.959019,5.981515,5.918514,7.659757,3.177608,4.574491,5.552468,6.177225,5.625051,6.47633,5.33184,3.449869,4.248764,6.553648,7.729305,7.643943,4.26542,4.149718,8.057914,6.573916,0.277843,5.279023,4.695571,1.845261,1.086847,5.820788,5.26296,7.413925,6.942847,6.807703,2.407421,6.950382,2.494053,1.23968,5.529588,5.015204,2.353029,5.646817,5.15626,6.47063,5.490804,5.331132,4.26418,5.388181,5.357456,4.997764,4.062563,6.90792,3.460672,4.86321,8.137785,4.176357,4.43384,4.700199,7.99138,2.602429,6.142363,3.311688,2.815238,3.891598,4.290738,7.16181,2.669999,7.767622,5.777594,5.556963,7.011164,7.011426,7.125021,4.670103,6.078491,3.70748,1.855703,5.418854,7.870873,4.238534,3.351757
5.369726,7.658488,8.400557,6.175695,3.913861,4.649345,7.64085,3.22253,5.420595,5.074397,6.440145,8.816484,8.548881,7.489094,3.25725,4.285286,6.921602,8.080076,6.450095,7.131589,4.823324,6.862143,6.425011,4.166849,3.982613,7.951883,10.553512,3.544942,3.924621,5.187289,7.276008,10.632458,6.928068,6.445171,6.180255,4.168475,4.931154,5.498042,8.906948,4.404428,4.238254,7.677724,2.033933,5.678016,2.864731,4.438442,4.859971,6.398292,5.341223,2.757385,10.619992,5.749278,4.592166,7.047056,5.009536,5.067675,8.047523,4.982681,8.387706,6.746991,6.707011,6.180596,2.843603,7.479803,6.914186,8.375429,6.933671,4.696249,3.002579,7.903983,5.632429,7.561951,7.69976,5.480486,7.248439,6.945413,9.180236,2.307434,7.47988,8.253324,2.087762,3.687816,5.346215,2.638727,5.263985,6.942433,7.698009,6.434708,6.168667,4.042075,8.096727,5.993606,4.362004,8.766554,5.548658,8.249755,6.350929,6.897246,4.719765,8.427881,5.897754,2.755039,7.504273,2.489609,3.283422,9.1822,3.96681,8.550868,2.008618,7.127771,1.690414,8.956084,4.990115,8.24673,4.387747,3.385811,8.612109,6.373186,6.533061,2.965025,5.300897,4.248866,2.504342,5.15279,8.084764,7.653726,2.646273,4.430417,6.695839,4.910581,4.38654,3.854427,5.070663,6.631503,4.97014,9.077458,5.835846,4.915003,5.107722,3.626887,4.939252,9.348562,8.586914,9.917654,4.066624,5.404216,5.986333,3.026005,7.251123,6.475806,6.48821,5.542302,7.522282,4.555707,6.384376,5.770333,9.281785,5.688623,4.981532,0,6.387576,5.665836,3.555091,8.099215,8.587105,8.477374,4.987993,7.523301,0.99543,5.436194,3.617242,3.785539,6.664523,4.569205,6.912451,4.880787,6.290354,8.001114,7.278997,5.650621,4.279037,10.317737,7.951016,4.530508,5.314811,4.669842,4.880979,6.27507,6.705519,7.549584,4.642722,8.187348,8.185934,6.824524,5.163285,2.189548,7.821363,4.279614,5.831636,5.50255,10.051117,4.218345,5.912296,4.650934,4.802235,6.761287,6.24734,6.236835,6.629298,6.459367,3.903119,6.202845,3.660719,7.975429,5.973211,3.82572,6.198526,5.682912,6.962312,5.470063,3.507591,4.806765,6.22572,8.852425,6.17552,8.144163,7.758937,8.103658,6.480741,6.188582,4.467772,7.32989,8.342876,7.810195,8.679569,7.516984,5.587727,8.107162,8.738792,7.464007,6.331369,8.343774,4.293338,10.243058,8.351338,4.924463,2.637141,8.716315,4.401445,5.356246,4.369865,4.631679,9.599069,8.720269,8.99282,5.905839,9.135526,5.595268,5.509079,2.386576,7.224597,6.622428,7.424239,6.933682,8.655774,7.268226,3.804159,6.252864,4.192849,7.5426,7.182908,6.200183,8.685342,3.924878,7.066449,7.635577,7.952671,6.626791,8.778553,10.176524,3.511165,7.919785,5.335656,6.402445,7.969952,4.532047,9.346954,5.838687,7.607836,6.023486,4.925682,8.788586,9.19657,9.310165,6.855247,5.567488,4.980458,3.125829,5.860445,7.605575,5.221416,5.369726
4.577389,7.290262,6.854503,5.049354,7.191312,7.659564,7.333749,4.227589,7.63328,1.313179,4.740666,7.27043,5.817806,7.181993,4.262309,6.158296,5.222123,6.953735,8.66278,5.43211,5.464603,5.877184,2.365396,6.049816,2.633549,5.556793,8.000514,4.550001,6.594898,9.241251,4.34726,7.901383,3.99932,4.609956,0.224793,4.401489,8.985116,0.889534,8.599847,4.740975,7.247375,6.551383,6.087895,7.890701,3.770151,7.437769,1.906703,0.854162,5.961051,3.992189,8.066994,7.961963,5.945942,5.593538,8.019755,5.0535,3.072309,3.871125,7.015856,1.771777,1.731797,5.301033,6.890245,9.692488,7.286978,8.068328,9.146356,7.657188,7.056541,6.357929,6.174639,7.25485,1.778841,4.576427,9.461124,6.839636,6.627238,4.080142,6.353539,7.126983,4.299814,7.540876,6.198932,5.536949,3.937031,6.664844,1.676356,1.459494,2.008453,6.315112,7.789626,8.473826,5.167188,5.837806,5.623706,5.321007,7.407627,7.270038,1.766497,5.499133,1.86968,6.801738,4.575525,5.387831,4.288481,6.253452,7.121503,6.366105,4.378958,2.152557,5.744376,4.746916,4.994462,7.939629,3.038683,3.001765,6.059111,6.27902,2.716347,3.718215,5.68187,2.899802,3.883234,4.18352,7.777663,6.527385,6.700235,6.578258,3.767091,5.449814,3.059586,7.605128,7.283348,3.702755,2.790958,6.14871,3.827645,3.654961,4.400666,6.525109,1.985984,6.617487,5.658166,7.364656,7.008021,7.616901,0.716842,5.924227,4.322375,0.156272,6.155626,4.970675,1.834193,6.684671,5.232285,8.488951,7.735731,4.562282,7.70015,6.387576,0,7.878521,7.609053,1.998826,5.889797,5.924376,3.785641,9.735986,5.754144,2.324904,7.671204,7.839501,5.631246,3.220141,5.78611,6.507775,6.280581,5.344998,6.152656,1.457028,6.426878,7.764739,5.022268,3.203554,5.23956,2.946536,4.680303,2.857138,5.82909,9.762269,8.696684,6.327409,5.257186,6.802803,5.721478,4.198028,4.892615,4.294327,5.890837,8.512769,7.320042,6.293456,4.938588,7.61421,8.856197,6.86604,4.004765,2.729618,1.726162,5.769681,4.908178,2.784913,7.714681,5.046681,1.787887,6.722143,1.177692,2.701427,0.886289,7.078702,7.561553,4.054723,2.807788,7.726084,1.928666,5.688119,4.830189,6.232002,0.093165,5.112511,4.374624,4.401142,5.533452,5.360217,7.228149,5.784478,4.461386,6.980821,6.185794,1.363618,0.056207,8.036673,5.125658,7.69006,5.42259,7.650978,3.750435,7.589974,7.411664,6.964885,3.042911,8.685641,7.046071,5.607712,6.261745,5.481793,6.582528,5.487659,7.117718,4.001,6.098256,8.835113,4.495491,4.004934,7.10972,4.339478,4.809218,4.516909,5.197908,6.015021,5.582849,4.624983,4.514613,6.829238,5.940108,1.772098,6.82633,5.283417,8.347864,7.623526,6.423281,4.991037,4.810956,5.677961,7.662851,4.238235,6.793956,5.148989,1.723645,2.463802,8.979644,5.859838,7.650516,6.757167,5.18189,2.207946,4.494009,6.818624,2.381866,1.505186,3.938001,4.577389
3.530128,3.694526,6.393784,4.168922,2.309393,2.396152,3.676888,5.585501,1.265588,7.391455,4.51829,6.809711,6.542135,3.525132,5.620221,3.025393,4.999747,6.055208,0.784259,5.209734,3.431855,3.453307,6.169576,2.906956,6.299671,5.94511,8.546739,5.099357,2.067256,5.407206,5.676957,8.625712,5.329017,4.644532,7.653728,4.589818,5.151071,7.8151,4.942986,4.343035,2.065121,4.402303,3.631903,1.523009,5.959714,1.772335,7.177029,7.024359,2.295656,5.675667,8.613219,1.594271,2.516711,5.040283,1.323809,3.477487,8.38568,4.572902,6.362838,7.085148,7.045168,2.875997,2.822233,1.813967,2.759179,4.411467,1.267835,1.558587,4.799463,5.89721,1.985772,3.597989,8.322899,3.438425,1.582603,2.89391,7.173463,6.293034,5.455012,6.228456,6.512706,2.658957,1.751797,4.395162,5.754466,2.787426,8.220414,6.772865,6.062036,2.538241,4.132765,0.595305,4.282295,7.167503,2.492042,6.426555,2.195922,2.742239,7.036823,6.82883,6.480458,3.337477,5.905222,4.316264,5.393368,7.376275,2.239584,6.544095,6.539206,7.465928,3.975422,7.357033,3.372836,4.282768,6.704805,6.645777,6.605336,2.961782,6.277626,6.226807,2.71227,6.565924,6.096126,3.978983,4.120802,4.557583,4.468024,2.518485,5.096788,3.077296,5.802023,2.723209,0.915656,5.032452,5.818491,7.478407,4.050876,4.962906,3.797584,5.124809,7.25631,7.341816,6.987863,7.910881,1.632797,1.249209,7.350918,4.67166,5.652072,7.775021,3.076806,3.137753,7.860439,2.446391,4.359986,2.185238,7.275012,3.77761,1.396437,5.665836,7.878521,0,4.210158,8.526925,6.580332,6.470601,5.035896,1.857465,4.670406,6.284545,4.991981,5.160278,3.258911,6.886263,4.888061,1.756723,2.87895,5.994341,5.254129,7.607588,2.367105,8.310964,6.351965,6.170649,3.127515,6.9869,3.904942,5.478327,3.296683,1.883748,4.862639,6.180575,6.586883,2.669517,2.626722,6.41092,6.222312,4.585593,2.4228,1.501851,8.044371,2.438569,2.953948,1.724478,3.448702,2.60628,4.46237,5.881313,6.403633,3.050531,5.631335,5.406102,4.770468,6.376378,6.555915,2.400718,6.739005,5.885534,7.33572,1.379035,4.88233,4.557904,5.428977,4.946073,6.068889,6.13739,6.159886,6.096885,7.838128,3.355979,4.773751,5.730839,6.355596,5.803422,6.654701,5.510211,3.62824,4.363156,6.732019,7.907676,7.822314,4.379812,4.350961,8.236285,6.752287,1.347265,5.963327,4.809963,1.998784,1.265218,6.010006,4.851596,7.592296,7.121218,6.986074,2.585792,7.128753,2.672424,1.418051,6.213892,5.193575,0.956592,5.825188,5.334631,6.649001,5.669175,5.532375,4.442551,5.589424,5.535827,5.176135,4.240934,7.086291,4.144976,5.041581,8.316156,4.290749,4.612211,4.814591,8.169751,3.286733,6.320734,3.490059,2.993609,4.00599,4.479956,7.340181,2.84837,7.945993,5.955965,5.145599,7.189535,7.189797,7.303392,4.848474,6.256862,3.885851,2.540007,5.597225,8.049244,4.416905,3.530128
5.851824,7.328617,9.136358,6.911496,3.263845,3.240513,7.310979,4.444007,5.060585,6.295874,7.260864,9.552285,9.284709,7.159223,4.478727,4.751859,7.742321,8.797782,3.86457,7.952308,5.287171,6.532272,7.646488,4.633422,5.20409,8.687684,11.289313,4.766419,3.623696,1.632198,8.391088,11.368286,8.043148,7.371666,7.401732,5.389952,1.376063,6.719519,8.577077,5.625905,3.320974,8.036394,2.893412,5.318006,4.086208,3.537606,6.081448,7.619769,5.011352,3.616864,11.355793,5.389268,4.267591,7.782857,3.119448,5.528368,9.269,6.204158,9.105412,7.968468,7.928488,5.850725,3.703082,4.442409,6.554176,8.045558,3.896277,4.336239,0.589305,8.639784,5.302558,7.23208,8.921237,5.941871,4.211045,6.615542,9.916037,4.234231,8.197586,8.97103,4.453903,3.630269,5.016344,3.498206,6.485462,6.582423,8.919486,7.656185,7.390144,4.099391,7.766856,3.870419,5.583481,9.881634,5.218787,9.169129,5.990919,6.537236,5.941242,9.542961,7.119231,3.614518,8.619353,3.349088,4.504899,10.118849,3.211181,9.286669,4.428461,8.349248,2.549893,10.071164,5.428103,7.916859,5.609224,4.607288,9.34791,6.043315,7.754538,4.186502,4.976322,5.470343,4.037323,6.087016,7.754893,8.191674,3.505752,4.101249,7.810919,4.95491,5.608017,3.694521,4.710653,7.746583,6.191617,10.192538,6.765007,6.13648,5.887689,4.486366,6.160729,10.08439,9.701994,10.653455,3.735012,5.044206,7.20781,3.885484,8.366203,7.697283,6.158339,5.235953,8.743759,4.225836,7.10256,5.410323,10.017586,6.520184,4.621522,3.555091,7.609053,4.210158,0,9.320692,9.322906,9.213175,6.20947,4.485907,2.559661,6.657671,0.781823,0.95012,6.337876,5.790682,7.630635,4.550916,5.960483,8.736915,7.996703,6.872098,3.949869,11.053538,9.066096,5.751985,5.197762,5.891319,5.961178,7.496547,6.375648,4.51219,1.087631,8.923149,9.301014,6.464514,4.83871,4.352117,8.936443,5.501091,5.501765,3.612462,10.786945,4.11885,5.763551,3.773153,1.247144,6.401277,7.176501,7.458312,7.850775,6.129496,5.124596,7.424322,1.023326,9.090509,7.194688,3.957158,7.420003,6.904389,8.183789,5.110053,0.672172,6.028242,7.447197,8.580164,7.396997,8.879964,8.874017,8.839459,7.702218,6.174615,5.689249,8.44497,9.09817,8.545996,9.397275,8.252785,6.355821,7.997247,9.474593,8.685484,7.552846,8.013903,5.514815,10.978859,9.466418,4.564453,3.904524,8.444054,2.843145,4.996236,5.591342,1.076588,10.33487,9.835349,9.728648,5.575968,9.871327,5.265397,5.149069,4.155089,7.936149,3.585034,8.539319,8.048762,9.391575,8.383306,5.025636,7.170132,5.414326,8.278401,7.918709,6.983508,9.800422,4.784357,7.784155,8.857054,7.92484,7.354785,8.448682,10.912325,4.370644,9.034865,5.560306,6.072574,7.640081,5.753524,10.082755,5.508816,8.829313,7.244963,1.370591,9.903666,9.932371,10.045966,7.591048,6.788965,5.956098,3.985308,7.081922,8.827052,6.442893,5.851824
5.225793,7.938666,7.502907,5.697758,7.839716,8.307968,7.982153,5.939228,8.281684,3.024818,5.38907,7.918834,6.46621,7.830397,5.973948,6.8067,5.870527,7.602139,9.311184,6.080514,6.179554,6.525588,3.0138,6.69822,4.345188,6.205197,8.339443,5.778726,7.243302,10.95289,4.851722,7.28451,4.647724,5.25836,1.91896,5.155193,10.696755,2.601173,9.248251,5.494679,7.895779,7.199787,7.799534,8.539105,5.48179,8.086173,3.618342,1.835597,6.609455,5.703828,8.405923,8.610367,6.594346,6.241942,8.668159,5.701904,2.580046,4.519529,7.66426,2.105646,2.270619,5.949437,7.749254,10.340892,7.935382,8.716732,9.79476,8.305592,8.76818,7.006333,6.823043,7.903254,0.920603,5.224831,10.109528,7.48804,7.265727,5.791781,7.001943,7.775387,6.011453,8.18928,6.847336,7.248588,4.938766,7.313248,0.918852,2.107898,2.656857,6.963516,8.43803,9.12223,5.920892,5.447007,6.27211,5.969411,8.056031,7.918442,3.478136,5.231552,3.202299,8.264498,5.223929,7.09947,6.00012,5.862653,7.769907,7.014509,6.090597,1.642376,7.456015,3.482795,5.642866,8.588033,4.750322,4.713404,6.707515,6.927424,3.364751,5.429854,6.330274,4.611441,5.594873,4.831924,8.426067,7.175789,8.411874,7.226662,4.415495,6.098218,4.523025,8.253532,7.931752,4.351159,4.015711,5.757911,4.476049,4.594448,5.04907,8.236748,3.697623,6.620281,5.267367,7.703585,7.656425,8.265305,2.169382,7.635866,4.822403,1.842554,6.80403,5.619079,1.272859,7.333075,5.880689,9.137355,8.384135,5.210686,8.348554,8.099215,1.998826,8.526925,9.320692,0,6.538201,6.57278,4.725128,10.38439,7.465783,3.559747,9.382843,9.55114,6.27965,4.93178,6.434514,7.156179,6.928985,5.993402,6.80106,2.896552,7.075282,8.103668,5.670672,4.915193,5.887964,4.658175,5.328707,3.505542,6.477494,10.410673,10.408323,6.975813,4.437832,7.451207,6.369882,5.909667,4.800872,5.048031,6.539241,9.161173,6.703169,6.94186,5.586992,8.262614,10.074873,7.514444,4.653169,3.378022,2.374566,6.418085,6.310704,3.433317,9.42632,3.960405,3.227411,7.370547,2.012482,3.379025,1.241757,7.727106,9.273192,4.703127,3.456192,8.374488,2.57707,6.336523,4.470487,6.880406,1.905661,5.760915,5.128328,5.049546,6.181856,6.008621,7.876553,6.432882,5.10979,7.629225,6.834198,0.821287,2.025089,8.685077,5.879362,8.028989,5.031791,8.299382,5.462074,8.238378,8.060068,7.613289,4.75455,10.39728,7.385,4.343591,6.331055,6.130197,6.920213,6.136063,7.766122,5.712639,6.74666,9.483517,4.696075,4.653338,7.758124,4.987882,6.211744,5.165313,6.268793,6.663425,6.231253,5.273387,3.250492,8.540877,6.588512,0.85642,7.474734,5.931821,8.996268,7.964855,8.13492,5.639441,5.45936,6.326365,8.311255,4.991939,7.44236,5.797393,1.162311,3.112206,10.691283,5.469039,8.29892,7.094852,5.830294,3.442789,5.142413,7.467028,3.03027,0.962855,4.586405,5.225793
3.596096,3.649837,2.377411,2.41212,6.326293,6.794545,3.918896,5.528307,5.974924,5.790614,2.210957,2.793338,0.583313,3.76714,5.563027,5.681542,1.85314,2.951419,7.364591,2.272564,5.054396,4.188778,4.180852,5.573062,5.223913,0.847554,2.56145,5.042163,5.729879,10.519954,2.111643,2.899108,2.636094,2.636632,5.665004,4.41863,10.263819,6.214259,5.021459,4.754852,6.382356,2.910958,7.433766,6.288783,5.90252,6.57275,6.101271,5.035635,4.666076,6.191718,2.62793,6.360045,5.080923,1.932923,7.154736,4.576746,6.233952,3.801472,2.779078,5.096424,5.056444,3.730242,6.624096,8.394299,4.663494,4.622841,7.848167,6.564111,9.25607,1.916672,4.849594,3.642523,6.334175,3.500839,8.162935,4.944195,1.188174,6.279671,2.656676,3.184876,6.499343,6.675857,4.900743,7.736478,5.107333,4.52195,6.23169,4.784141,4.073312,5.6076,4.374773,7.175637,5.181065,2.065317,4.383457,0.714818,5.225126,5.029155,5.961065,2.198924,4.491734,7.13934,1.409006,7.58736,5.336174,1.649671,6.256484,1.180236,6.578487,5.477204,7.777285,3.787285,4.503481,4.494142,5.629047,5.570019,0.620047,4.635557,4.288902,6.169613,4.481196,5.490166,6.082763,3.457093,4.36281,2.88696,8.269887,5.713239,2.482828,4.74332,4.726265,6.740109,5.985159,2.187042,4.300696,2.165985,3.104018,4.38239,3.714744,8.724638,6.180552,1.615212,2.312224,1.925592,6.143002,6.182115,5.362194,8.123756,1.944632,5.786297,4.509082,4.090694,5.871715,5.599082,2.431086,7.190762,3.481457,2.992448,6.401961,8.587105,5.889797,6.580332,9.322906,6.538201,0,0.485312,4.45538,8.437797,7.953673,4.547422,9.870733,10.03903,3.942551,5.810505,2.227975,5.209586,4.663018,0.585991,2.467672,5.618864,5.561859,2.325675,1.415941,5.287441,4.381015,5.911142,4.289083,3.489603,4.151026,8.46408,9.975387,1.177448,3.088583,4.891222,4.66763,6.397557,2.317807,4.405254,4.305752,7.64775,2.317767,5.432183,3.635973,6.730002,8.56145,4.947449,2.87706,3.892589,4.414909,4.118992,5.574141,3.417378,9.883216,2.80663,4.567191,6.086871,4.750281,3.89681,5.346996,5.780513,9.761082,3.98507,3.440253,4.085659,4.080165,0.628598,2.590138,1.082041,5.849404,3.412038,4.486695,2.510246,0.643859,0.899558,2.97769,1.154667,3.132527,3.340396,0.74673,5.918952,5.83359,4.591186,5.142799,2.250996,2.076648,6.352789,5.949964,3.949549,6.546645,5.666696,5.126798,9.964344,1.607007,3.55147,1.25947,4.016165,1.143464,4.270636,5.819529,6.200529,2.414989,7.536924,2.090508,2.517088,2.632628,1.550319,5.475181,2.420819,5.53223,1.805501,1.615537,2.411664,3.516543,7.946839,2.196414,6.327432,3.185905,2.183671,4.707439,2.184462,7.088596,1.012809,3.998755,4.027233,4.217364,4.150182,1.354892,3.935277,5.957269,3.967241,10.258347,2.132029,3.396242,1.318103,1.752767,4.345967,3.826841,6.34187,3.608501,6.06052,3.562737,3.596096
3.486365,3.200543,1.914541,2.302389,6.216562,6.684814,3.469602,5.418576,5.52563,5.825193,2.142322,2.330468,0.982681,3.317846,5.453296,5.571811,1.887719,2.488549,7.25486,2.307143,4.944665,4.079047,4.215431,5.463331,5.258492,0.653277,2.092964,4.932432,5.620148,10.410223,2.511011,2.459775,2.906194,2.567997,5.699583,4.308899,10.154088,6.248838,4.572165,4.645121,6.272625,2.461664,7.324035,5.839489,5.792789,6.463019,6.13585,5.070214,4.556345,6.081987,2.159444,5.910751,4.971192,1.507703,7.045005,4.467015,6.431535,3.732837,2.316208,5.131003,5.091023,3.620511,6.514365,8.284568,4.2142,4.173547,7.738436,6.45438,9.146339,1.453802,4.739863,3.193229,6.368754,3.391108,8.053204,4.494901,0.719688,6.16994,2.197898,2.722006,6.389612,6.566126,4.791012,7.626747,5.038698,4.072656,6.266269,4.81872,4.107891,5.497869,3.925479,7.065906,5.071334,2.464685,4.273726,1.114186,4.775832,4.579861,5.995644,2.598292,4.526313,7.029609,1.808374,7.477629,5.226443,2.049039,6.146753,0.717366,6.468756,5.511783,7.667554,4.186653,4.39375,4.044848,5.663626,5.604598,0.134735,4.510524,4.323481,6.059882,4.371465,5.524745,5.973032,3.384639,3.913516,2.437666,8.160156,5.603508,2.673965,4.633589,4.760844,6.630378,5.875428,2.221621,4.335275,2.565353,3.035383,4.313755,3.605013,8.614907,6.215131,1.299982,2.711592,1.457106,6.033271,5.732821,5.396773,8.014025,2.344,5.820876,4.300452,3.980963,5.906294,5.489351,2.315851,7.081031,3.018587,2.882717,6.29223,8.477374,5.924376,6.470601,9.213175,6.57278,0.485312,0,4.386745,8.328066,7.843942,4.582001,9.761002,9.929299,3.83282,5.845084,1.797847,5.099855,4.553287,0.579378,2.016126,5.653443,5.452128,1.857189,1.815309,5.32202,4.271284,5.945721,4.179352,3.524182,4.041295,8.354349,9.865656,0.714578,3.487951,4.441928,4.557899,6.287826,2.717175,4.304192,4.196021,7.538019,1.878434,5.322452,3.526242,6.620271,8.451719,4.498155,2.911639,3.927168,4.449488,4.009261,5.46441,3.451957,9.773485,3.205998,4.60177,5.97714,4.78486,3.931389,5.381575,5.670782,9.651351,3.916435,3.474832,3.636365,4.114744,0.434321,2.989506,0.619171,5.883983,3.302307,4.414241,2.909614,1.043227,0.705281,2.51482,0.96039,3.022796,2.891102,0.276351,5.953531,5.868169,4.141892,5.033068,1.78251,2.476016,6.243058,5.840233,3.500255,6.436914,5.556965,5.161377,9.854613,1.138521,3.950838,1.059368,3.906434,0.67711,4.160905,5.709798,6.090798,1.963443,7.427193,2.489876,2.589296,2.169758,1.584898,5.36545,2.352184,5.422499,1.342631,1.42126,2.33921,3.915911,7.837108,1.737402,6.362011,2.736611,1.957694,4.258145,1.715976,6.978865,1.412177,3.889024,3.917502,3.76807,4.077728,0.884513,3.825546,5.991848,4.00182,10.148616,2.531397,2.933372,0.851749,1.681138,4.380546,3.71711,6.232139,3.64308,6.095099,3.494102,3.486365
1.56835,4.510329,4.37822,2.332924,4.095519,4.563771,4.492691,1.929195,4.790655,2.572074,2.264383,4.794147,4.383389,4.340935,1.963915,2.845704,2.74584,4.237305,5.820155,2.955827,1.882632,3.116266,2.397549,2.737224,1.48029,3.875541,6.462883,1.443051,3.485265,7.841668,2.947235,6.466966,2.599295,2.133673,3.560848,0.819518,7.585533,2.995719,5.758789,1.159004,4.151582,3.834953,4.597928,5.048076,2.303408,4.341976,2.357648,3.222562,2.944526,2.592606,6.529363,5.119338,2.850169,3.053761,4.923962,1.635478,4.583883,0.653908,4.533853,3.283351,3.243371,2.537383,3.788258,6.849863,4.44592,5.22727,6.303731,4.561395,5.656958,3.881646,3.332014,4.413792,4.521102,1.674787,6.618499,3.998578,5.089607,2.680559,3.637109,4.410553,2.900231,4.445083,3.356307,4.137366,0.92224,3.823786,4.418617,2.971068,2.141205,3.00252,4.948568,5.631201,1.585217,4.437781,2.655949,3.920982,4.566569,4.42898,2.217442,4.099108,1.922297,4.303502,3.1755,3.988248,1.737062,4.853427,4.02571,4.496578,2.979375,3.664131,4.344793,4.627311,1.68187,5.098571,1.885424,1.826396,4.52148,3.437962,2.505599,2.542846,2.697142,1.746543,2.483651,1.180251,4.936605,3.810955,5.300652,3.482465,2.367066,2.137222,0.982642,4.509335,4.440723,2.30273,1.096203,4.748685,1.524348,0.13068,1.28735,5.125526,2.436929,5.18307,4.258141,5.827025,3.912228,4.774276,3.068799,4.524644,2.92235,3.873871,3.314568,1.952081,4.058642,3.588898,2.541605,5.635479,5.259448,1.845852,4.846678,4.987993,3.785641,5.035896,6.20947,4.725128,4.45538,4.386745,0,6.893361,4.354561,1.562257,6.271621,6.439918,2.870328,2.066882,3.06968,3.600808,3.439523,3.872383,3.436226,3.148298,3.331085,6.227108,3.622243,1.351268,1.983695,2.167519,1.233637,1.945215,3.068172,6.919644,7.297101,4.133058,3.857161,3.961745,2.634301,2.798445,3.49259,0.712356,3.049779,5.416976,5.885625,2.980864,2.174085,4.518417,6.330676,4.024982,1.920116,2.209373,2.601836,3.003285,1.975029,1.87299,6.315098,3.646656,1.997754,3.409551,2.937208,1.65545,3.533923,4.236077,6.16197,0.477992,1.895865,5.009654,2.148058,4.053534,3.430164,4.049368,3.878806,2.351593,0.792653,3.001117,4.133427,3.681464,4.751866,3.440642,1.744956,4.264391,4.648163,4.105879,3.729434,5.195615,1.543687,6.152429,4.022565,4.789609,2.350852,4.873544,4.315871,4.12226,1.190625,7.286058,5.50844,4.391496,4.827328,2.640735,5.044897,2.519902,4.275093,2.601417,3.381826,5.992488,3.095466,2.604909,4.633437,2.939453,1.876069,2.040626,1.933118,3.538738,3.106566,2.08717,4.356569,5.111001,3.223678,4.514359,4.1099,2.730797,5.630394,6.085895,4.252758,3.591012,1.574047,2.914311,4.821793,0.656264,5.256325,2.249747,4.144196,1.996024,7.580061,4.459813,5.174233,5.219536,2.705607,1.577695,1.181417,3.506032,1.832983,4.247447,0.892643,1.56835
5.387593,5.551991,8.251249,6.026387,3.782755,3.759423,5.534353,7.442966,3.123053,9.24892,6.375755,8.667176,8.3996,5.382597,7.477686,4.882858,6.857212,7.912673,1.180409,7.067199,5.28932,5.310772,8.027041,4.764421,8.157136,7.802575,10.404204,6.956822,3.924721,5.682955,7.534422,10.483177,7.186482,6.501997,9.511193,6.447283,5.42682,9.672565,6.800451,6.2005,3.839884,6.259768,5.489368,3.380474,7.817179,3.6298,9.034494,8.881824,4.153121,7.533132,10.470684,3.451736,4.374176,6.897748,2.68708,5.334952,10.243145,6.430367,8.220303,8.942613,8.902633,4.733462,4.679698,0.218612,4.616644,6.268932,0.58963,3.416052,5.075212,7.754675,3.843237,5.455454,10.180364,5.29589,0.32622,4.751375,9.030928,8.150499,7.312477,8.085921,8.370171,4.149179,3.609262,6.252627,7.611931,4.644891,10.077879,8.63033,7.919501,4.395706,5.99023,1.958576,6.13976,9.024968,4.349507,8.28402,4.053387,4.599704,8.894288,8.686295,8.337923,4.968126,7.762687,6.173729,7.250833,9.23374,3.730091,8.40156,8.396671,9.323393,5.832887,9.214498,5.230301,6.140233,8.56227,8.503242,8.462801,4.819247,8.135091,8.084272,4.569735,8.423389,7.953591,5.836448,5.978267,6.415048,6.325489,4.37595,6.954253,4.934761,7.659488,4.213431,2.773121,6.889917,7.675956,9.335872,5.908341,6.820371,5.655049,6.982274,9.113775,9.199281,8.845328,9.768346,3.490262,3.106674,9.208383,6.529125,7.509537,9.632486,4.934271,4.995218,9.717904,4.303856,6.217451,4.042703,9.132477,5.635075,3.253902,7.523301,9.735986,1.857465,4.485907,10.38439,8.437797,8.328066,6.893361,0,6.527871,8.14201,5.26773,5.436027,5.116376,8.743728,6.745526,3.614188,4.736415,7.851806,7.111594,9.465053,4.22457,10.168429,8.20943,8.028114,4.98498,8.844365,5.762407,7.335792,5.154148,1.828029,5.138388,8.03804,8.444348,4.526982,4.484187,8.268385,8.079777,6.443058,4.280265,2.865122,9.901836,4.296034,4.811413,3.581943,3.724451,4.463745,6.319835,7.738778,8.261098,4.907996,7.4888,7.263567,5.046217,8.233843,8.41338,4.258183,8.59647,7.742999,9.193185,3.2365,5.158079,6.415369,7.286442,6.803538,7.926354,7.994855,8.017351,7.95435,9.695593,5.213444,6.631216,7.588304,8.213061,7.660887,8.512166,7.367676,5.485705,6.220621,8.589484,9.765141,9.679779,6.237277,6.208426,10.09375,8.609752,3.20473,7.820792,6.667428,3.362055,3.122683,7.867471,5.127345,9.449761,8.978683,8.843539,4.443257,8.986218,4.529889,3.275516,8.071357,7.05104,0.900873,7.682653,7.192096,8.506466,7.52664,7.38984,6.300016,7.446889,7.393292,7.0336,6.098399,8.943756,6.002441,6.899046,10.173621,6.148214,6.469676,6.672056,10.027216,5.144198,8.178199,5.347524,4.851074,5.863455,6.337421,9.197646,4.705835,9.803458,7.81343,5.421348,9.047,9.047262,9.160857,6.705939,8.114327,5.743316,4.397472,7.45469,9.906709,6.27437,5.387593
4.736294,6.663058,7.767125,5.542263,2.918431,3.653915,6.64542,2.589098,4.425165,4.440965,5.806713,8.183052,7.915449,6.493664,2.623818,3.289856,6.28817,7.446644,5.454665,6.498157,3.827894,5.866713,5.791579,3.171419,3.349181,7.318451,9.92008,2.91151,2.929191,4.191859,6.642576,9.999026,6.294636,5.811739,5.546823,3.535043,3.935724,4.86461,7.911518,3.770996,3.242824,7.044292,1.038503,4.682586,2.231299,3.443012,4.226539,5.76486,4.345793,1.761955,9.98656,4.753848,3.596736,6.413624,4.014106,4.072245,7.414091,4.349249,7.754274,6.113559,6.073579,5.185166,1.848173,6.484373,5.918756,7.379999,5.938241,3.700819,2.007149,7.270551,4.636999,6.566521,7.066328,4.847054,6.253009,5.949983,8.546804,2.167616,6.846448,7.619892,1.947944,2.692386,4.350785,1.643297,4.630553,5.947003,7.064577,5.801276,5.535235,3.046645,7.101297,4.998176,3.728572,8.133122,4.553228,7.616323,5.355499,5.901816,4.086333,7.794449,5.264322,1.759609,6.870841,1.494179,2.64999,8.548768,2.97138,7.917436,1.8688,6.494339,0.694984,8.322652,3.994685,7.2513,3.754315,2.752379,7.978677,5.377756,5.899629,2.331593,4.305467,3.615434,2.182414,4.519358,7.089334,7.020294,1.650843,3.434987,6.062407,3.915151,3.753108,2.858997,4.075233,5.998071,4.336708,8.444026,5.202414,4.281571,4.47429,2.631457,4.30582,8.71513,7.953482,9.284222,3.071194,4.408786,5.352901,2.030575,6.617691,5.842374,5.49278,4.546872,6.88885,3.560277,5.750944,4.774903,8.648353,5.055191,3.986102,0.99543,5.754144,4.670406,2.559661,7.465783,7.953673,7.843942,4.354561,6.527871,0,4.802762,2.621812,2.790109,5.669093,3.935773,6.279019,3.885357,5.294924,7.367682,6.645565,5.017189,3.283607,9.684305,7.317584,3.897076,4.319381,4.03641,4.247547,5.641638,5.710089,6.554154,3.647292,7.553916,7.552502,5.829094,4.167855,2.04973,7.187931,3.646182,4.836206,4.50712,9.417685,3.222915,4.916866,3.655504,3.806805,5.765857,5.613908,5.603403,5.995866,5.463937,3.269687,5.569413,2.665289,7.341997,5.339779,2.83029,5.565094,5.04948,6.32888,4.474633,2.512161,4.173333,5.592288,7.914605,5.542088,7.510731,7.125505,7.470226,5.847309,5.327636,3.83434,6.696458,7.709444,7.176763,8.046137,6.883552,4.954295,7.331688,8.10536,6.830575,5.697937,7.348344,3.659906,9.609626,7.717906,3.929033,2.049615,7.778495,3.406015,4.360816,3.736433,3.636249,8.965637,8.086837,8.359388,4.910409,8.502094,4.599838,4.513649,2.246758,6.591165,5.626998,6.790807,6.30025,8.022342,6.634794,3.170727,5.619432,3.559417,6.909168,6.549476,5.566751,8.05191,2.929448,6.433017,7.002145,7.259281,5.993359,7.783123,9.543092,2.515735,7.286353,4.508472,5.407015,6.974522,3.898615,8.713522,4.843257,6.974404,5.390054,3.930252,8.155154,8.563138,8.676733,6.221815,4.934056,4.347026,2.130399,5.227013,6.972143,4.587984,4.736294
2.816999,5.758978,5.400765,3.581573,5.344168,5.81242,5.74134,3.276207,6.039304,2.028426,3.286928,5.816692,4.475431,5.589584,3.310927,4.094353,3.768385,5.485954,7.068804,3.978372,3.241219,4.364915,1.340698,3.985873,1.704277,4.214418,6.658139,2.801638,4.733914,8.289869,3.004885,6.559008,2.656945,3.156218,2.100111,2.178105,8.033734,2.452071,7.007438,2.517591,5.400231,5.083602,5.136513,6.296725,2.818769,5.590625,2.581635,2.020021,4.193175,3.040807,6.724619,6.367987,4.098818,4.1398,6.172611,2.989557,3.418502,1.774049,5.562118,2.11797,2.07799,3.786032,5.036907,8.098512,5.694569,6.475919,7.55238,5.810044,6.105159,4.904191,4.580663,5.662441,3.355721,2.923436,7.867148,5.247227,5.284863,3.12876,4.885758,5.659202,3.348432,5.693732,4.604956,4.585567,1.775895,5.072435,3.253236,1.805687,0.975824,4.251169,6.197217,6.87985,2.943804,4.495431,3.904598,3.978632,5.815218,5.677629,2.441429,4.156758,0.46156,5.552151,3.23315,4.436449,3.095649,4.911077,5.274359,5.02373,3.427576,2.49875,4.792994,4.684961,2.930519,6.34722,2.109411,2.050383,4.716736,4.686611,1.448748,2.766833,3.945791,1.97053,2.931852,2.4289,6.185254,5.059604,5.748853,4.731114,2.424716,3.385871,1.206629,5.757984,5.689372,2.36038,0.466054,4.806335,2.373907,1.431577,2.535999,5.573727,2.660916,5.275112,4.315791,6.022281,5.160877,6.022925,1.608062,4.972845,2.98,2.413134,4.563217,3.20073,2.893261,4.837547,3.778547,6.884128,6.281993,3.094501,6.095327,5.436194,2.324904,6.284545,6.657671,3.559747,4.547422,4.582001,1.562257,8.14201,4.802762,0,6.719822,6.888119,4.118977,2.290869,4.318329,4.849457,4.688172,4.002623,4.684875,1.856676,4.579734,6.422364,3.679893,1.806962,3.232344,2.391506,2.592224,1.514763,4.316821,8.168293,7.745302,4.985034,3.914811,5.210394,3.88295,3.246646,3.55024,2.070943,4.298428,6.665625,5.977667,4.229513,3.422734,5.767066,7.579325,5.273631,2.583495,1.387243,1.436455,4.251934,3.333616,1.442538,6.763299,3.704306,0.537017,4.6582,1.771827,0.893771,2.368542,5.484726,6.610171,1.836579,1.465413,6.258303,0.982677,4.345744,3.487814,4.889627,2.418069,3.600242,2.15124,3.058767,4.191077,4.017842,5.774411,4.442103,2.993605,5.51304,4.843419,2.940498,2.268697,6.444264,2.902274,6.347685,4.080215,6.038258,2.799053,6.122193,5.56452,5.370909,1.646319,7.734259,5.703696,4.449146,4.91937,3.889384,5.240153,3.768551,5.523742,3.049618,4.630475,7.241137,3.153116,2.662559,5.655982,2.997103,3.234656,3.063171,3.291705,4.561283,4.129111,3.171245,4.414219,5.877856,4.472327,3.348978,5.358549,3.829679,6.879043,6.281151,5.471899,3.648662,2.822696,4.16296,6.070442,2.014851,5.451581,3.498396,2.978815,0.939173,8.028262,4.517463,6.196778,5.414792,3.728152,0.320104,2.430066,4.754681,0.938921,3.082066,1.944587,2.816999
6.633647,8.11044,9.684185,7.459323,4.045668,4.022336,8.092802,4.506158,5.842408,6.358025,7.723773,10.100112,9.832509,7.941046,4.540878,5.206916,8.20523,9.363704,4.646393,8.415217,5.744954,7.314095,7.708639,5.088479,5.266241,9.235511,11.83714,4.82857,4.405519,2.414021,8.559636,11.916086,8.211696,7.728799,7.463883,5.452103,2.157886,6.78167,9.3589,5.688056,4.102797,8.818217,2.955563,6.099829,4.148359,4.319429,6.143599,7.68192,5.793175,3.679015,11.90362,6.171091,5.049414,8.330684,3.901271,5.989305,9.331151,6.266309,9.671334,8.030619,7.990639,6.632548,3.765233,5.224232,7.335999,8.827381,4.6781,5.118062,0.651456,9.187611,6.084381,8.013903,8.983388,6.723694,4.992868,7.397365,10.463864,4.296382,8.763508,9.536952,4.516054,4.412092,5.798167,3.560357,6.547613,7.364246,8.981637,7.718336,7.452295,4.881214,8.548679,4.652242,5.645632,10.050182,6.00061,9.533383,6.772742,7.319059,6.003393,9.711509,7.181382,3.676669,8.787901,3.411239,4.56705,10.465828,3.993004,9.834496,4.490612,8.411399,2.612044,10.239712,5.911745,8.698682,5.671375,4.669439,9.895737,6.825138,7.816689,4.248653,5.758145,5.532494,4.099474,6.436418,8.536716,8.937354,3.567903,4.883072,7.979467,5.736733,5.670168,4.476344,5.492476,7.915131,6.253768,10.361086,7.119474,6.198631,6.39135,4.548517,6.22288,10.63219,9.870542,11.201282,4.516835,5.826029,7.269961,3.947635,8.534751,7.759434,6.940162,6.017776,8.80591,5.007659,7.668004,6.192146,10.565413,6.972251,5.403345,3.617242,7.671204,4.991981,0.781823,9.382843,9.870733,9.761002,6.271621,5.26773,2.621812,6.719822,0,0.171343,7.119699,5.852833,8.196079,5.332739,6.742306,9.284742,8.562625,6.934249,4.731692,11.601365,9.234644,5.814136,5.979585,5.95347,6.164607,7.558698,7.157471,5.294013,1.869454,9.470976,9.469562,7.246337,5.620533,4.414268,9.104991,5.563242,6.283588,4.394285,11.334745,4.900673,6.545374,4.554976,2.028967,7.1831,7.530968,7.520463,7.912926,6.911319,5.186747,7.486473,1.356908,9.259057,7.256839,4.738981,7.482154,6.96654,8.24594,5.891876,0.113367,6.090393,7.509348,9.361987,7.459148,9.427791,9.042565,9.387286,7.764369,6.956438,5.7514,8.613518,9.626504,9.093823,9.963197,8.800612,6.871355,8.77907,10.02242,8.747635,7.614997,8.795726,5.576966,11.526686,9.634966,5.346276,3.966675,9.225877,3.624968,5.778059,5.653493,1.858411,10.882697,10.003897,10.276448,6.357791,10.419154,6.04722,5.930892,4.21724,8.508225,4.366857,8.707867,8.21731,9.939402,8.551854,5.087787,7.536492,5.476477,8.826228,8.466536,7.483811,9.96897,4.846508,8.350077,8.919205,8.706663,7.910419,9.230505,11.460152,4.432795,9.203413,6.342129,6.854397,8.421904,5.815675,10.630582,6.290639,8.891464,7.307114,2.152414,10.072214,10.480198,10.593793,8.138875,6.851116,6.264086,4.047459,7.144073,8.889203,6.505044,6.633647
6.801944,8.278737,9.852482,7.62762,4.213965,4.190633,8.261099,4.674455,6.010705,6.526322,7.89207,10.268409,10.000806,8.109343,4.709175,5.375213,8.373527,9.532001,4.81469,8.583514,5.913251,7.482392,7.876936,5.256776,5.434538,9.403808,12.005437,4.996867,4.573816,2.582318,8.727933,12.084383,8.379993,7.897096,7.63218,5.6204,2.326183,6.949967,9.527197,5.856353,4.271094,8.986514,3.12386,6.268126,4.316656,4.487726,6.311896,7.850217,5.961472,3.847312,12.071917,6.339388,5.217711,8.498981,4.069568,6.157602,9.499448,6.434606,9.839631,8.198916,8.158936,6.800845,3.93353,5.392529,7.504296,8.995678,4.846397,5.286359,0.819753,9.355908,6.252678,8.1822,9.151685,6.891991,5.161165,7.565662,10.632161,4.464679,8.931805,9.705249,4.684351,4.580389,5.966464,3.728654,6.71591,7.532543,9.149934,7.886633,7.620592,5.049511,8.716976,4.820539,5.813929,10.218479,6.168907,9.70168,6.941039,7.487356,6.17169,9.879806,7.349679,3.844966,8.956198,3.579536,4.735347,10.634125,4.161301,10.002793,4.658909,8.579696,2.780341,10.408009,6.080042,8.866979,5.839672,4.837736,10.064034,6.993435,7.984986,4.41695,5.926442,5.700791,4.267771,6.604715,8.705013,9.105651,3.7362,5.051369,8.147764,5.90503,5.838465,4.644641,5.660773,8.083428,6.422065,10.529383,7.287771,6.366928,6.559647,4.716814,6.391177,10.800487,10.038839,11.369579,4.685132,5.994326,7.438258,4.115932,8.703048,7.927731,7.108459,6.186073,8.974207,5.175956,7.836301,6.360443,10.73371,7.140548,5.571642,3.785539,7.839501,5.160278,0.95012,9.55114,10.03903,9.929299,6.439918,5.436027,2.790109,6.888119,0.171343,0,7.287996,6.02113,8.364376,5.501036,6.910603,9.453039,8.730922,7.102546,4.899989,11.769662,9.402941,5.982433,6.147882,6.121767,6.332904,7.726995,7.325768,5.46231,2.037751,9.639273,9.637859,7.414634,5.78883,4.582565,9.273288,5.731539,6.451885,4.562582,11.503042,5.06897,6.713671,4.723273,2.197264,7.351397,7.699265,7.68876,8.081223,7.079616,5.355044,7.65477,1.525205,9.427354,7.425136,4.907278,7.650451,7.134837,8.414237,6.060173,0.28471,6.25869,7.677645,9.530284,7.627445,9.596088,9.210862,9.555583,7.932666,7.124735,5.919697,8.781815,9.794801,9.26212,10.131494,8.968909,7.039652,8.947367,10.190717,8.915932,7.783294,8.964023,5.745263,11.694983,9.803263,5.514573,4.134972,9.394174,3.793265,5.946356,5.82179,2.026708,11.050994,10.172194,10.444745,6.526088,10.587451,6.215517,6.099189,4.385537,8.676522,4.535154,8.876164,8.385607,10.107699,8.720151,5.256084,7.704789,5.644774,8.994525,8.634833,7.652108,10.137267,5.014805,8.518374,9.087502,8.87496,8.078716,9.398802,11.628449,4.601092,9.37171,6.510426,7.022694,8.590201,5.983972,10.798879,6.458936,9.059761,7.475411,2.320711,10.240511,10.648495,10.76209,8.307172,7.019413,6.432383,4.215756,7.31237,9.0575,6.673341,6.801944
1.337591,2.036105,3.756003,1.531141,3.341263,3.809515,2.018467,3.648519,2.842143,5.225887,1.880509,4.17193,3.904354,1.866711,3.683239,2.878366,2.361966,3.417427,4.04317,2.571953,2.25122,0.379169,3.922301,2.769886,4.134103,3.307329,5.908958,3.162375,2.744849,7.534924,3.429682,5.987931,3.081742,2.087909,5.406453,2.538842,7.278789,5.649532,3.284565,2.491955,3.397326,2.743882,4.63059,3.156002,4.022732,3.456438,5.011461,4.777084,1.350859,4.31193,5.975438,3.227264,2.110523,2.402502,4.169706,1.77357,6.138405,2.407334,3.725057,4.837873,4.797893,0.640551,3.82092,5.072878,1.971696,2.753046,4.526746,3.24269,6.927181,3.259429,1.379953,1.939568,6.075624,1.22863,4.841514,1.528335,4.535682,4.399883,2.817231,3.590675,4.619555,3.690827,1.579322,5.393849,3.588898,1.349562,5.973139,4.52559,3.814761,2.651242,2.474344,3.854216,2.578378,4.920228,1.261803,3.788774,2.092345,1.954756,4.871255,4.581555,4.233183,4.336164,3.657947,5.314951,3.456386,4.738494,3.271454,3.906314,4.698699,5.218653,4.974109,5.109758,1.700305,2.624347,4.539237,4.480209,3.967555,0.968474,4.030351,4.289825,1.43858,4.400356,4.202975,1.757564,2.462381,2.899162,5.466711,2.756616,2.849513,1.870977,3.636455,3.755079,2.663738,2.785177,3.652923,5.231132,1.803601,2.797338,1.630538,6.123496,5.090742,4.704035,4.740588,5.2731,3.13604,2.997291,5.103643,5.670347,3.404797,5.527746,0.832345,1.283566,5.613164,2.497948,1.722205,3.869341,4.637231,1.139829,3.08054,6.664523,5.631246,3.258911,6.337876,6.27965,3.942551,3.83282,2.870328,5.116376,5.669093,4.118977,7.119699,7.287996,0,4.720695,2.25028,1.888165,1.006733,3.35656,2.616348,5.360313,2.605236,5.673183,4.10469,4.005081,1.525252,4.821332,1.882016,3.231052,0.367137,5.142659,6.990357,3.542794,4.339608,1.491502,1.570038,4.517769,3.975037,2.534617,0.836111,4.66272,5.40659,2.477441,0.827521,3.408581,5.57642,1.554739,2.215095,3.634038,4.156358,0.38434,3.694353,3.158827,6.898186,4.129103,4.30864,3.101841,4.49173,3.638259,5.088445,2.459092,7.010048,2.392336,3.181702,3.287652,3.821614,3.499609,3.912611,3.459104,5.590853,0.530513,2.694631,3.483564,3.717815,3.165641,4.01692,2.87243,1.309435,2.704735,4.094238,5.660401,5.575039,2.721391,2.647044,5.598504,4.505012,3.031368,4.070176,3.151542,3.561615,2.345275,3.844438,6.979314,4.954515,4.873943,4.348293,0.824889,4.490972,1.151464,2.498108,4.320741,2.555794,4.215503,3.577913,3.087356,4.01122,3.4219,3.595393,1.885928,3.652442,2.898046,2.538354,1.603153,4.839016,5.143663,2.4038,6.068881,2.632328,1.97443,3.15617,5.53197,4.28542,3.801333,1.425037,0.427901,2.347569,2.358118,4.7024,1.127831,5.698718,3.70869,7.273317,4.94226,4.552016,4.665611,2.210693,4.009587,1.748616,3.538694,3.34995,5.801969,2.195486,1.337591
3.418717,6.360696,6.037248,4.183291,5.945886,6.414138,6.343058,2.409218,6.641022,1.906962,3.923411,6.453175,5.738514,6.191302,2.443938,4.696071,4.404868,6.087672,7.670522,4.614855,3.745844,4.966633,3.279686,4.587591,0.586592,5.477501,7.921222,2.73163,5.335632,7.42288,4.267968,7.822091,3.920028,3.792701,3.01282,2.68273,7.166745,2.330607,7.609156,3.022216,6.001949,5.68532,4.269524,6.898443,1.95178,6.192343,1.692536,3.230857,4.794893,2.173818,7.987702,6.969705,4.700536,4.776283,6.774329,3.49869,4.880088,2.360076,6.198601,3.579556,3.539576,4.38775,5.071874,8.70023,6.296287,7.077637,8.154098,6.411762,5.23817,5.540674,5.182381,6.264159,4.532325,3.525154,8.468866,5.848945,6.547946,2.261771,5.487476,6.26092,2.481443,5.916144,5.206674,3.718578,2.11866,5.674153,4.530574,3.267273,3.023342,4.852887,6.798935,7.481568,3.448429,5.758514,4.506316,5.241715,6.416936,6.279347,1.55233,5.419841,2.752429,4.983367,4.496233,3.56946,2.47011,6.17416,5.876077,6.155606,2.560587,3.960336,3.926005,5.948044,3.532237,6.948938,0.491408,1.183394,5.979819,5.288329,3.387736,1.899844,4.547509,0.323333,2.064863,3.030618,6.786972,5.661322,4.881864,5.332832,3.687799,3.987589,1.241215,6.082755,6.29109,3.623463,1.824815,6.069418,3.01039,1.936202,3.137717,4.706738,1.771817,6.538195,5.578874,7.285364,5.762595,6.624643,2.818898,4.105856,4.243083,3.308371,5.164935,3.802448,4.354847,5.439265,4.391972,7.485846,6.918476,3.696219,6.697045,4.569205,3.220141,6.886263,5.790682,4.93178,5.810505,5.845084,2.066882,8.743728,3.935773,2.290869,5.852833,6.02113,4.720695,0,4.920047,5.451175,5.28989,5.265706,5.286593,2.483186,5.181452,7.685447,4.942976,1.385183,3.834062,0.773503,3.096849,3.21903,4.918539,8.770011,6.878313,5.792086,5.177894,5.812112,4.484668,2.379657,4.813323,2.575568,4.900146,7.267343,7.24075,4.831231,4.024452,6.368784,7.037826,5.875349,3.365878,3.09151,3.483973,4.853652,3.089807,3.146805,5.89631,4.967389,2.827886,5.259918,3.031091,2.537587,3.794877,6.086444,5.743182,2.341204,3.16968,6.860021,3.030195,5.608827,4.750897,5.708396,3.313306,4.20196,2.655865,4.32185,5.45416,5.280925,6.410894,5.09967,3.595323,6.114758,6.106502,4.296572,3.163934,7.045982,3.406899,7.610768,5.343298,6.639976,1.932064,6.723911,6.166238,5.972627,1.22454,6.86727,6.966779,5.712229,6.182453,4.491102,6.503236,4.370269,6.12546,2.182629,5.232193,7.842855,4.416199,3.925642,6.292465,4.260186,2.990847,3.699654,3.379537,5.197766,4.765594,3.807728,5.677302,5.010867,5.074045,4.468142,5.960267,4.466162,7.480761,7.544234,4.60491,4.911745,3.424414,4.764678,6.67216,2.519476,6.714664,4.100114,4.440401,2.878161,7.161273,5.780546,6.833261,6.677875,4.364635,2.422163,3.031784,5.309478,2.71512,4.43814,2.552096,3.418717
1.919871,1.53811,1.678638,0.891713,4.634022,5.102274,1.807169,3.853653,3.863197,5.425239,1.496949,2.094565,2.705349,1.655413,3.888373,3.989271,1.673482,1.187046,5.67232,2.043049,3.362125,2.496507,4.077165,3.880791,4.333455,1.929023,3.879173,3.367509,4.037608,8.827683,3.584546,4.227561,3.236606,1.922624,5.561317,2.743976,8.571548,5.848884,2.909732,3.080198,4.690085,0.799231,5.741495,4.177056,4.227866,4.880479,5.210813,4.931948,2.973805,4.517064,3.945653,4.248318,3.388652,0.710361,5.462465,2.884475,6.293269,2.606686,1.494676,4.992737,4.952757,2.037971,4.931825,6.702028,2.551767,2.511114,6.155896,4.87184,7.581416,1.182064,3.157323,1.530796,6.230488,1.824614,6.470664,2.832468,2.505897,4.605017,0.574971,1.360294,4.824689,4.983586,3.208472,6.061824,3.78825,2.410223,6.128003,4.680454,3.969625,3.915329,2.263046,5.483366,3.506411,4.040263,2.691186,2.674897,3.113399,2.917428,5.070607,4.17387,4.388047,5.447069,3.383209,5.912706,3.66152,3.624617,4.564213,1.852336,4.903833,5.373517,6.085014,5.264622,2.81121,2.382415,4.738589,4.679561,1.932582,2.848091,4.185215,4.494959,2.788925,4.599708,4.408109,1.956916,2.251083,0.775233,6.577616,4.020968,3.004377,3.051049,3.835807,5.047838,4.213129,2.940041,3.852275,4.140931,1.958465,2.99669,2.04009,7.049984,5.290094,3.067768,4.28717,3.243315,4.450731,4.070388,5.258507,6.449102,3.559661,5.68261,2.638019,2.398423,5.768028,3.906811,0.79225,5.498491,2.491249,1.316223,4.70969,6.912451,5.78611,4.888061,7.630635,6.434514,2.227975,1.797847,3.06968,6.745526,6.279019,4.318329,8.196079,8.364376,2.25028,4.920047,0,3.517315,2.893851,2.027503,0.385967,5.515177,3.869588,3.643398,3.390144,4.204433,2.688744,5.020684,2.611105,3.385916,2.458755,6.771809,8.283116,1.488816,4.494472,2.779495,2.975359,4.722903,4.129901,2.739269,2.613481,5.955479,3.64622,3.739912,1.943702,5.037731,6.869179,2.835722,2.369959,3.788902,4.311222,2.426721,3.899487,3.313691,8.190945,4.283967,4.463504,4.3946,4.646594,3.793123,5.243309,4.088242,8.086428,2.591688,3.336566,1.973932,3.976478,1.80846,4.067475,1.405126,5.745717,1.719767,2.893983,3.638428,2.603938,1.918385,1.786539,1.494124,1.456302,1.228669,2.06256,5.815265,5.729903,2.479459,3.468145,3.568719,4.051594,4.660518,4.27531,1.837822,4.854374,3.974425,4.04379,8.272073,2.92473,5.028807,2.827154,2.323894,2.462412,2.578365,4.127258,4.525875,0.333284,5.844653,3.732777,3.24222,1.933855,2.796081,3.800527,1.706811,3.857576,0.741224,1.160048,1.249692,4.99388,6.254568,0.16154,6.223745,1.074178,0.599558,2.595712,3.502185,5.396325,2.968447,2.320777,2.334962,2.105637,2.55747,2.670722,2.243006,5.853582,3.863554,8.566076,4.106975,2.406034,2.637051,1.1143,4.164451,2.152187,4.649599,3.504814,5.956833,2.394838,1.919871
2.149732,2.876338,5.023038,2.798176,1.554303,2.022555,2.8587,4.138388,1.511482,5.956367,3.147544,5.438965,5.171389,2.706944,4.173108,1.269271,3.629001,4.684462,2.540982,3.838988,1.795847,2.082561,4.79883,1.150834,4.864583,4.574364,7.175993,3.652244,0.957889,5.747964,4.306211,7.254966,3.958271,3.273786,6.282982,3.144688,5.491829,6.380012,4.124798,2.895922,1.610366,3.584115,2.846854,1.768903,4.512601,1.778828,5.741941,5.653613,0.665123,4.801799,7.242473,1.840165,0.760589,3.669537,2.382746,2.037044,7.014934,3.137814,4.992092,5.714402,5.674422,1.505251,2.037184,3.57069,2.659912,3.593279,3.024558,1.740502,5.140221,4.526464,0.753728,2.779801,6.952153,2.063752,3.339326,2.163263,5.802717,4.889752,4.084266,4.85771,5.109424,1.903867,0.467287,3.610113,4.319378,2.189795,6.849668,5.402119,4.69129,0.864422,3.314577,2.352028,2.835182,5.796757,1.101098,5.055809,2.441816,2.642972,5.601735,5.458084,5.109712,2.552428,4.534476,3.531215,3.946255,6.005529,1.484494,5.173349,5.188568,6.095182,3.190373,5.986287,1.932573,3.46458,5.269717,5.20048,5.23459,1.591036,4.90688,4.779694,1.122999,5.130836,4.692844,2.591486,3.302614,3.739395,3.682975,0.969796,3.726042,1.463586,4.366935,1.968119,1.16155,3.661706,4.383403,6.107661,2.68013,3.527818,2.392159,4.33976,5.821222,5.97107,5.617117,6.540135,1.34908,1.495103,5.980172,3.886611,4.281326,6.404275,1.70606,1.731182,6.489693,0.710988,2.98924,2.367153,5.904266,2.406864,1.578352,4.880787,6.507775,1.756723,4.550916,7.156179,5.209586,5.099855,3.600808,3.614188,3.885357,4.849457,5.332739,5.501036,1.888165,5.451175,3.517315,0,1.508204,4.623595,3.883383,6.236842,0.818416,6.940218,4.981219,4.735561,1.702232,5.551812,2.469854,4.107581,1.925937,3.640471,5.203397,4.809829,5.216137,2.12643,1.012146,5.007638,4.851566,3.140463,1.052054,2.87576,6.673625,0.701043,1.583202,1.906393,3.78946,2.189667,3.091624,4.510567,5.032887,1.679785,4.184222,4.035356,5.111226,5.005632,5.185169,1.314881,5.368259,4.514788,5.964974,0.956904,5.223088,3.122816,4.058231,4.127885,4.698143,4.766644,4.78914,4.726139,6.467382,1.985233,3.328621,4.360093,4.98485,4.432676,5.283955,4.139465,2.257494,3.544968,5.361273,6.53693,6.451568,3.561624,2.903848,6.865539,5.381541,1.52918,4.560045,3.991775,1.774655,0.843087,4.574918,5.192354,6.22155,5.750472,5.615328,1.215046,5.758007,1.235172,0.99592,4.81061,3.822829,2.713315,4.454442,3.963885,5.278255,4.298429,4.085262,3.071805,4.142311,4.165081,3.805389,2.870188,5.715545,3.359927,3.670835,6.94541,3.472561,3.241465,3.996403,6.799005,2.501684,4.949988,2.064776,1.622863,3.187802,3.044868,5.969435,1.477624,6.575247,4.585219,5.486357,5.818789,5.819051,5.932646,3.477728,4.863076,2.460568,1.754958,4.226479,6.678498,3.012643,2.149732
1.933738,1.459592,4.432311,2.251608,2.96387,3.432122,1.441954,3.989607,2.113613,5.795082,2.600976,4.848238,4.624821,1.290198,4.024327,2.53683,3.082433,3.861782,3.663209,3.29242,1.995848,1.043754,4.571636,2.42835,4.703298,4.027796,6.629425,3.503463,2.367456,7.157531,4.079017,6.708398,3.731077,2.808376,6.055788,2.993445,6.901396,6.218727,2.708052,2.747141,3.019933,2.167369,4.256421,2.427472,4.36382,3.076477,5.580656,5.426419,0.970898,4.653018,6.695905,2.498734,1.736588,3.122969,3.792313,1.881593,6.78774,2.976529,4.169412,5.487208,5.447228,1.012713,3.446751,4.692917,1.243166,2.176533,4.146785,2.862729,6.549788,3.935737,0.98174,1.363055,6.724959,1.842035,4.461553,0.746517,5.256149,4.740971,3.267285,4.03503,4.960643,3.313434,1.199361,5.01968,4.158093,0.773049,6.622474,5.174925,4.464096,2.273849,1.897831,3.474255,2.686401,5.569563,0.931898,4.509241,1.363815,1.226226,5.44045,5.23089,4.882518,3.961995,4.307282,4.940782,3.797474,5.458961,2.894061,4.610773,5.039787,5.867988,4.59994,5.759093,1.776942,2.047834,5.108432,5.049404,4.688022,0.17429,4.679686,4.630913,1.157004,4.969551,4.544063,2.382593,1.885868,2.322649,5.092542,2.379223,3.498848,1.641289,4.20565,3.377686,2.283777,3.434512,4.222118,5.880467,2.452936,3.366533,2.201194,5.749327,5.659937,5.424502,5.389923,5.993567,2.758647,2.320804,5.752978,5.296178,4.054132,6.177081,0.289314,1.541363,6.262499,2.120555,2.442672,3.48938,5.165985,1.860296,2.700579,6.290354,6.280581,2.87895,5.960483,6.928985,4.663018,4.553287,3.439523,4.736415,5.294924,4.688172,6.742306,6.910603,1.006733,5.28989,2.893851,1.508204,0,4.077027,3.064647,6.009648,2.227843,6.39365,4.754025,4.574276,1.531142,5.390527,2.308569,3.880387,0.905214,4.762698,6.612964,4.242569,4.988943,0.709684,1.195801,4.858857,4.624372,2.98922,0.485928,4.285327,6.127057,2.103506,1.343083,3.02862,5.199027,0.772921,2.86443,4.283373,4.805693,0.640978,4.035441,3.808162,6.520793,4.778438,4.957975,2.724448,5.141065,4.287594,5.73778,2.079131,6.632655,2.961531,3.831037,2.711139,4.470949,4.220076,4.561946,4.163563,6.240188,1.364315,3.177378,4.132899,4.438282,3.886108,4.461275,3.592897,2.017968,2.128222,4.814705,6.309736,6.224374,2.144878,2.755067,6.318971,5.154347,2.651407,4.411264,2.575029,3.184222,1.965314,4.413633,6.601921,5.674982,5.523278,5.06876,0.804711,5.211439,1.111037,2.118147,4.661829,2.989962,3.835542,4.227248,3.736691,4.646665,4.071235,3.936481,2.606395,3.99353,3.494897,3.258821,2.32362,5.488351,4.769494,2.857373,6.718216,2.055815,2.694897,2.579657,6.252437,3.911251,4.5218,1.893686,0.716006,1.771056,2.883583,5.422867,1.25198,6.348053,4.358025,6.895924,5.591595,5.08077,5.386078,2.93116,4.658922,2.289478,3.164525,3.999285,6.451304,2.820515,1.933738
3.010105,3.449365,2.182374,1.826129,5.740302,6.208554,3.718424,4.942316,5.7491,5.245815,1.62796,2.598301,0.956092,3.566668,4.977036,5.095551,1.308341,2.756382,6.7786,1.727765,4.468405,3.602787,3.636053,4.987071,4.679114,0.546367,2.655516,4.456172,5.143888,9.933963,2.251461,3.002679,2.326816,2.053635,5.120205,3.832639,9.677828,5.66946,4.820987,4.168861,5.796365,2.710486,6.847775,6.006521,5.316529,5.986759,5.556472,4.490836,4.080085,5.605727,2.721996,6.077783,4.494932,1.634297,6.568745,3.990755,5.852157,3.218475,2.584041,4.551625,4.511645,3.144251,6.038105,7.808308,4.463022,4.422369,7.262176,5.97812,8.670079,1.721635,4.263603,3.442051,5.789376,2.914848,7.576944,4.609427,1.28224,5.69368,2.456204,2.989839,5.913352,6.089866,4.314752,7.150487,4.524336,4.321478,5.686891,4.239342,3.528513,5.021609,4.174301,6.589646,4.595074,2.205878,3.797466,0.840512,5.024654,4.828683,5.416266,2.339485,3.946935,6.553349,1.548824,7.001369,4.750183,1.790232,5.670493,1.021107,5.992496,4.932405,7.191294,3.927103,3.91749,4.29367,5.084248,5.02522,0.714113,4.049566,3.744103,5.583622,3.895205,4.945367,5.496772,2.871102,4.162338,2.686488,7.683896,5.127248,2.094587,4.157329,4.181466,6.154118,5.399168,1.642243,3.755897,2.306546,2.521021,3.799393,3.128753,8.138647,5.635753,1.755773,2.452785,2.019658,5.557011,5.732721,4.817395,7.537765,2.08445,5.241498,3.923091,3.504703,5.326916,5.013091,1.845095,6.604771,3.28642,2.406457,5.81597,8.001114,5.344998,5.994341,8.736915,5.993402,0.585991,0.579378,3.872383,7.851806,7.367682,4.002623,9.284742,9.453039,3.35656,5.265706,2.027503,4.623595,4.077027,0,2.2672,5.074065,4.975868,2.419741,1.555759,4.742642,3.795024,5.366343,3.703092,2.944804,3.565035,7.878089,9.389396,0.982411,3.228401,4.572594,4.081639,5.811566,2.458368,3.819263,3.719761,7.061759,2.421338,4.846192,3.049982,6.144011,7.975459,4.635831,2.332261,3.34779,3.87011,3.533001,4.98815,2.872579,9.297225,2.946448,4.022392,5.50088,4.205482,3.352011,4.802197,5.194522,9.175091,3.402073,2.895454,3.885187,3.535366,0.343121,2.729956,0.887004,5.304605,2.826047,3.900704,2.650064,0.769553,0.349791,2.782653,0.774052,2.546536,3.139924,0.840796,5.374153,5.288791,4.390714,4.556808,2.345062,2.217209,5.766798,5.363973,3.749077,5.960654,5.080705,4.581999,9.378353,1.701073,3.691288,1.400031,3.430174,1.23753,3.684645,5.233538,5.614538,2.214517,6.950933,2.230326,2.009918,2.437591,1.00552,4.88919,1.837822,4.946239,1.609161,1.234922,1.825673,3.656361,7.360848,1.995942,5.782633,2.985433,1.678408,4.506967,2.278528,6.502605,1.152627,3.412764,3.441242,4.016892,3.564191,1.448958,3.349286,5.41247,3.422442,9.672356,2.27259,3.201205,1.412169,1.166776,3.801168,3.24085,5.755879,3.063702,5.515721,2.97974,3.010105
2.285939,1.708906,1.513193,1.276752,5.00009,5.468342,1.977965,4.220199,4.033993,5.791785,1.88255,1.92912,2.945046,1.826209,4.254919,4.355339,2.059332,0.801079,6.038388,2.428899,3.728193,2.862575,4.443711,4.246859,4.700001,2.172199,4.097452,3.734055,4.403676,9.193751,3.951092,4.449824,3.603152,2.308225,5.927863,3.110522,8.937616,6.21543,3.080528,3.446744,5.056153,0.970027,6.107563,4.347852,4.594412,5.246547,5.577359,5.298494,3.339873,4.88361,4.163932,4.419114,3.75472,0.961736,5.828533,3.250543,6.659815,2.973232,1.108709,5.359283,5.319303,2.404039,5.297893,7.068096,2.722563,2.68191,6.521964,5.237908,7.947962,1.126898,3.523391,1.701592,6.597034,2.190682,6.836732,3.003264,2.724176,4.971563,0.206582,0.974327,5.191235,5.349654,3.57454,6.42837,4.154796,2.581019,6.494549,5.047,4.336171,4.281397,2.433842,5.849434,3.872957,4.399444,3.057254,3.034078,3.284195,3.088224,5.437153,4.533051,4.754593,5.813137,3.74239,6.279252,4.028066,3.983798,4.930281,1.990235,5.270379,5.740063,6.451082,5.631168,3.177278,2.553211,5.105135,5.046107,2.150861,3.018887,4.551761,4.861505,3.154993,4.966254,4.774655,2.323462,2.421879,0.946029,6.943684,4.387036,3.370923,3.417117,4.202353,5.413906,4.383925,3.306587,4.218821,4.500112,2.325011,3.363236,2.406636,7.41653,5.65664,3.290031,4.646351,3.461594,4.816799,4.241184,5.625053,6.815648,3.926207,6.049156,2.808815,2.764491,6.134574,4.272879,1.177289,5.864559,2.105282,1.682291,5.075758,7.278997,6.152656,5.254129,7.996703,6.80106,2.467672,2.016126,3.436226,7.111594,6.645565,4.684875,8.562625,8.730922,2.616348,5.286593,0.385967,3.883383,3.064647,2.2672,0,5.881723,4.235656,3.861677,3.749325,4.570979,3.054812,5.38723,2.977173,3.752462,2.824823,7.137877,8.649184,1.702411,4.861018,2.950291,3.341427,5.089449,4.496447,3.105815,2.979549,6.321547,3.868483,4.10598,2.30977,5.403799,7.235247,3.006518,2.736505,4.155448,4.677768,2.792789,4.266033,3.680237,8.557013,4.650513,4.83005,4.760668,5.01314,4.159669,5.609855,4.45431,8.452974,2.958234,3.703112,2.144728,4.343024,2.048157,4.434021,1.623405,6.112263,2.085835,3.260529,4.004974,2.963119,2.176481,1.400572,1.772125,1.82237,1.399465,2.280839,6.181811,6.096449,2.650255,3.834691,3.786998,4.410775,5.026586,4.641856,2.008618,5.220442,4.340493,4.410336,8.638141,3.143009,5.395353,3.049417,2.689962,2.681598,2.944433,4.493326,4.892421,0.098365,6.210721,4.099323,3.608766,1.585962,3.181931,4.167073,2.092412,4.224122,0.733224,1.438049,1.634731,5.360426,6.620636,0.279739,6.590291,1.244974,0.985408,2.766508,3.720464,5.762393,3.346193,2.686845,2.70103,2.276433,2.924016,2.889001,2.609074,6.220128,4.2301,8.932144,4.466156,2.020067,2.856237,1.50015,4.530997,2.518733,5.015667,3.87136,6.323379,2.761384,2.285939
4.306456,7.019329,6.58357,4.778421,6.920379,7.388631,7.062816,3.490634,7.362347,0.576224,4.469733,6.999497,5.546873,6.91106,3.525354,5.777487,4.95119,6.682802,8.391847,5.161177,4.82726,5.606251,2.094463,5.669007,1.896594,5.28586,7.729581,3.813046,6.323965,8.504296,4.076327,7.63045,3.728387,4.339023,1.232235,3.764146,8.248161,0.999869,8.328914,4.103632,6.976442,6.28045,5.35094,7.619768,3.033196,7.166836,1.169748,1.152145,5.690118,3.255234,7.796061,7.69103,5.675009,5.322605,7.748822,4.580106,2.801376,3.441492,6.744923,1.500844,1.460864,5.0301,6.15329,9.421555,7.016045,7.797395,8.875423,7.386255,6.319586,6.086996,5.903706,6.983917,2.676567,4.305494,9.190191,6.568703,6.356305,3.343187,6.082606,6.85605,3.562859,6.99756,5.927999,4.799994,3.200076,6.393911,2.574082,1.188561,1.73752,5.934303,7.518693,8.202893,4.529845,5.566873,5.352773,5.050074,7.136694,6.999105,1.029542,5.2282,1.401452,6.064783,4.304592,4.650876,3.551526,5.982519,6.85057,6.095172,3.642003,1.881624,5.007421,5.001868,4.613653,7.668696,2.301728,2.26481,5.788178,6.008087,2.445414,2.98126,5.410937,2.162847,3.146279,3.912587,7.50673,6.256452,5.96328,6.307325,3.496158,5.069005,2.322631,7.164171,7.012415,3.431822,2.32273,5.877777,3.556712,3.017618,4.129733,5.788154,1.249029,6.346554,5.387233,7.093723,6.737088,7.345968,0.740186,5.187272,4.051442,1.545258,5.884693,4.699742,2.276135,6.413738,4.961352,8.218018,7.464798,4.291349,7.429217,5.650621,1.457028,7.607588,6.872098,2.896552,5.618864,5.653443,3.148298,9.465053,5.017189,1.856676,6.934249,7.102546,5.360313,2.483186,5.515177,6.236842,6.009648,5.074065,5.881723,0,6.155945,7.493806,4.751335,2.466599,4.915478,2.583823,4.178265,2.586205,5.558157,9.491336,7.959729,6.056476,4.986253,6.53187,5.450545,3.461073,4.621682,3.656984,5.619904,8.241836,7.049109,5.912647,4.667655,7.343277,8.119242,6.595107,3.733832,2.458685,1.455229,5.498748,4.171223,2.51398,6.977726,4.775748,1.319659,6.341334,0.952379,2.233199,1.742553,6.807769,6.824598,3.42262,2.536855,7.455151,1.657733,5.417186,4.559256,5.961069,1.550193,4.841578,3.737281,4.130209,5.262519,5.089284,6.957216,5.513545,4.190453,6.709888,5.914861,2.261344,1.400821,7.76574,4.488315,7.419127,5.151657,7.380045,3.01348,7.319041,7.140731,6.693952,2.305956,7.948686,6.775138,5.520588,5.990812,5.21086,6.311595,5.216726,6.846785,3.264045,5.827323,8.56418,4.224558,3.734001,6.838787,4.068545,4.072263,4.245976,4.460953,5.744088,5.311916,4.35405,4.769565,6.092283,5.669175,2.669824,6.555397,5.012484,8.076931,7.352593,5.686326,4.720104,4.50583,5.407028,7.391918,3.600892,6.523023,4.878056,2.361689,2.192869,8.242689,5.588905,7.379583,6.486234,4.910957,1.739718,4.1132,6.390894,2.110933,2.402912,3.633512,4.306456
2.090777,3.595977,5.375311,3.150449,0.953256,1.421508,3.578339,3.868665,2.121864,5.686644,3.499817,5.791238,5.523662,3.426583,3.903385,0.993704,3.981274,5.036735,3.151364,4.191261,1.526124,2.799632,4.717933,0.875267,4.59486,4.926637,7.528266,3.382521,0.356842,5.146917,4.630041,7.607239,4.282101,3.610619,6.202085,2.874965,4.890782,6.110289,4.844437,2.626199,1.009319,4.303754,2.245104,2.379285,4.242878,1.178099,5.472218,5.572716,1.278712,4.288868,7.594746,2.450547,0.506544,4.02181,1.781699,1.767321,6.934037,2.868091,5.344365,5.633505,5.593525,2.097898,1.435434,4.181072,3.379551,4.312918,3.63494,1.397518,4.539174,4.878737,1.570058,3.49944,6.871256,2.180824,3.949708,2.882902,6.15499,4.620029,4.436539,5.209983,4.839701,1.30282,1.283844,3.008363,4.049655,2.909434,6.768771,5.321222,4.610393,0.338344,4.034216,2.765769,2.565459,6.120587,1.466099,5.408082,3.052198,3.362611,5.332012,5.781914,4.937955,1.950678,4.858306,2.929465,3.676532,6.357802,0.883447,5.525622,4.918845,6.014285,2.588623,6.310117,1.667056,4.184219,4.999994,4.930757,5.586863,2.310675,4.825983,4.509971,1.215275,4.861113,4.423121,2.325969,4.022253,4.459034,3.081225,0.298062,4.049872,1.193863,4.097212,1.367072,1.771932,3.985536,4.11368,6.431491,3.00396,3.258095,2.126642,3.73801,5.551499,6.323343,5.940947,6.892408,0.748351,2.105485,5.899275,3.284861,4.605156,6.323378,2.425699,1.474906,6.408796,0.527705,3.341513,2.471602,6.256539,2.759137,1.682801,4.279037,6.426878,2.367105,3.949869,7.075282,5.561859,5.452128,3.331085,4.22457,3.283607,4.579734,4.731692,4.899989,2.605236,5.181452,3.869588,0.818416,2.227843,4.975868,4.235656,6.155945,0,7.292491,5.305049,4.465838,1.436715,5.282089,2.200131,4.026684,2.643008,4.250853,4.60235,5.162102,5.539967,2.846069,1.077663,4.737915,5.175396,2.87074,1.769125,2.274713,7.025898,0.357803,2.002504,1.35454,3.188413,2.909306,3.415454,4.42967,4.95199,2.396856,3.914499,3.954459,4.510179,5.329462,5.013412,0.713834,5.287362,4.408955,5.884077,1.756123,4.622041,2.853093,3.977334,4.847524,4.617246,5.118917,5.11297,5.078412,6.386485,2.413568,3.058898,4.683923,5.337123,4.784949,5.636228,4.491738,2.594774,4.264607,5.713546,6.456033,6.370671,4.281263,2.634125,7.217812,5.705371,1.625732,4.290322,4.711414,1.173608,1.642306,4.305195,4.591307,6.573823,6.074302,5.967601,1.823141,6.11028,1.51257,1.795139,4.540887,4.175102,3.323697,4.778272,4.287715,5.630528,4.622259,3.815539,3.409085,3.872588,4.517354,4.157662,3.222461,6.039375,2.758177,4.023108,6.864513,4.1922,3.593738,4.716042,7.151278,1.899934,5.273818,1.799259,2.339934,3.907441,2.775145,6.321708,1.755989,6.49435,4.504322,4.88531,6.142619,6.171324,6.284919,3.830001,4.593353,2.195051,1.153208,4.145582,6.597601,2.747126,2.090777
5.326728,5.046094,3.760092,4.142752,8.056925,8.525177,5.315153,7.258939,7.371181,7.665556,3.982685,4.176019,2.823044,5.163397,7.293659,7.412174,3.728082,4.3341,9.095223,4.147506,6.785028,5.91941,6.055794,7.303694,7.098855,2.49364,0.783834,6.772795,7.460511,12.250586,4.254118,3.339718,4.746557,4.40836,7.539946,6.149262,11.994451,8.089201,6.417716,6.485484,8.112988,4.307215,9.164398,7.68504,7.633152,8.303382,7.976213,6.910577,6.396708,7.92235,0.790646,7.756302,6.811555,3.350376,8.885368,6.307378,7.570585,5.5732,4.161759,6.971366,6.931386,5.460874,8.354728,10.124931,6.059751,6.019098,9.578799,8.294743,10.986702,3.299353,6.580226,5.03878,8.209117,5.231471,9.893567,6.340452,1.137501,8.010303,4.043449,4.567557,8.229975,8.406489,6.631375,9.46711,6.879061,5.918207,8.106632,6.659083,5.948254,7.338232,5.77103,8.906269,6.911697,3.349362,6.114089,2.857293,6.621383,6.425412,7.836007,3.482969,6.366676,8.869972,3.551481,9.317992,7.066806,2.933716,7.987116,2.562917,8.309119,7.352146,9.507917,5.123918,6.234113,5.890399,7.503989,7.444961,1.991924,6.356075,6.163844,7.900245,6.211828,7.365108,7.813395,5.225002,5.759067,4.283217,10.000519,7.443871,4.514328,6.473952,6.601207,8.470741,7.715791,4.061984,6.175638,3.45003,4.875746,6.154118,5.445376,10.45527,8.055494,2.179925,3.596269,0.450716,7.873634,7.578372,7.237136,9.854388,4.087107,7.661239,6.146003,5.821326,7.746657,7.329714,4.158524,8.921394,4.313926,4.72308,8.132593,10.317737,7.764739,8.310964,11.053538,8.103668,2.325675,1.857189,6.227108,10.168429,9.684305,6.422364,11.601365,11.769662,5.673183,7.685447,3.643398,6.940218,6.39365,2.419741,3.861677,7.493806,7.292491,0,3.558416,7.162383,6.111647,7.786084,6.019715,5.364545,5.881658,10.194712,11.706019,2.560129,4.425216,6.287479,6.398262,8.128189,3.601852,6.144555,6.036384,9.378382,2.758377,7.162815,5.366605,8.460634,10.292082,6.343706,4.752002,5.767531,6.289851,5.849624,7.304773,5.29232,11.613848,4.143263,6.442133,7.817503,6.625223,5.771752,7.221938,7.511145,11.491714,5.756798,5.315195,5.481916,5.955107,2.274684,4.215133,2.464722,7.724346,5.14267,6.254604,4.652721,2.786334,2.545644,4.360371,2.800753,4.863159,4.736653,1.638635,7.793894,7.708532,5.987443,6.873431,0.428718,3.360693,8.083421,7.680596,5.345806,8.277277,7.397328,7.00174,11.694976,0.718668,4.888103,1.939311,5.746797,1.284763,6.001268,7.550161,7.931161,3.808994,9.267556,3.998976,4.429659,4.015309,3.425261,7.205813,4.192547,7.262862,3.188182,3.261623,4.179573,4.853176,9.677471,3.582953,8.202374,4.582162,3.800367,6.103696,1.164827,8.819228,3.155284,5.729387,5.757865,5.613621,5.918091,1.638009,5.665909,7.832211,5.842183,11.988979,3.416074,4.152067,1.23119,3.521501,6.220909,5.557473,8.072502,5.483443,7.935462,5.334465,5.326728
3.223591,4.9136,3.669533,2.713783,6.069483,6.537735,5.182659,4.892218,6.106724,4.923085,2.411708,4.08546,1.34395,5.030903,4.926938,5.260604,2.053891,4.243541,7.136224,2.473315,4.633458,4.350628,3.313323,5.152124,4.356384,1.76942,3.794191,4.406074,5.473069,10.263144,1.14938,3.425441,1.673831,2.837383,4.797475,3.782541,10.007009,5.34673,6.285222,4.122027,6.125546,4.174721,7.012828,6.364145,5.266431,6.31594,5.233742,4.168106,4.434495,5.555629,3.860671,6.435407,4.824113,2.85735,6.897926,4.155808,5.271689,2.973433,4.0712,4.228895,4.188915,3.774477,6.203158,8.165932,5.760422,5.886604,7.6198,6.335744,8.619981,3.208794,4.648083,4.906286,5.466646,3.131586,7.934568,5.31308,2.518171,5.643582,3.938329,4.476998,5.863254,6.419047,4.672376,7.100389,4.27223,5.138288,5.364161,3.916612,3.205783,5.35079,5.638536,6.94727,4.54824,2.304841,4.151045,0.752417,5.881071,5.743482,5.093536,1.966168,3.624205,6.718402,0.446743,6.951271,4.700085,2.176004,5.999674,2.510233,5.942398,4.609675,7.307816,2.825022,4.09677,5.757905,4.761518,4.70249,1.950044,4.752464,3.421373,5.41894,4.237029,4.622637,5.446674,2.984145,5.626573,4.150723,7.848949,5.456429,1.520565,4.48651,3.858736,6.483299,5.756792,1.706204,3.433167,2.615745,2.301089,3.549253,3.278837,8.088549,5.313023,2.141545,2.125201,3.158333,5.886192,6.090345,4.494665,7.487667,0.982369,4.918768,4.62907,3.836428,5.004186,5.356453,2.812339,6.962395,4.773579,3.035726,6.173594,7.951016,5.022268,6.351965,9.066096,5.670672,1.415941,1.815309,3.622243,8.20943,7.317584,3.679893,9.234644,9.402941,4.10469,4.942976,3.390144,4.981219,4.754025,1.555759,3.749325,4.751335,5.305049,3.558416,0,4.419912,4.122416,5.043613,3.782611,2.622074,4.302534,8.235713,9.718577,2.492885,2.12632,5.276247,4.423463,5.761468,1.35965,3.675379,4.364281,7.39094,2.8441,5.175373,3.412032,6.492381,8.30464,5.339484,2.009531,3.02506,3.54738,4.243125,4.938052,2.549849,9.278121,1.844367,3.699662,5.824451,3.882752,3.029281,4.479467,5.552146,9.124993,3.157031,2.572724,5.349422,3.212636,1.853595,1.627875,2.397478,4.981875,3.585955,3.755676,1.547983,0.964862,1.572844,4.269812,1.997105,2.93483,4.604159,2.076727,5.051423,4.966061,5.854949,4.50671,3.483737,1.889625,6.124422,5.313875,5.213312,6.289835,5.438329,4.259269,9.707534,2.839748,2.589207,1.785803,3.955237,2.374961,4.034468,5.591162,5.56444,3.696642,7.308557,1.128245,1.554825,3.92475,1.575888,4.839092,2.62157,4.896141,3.091286,2.457975,2.622573,2.55428,7.525901,3.478067,5.459903,4.449668,2.822808,5.971202,3.419603,6.667658,0.422447,3.694832,4.151405,5.481127,3.483642,2.684889,3.693495,5.08974,3.099712,10.001537,2.326873,4.688364,2.5496,2.314237,3.478438,3.382409,5.920932,2.740972,5.192991,2.932794,3.223591
2.703103,5.645082,5.322059,3.467677,5.230272,5.698524,5.627444,2.370521,5.925408,1.890375,3.208222,5.737986,5.21545,5.475688,2.405241,3.980457,3.689679,5.372058,6.954908,3.899666,3.03023,4.251019,2.758869,3.871977,0.798591,4.81938,7.398158,2.590649,4.620018,7.384183,3.744904,7.299027,3.396964,3.077512,2.996233,1.967116,7.128048,2.31402,6.893542,2.306602,5.286335,4.969706,4.230827,6.182829,1.913083,5.476729,1.675949,3.21427,4.079279,2.135121,7.464638,6.254091,3.984922,4.061094,6.058715,2.783076,4.863501,1.644462,5.483412,3.562969,3.522989,3.672136,4.923011,7.984616,5.580673,6.362023,7.438484,5.696148,5.199473,4.825485,4.466767,5.548545,4.515738,2.80954,7.753252,5.133331,6.024882,2.223074,4.771862,5.545306,2.442746,5.579836,4.49106,3.679881,1.403046,4.958539,4.513987,3.250686,2.502525,4.137273,6.083321,6.765954,2.732815,5.23545,3.790702,4.718651,5.701322,5.563733,1.535743,4.896777,2.268522,4.94467,3.973169,3.530763,2.431413,5.651096,5.160463,5.440417,2.52189,3.943749,3.887308,5.42498,2.816623,6.233324,1.203725,1.144697,5.456755,4.572715,2.866919,1.861147,3.831895,1.064844,2.026166,2.315004,6.071358,4.945708,4.843167,4.617218,3.164735,3.271975,0.757308,5.644088,5.575476,3.100399,1.340908,5.546354,2.375912,1.220588,2.422103,4.668041,1.75523,6.015131,5.05581,6.7623,5.046981,5.909029,2.802311,4.067159,3.720019,3.291784,4.449321,3.086834,4.33826,4.723651,3.676358,6.770232,6.203287,2.980605,5.981431,4.530508,3.203554,6.170649,5.751985,4.915193,5.287441,5.32202,1.351268,8.028114,3.897076,1.806962,5.814136,5.982433,4.005081,1.385183,4.204433,4.735561,4.574276,4.742642,4.570979,2.466599,4.465838,7.162383,4.419912,0,3.118448,1.48582,2.381235,2.698213,4.202925,8.054397,6.839616,5.076897,4.65483,5.096498,3.769054,2.34096,4.290259,1.859954,4.184532,6.551729,6.717686,4.115617,3.308838,5.65317,6.999129,5.159735,2.7314,2.570693,2.963156,4.138038,3.05111,2.625988,5.857613,4.444325,2.343979,4.544304,3.014504,2.01677,3.77829,5.37083,5.704485,1.62559,2.648863,6.144407,2.509378,4.997373,4.227833,4.993207,3.296719,3.486346,1.940251,3.798786,4.931096,4.625303,5.695705,4.384481,2.879709,5.399144,5.583438,4.279985,3.147347,6.330368,2.691285,7.087704,4.820234,5.924362,1.893367,6.008297,5.450624,5.257013,0.413275,6.828573,6.443715,5.189165,5.659389,3.775488,5.980172,3.654655,5.409846,2.143932,4.516579,7.127241,3.893135,3.402578,5.577276,3.737122,2.95215,2.984465,3.080716,4.482577,4.050405,3.092539,5.154238,4.97217,4.358431,4.451555,5.244653,3.750973,6.765147,7.02117,4.566213,4.388681,2.7088,4.049064,5.956546,1.803862,6.1916,3.3845,4.423814,2.357344,7.122576,5.257482,6.118072,6.154811,3.649446,1.938256,2.31617,4.640785,2.194303,4.421553,1.836482,2.703103
0.909766,2.601948,4.194467,1.969605,2.201149,2.669401,2.58431,2.550071,2.882274,4.339254,2.318973,4.610394,4.342818,2.432554,2.584791,1.528654,2.80043,3.855891,3.911774,3.010417,0.901508,1.724698,3.530615,1.420174,3.24747,3.745793,6.347422,2.063927,1.604735,6.39481,3.447408,6.426395,3.099468,2.427986,5.014767,1.537617,6.138675,4.762899,3.850408,1.307605,2.257212,3.309725,3.280878,3.139695,2.924284,2.447606,4.124828,4.385398,1.04154,3.213482,6.413902,3.210957,0.955779,2.840966,3.029592,0.442057,5.746719,1.520701,4.163521,4.446187,4.406207,0.981537,2.471208,4.941482,2.537539,3.318889,4.39535,2.667025,5.621778,3.697893,1.423633,2.505411,5.683938,0.999813,4.710118,2.090197,4.974146,3.301435,3.255695,4.029139,3.521107,2.550713,1.447926,4.044137,2.702265,1.915405,5.581453,4.133904,3.423075,1.482456,3.040187,3.72282,1.246865,4.937954,0.747568,4.227238,2.658188,2.520599,3.984622,4.599281,3.590565,2.986452,3.675673,3.965239,2.357938,5.176958,2.13134,4.344778,3.600251,4.826967,3.624397,5.127484,0.337436,3.19019,3.652604,3.593576,4.406019,1.529581,3.638665,3.191377,0.788761,3.513723,3.104527,1.139291,3.028224,3.418985,4.116999,1.588095,2.867239,0.561545,2.749822,2.614965,2.532342,2.802903,2.76629,5.248858,1.821327,1.910705,0.850713,4.773784,4.204109,5.142499,4.758314,5.711564,2.017858,2.865895,4.711957,4.320635,3.422523,5.13606,1.406187,0.302805,5.221478,1.694508,2.160669,3.737945,5.075695,1.578293,2.949144,5.314811,5.23956,3.127515,5.197762,5.887964,4.381015,4.271284,1.983695,4.98498,4.319381,3.232344,5.979585,6.147882,1.525252,3.834062,2.688744,1.702232,1.531142,3.795024,3.054812,4.915478,1.436715,6.111647,4.122416,3.118448,0,3.934699,0.852741,2.839366,1.567909,5.011263,5.850243,3.981258,4.357334,2.053364,0.731315,3.419321,3.992763,1.533392,1.141398,3.522606,5.845054,1.307039,0.82166,2.624047,4.436306,2.116601,2.232821,3.242352,3.764672,1.322395,2.595905,2.767141,5.758072,4.146829,3.666022,1.961727,4.100044,3.108407,4.696759,2.327696,5.869934,1.505703,2.790016,3.853495,3.429928,3.938073,3.930337,3.897568,5.199167,1.232724,1.72155,3.50129,4.156279,3.604105,4.455384,3.310894,1.413763,3.270578,4.532702,5.268715,5.183353,3.287234,1.315531,6.036968,4.522738,2.895239,2.971728,3.717385,2.421501,2.213879,2.957805,5.8392,5.392979,4.891669,4.786757,0.732354,4.929436,0.611521,2.366712,3.222293,2.994258,4.084107,3.595639,3.105082,4.449684,3.439626,2.496945,2.228074,2.553994,3.33651,2.976818,2.041617,4.856742,3.793951,2.842264,5.677195,3.198171,2.412894,3.722013,5.970434,2.935708,4.091185,0.447174,1.261377,2.913412,1.427755,5.140864,0.639628,5.307032,3.317004,6.133203,4.959986,4.99048,5.104075,2.649157,3.245963,0.842966,2.188982,2.958264,5.410283,1.449636,0.909766
3.519354,6.461333,6.137885,4.283928,6.046523,6.514775,6.443695,2.509855,6.741659,2.007599,4.024048,6.553812,5.839151,6.291939,2.544575,4.796708,4.505505,6.188309,7.771159,4.715492,3.846481,5.06727,3.380323,4.688228,0.687229,5.578138,8.021859,2.832267,5.436269,7.523517,4.368605,7.922728,4.020665,3.893338,2.739215,2.783367,7.267382,2.22824,7.709793,3.122853,6.102586,5.785957,4.370161,6.99908,2.052417,6.29298,1.793173,3.331494,4.89553,2.274455,8.088339,7.070342,4.801173,4.87692,6.874966,3.599327,4.980725,2.460713,6.299238,3.680193,3.640213,4.488387,5.172511,8.800867,6.396924,7.178274,8.254735,6.512399,5.338807,5.641311,5.283018,6.364796,4.25872,3.625791,8.569503,5.949582,6.648583,2.362408,5.588113,6.361557,2.58208,6.016781,5.307311,3.819215,2.219297,5.77479,4.256969,3.36791,3.123979,4.953524,6.899572,7.582205,3.549066,5.859151,4.606953,5.342352,6.517573,6.379984,1.652967,5.520478,2.853066,5.084004,4.59687,3.670097,2.570747,6.274797,5.976714,6.256243,2.661224,4.060973,4.026642,6.048681,3.632874,7.049575,0.336003,1.284031,6.080456,5.388966,3.488373,2.000481,4.648146,0.611804,2.1655,3.131255,6.887609,5.761959,4.982501,5.433469,3.788436,4.088226,1.341852,6.183392,6.391727,3.7241,1.925452,6.170055,3.111027,2.036839,3.238354,4.807375,1.872454,6.638832,5.679511,7.386001,5.863232,6.72528,2.919535,4.206493,4.34372,3.034766,5.265572,3.903085,4.455484,5.539902,4.492609,7.586483,7.019113,3.796856,6.797682,4.669842,2.946536,6.9869,5.891319,4.658175,5.911142,5.945721,2.167519,8.844365,4.03641,2.391506,5.95347,6.121767,4.821332,0.773503,5.020684,5.551812,5.390527,5.366343,5.38723,2.583823,5.282089,7.786084,5.043613,1.48582,3.934699,0,3.197486,3.319667,5.019176,8.870648,6.97895,5.892723,5.278531,5.912749,4.585305,2.480294,4.91396,2.676205,5.000783,7.36798,7.341387,4.931868,4.125089,6.469421,7.138463,5.975986,3.466515,3.192147,3.58461,4.954289,3.190444,3.247442,5.996947,5.068026,2.928523,5.360555,3.131728,2.638224,3.521272,6.187081,5.843819,2.441841,3.270317,6.960658,3.130832,5.709464,4.851534,5.809033,3.039701,4.302597,2.756502,4.422487,5.554797,5.381562,6.511531,5.200307,3.69596,6.215395,6.207139,4.022967,2.890329,7.146619,3.507536,7.711405,5.443935,6.740613,2.032701,6.824548,6.266875,6.073264,1.325177,6.967907,7.067416,5.812866,6.28309,4.591739,6.603873,4.470906,6.226097,2.283266,5.33283,7.943492,4.516836,4.026279,6.393102,4.360823,3.091484,3.800291,3.480174,5.298403,4.866231,3.908365,5.777939,5.111504,5.174682,4.194537,6.060904,4.566799,7.581398,7.644871,4.705547,5.012382,3.525051,4.865315,6.772797,2.620113,6.815301,4.200751,4.382994,2.978798,7.26191,5.881183,6.933898,6.778512,4.465272,2.5228,3.132421,5.410115,2.815757,4.164535,2.652733,3.519354
0.7305,3.379375,4.102535,1.877673,2.964565,3.432817,3.361737,1.822181,3.659701,3.602041,2.227041,4.518462,4.250886,3.209981,1.856901,1.71475,2.708498,3.778252,4.689201,2.918485,1.087604,2.127954,2.971358,1.60627,2.510257,3.653861,6.25549,1.336037,2.354311,7.158226,3.107603,6.334463,2.759663,2.240926,4.45551,0.712504,6.902091,4.025686,4.627835,0.609939,3.020628,3.365344,3.466974,3.917122,2.196394,3.211022,3.387615,3.826141,1.813572,2.485592,6.32197,3.988384,1.719215,2.749034,3.793008,0.609954,5.187462,0.904717,4.085882,3.88693,3.84695,1.493673,2.657304,5.718909,3.314966,4.096316,5.172777,3.430441,5.549944,3.605961,2.20106,3.282838,5.124681,0.820547,5.487545,2.867624,4.882214,2.573545,3.178056,3.9515,2.793217,3.314129,2.225353,4.030352,1.952207,2.692832,5.022196,3.574647,2.863818,1.871566,3.817614,4.500247,0.972869,4.598149,1.524995,4.08135,3.435615,3.298026,3.247409,4.259476,2.952264,3.172548,3.335868,3.881234,1.630048,5.013795,2.894756,4.252846,2.872361,4.26771,3.810493,4.787679,0.550916,3.967617,2.915391,2.856363,4.314087,2.307008,3.079408,2.463487,1.566188,2.77651,2.376637,0.948545,3.805651,3.341346,4.303095,2.351511,2.527434,1.006268,2.012609,3.378381,3.309769,2.463098,2.12617,4.909053,1.631601,1.160647,0.659967,4.95988,3.466896,5.050567,4.418509,5.619632,2.781274,3.643322,4.098766,4.41763,3.082718,4.576803,2.183614,0.864941,4.662221,2.457944,2.08303,4.504525,4.983763,1.406288,3.715724,4.880979,4.680303,3.904942,5.961178,5.328707,4.289083,4.179352,1.233637,5.762407,4.247547,2.592224,6.164607,6.332904,1.882016,3.096849,2.611105,2.469854,2.308569,3.703092,2.977173,4.178265,2.200131,6.019715,3.782611,2.381235,0.852741,3.197486,0,2.280109,2.07986,5.78869,6.613659,3.889326,4.017529,2.830791,1.503347,2.691431,3.652958,0.708279,1.918825,4.286022,5.753122,1.84991,1.130708,3.387463,5.199722,2.894028,2.043095,2.683095,3.205415,1.959575,1.868015,2.207884,6.208084,3.807024,3.027721,2.278597,3.540787,2.476304,4.137502,3.105123,6.054956,0.889719,2.230759,4.540045,2.870671,3.846141,3.590532,3.805636,4.63991,1.452497,0.896437,3.161485,4.064347,3.512173,4.377745,3.218962,1.234497,3.794782,4.44077,4.709458,4.624096,4.064661,1.041535,5.945036,4.182933,3.658655,2.243838,4.403935,3.184917,2.991306,2.220592,6.602616,5.301047,4.551864,4.694825,1.509781,4.837504,1.388948,3.144139,2.494403,2.916619,4.861534,3.255834,2.765277,4.357752,3.099821,1.769055,2.048619,1.826104,3.244578,2.884886,1.949685,4.516937,3.980047,2.764625,5.117938,3.640291,2.328769,4.49944,5.878502,3.121804,3.75138,0.459185,1.870601,3.690839,0.584427,5.048932,1.18694,4.747775,2.757747,6.896619,4.620181,4.898548,5.012143,2.557225,2.607662,0.55148,2.375078,2.399007,4.851026,1.021883,0.7305
2.177195,4.890068,4.454309,2.64916,4.791118,5.25937,4.933555,3.216272,5.233086,2.757955,2.340472,4.870236,3.417612,4.781799,3.250992,3.758102,2.821929,4.553541,6.262586,3.031916,3.130956,3.47699,1.148193,3.649622,2.632438,3.156599,5.60032,2.730128,4.194704,8.984779,1.947066,5.501189,1.599126,2.209762,2.632345,2.106595,8.728644,3.1816,6.199653,2.446081,4.847181,4.151189,5.510326,5.490507,3.590485,5.037575,3.351479,2.002976,3.560857,3.879683,5.6668,5.561769,3.545748,3.193344,5.619561,2.653306,3.364297,1.470931,4.615662,2.063765,2.023785,2.900839,4.700656,7.292294,4.886784,5.668134,6.746162,5.256994,6.944035,3.957735,3.774445,4.854656,3.301516,2.176233,7.06093,4.439442,4.227044,3.967636,3.953345,4.726789,4.187308,5.140682,3.798738,5.424443,2.550531,4.26465,3.199031,1.751482,1.040653,3.914918,5.389432,6.073632,2.872294,3.437612,3.223512,2.920813,5.007433,4.869844,3.211273,3.098939,1.459075,5.2159,2.175331,5.275325,3.024139,3.853258,4.721309,3.965911,4.266452,2.444545,5.63187,3.627142,2.594268,5.539435,3.037572,2.978544,3.658917,3.878826,1.256243,3.694994,3.281676,2.898691,3.770728,1.783326,5.377469,4.127191,6.346447,4.178064,1.366897,3.04962,2.13479,5.204934,4.883154,1.302561,1.627834,3.748516,1.427451,1.872225,2.000472,6.412603,3.43076,4.217293,3.257972,4.964462,4.607827,5.216707,2.329535,5.811721,1.922181,2.753638,3.755432,2.570481,2.839056,4.284477,2.832091,6.088757,5.335537,2.162088,5.299956,6.27507,2.857138,5.478327,7.496547,3.505542,3.489603,3.524182,1.945215,7.335792,5.641638,1.514763,7.558698,7.726995,3.231052,3.21903,3.385916,4.107581,3.880387,2.944804,3.752462,2.586205,4.026684,5.364545,2.622074,2.698213,2.839366,3.319667,2.280109,0,3.428896,7.362075,8.440212,3.927215,2.856992,4.402609,3.321284,4.085522,2.492421,1.999433,3.490643,6.112575,4.919848,3.893262,2.538394,5.214016,7.026275,4.465846,1.604571,0.402986,1.38225,3.369487,3.262106,0.072225,7.602175,2.646487,1.534532,4.321949,1.717622,0.864151,2.314337,4.678508,7.449047,1.654529,0.407594,5.32589,1.047506,3.287925,2.429995,3.831808,2.816745,2.712317,2.07973,2.000948,3.133258,2.960023,4.827955,3.384284,2.061192,4.580627,3.7856,2.886293,2.800931,5.636479,2.830764,5.289866,3.022396,5.250784,3.637929,5.18978,5.01147,4.564691,2.53757,8.429169,4.645877,3.391327,3.861551,3.081599,4.182334,3.087465,4.717524,3.888494,3.698062,6.434919,2.095297,1.60474,4.709526,1.939284,3.163146,2.116715,3.220195,3.614827,3.182655,2.224789,3.3564,6.023399,3.539914,3.294773,4.426136,2.883223,5.94767,5.223332,5.165156,2.590843,2.410762,3.277767,5.262657,1.943341,4.393762,2.748795,2.92461,0.934582,8.723172,3.459644,5.250322,4.356973,2.781696,1.313308,2.093815,4.41843,0.575842,3.027861,1.537807,2.177195
1.535435,1.935846,3.964478,1.739616,3.379035,3.847287,1.918208,3.846363,2.741884,5.423731,2.088984,4.380405,4.112829,1.766452,3.881083,2.948537,2.570441,3.625902,4.080942,2.780428,2.391976,0.4709,4.120145,2.840057,4.331947,3.515804,6.117433,3.360219,2.782621,7.572696,3.627526,6.196406,3.279586,2.296384,5.604297,2.736686,7.316561,5.847376,3.184306,2.689799,3.435098,2.643623,4.671586,3.055743,4.220576,3.49421,5.209305,4.974928,1.388631,4.509774,6.183913,3.127005,2.148295,2.610977,4.207478,1.932614,6.336249,2.605178,3.933532,5.035717,4.995737,0.68504,3.861916,5.11065,1.871437,2.652787,4.564518,3.280462,6.964953,3.467904,1.402769,1.839309,6.273468,1.426474,4.879286,1.426816,4.744157,4.597727,3.025706,3.79915,4.817399,3.728599,1.617094,5.434845,3.786742,1.249303,6.170983,4.723434,4.012605,2.689014,2.374085,3.891988,2.737422,5.118072,1.300067,3.997249,1.992086,1.854497,5.069099,4.779399,4.431027,4.37716,3.855791,5.355947,3.65423,4.946969,3.309226,4.114789,4.896543,5.416497,5.015105,5.307602,1.827963,2.524088,4.737081,4.678053,4.17603,0.866955,4.228195,4.487669,1.481085,4.5982,4.400819,1.955408,2.362122,2.798903,5.507707,2.794388,3.047357,1.913482,3.834299,3.792851,2.70151,2.983021,3.850767,5.428976,2.001445,2.995182,1.828382,6.164492,5.288586,4.91251,4.938432,5.481575,3.173812,2.949075,5.301487,5.711343,3.602641,5.72559,0.732086,1.48141,5.811008,2.53572,1.93068,3.907113,4.845706,1.348304,3.118312,6.705519,5.82909,3.296683,6.375648,6.477494,4.151026,4.041295,3.068172,5.154148,5.710089,4.316821,7.157471,7.325768,0.367137,4.918539,2.458755,1.925937,0.905214,3.565035,2.824823,5.558157,2.643008,5.881658,4.302534,4.202925,1.567909,5.019176,2.07986,3.428896,0,5.180431,7.028129,3.751269,4.537452,1.389983,1.60781,4.715613,4.172881,2.732461,0.873883,4.700492,5.615065,2.515213,1.025365,3.446353,5.614192,1.45322,2.412939,3.831882,4.354202,0.284559,3.892197,3.356671,6.935958,4.326947,4.506484,3.139613,4.689574,3.836103,5.286289,2.496864,7.04782,2.59018,3.379546,3.187393,4.019458,3.708084,4.110455,3.667579,5.788697,0.738988,2.892475,3.681408,3.92629,3.374116,4.225395,3.080905,1.51791,2.604476,4.302713,5.858245,5.772883,2.621132,2.806088,5.806979,4.702856,3.06914,4.26802,3.051283,3.599387,2.383047,4.042282,7.017086,5.16299,5.071787,4.556768,0.865329,4.699447,1.191904,2.53588,4.518585,2.764269,4.253275,3.775757,3.2852,4.219695,3.619744,3.793237,2.094403,3.850286,3.106521,2.746829,1.811628,5.03686,5.184659,2.612275,6.266725,2.532069,2.182905,3.055911,5.740445,4.326416,4.009808,1.622881,0.308112,2.24731,2.555962,4.910875,1.288747,5.896562,3.906534,7.311089,5.140104,4.760491,4.874086,2.419168,4.207431,1.94646,3.57969,3.547794,5.999813,2.39333,1.535435
5.413876,5.578274,8.277532,6.05267,3.809038,3.785706,5.560636,7.469249,3.149336,9.275203,6.402038,8.693459,8.425883,5.40888,7.503969,4.909141,6.883495,7.938956,1.206692,7.093482,5.315603,5.337055,8.053324,4.790704,8.183419,7.828858,10.430487,6.983105,3.951004,5.709238,7.560705,10.50946,7.212765,6.52828,9.537476,6.473566,5.453103,9.698848,6.826734,6.226783,3.866167,6.286051,5.515651,3.406757,7.843462,3.656083,9.060777,8.908107,4.179404,7.559415,10.496967,3.478019,4.400459,6.924031,2.713363,5.361235,10.269428,6.45665,8.246586,8.968896,8.928916,4.759745,4.705981,1.784531,4.642927,6.295215,1.238399,3.442335,5.101495,7.780958,3.86952,5.481737,10.206647,5.322173,1.553167,4.777658,9.057211,8.176782,7.33876,8.112204,8.396454,4.175462,3.635545,6.27891,7.638214,4.671174,10.104162,8.656613,7.945784,4.421989,6.016513,1.984859,6.166043,9.051251,4.37579,8.310303,4.07967,4.625987,8.920571,8.712578,8.364206,4.994409,7.78897,6.200012,7.277116,9.260023,3.756374,8.427843,8.422954,9.349676,5.85917,9.240781,5.256584,6.166516,8.588553,8.529525,8.489084,4.84553,8.161374,8.110555,4.596018,8.449672,7.979874,5.862731,6.00455,6.441331,6.351772,4.402233,6.980536,4.961044,7.685771,4.239714,2.799404,6.9162,7.702239,9.362155,5.934624,6.846654,5.681332,7.008557,9.140058,9.225564,8.871611,9.794629,3.516545,3.132957,9.234666,6.555408,7.53582,9.658769,4.960554,5.021501,9.744187,4.330139,6.243734,4.068986,9.15876,5.661358,3.280185,7.549584,9.762269,1.883748,4.51219,10.410673,8.46408,8.354349,6.919644,1.828029,6.554154,8.168293,5.294013,5.46231,5.142659,8.770011,6.771809,3.640471,4.762698,7.878089,7.137877,9.491336,4.250853,10.194712,8.235713,8.054397,5.011263,8.870648,5.78869,7.362075,5.180431,0,5.164671,8.064323,8.470631,4.553265,4.51047,8.294668,8.10606,6.469341,4.306548,2.891405,9.928119,4.322317,4.837696,3.608226,3.750734,4.490028,6.346118,7.765061,8.287381,4.934279,7.515083,7.28985,5.0725,8.260126,8.439663,4.284466,8.622753,7.769282,9.219468,3.262783,5.184362,6.441652,7.312725,6.829821,7.952637,8.021138,8.043634,7.980633,9.721876,5.239727,6.657499,7.614587,8.239344,7.68717,8.538449,7.393959,5.511988,6.246904,8.615767,9.791424,9.706062,6.26356,6.234709,10.120033,8.636035,3.231013,7.847075,6.693711,3.388338,3.148966,7.893754,5.153628,9.476044,9.004966,8.869822,4.46954,9.012501,4.556172,3.301799,8.09764,7.077323,0.927156,7.708936,7.218379,8.532749,7.552923,7.416123,6.326299,7.473172,7.419575,7.059883,6.124682,8.970039,6.028724,6.925329,10.199904,6.174497,6.495959,6.698339,10.053499,5.170481,8.204482,5.373807,4.877357,5.889738,6.363704,9.223929,4.732118,9.829741,7.839713,5.447631,9.073283,9.073545,9.18714,6.732222,8.14061,5.769599,4.423755,7.480973,9.932992,6.300653,5.413876
6.504305,7.981098,9.788839,7.563977,3.916326,3.892994,7.96346,5.531638,5.713066,7.383505,7.913345,10.204766,9.93719,7.811704,5.566358,5.40434,8.394802,9.450263,4.517051,8.604789,5.939652,7.184753,8.734119,5.285903,6.291721,9.340165,11.941794,5.85405,4.276177,0.544567,9.043569,12.020767,8.695629,8.024147,8.489363,6.477583,0.288432,7.80715,9.229558,6.713536,3.973455,8.688875,3.981043,5.970487,5.173839,4.190087,7.169079,8.7074,5.663833,4.704495,12.008274,6.041749,4.920072,8.435338,3.771929,6.180849,10.356631,7.281619,9.757893,9.056099,9.016119,6.503206,4.790713,5.09489,7.206657,8.698039,4.548758,4.98872,1.676936,9.292265,5.955039,7.884561,10.008868,6.594352,4.863526,7.268023,10.568518,5.321862,8.850067,9.623511,5.541534,4.28275,5.668825,4.585837,7.573093,7.234904,10.007117,8.743816,8.477775,4.751872,8.419337,4.5229,6.671112,10.534115,5.871268,9.82161,6.6434,7.189717,7.028873,10.195442,8.206862,4.702149,9.271834,4.436719,5.59253,10.77133,3.863662,9.93915,5.516092,9.436879,3.637524,10.723645,6.080584,8.56934,6.696855,5.694919,10.000391,6.695796,8.842169,5.274133,5.628803,6.557974,5.124954,6.739497,8.407374,8.844155,4.593383,4.75373,8.4634,5.607391,6.695648,4.347002,5.363134,8.399064,7.279248,10.845019,7.417488,7.224111,6.54017,5.573997,7.24836,10.736871,10.354475,11.305936,4.387493,5.696687,8.295441,4.973115,9.018684,8.784914,6.81082,5.888434,9.83139,4.878317,7.755041,6.062804,10.670067,7.172665,5.274003,4.642722,8.696684,4.862639,1.087631,10.408323,9.975387,9.865656,7.297101,5.138388,3.647292,7.745302,1.869454,2.037751,6.990357,6.878313,8.283116,5.203397,6.612964,9.389396,8.649184,7.959729,4.60235,11.706019,9.718577,6.839616,5.850243,6.97895,6.613659,8.440212,7.028129,5.164671,0,9.57563,9.953495,7.116995,5.491191,5.439748,9.588924,6.588722,6.154246,4.264943,11.439426,4.771331,6.416032,4.425634,1.899625,7.053758,7.828982,8.545943,8.938406,6.781977,6.212227,8.367987,1.678269,9.74299,8.282319,4.609639,8.507634,7.99202,9.27142,5.762534,1.759803,7.115873,8.390862,9.232645,8.484628,9.532445,9.526498,9.49194,8.789849,6.827096,6.77688,9.097451,9.750651,9.198477,10.049756,8.905266,7.008302,8.649728,10.127074,9.773115,8.640477,8.666384,6.602446,11.63134,10.118899,5.216934,4.992155,9.096535,3.495626,5.648717,6.678973,0.072625,10.987351,10.48783,10.381129,6.228449,10.523808,5.917878,5.80155,5.24272,8.58863,4.237515,9.1918,8.701243,10.044056,9.035787,6.113267,7.822613,6.501957,8.930882,8.57119,7.635989,10.452903,5.871988,8.436636,9.944685,8.577321,8.007266,9.101163,11.564806,5.458275,9.687346,6.212787,6.725055,8.292562,6.841155,10.735236,6.161297,9.916944,8.332594,0.28296,10.556147,10.584852,10.698447,8.243529,7.876596,6.608579,4.748928,8.169553,9.914683,7.160654,6.504305
3.196339,2.886828,1.600826,2.012363,5.926536,6.394788,3.155887,5.12855,5.211915,6.228226,1.888635,2.016753,1.660257,3.004131,5.16327,5.281785,2.047835,2.174834,6.964834,2.417402,4.654639,3.789021,4.618464,5.173305,5.205494,0.917073,2.795904,4.642406,5.330122,10.120197,3.188587,3.159357,3.309227,2.31431,6.102616,4.018873,9.864062,6.651871,4.25845,4.355095,5.982599,2.147949,7.034009,5.525774,5.502763,6.172993,6.082852,5.473247,4.266319,5.791961,2.862384,5.597036,4.681166,1.198672,6.754979,4.176989,6.834568,3.47915,2.002493,5.534036,5.494056,3.330485,6.224339,7.994542,3.900485,3.859832,7.44841,6.164354,8.856313,1.140087,4.449837,2.879514,6.771787,3.101082,7.763178,4.181186,1.422628,5.879914,1.884183,2.408291,6.099586,6.2761,4.500986,7.336721,4.785011,3.758941,6.669302,5.221753,4.510924,5.207843,3.611764,6.77588,4.781308,3.142261,3.9837,1.791762,4.462117,4.266146,5.942646,3.275868,4.929346,6.739583,2.48595,7.187603,4.936417,2.726615,5.856727,0.769067,6.17873,5.914816,7.377528,4.864229,4.103724,3.731133,5.610628,5.5516,0.849313,4.196809,4.726514,5.769856,4.081439,5.471747,5.683006,3.116665,3.599801,2.123951,7.87013,5.313482,3.076998,4.343563,4.707846,6.340352,5.561847,2.624654,4.689549,3.242929,2.781696,4.060068,3.314987,8.324881,6.162133,1.999564,3.389168,2.160046,5.743245,5.419106,5.799806,7.723999,3.021576,6.223909,3.986737,3.690937,6.309327,5.199325,2.00682,6.791005,2.704872,2.592691,6.002204,8.187348,6.327409,6.180575,8.923149,6.975813,1.177448,0.714578,4.133058,8.03804,7.553916,4.985034,9.470976,9.639273,3.542794,5.792086,1.488816,4.809829,4.242569,0.982411,1.702411,6.056476,5.162102,2.560129,2.492885,5.076897,3.981258,5.892723,3.889326,3.927215,3.751269,8.064323,9.57563,0,4.165527,4.128213,4.267873,5.9978,3.394751,4.014166,3.905995,7.247993,2.578016,5.032426,3.236216,6.330245,8.161693,4.18444,3.19319,4.330201,4.852521,3.719235,5.174384,3.85499,9.483459,3.883574,5.004803,5.687114,5.187893,4.334422,5.784608,5.380756,9.361325,3.662748,3.877865,3.32265,4.517777,0.763953,3.667082,0.095457,6.287016,3.012281,4.146267,3.58719,1.720803,0.983723,2.201105,1.059111,2.73277,2.577387,0.979291,6.356564,6.271202,3.828177,4.743042,2.48545,3.153592,5.953032,5.550207,3.18654,6.146888,5.266939,4.916254,9.564587,1.841461,4.628414,1.75895,3.616408,1.38005,3.870879,5.419772,5.800772,1.649728,7.137167,3.167452,2.992329,1.856043,1.987931,5.075424,2.098497,5.132473,1.028916,1.178567,2.071236,4.593487,7.547082,1.423687,6.765044,2.422896,1.648663,3.94443,2.418916,6.688839,2.089753,3.598998,3.627476,3.454355,3.809754,1.587453,3.53552,6.394881,4.404853,9.85859,3.208973,2.619657,1.554689,1.4468,4.783579,3.427084,5.942113,4.046113,6.498132,3.240415,3.196339
3.458509,5.998624,5.342175,3.757716,6.304401,6.772653,6.042111,5.127136,6.341642,5.158003,3.449028,5.758102,3.016592,5.890355,5.161856,5.495522,3.726533,5.662097,7.371142,4.140472,4.868376,4.585546,3.548241,5.387042,4.591302,3.442062,4.660991,4.640992,5.707987,10.498062,1.15868,4.292241,1.257866,3.318318,5.032393,4.017459,10.241927,5.581648,7.308209,4.356945,6.360464,5.259745,7.247746,6.599063,5.501349,6.550858,5.46866,4.403024,4.669413,5.790547,4.727471,6.670325,5.059031,4.3019,7.132844,4.390726,3.904749,3.208351,5.724218,4.463813,4.423833,4.009395,6.438076,8.40085,5.99534,6.77669,7.854718,6.570662,8.854899,4.881436,4.883001,5.963212,4.939637,3.366504,8.169486,5.547998,3.587275,5.8785,5.061901,5.835345,6.098172,6.653965,4.907294,7.335307,4.507148,5.373206,4.837152,4.15153,3.440701,5.585708,6.497988,7.182188,4.783158,1.768555,4.385963,2.425059,6.115989,5.9784,5.328454,1.5531,3.859123,6.95332,1.679577,7.186189,4.935003,2.184201,6.234592,4.182875,6.177316,4.093199,7.542734,1.458082,4.331688,6.647991,4.996436,4.937408,3.622686,4.987382,3.656291,5.653858,4.471947,4.857555,5.681592,3.219063,6.486025,5.235747,8.083867,5.691347,1.565511,4.721428,4.093654,6.718217,5.99171,1.942439,3.668085,2.079459,2.536007,3.784171,3.513755,8.323467,5.547941,3.008345,1.588915,4.025133,6.12111,6.325263,4.729583,7.722585,1.143951,5.153686,4.863988,4.071346,4.10164,5.591371,3.940647,7.197313,6.444093,3.270644,6.408512,8.185934,5.257186,6.586883,9.301014,4.437832,3.088583,3.487951,3.857161,8.444348,7.552502,3.914811,9.469562,9.637859,4.339608,5.177894,4.494472,5.216137,4.988943,3.228401,4.861018,4.986253,5.539967,4.425216,2.12632,4.65483,4.357334,5.278531,4.017529,2.856992,4.537452,8.470631,9.953495,4.165527,0,5.511165,4.658381,5.996386,1.12242,3.910297,4.599199,7.625858,3.7109,5.410291,3.64695,6.727299,8.539558,5.574402,2.244449,3.259978,3.782298,4.478043,5.17297,2.784767,9.513039,0.477427,3.93458,6.059369,4.11767,3.264199,4.714385,5.787064,9.359911,3.391949,2.807642,6.434446,3.447554,3.526237,0.618809,4.07012,5.216793,3.820873,3.990594,0.856044,2.637504,3.245486,5.936511,3.669747,3.169748,5.689183,3.609984,4.524414,5.200979,6.745035,4.741628,4.350537,1.353339,6.35934,5.548793,6.298336,6.524753,5.673247,4.494187,9.942452,3.706548,1.222267,2.652603,4.190155,3.241761,4.269386,5.82608,5.799358,4.806618,7.543475,1.017623,1.861191,5.597392,2.559729,5.07401,3.225271,5.131059,4.723383,4.130617,3.333345,1.18734,7.760819,4.64847,4.932894,5.534692,3.991779,7.056226,4.286403,6.902576,2.095089,3.92975,4.386323,6.371213,3.71856,4.058065,3.928413,4.192054,3.33463,10.236455,1.790587,6.358878,3.4164,3.890252,3.713356,3.617327,6.15585,2.97589,4.665982,3.167712,3.458509
2.45596,1.345236,4.317955,2.747175,3.468081,3.936153,1.327598,4.511829,1.403929,6.317304,3.096543,4.733882,5.120388,1.175842,4.546549,3.155056,3.578,3.747426,3.453776,3.787987,2.614074,1.510421,5.093858,3.046576,5.22552,4.523363,6.523254,4.025685,2.985682,7.661562,4.601239,6.873374,4.253299,3.303943,6.57801,3.515667,7.405427,6.740949,2.593696,3.269363,3.223809,2.053013,4.790591,1.717788,4.886042,2.931023,6.102878,5.948641,1.589124,5.17524,6.589734,1.78905,2.354814,3.385286,3.993326,2.403815,7.309962,3.498751,4.055056,6.00943,5.96945,1.50828,3.980921,4.483484,0.533482,2.062177,3.937352,2.717275,7.053819,3.821381,1.599966,1.248699,7.247181,2.364257,4.25212,0.224393,5.149978,5.263193,3.152929,3.920674,5.482865,3.817645,1.817587,5.55385,4.680315,0.5576,7.144696,5.697147,4.986318,2.892075,1.783475,3.264822,3.208623,6.091785,1.550124,5.004808,0.654131,0.516542,5.962672,5.753112,5.40474,4.496165,4.829504,5.474952,4.319696,5.954528,3.398272,4.496417,5.562009,6.39021,5.13411,6.281315,2.299164,1.933478,5.630654,5.571626,4.576663,0.663924,5.201908,5.153135,1.77523,5.491773,5.066285,2.904815,1.771512,2.208293,5.626712,2.997449,4.02107,2.259515,4.727872,3.881897,1.753861,3.956734,4.74434,6.402689,2.975158,3.888755,2.723416,6.283497,6.182159,5.713581,5.912145,5.887396,2.791485,1.61112,6.2752,5.830348,4.576354,6.699303,0.65942,2.063585,6.784721,2.738781,2.938239,3.343926,5.051629,2.355863,2.555125,6.824524,6.802803,2.669517,6.464514,7.451207,4.891222,4.441928,3.961745,4.526982,5.829094,5.210394,7.246337,7.414634,1.491502,5.812112,2.779495,2.12643,0.709684,4.572594,2.950291,6.53187,2.846069,6.287479,5.276247,5.096498,2.053364,5.912749,2.830791,4.402609,1.389983,4.553265,7.116995,4.128213,5.511165,0,1.814027,5.381079,5.146594,3.511442,1.104154,4.171368,6.292033,2.721732,1.865305,2.883166,5.703058,0.063237,3.386652,4.805595,5.327915,1.107645,4.557663,4.330384,7.024824,5.30066,5.480197,3.342674,5.663287,4.809816,6.260002,2.537723,7.136686,3.483753,4.353259,2.596783,4.993171,4.471707,5.084168,4.049207,6.76241,1.859693,3.6996,4.655121,4.933849,4.381675,4.346919,4.088464,2.525469,2.013866,4.706641,6.831958,6.746596,2.030522,3.277289,6.2128,5.676569,2.505953,4.933486,2.460673,3.688253,2.423906,4.935855,7.105952,5.568811,6.0455,5.472967,1.32101,5.1074,1.647585,2.576739,5.184051,2.875606,3.626109,4.74947,4.258913,4.532309,4.593457,4.458703,3.101962,4.515752,3.380541,3.754388,2.819187,6.010573,5.303664,2.743017,7.240438,1.941459,3.190464,2.465301,6.146266,4.445421,5.017367,2.415908,1.200775,1.6567,3.405805,5.314803,1.774202,6.870275,4.880247,7.399955,6.113817,4.966414,5.282039,3.426727,5.181144,2.8117,3.698695,4.521507,6.973526,3.342737,2.45596
1.378072,2.563935,4.481082,2.25622,1.842097,2.310349,2.546297,3.172206,2.381481,4.98986,2.605588,4.897009,4.629433,2.394541,3.206926,1.381311,3.087045,4.142506,3.410981,3.297032,0.851638,1.764434,4.012533,1.272831,3.898076,4.032408,6.634037,2.686062,1.245683,6.035758,3.748455,6.71301,3.400515,2.719958,5.496685,2.178506,5.779623,5.413505,3.812395,1.92974,1.89816,3.271712,3.129352,2.638902,3.546419,2.088554,4.775434,4.867316,0.353059,3.835617,6.700517,2.710164,0.581069,3.127581,2.67054,1.070537,6.228637,2.171307,4.450136,4.928105,4.888125,1.082394,2.319682,4.440689,2.347509,3.280876,3.894557,2.307973,5.428015,3.984508,0.92284,2.467398,6.165856,1.292092,4.209325,1.85086,5.260761,3.92357,3.54231,4.315754,4.143242,2.191661,0.93831,3.892611,3.352871,1.877392,6.063371,4.615822,3.904993,1.123404,3.002174,3.222027,1.869,5.239001,0.450595,4.513853,2.468158,2.330569,4.635228,4.900328,4.241171,2.834926,3.97672,3.813713,2.980073,5.463573,1.772288,4.631393,4.222386,5.308885,3.472871,5.428531,0.961656,3.152177,4.30321,4.234298,4.692634,1.278633,4.120583,3.813512,0.223288,4.164329,3.726662,1.620569,2.990211,3.426992,3.965473,1.229043,3.168286,0.497079,3.400428,2.255913,2.031549,3.10395,3.416896,5.549905,2.122374,2.561311,1.421242,4.622258,4.854715,5.429114,5.059361,5.998179,1.658806,2.365102,5.193875,4.169109,3.72357,5.617978,1.393657,0.769506,5.703396,1.186233,2.447284,3.237152,5.36231,1.864908,2.448351,5.163285,5.721478,2.626722,4.83871,6.369882,4.66763,4.557899,2.634301,4.484187,4.167855,3.88295,5.620533,5.78883,1.570038,4.484668,2.975359,1.012146,1.195801,4.081639,3.341427,5.450545,1.077663,6.398262,4.423463,3.769054,0.731315,4.585305,1.503347,3.321284,1.60781,4.51047,5.491191,4.267873,4.658381,1.814027,0,4.041456,4.29381,2.174281,0.733927,3.163554,6.131669,0.947987,1.10116,2.264995,4.077254,1.877264,2.533868,3.72427,4.24659,1.361658,3.21804,3.249059,5.39902,4.447876,4.316628,1.602675,4.581962,3.703555,5.178677,1.826903,5.510882,2.156309,3.271934,3.815482,3.911846,4.224688,4.231384,4.184183,5.681085,1.519021,2.362439,3.802337,4.442894,3.89072,4.741999,3.597509,1.703666,3.232565,4.819317,5.750633,5.665271,3.249221,1.937666,6.323583,4.823785,2.399179,3.593863,3.679372,2.062449,1.713086,3.608411,5.480148,5.679594,5.192716,5.073372,0.807637,5.216051,0.497066,1.865919,3.844428,3.280873,3.583314,3.896686,3.406129,4.736299,3.740673,3.11908,2.517977,3.176129,3.623125,3.263433,2.328232,5.157789,3.642425,3.128879,6.159113,3.160158,2.699509,3.684,6.257049,2.784182,4.392232,1.093859,1.304736,2.875399,2.078361,5.427479,0.740485,5.78895,3.798922,5.774151,5.261033,5.277095,5.39069,2.935772,3.896569,1.489651,2.037456,3.440182,5.892201,2.041726,1.378072
3.180178,5.929663,6.211009,3.986147,4.703624,5.438999,5.912025,1.032982,6.165679,2.884849,4.250597,6.626936,6.359333,5.760269,1.067702,4.251502,4.732054,5.890528,7.195179,4.942041,3.224418,4.763707,4.235463,4.143022,1.793065,5.762335,8.363964,1.355394,4.669705,5.984315,5.08646,8.44291,4.73852,4.255623,3.990707,1.978927,5.72818,3.308494,7.178123,2.21488,5.02681,5.488176,2.830959,6.4231,0.675183,5.219577,2.670423,4.208744,4.351681,0.735253,8.430444,6.494362,4.256999,4.857508,5.79919,2.977264,5.857975,2.793133,6.198158,4.557443,4.517463,4.180596,3.633309,8.224887,5.865254,6.646604,7.678755,5.441333,3.799605,5.714435,4.750869,5.833126,5.510212,3.290938,7.993523,5.417912,6.990688,0.117886,5.290332,6.063776,0.101786,4.477579,4.775162,2.280013,3.074437,5.24312,5.508461,4.24516,3.979119,4.408318,6.367902,6.78326,2.172456,6.577006,4.074804,6.060207,5.985903,5.848314,2.530217,6.238333,3.708206,3.544802,5.314725,2.130895,1.093874,6.992652,4.756573,6.36132,0.18093,4.938223,2.48744,6.766536,3.097612,6.517905,2.198199,1.196263,6.422561,4.857296,4.343513,0.775477,4.115997,2.059318,0.314794,2.963242,6.355939,5.464178,3.443299,4.889295,4.506291,3.545151,2.196992,4.64419,5.815747,4.441955,2.780592,6.88791,3.646298,2.725455,2.918174,3.268173,2.749704,7.159014,6.397366,7.728106,4.811708,6.1493,3.796785,2.667291,5.061575,4.286258,4.748156,3.551864,5.332734,4.995728,4.194828,6.515417,7.092237,3.499075,5.726616,2.189548,4.198028,6.41092,4.352117,5.909667,6.397557,6.287826,2.798445,8.268385,2.04973,3.246646,4.414268,4.582565,4.517769,2.379657,4.722903,5.007638,4.858857,5.811566,5.089449,3.461073,4.737915,8.128189,5.761468,2.34096,3.419321,2.480294,2.691431,4.085522,4.715613,8.294668,5.439748,5.9978,5.996386,5.381079,4.041456,0,5.631815,2.090066,4.469113,6.292204,7.861569,4.386662,3.817631,5.396018,5.599261,5.444316,4.057792,4.047287,4.43975,4.646498,1.713571,4.013297,4.457745,5.785881,3.783663,4.570804,4.008978,3.493364,4.772764,5.654932,4.304617,2.617217,4.036172,6.662877,3.985972,5.954615,5.569389,5.91411,4.291193,3.999034,2.278224,5.140342,6.153328,5.620647,6.490021,5.327436,3.398179,5.917614,6.549244,5.274459,4.141821,6.614949,2.10379,8.05351,6.16179,5.669547,0.447593,6.526767,5.191099,5.541115,2.180317,5.428705,7.409521,6.530721,6.803272,4.060069,6.945978,3.938757,5.693948,0.197028,5.035049,7.367512,5.234691,4.744134,6.466226,5.078678,1.614611,4.063316,2.003301,5.353052,4.99336,4.010635,6.495794,3.572302,4.876901,5.446029,5.763123,4.437243,7.049728,7.986976,3.166345,5.730237,3.146108,4.557524,6.241127,2.342499,7.157406,3.873863,5.418288,3.833938,5.722708,6.599038,7.007022,7.120617,4.665699,3.37794,2.79091,3.870913,3.670897,5.416027,3.031868,3.180178
3.093938,5.634053,4.572142,3.393145,5.93983,6.408082,5.67754,4.762565,5.977071,4.793432,3.084457,4.988069,2.245816,5.525784,4.797285,5.130951,2.959863,5.14615,7.006571,3.379287,4.503805,4.220975,3.18367,5.022471,4.226731,2.672029,3.837627,4.276421,5.343416,10.133491,0.737251,3.468877,1.261702,2.953747,4.667822,3.652888,9.877356,5.217077,6.943638,3.992374,5.995893,4.895174,6.883175,6.234492,5.136778,6.186287,5.104089,4.038453,4.304842,5.425976,3.904107,6.305754,4.69446,3.759959,6.768273,4.026155,4.267789,2.84378,4.973809,4.099242,4.059262,3.644824,6.073505,8.036279,5.630769,6.412119,7.490147,6.206091,8.490328,4.111403,4.51843,5.598641,5.302677,3.001933,7.804915,5.183427,2.763911,5.513929,4.69733,5.379607,5.733601,6.289394,4.542723,6.970736,4.142577,5.008635,5.200192,3.786959,3.07613,5.221137,6.133417,6.817617,4.418587,0.945191,4.021392,1.658389,5.751418,5.613829,4.963883,0.606518,3.494552,6.588749,0.912907,6.821618,4.570432,1.360837,5.870021,3.412099,5.812745,4.456239,7.178163,1.821122,3.967117,6.28342,4.631865,4.572837,2.85191,4.622811,3.29172,5.289287,4.107376,4.492984,5.317021,2.854492,6.121454,4.871176,7.719296,5.326776,1.31742,4.356857,3.729083,6.353646,5.627139,1.576551,3.303514,1.256095,2.171436,3.4196,3.149184,7.958896,5.18337,2.184981,0.765551,3.201769,5.756539,5.960692,4.365012,7.358014,0.57024,4.789115,4.499417,3.706775,4.46468,5.2268,3.576076,6.832742,5.676188,2.906073,6.043941,7.821363,4.892615,6.222312,8.936443,4.800872,2.317807,2.717175,3.49259,8.079777,7.187931,3.55024,9.104991,9.273288,3.975037,4.813323,4.129901,4.851566,4.624372,2.458368,4.496447,4.621682,5.175396,3.601852,1.35965,4.290259,3.992763,4.91396,3.652958,2.492421,4.172881,8.10606,9.588924,3.394751,1.12242,5.146594,4.29381,5.631815,0,3.545726,4.234628,7.261287,2.887536,5.04572,3.282379,6.362728,8.174987,5.209831,1.879878,2.895407,3.417727,4.113472,4.808399,2.420196,9.148468,0.840467,3.570009,5.694798,3.753099,2.899628,4.349814,5.422493,8.99534,3.027378,2.443071,6.069875,3.082983,2.755461,0.854244,3.299344,4.852222,3.456302,3.626023,1.135854,1.870834,2.475453,5.172421,2.899714,2.805177,5.324612,2.78662,4.887454,4.836408,6.380464,4.377057,3.527173,0.529975,5.994769,5.184222,5.933765,6.160182,5.308676,4.129616,9.577881,2.883184,1.585307,1.829239,3.825584,2.418397,3.904815,5.461509,5.434787,4.442047,7.178904,0.397124,1.425172,4.827359,2.12371,4.709439,2.8607,4.766488,3.993895,3.360584,2.968774,1.55038,7.396248,4.283899,5.295934,5.170121,3.627208,6.691655,3.463039,6.538005,1.328419,3.565179,4.021752,6.006642,3.353989,3.234701,3.563842,4.555094,2.970059,9.871884,0.967223,5.590973,2.593036,3.216846,3.348785,3.252756,5.791279,2.611319,5.029022,2.803141,3.093938
1.197026,4.060026,4.227375,2.002513,3.635174,4.103426,4.042388,1.220816,4.340352,3.08076,2.235516,4.643302,4.344252,3.890632,1.255536,2.384327,2.716973,3.906894,5.369852,2.92696,1.357243,2.780555,2.690682,2.275847,1.988976,3.778701,6.38033,0.734672,3.023888,7.133289,3.000371,6.427829,2.652431,2.186809,4.069534,0.111139,6.877154,3.504405,5.308486,0.450625,3.691237,3.504542,3.979933,4.597773,1.595029,3.881631,2.866334,3.545465,2.484506,1.884227,6.44681,4.669035,2.389824,2.873874,4.463617,1.110089,4.906786,0.707044,4.214524,3.606254,3.566274,2.197444,3.326881,6.39956,3.995617,4.776967,5.853428,4.10105,4.948579,3.730801,2.881711,3.963489,4.844005,1.307786,6.168196,3.548275,5.007054,1.97218,3.306698,4.080142,2.191852,3.984738,2.906004,3.428987,1.430926,3.373483,4.74152,3.293971,2.583142,2.541143,4.498265,5.180898,0.876838,4.490917,2.205646,3.974118,4.116266,3.978677,2.726128,4.152244,2.430983,3.842125,3.228636,3.279869,1.028683,4.906563,3.565365,4.377686,2.270996,3.987034,3.636414,4.680447,1.230437,4.648268,2.39411,2.282908,4.438927,2.987659,2.798732,1.862122,2.246839,2.255229,1.775272,0.979608,4.486302,3.480544,4.592273,3.02212,2.420202,1.677976,1.491328,4.04899,3.99042,2.355866,1.604889,4.801821,1.577484,0.639366,0.93454,4.417147,2.945615,5.143933,4.311277,5.744472,3.451883,4.323973,3.577485,3.816265,2.975486,4.296127,2.864265,1.568712,4.381545,3.128553,2.211194,5.175134,5.108603,1.515441,4.386333,4.279614,4.294327,4.585593,5.501091,5.048031,4.405254,4.304192,0.712356,6.443058,3.646182,2.070943,5.563242,5.731539,2.534617,2.575568,2.739269,3.140463,2.98922,3.819263,3.105815,3.656984,2.87074,6.144555,3.675379,1.859954,1.533392,2.676205,0.708279,1.999433,2.732461,6.469341,6.588722,4.014166,3.910297,3.511442,2.174281,2.090066,3.545726,0,2.599476,4.956631,5.846488,2.519487,1.834479,4.058072,5.870331,3.574679,1.973252,2.402419,2.924739,2.663346,1.26665,1.927208,5.606719,3.699792,2.50644,2.948174,3.260111,1.955023,3.856826,3.785774,5.453591,0.531128,1.950083,4.679243,2.589995,3.970981,3.4833,3.930476,4.359234,2.015882,0.188158,3.054253,4.138247,3.628344,4.506387,3.343802,1.414545,3.93398,4.56561,4.428782,4.23812,4.745312,0.835308,6.069876,4.075701,4.329264,1.642473,4.543133,3.855526,3.671957,1.699311,6.577679,5.425887,4.444632,4.788191,2.190432,4.962344,2.069599,3.82479,1.893038,3.051415,5.542185,3.148602,2.658045,4.482592,2.992589,1.16769,2.048235,1.224739,3.369418,3.009726,1.995554,4.409705,4.649624,2.893267,4.837262,3.779489,2.453609,5.180091,6.003342,3.791381,3.644148,1.162956,2.574372,4.37149,0.25641,5.173772,1.890711,4.467099,2.477071,6.871682,4.512949,5.023388,5.136983,2.664524,2.086381,0.807276,3.044655,2.118331,4.57035,0.945779,1.197026
1.543994,1.854062,4.119204,1.894342,2.505152,2.973404,1.836424,3.599863,2.177559,5.405338,2.24371,4.535131,4.267555,1.684668,3.634583,2.074654,2.725167,3.780628,3.207059,2.935154,1.533033,1.030507,4.181892,1.966174,4.313554,3.67053,6.272159,3.113719,1.908738,6.698813,3.689273,6.351132,3.341333,2.45111,5.666044,2.603701,6.442678,5.828983,3.102522,2.357397,2.561215,2.561839,3.797703,2.43498,3.974076,2.620327,5.190912,5.036675,0.514748,4.263274,6.338639,2.506242,1.274412,2.765703,3.333595,1.491849,6.397996,2.586785,4.088258,5.097464,5.057484,0.655447,2.988033,4.236767,1.637636,2.571003,3.690635,2.406579,6.09107,3.62263,0.544795,1.757525,6.335215,1.452291,4.005403,1.140987,4.898883,4.351227,3.180432,3.953876,4.570899,2.854716,0.743211,4.560962,3.768349,1.167519,6.23273,4.785181,4.074352,1.815131,2.292301,3.018105,2.296657,5.179819,0.537114,4.151975,1.758285,1.620696,5.050706,4.841146,4.492774,3.503277,3.917538,4.482064,3.40773,5.101695,2.435343,4.269515,4.650043,5.478244,4.141222,5.369349,1.387198,2.442304,4.718688,4.65966,4.330756,0.56876,4.289942,4.241169,0.757342,4.579807,4.154319,1.992849,2.280338,2.717119,4.633824,1.920505,3.109104,1.178474,3.815906,2.918968,1.827627,3.044768,3.832374,5.490723,2.063192,2.976789,1.81145,5.290609,5.270193,5.067236,5.000179,5.636301,2.299929,2.16118,5.363234,4.83746,3.664388,5.787337,0.683784,1.151619,5.872755,1.661837,2.085406,3.03323,5.000432,1.50303,2.244429,5.831636,5.890837,2.4228,5.501765,6.539241,4.305752,4.196021,3.049779,4.280265,4.836206,4.298428,6.283588,6.451885,0.836111,4.900146,2.613481,1.052054,0.485928,3.719761,2.979549,5.619904,1.769125,6.036384,4.364281,4.184532,1.141398,5.000783,1.918825,3.490643,0.873883,4.306548,6.154246,3.905995,4.599199,1.104154,0.733927,4.469113,4.234628,2.599476,0,3.826609,5.769791,1.64133,0.953339,2.57247,4.740309,1.167391,2.474686,3.893629,4.415949,0.627731,3.645697,3.418418,6.062075,4.388694,4.568231,2.26573,4.751321,3.89785,5.348036,1.622981,6.173937,2.571787,3.441293,3.105609,4.081205,3.86281,4.172202,3.822305,5.850444,1.007049,2.787634,3.743155,4.081016,3.528842,4.380121,3.235631,1.628224,2.522692,4.457439,5.919992,5.83463,2.539348,2.365323,5.961705,4.764603,2.195257,4.02152,2.969499,2.725504,1.509164,4.023889,6.143203,5.317716,5.133534,4.711494,0.414967,4.854173,0.716365,1.661997,4.272085,2.918995,3.379392,3.837504,3.346947,4.374421,3.681491,3.546737,2.249129,3.603786,3.261247,2.901555,1.966354,5.098607,4.310776,2.767001,6.328472,2.450285,2.337631,2.974127,5.895171,3.452533,4.164534,1.503942,0.570809,2.165526,2.493839,5.065601,0.862236,5.958309,3.968281,6.437206,5.201851,4.915217,5.028812,2.573894,4.269178,1.899734,2.705807,3.609541,6.06156,2.430771,1.543994
4.176668,5.196377,7.461202,5.23634,1.588689,1.565357,5.178739,5.954556,2.767439,7.772535,5.585708,7.877129,7.609553,5.026983,5.989276,3.076703,6.067165,7.122626,1.791916,6.277152,3.612015,4.857116,6.803824,2.958266,6.680751,7.012528,9.614157,5.468412,1.94854,4.80951,6.715932,9.69313,6.367992,5.69651,8.287976,4.960856,4.553375,8.19618,6.444837,4.71209,1.645818,5.904154,3.468617,3.02486,6.026295,1.86245,7.558109,7.658607,3.336196,5.556951,9.680637,3.096122,2.592435,6.107701,0.493014,3.853212,9.019928,4.953982,7.430256,7.719396,7.679416,4.175569,2.703517,2.821624,4.26103,5.913318,2.275492,2.661083,4.201767,6.964628,3.487623,5.09984,8.957147,4.266715,2.59026,4.395761,8.240881,6.174318,6.52243,7.295874,6.39399,1.955113,3.253648,4.276446,6.135546,4.289277,8.854662,7.407113,6.696284,2.424235,5.634616,1.162112,4.65135,8.206478,3.543631,7.493973,3.697773,4.24409,7.417903,7.867805,7.023846,2.77406,6.944197,4.197548,5.762423,8.443693,1.536025,7.611513,6.37592,8.100176,3.812136,8.396008,3.752947,5.784619,7.085885,6.547375,7.672754,4.368159,6.911874,6.126589,3.301166,6.947004,5.97741,4.41186,5.622653,6.059434,4.304738,2.426093,6.135763,3.279754,6.183103,2.019365,2.417507,6.071427,6.199571,8.517382,5.089851,5.343986,4.212533,5.006093,7.63739,8.409234,8.026838,8.978299,2.059856,2.75106,7.985166,4.552944,6.691047,8.409269,4.483183,3.560797,8.494687,2.55068,5.427404,3.687089,8.34243,4.845028,2.898288,5.50255,8.512769,1.501851,3.612462,9.161173,7.64775,7.538019,5.416976,2.865122,4.50712,6.665625,4.394285,4.562582,4.66272,7.267343,5.955479,2.87576,4.285327,7.061759,6.321547,8.241836,2.274713,9.378382,7.39094,6.551729,3.522606,7.36798,4.286022,6.112575,4.700492,2.891405,4.264943,7.247993,7.625858,4.171368,3.163554,6.292204,7.261287,4.956631,3.826609,0,9.111789,2.443694,4.088395,2.097997,2.851006,4.108131,5.501345,6.515561,7.037881,4.45434,6.00039,6.04035,4.172772,7.415353,7.099303,2.282002,7.373253,6.494846,7.969968,2.880886,4.284634,4.938984,6.063225,6.447924,6.703137,7.204808,7.198861,7.164303,8.472376,4.499459,5.144789,6.769814,7.423014,6.87084,7.722119,6.577629,4.680665,5.865007,7.799437,8.541924,8.456562,5.881663,4.720016,9.303703,7.791262,2.849116,5.844611,6.311814,1.167989,2.767069,6.391086,4.2539,8.659714,8.160193,8.053492,3.900812,8.196171,3.590241,2.919902,6.095176,6.260993,1.964249,6.864163,6.373606,7.716419,6.70815,5.90143,5.494976,5.958479,6.603245,6.243553,5.308352,8.125266,4.02626,6.108999,8.950404,5.7926,5.679629,6.316442,9.237169,3.168017,7.359709,3.88515,4.397418,5.507841,4.861036,8.407599,3.83366,8.580241,6.590213,4.547903,8.22851,8.257215,8.37081,5.915892,6.679244,4.280942,2.421291,6.231473,8.683492,4.833017,4.176668
5.060135,5.050648,3.777979,3.876159,7.790332,8.258584,5.319707,6.992319,7.375735,7.220859,3.641202,4.193906,2.245776,5.167951,7.027039,7.145581,3.283385,4.351987,8.82863,3.702809,6.518435,5.652817,5.611097,7.037101,6.654158,2.495237,2.994152,6.506175,7.193918,11.983993,3.539802,0.581341,4.064253,4.066877,7.095249,5.882642,11.727858,7.644504,6.42227,6.218864,7.846395,4.311769,8.897805,7.689594,7.366532,8.036789,7.531516,6.46588,6.130115,7.65573,3.060632,7.760856,6.544962,3.351973,8.618775,6.040785,6.170086,5.231717,4.179646,6.526669,6.486689,5.194281,8.088135,9.858338,6.064305,6.023652,9.312206,8.02815,10.720082,3.31724,6.313633,5.043334,7.204974,4.964878,9.626974,6.345006,1.920436,7.743683,4.057487,4.585444,7.963355,8.139896,6.364782,9.20049,6.537578,5.922761,7.102489,6.214386,5.503557,7.071639,5.775584,8.639676,6.645077,2.635046,5.847496,2.142977,6.625937,6.429966,7.39131,2.768653,5.921979,8.603379,2.837165,9.051372,6.800186,2.2194,7.720523,2.580804,8.042499,6.358536,9.241324,4.409602,5.96752,5.894953,7.059292,7.000264,2.013169,6.099596,5.719147,7.633625,5.945235,6.920411,7.546775,4.898327,5.763621,4.287771,9.733926,7.177278,3.910987,6.207359,6.15651,8.204148,7.449198,3.617287,5.730941,2.735714,4.534263,5.812635,5.178783,10.18865,7.610797,0.71244,2.881953,2.358294,7.607041,7.582926,6.792439,9.587768,3.372791,7.216542,5.973121,5.554733,6.366977,7.063121,3.895125,8.654801,4.882025,4.456487,7.866,10.051117,7.320042,8.044371,10.786945,6.703169,2.317767,1.878434,5.885625,9.901836,9.417685,5.977667,11.334745,11.503042,5.40659,7.24075,3.64622,6.673625,6.127057,2.421338,3.868483,7.049109,7.025898,2.758377,2.8441,6.717686,5.845054,7.341387,5.753122,4.919848,5.615065,9.928119,11.439426,2.578016,3.7109,6.292033,6.131669,7.861569,2.887536,5.846488,5.769791,9.111789,0,6.896222,5.100012,8.194041,10.025489,6.34826,4.307305,5.322834,5.845154,5.583031,7.038153,4.847623,11.347255,3.428947,5.997436,7.55091,6.180526,5.327055,6.777241,7.244552,11.225094,5.415315,4.870498,5.48647,5.51041,2.276281,3.500817,2.482609,7.279649,4.876077,5.927929,3.938405,2.072018,2.475413,4.378258,2.80235,4.596566,4.741207,1.943145,6.789751,7.263835,5.991997,6.606811,2.683698,2.646377,7.816828,7.413976,5.35036,8.010684,7.130735,6.557043,11.428383,2.039709,4.173787,1.058297,5.480204,1.574922,5.734675,7.283568,7.664541,3.8158,9.000963,3.28466,3.945247,4.033196,2.980564,6.939193,3.851064,6.996242,3.206069,3.26322,3.852067,4.13886,9.410878,3.597225,7.198231,4.586716,3.728438,6.10825,2.619564,8.552635,2.440968,5.462794,5.491272,5.618175,5.591416,2.391226,5.399316,6.457391,5.397486,11.722386,2.701758,4.79681,1.749561,3.216806,5.776212,5.29088,7.805909,5.038746,6.931319,4.992982,5.060135
1.961101,3.47164,5.245635,3.020773,1.122237,1.590489,3.454002,3.517412,2.193328,5.336423,3.370141,5.661562,5.393986,3.302246,3.552132,0.635901,3.851598,4.907059,3.222828,4.061585,1.172327,2.671837,4.584511,0.517464,4.244639,4.796961,7.39859,3.031268,0.506506,5.315898,4.500365,7.477563,4.152425,3.480943,6.068663,2.523712,5.059763,5.760068,4.7201,2.274946,1.1783,4.179417,2.184412,2.450749,3.891625,1.368694,5.121997,5.439294,1.161339,4.180823,7.46507,2.522011,0.376868,3.892134,1.95068,1.416678,6.800615,2.51787,5.214689,5.500083,5.460103,1.968222,1.374742,4.252536,3.255214,4.188581,3.706404,1.588113,4.525312,4.749061,1.452685,3.375103,6.737834,2.051148,4.021172,2.758565,6.025314,4.268776,4.306863,5.080307,4.488448,1.471801,1.166471,2.947671,3.699434,2.785097,6.635349,5.1878,4.476971,0.182336,3.909879,2.93475,2.214206,5.990911,1.336423,5.278406,3.123662,3.238274,4.981791,5.652238,4.587734,1.889986,4.72863,2.868773,3.325279,6.228126,1.052428,5.395946,4.567592,5.880863,2.527931,6.180441,1.339118,4.059882,4.649773,4.579504,5.457187,2.186338,4.692561,4.158718,1.085599,4.510892,4.071868,2.196293,3.897916,4.334697,3.020533,0.509183,3.920196,1.064187,3.746991,1.536053,1.843396,3.85586,3.763459,6.301815,2.874284,2.907874,1.996966,3.677318,5.201278,6.193667,5.811271,6.762732,0.938946,2.176949,5.734236,3.224169,4.47548,6.189956,2.301362,1.34523,6.275374,0.670211,3.211837,2.662197,6.126863,2.629461,1.873396,4.218345,6.293456,2.438569,4.11885,6.94186,5.432183,5.322452,2.980864,4.296034,3.222915,4.229513,4.900673,5.06897,2.477441,4.831231,3.739912,0.701043,2.103506,4.846192,4.10598,5.912647,0.357803,7.162815,5.175373,4.115617,1.307039,4.931868,1.84991,3.893262,2.515213,4.322317,4.771331,5.032426,5.410291,2.721732,0.947987,4.386662,5.04572,2.519487,1.64133,2.443694,6.896222,0,1.872828,1.545135,3.357394,2.784969,3.285778,4.296248,4.818568,2.269061,3.563246,3.821037,4.67916,5.199786,4.663191,0.863498,5.15394,4.105576,5.750655,1.63875,4.791022,2.502872,3.843912,4.723187,4.483824,4.989241,4.983294,4.948736,6.253063,2.283892,2.707645,4.554247,5.207447,4.655273,5.506552,4.362062,2.465098,4.14027,5.58387,6.322611,6.237249,4.156926,2.282872,7.088136,5.575695,1.816327,3.939069,4.587077,1.342589,1.524933,3.954974,4.760288,6.444147,5.944626,5.837925,1.693465,5.980604,1.382894,1.677766,4.189634,4.045426,3.395161,4.648596,4.158039,5.500852,4.492583,3.464286,3.279409,3.521335,4.387678,4.027986,3.092785,5.909699,2.697485,3.893432,6.731091,4.067863,3.464062,4.591705,7.021602,1.839242,5.144142,1.669583,2.212139,3.783104,2.424924,6.192032,1.626313,6.360928,4.3709,5.054291,6.012943,6.041648,6.155243,3.700325,4.243132,2.065375,1.092516,4.01216,6.464179,2.61745,1.961101
0.641348,2.413889,3.449425,1.224563,2.766938,3.23519,2.396251,2.948381,2.708707,4.529644,1.573931,3.865352,3.597776,2.244495,2.983101,2.126139,2.055388,3.110849,3.738207,2.265375,1.498993,1.073459,3.229643,2.017659,3.43786,3.000751,5.60238,2.462237,2.170524,6.960599,2.737024,5.681353,2.389084,1.691177,4.713795,1.838704,6.704464,4.953289,3.662349,1.740647,2.823001,2.697941,3.878363,2.966128,3.322594,3.013395,4.315218,4.084426,1.036478,3.611792,5.66886,3.03739,1.521568,2.095924,3.595381,1.021343,5.445747,1.711091,3.418479,4.145215,4.105235,0.363598,3.068693,4.767915,2.34948,3.13083,4.221783,2.937727,6.219263,2.952851,1.239405,2.317352,5.382966,0.532237,4.536551,1.902138,4.229104,3.699745,2.510653,3.284097,3.919417,3.116502,1.274359,4.641622,2.892655,1.727346,5.280481,3.832932,3.122103,2.048245,2.852128,3.549253,1.826151,4.22757,0.753028,3.482196,2.470129,2.33254,4.175012,3.888897,3.540525,3.583937,2.965289,4.562724,2.756248,4.431916,2.697129,3.599736,3.998561,4.525995,4.221882,4.4171,0.948078,3.002131,3.842994,3.783966,3.660977,1.341522,3.337693,3.589687,0.915346,3.704113,3.502837,1.061321,2.840165,2.673943,4.714484,2.153884,2.156855,1.183965,2.940212,3.180754,2.358775,2.092519,2.95668,4.538474,1.110943,2.101095,0.934295,5.371269,4.394499,4.397457,4.04793,4.966522,2.583647,2.692328,4.410985,4.91812,2.712139,4.835088,1.218128,0.531339,4.920506,2.029563,1.415627,3.564378,4.330653,0.833251,2.775577,5.912296,4.938588,2.953948,5.763551,5.586992,3.635973,3.526242,2.174085,4.811413,4.916866,3.422734,6.545374,6.713671,0.827521,4.024452,1.943702,1.583202,1.343083,3.049982,2.30977,4.667655,2.002504,5.366605,3.412032,3.308838,0.82166,4.125089,1.130708,2.538394,1.025365,4.837696,6.416032,3.236216,3.64695,1.865305,1.10116,3.817631,3.282379,1.834479,0.953339,4.088395,5.100012,1.872828,0,3.103618,5.002095,1.928542,1.522437,2.94138,3.4637,0.832183,2.994215,2.466169,6.323861,3.436445,3.615982,2.527516,3.799072,2.945601,4.395787,2.154129,6.435723,1.696093,2.489044,3.665436,3.128956,3.193031,3.219953,3.152526,4.898195,0.486358,1.998388,2.790906,3.411237,2.859063,3.710342,2.565852,0.674885,3.082519,3.78766,4.967743,4.882381,3.099175,1.894817,5.291926,3.812354,2.726405,3.370038,3.529326,2.98729,2.040312,3.148195,6.404989,4.647937,4.181285,4.041715,0.544295,4.184394,0.640207,2.193145,3.620603,2.249216,3.91054,2.885255,2.394698,3.704642,2.729242,2.895255,1.489196,2.952304,2.591468,2.231776,1.296575,4.146358,4.391436,2.097222,5.376223,2.972888,1.667852,3.533954,5.225392,3.533193,3.380801,0.67281,0.740526,2.725353,1.661875,4.395822,0.375604,5.00606,3.016032,6.698992,4.249602,4.245438,4.359033,1.904115,3.316929,1.052373,2.786467,2.657292,5.109311,1.499243,0.641348
3.278109,3.908175,6.543454,4.318592,0.777286,1.244792,3.890537,5.055997,1.479237,6.873976,4.66796,6.959381,6.691805,3.738781,5.090717,2.178144,5.149417,6.204878,2.508737,5.359404,2.713456,3.602977,5.905265,2.059707,5.782192,6.09478,8.696409,4.569853,1.052354,4.970201,5.817373,8.775382,5.469433,4.794202,7.389417,4.062297,4.714066,7.297621,5.156635,3.813531,0.530954,4.615952,2.617001,1.736658,5.130109,0.528438,6.65955,6.760048,2.415705,4.660765,8.762889,1.80792,1.693876,5.189953,1.604983,2.954653,8.121369,4.055423,6.512508,6.820837,6.780857,3.025667,1.807331,3.538445,2.972828,4.625116,2.992313,0.754891,4.362458,6.04688,2.135442,3.811638,8.058588,3.368156,3.307081,3.107559,7.323133,5.278132,5.604682,6.378126,5.497804,1.1308,1.901467,3.38026,5.236987,3.001075,7.956103,6.508554,5.797725,1.525676,4.346414,2.319783,3.752791,7.307919,2.62314,6.576225,2.409571,2.955888,6.519344,6.969246,6.125287,1.949747,6.045638,3.301362,4.863864,7.525945,0.711427,6.693765,5.524304,7.201617,2.96052,7.497449,2.854388,4.496417,6.187326,5.651189,6.755006,3.111452,6.013315,5.230403,2.402607,6.048445,5.081224,3.513301,4.334451,4.771232,3.453122,1.50592,5.237204,2.381195,5.284544,1.195052,1.129305,5.172868,5.301012,7.618823,4.191292,4.445427,3.313974,4.109907,6.738831,7.491486,7.128279,8.060551,0.624987,1.462858,7.086607,3.656758,5.792488,7.51071,3.226476,2.662238,7.596128,1.630189,4.509656,1.828975,7.424682,3.92728,1.040174,4.650934,7.61421,1.724478,3.773153,8.262614,6.730002,6.620271,4.518417,3.581943,3.655504,5.767066,4.554976,4.723273,3.408581,6.368784,5.037731,1.906393,3.02862,6.144011,5.403799,7.343277,1.35454,8.460634,6.492381,5.65317,2.624047,6.469421,3.387463,5.214016,3.446353,3.608226,4.425634,6.330245,6.727299,2.883166,2.264995,5.396018,6.362728,4.058072,2.57247,2.097997,8.194041,1.545135,3.103618,0,3.011697,2.819929,4.602786,5.617002,6.139322,3.200201,5.101831,5.141791,4.333463,6.516794,6.200744,1.385816,6.474694,5.596287,7.071409,1.528705,4.445325,4.040425,5.164666,5.159722,5.804578,6.28706,6.300302,6.246555,7.573817,3.505649,4.24623,5.871255,6.505266,5.953092,6.804371,5.659881,3.77791,4.576805,6.881689,7.643365,7.558003,4.593461,3.821457,8.385955,6.892703,0.983105,4.948425,5.023612,0.996892,1.414888,5.492527,4.414591,7.741966,7.261634,7.135744,2.735462,7.278423,2.66975,1.567721,5.19899,5.343245,2.68107,5.965604,5.475047,6.798671,5.809591,5.002871,4.592221,5.05992,5.685497,5.325805,4.390604,7.226707,3.130074,5.191251,8.051845,4.504398,4.761881,5.02824,8.319421,2.271831,6.46115,2.986591,3.143279,4.219639,3.962477,7.489851,2.913169,7.681682,5.691654,4.708594,7.329951,7.339467,7.453062,4.998144,5.780685,3.382383,1.525105,5.332914,7.784933,3.934458,3.278109
5.090368,6.567161,8.374902,6.15004,2.502389,2.479057,6.549523,5.691151,4.299129,7.543018,6.499408,8.790829,8.523253,6.397767,5.725871,3.990403,6.980865,8.036326,3.103114,7.190852,4.525715,5.770816,7.717524,3.871966,6.451234,7.926228,10.527857,6.013563,2.86224,2.444192,7.629632,10.60683,7.281692,6.61021,8.648876,5.874556,2.188057,7.966663,7.815621,5.62579,2.559518,7.274938,4.140556,4.55655,5.333352,2.77615,7.328592,8.572307,4.249896,4.864008,10.594337,4.627812,3.506135,7.021401,2.357992,4.766912,9.933628,5.867682,8.343956,8.633096,8.593116,5.089269,3.617217,3.680953,5.79272,7.284102,3.134821,3.574783,1.836449,7.878328,4.541102,6.470624,9.870847,5.180415,3.449589,5.854086,9.154581,5.481375,7.43613,8.209574,5.701047,2.868813,4.254888,4.74535,7.049246,5.820967,9.768362,8.320813,7.609984,3.337935,7.0054,3.108963,5.56505,9.120178,4.457331,8.407673,5.229463,5.77578,7.188386,8.781505,7.937546,3.68776,7.857897,4.596232,5.752043,9.357393,2.449725,8.525213,5.675605,9.013876,3.797037,9.309708,4.666647,7.155403,6.856368,5.854432,8.586454,5.281859,7.825574,5.433646,4.214866,6.717487,5.284467,5.32556,6.993437,7.430218,4.752896,3.339793,7.049463,4.193454,6.855161,2.933065,3.949197,6.985127,7.113271,9.431082,6.003551,6.257686,5.126233,5.73351,7.407873,9.322934,8.940538,9.891999,2.973556,4.28275,8.454954,5.132628,7.604747,8.944427,5.396883,4.474497,9.408387,3.46438,6.341104,4.648867,9.25613,5.758728,3.860066,4.802235,8.856197,3.448702,1.247144,10.074873,8.56145,8.451719,6.330676,3.724451,3.806805,7.579325,2.028967,2.197264,5.57642,7.037826,6.869179,3.78946,5.199027,7.975459,7.235247,8.119242,3.188413,10.292082,8.30464,6.999129,4.436306,7.138463,5.199722,7.026275,5.614192,3.750734,1.899625,8.161693,8.539558,5.703058,4.077254,5.599261,8.174987,5.870331,4.740309,2.851006,10.025489,3.357394,5.002095,3.011697,0,5.639821,6.415045,7.429261,7.951581,5.36804,6.37174,6.95405,1.807454,8.329053,8.013003,3.195702,8.286953,7.408546,8.883668,4.348597,1.919316,5.852684,6.976925,7.818708,7.616837,8.118508,8.112561,8.078003,8.949362,5.413159,6.058489,7.683514,8.336714,7.78454,8.635819,7.491329,5.594365,7.235791,8.713137,9.455624,8.79999,7.252447,5.633716,10.217403,8.704962,3.802997,5.151668,7.682598,2.081689,4.23478,6.838486,1.888582,9.573414,9.073893,8.967192,4.814512,9.109871,4.503941,4.387613,5.402233,7.174693,2.823578,7.777863,7.287306,8.630119,7.62185,6.27278,6.408676,6.66147,7.516945,7.157253,6.222052,9.038966,4.93996,7.022699,9.864104,7.163384,6.593329,7.687226,10.150869,4.081717,8.273409,4.79885,5.311118,6.878625,5.774736,9.321299,4.74736,9.493941,7.503913,2.182585,9.14221,9.170915,9.28451,6.829592,7.592944,5.194642,3.334991,7.145173,9.597192,5.746717,5.090368
2.519197,1.401463,4.374182,2.810412,3.404844,3.872916,1.383825,4.575066,1.340692,6.380541,3.15978,4.790109,5.183625,1.232069,4.609786,3.218293,3.641237,3.803653,3.390539,3.851224,2.677311,1.573658,5.157095,3.109813,5.288757,4.5866,6.579481,4.088922,3.048919,7.598325,4.664476,6.929601,4.316536,3.36718,6.641247,3.578904,7.34219,6.804186,2.649923,3.3326,3.160572,2.10924,4.727354,1.654551,4.949279,2.867786,6.166115,6.011878,1.652361,5.238477,6.645961,1.725813,2.418051,3.441513,3.930089,2.467052,7.373199,3.561988,4.111283,6.072667,6.032687,1.571517,3.917684,4.420247,0.470245,2.118404,3.874115,2.654038,6.990582,3.877608,1.663203,1.304926,7.310418,2.427494,4.188883,0.28763,5.206205,5.32643,3.209156,3.976901,5.546102,3.754408,1.880824,5.490613,4.743552,0.494363,7.207933,5.760384,5.049555,2.955312,1.839702,3.201585,3.27186,6.155022,1.613361,5.068045,0.590894,0.453305,6.025909,5.816349,5.467977,4.432928,4.892741,5.411715,4.382933,6.017765,3.335035,4.552644,5.625246,6.453447,5.070873,6.344552,2.362401,1.989705,5.693891,5.634863,4.63289,0.727161,5.265145,5.216372,1.838467,5.55501,5.129522,2.968052,1.827739,2.26452,5.563475,3.060686,4.084307,2.322752,4.791109,3.81866,1.690624,4.019971,4.807577,6.465926,3.038395,3.951992,2.786653,6.22026,6.245396,5.769808,5.975382,5.943623,2.728248,1.547883,6.338437,5.767111,4.639591,6.76254,0.722657,2.126822,6.847958,2.802018,3.001476,3.280689,5.107856,2.4191,2.491888,6.761287,6.86604,2.60628,6.401277,7.514444,4.947449,4.498155,4.024982,4.463745,5.765857,5.273631,7.1831,7.351397,1.554739,5.875349,2.835722,2.189667,0.772921,4.635831,3.006518,6.595107,2.909306,6.343706,5.339484,5.159735,2.116601,5.975986,2.894028,4.465846,1.45322,4.490028,7.053758,4.18444,5.574402,0.063237,1.877264,5.444316,5.209831,3.574679,1.167391,4.108131,6.34826,2.784969,1.928542,2.819929,5.639821,0,3.449889,4.868832,5.391152,1.170882,4.6209,4.393621,6.961587,5.363897,5.543434,3.405911,5.726524,4.873053,6.323239,2.474486,7.073449,3.54699,4.416496,2.65301,5.056408,4.527934,5.147405,4.105434,6.825647,1.92293,3.762837,4.718358,4.997086,4.444912,4.403146,4.151701,2.588706,2.070093,4.762868,6.895195,6.809833,2.086749,3.340526,6.269027,5.739806,2.442716,4.996723,2.5169,3.625016,2.360669,4.999092,7.042715,5.625038,6.108737,5.529194,1.384247,5.163627,1.710822,2.513502,5.247288,2.931833,3.562872,4.812707,4.32215,4.588536,4.656694,4.52194,3.165199,4.578989,3.436768,3.817625,2.882424,6.07381,5.240427,2.799244,7.303675,1.997686,3.253701,2.521528,6.202493,4.382184,5.080604,2.479145,1.264012,1.712927,3.469042,5.37103,1.837439,6.933512,4.943484,7.336718,6.177054,5.022641,5.338266,3.489964,5.244381,2.874937,3.635458,4.584744,7.036763,3.405974,2.519197
1.333996,3.874111,3.438352,1.633203,4.179888,4.64814,3.917598,3.188542,4.217129,3.87107,1.324515,3.854279,2.805069,3.765842,3.223262,3.5201,1.805972,3.537584,5.246629,2.015959,2.892954,2.461033,2.29582,3.41162,2.779286,2.544056,4.987777,2.702398,3.583474,8.373549,1.334523,4.888646,0.986583,1.193805,3.779972,2.078865,8.117414,4.294715,5.183696,2.415087,4.235951,3.135232,5.272324,4.47455,3.562755,4.426345,3.656644,3.150603,2.5449,3.851953,5.054257,4.545812,2.934518,2.177387,5.008331,2.415304,4.511924,1.266208,3.599705,3.211392,3.171412,1.884882,4.462654,6.276337,3.870827,4.652177,5.730205,4.446149,6.916305,2.941778,2.758488,3.838699,4.449143,1.241991,6.044973,3.423485,3.614501,3.939906,2.937388,3.710832,4.159578,4.529452,2.782781,5.396713,2.572069,3.248693,4.346658,2.899109,2.18828,3.461195,4.373475,5.057675,2.8413,2.825069,2.26145,2.30827,3.991476,3.853887,3.516438,2.486396,2.606702,4.977898,1.562788,5.247595,2.996409,3.240715,4.110079,3.353368,4.238722,3.592172,5.60414,3.014599,2.343506,4.523478,3.18442,3.125392,3.046374,2.862869,2.40387,3.829848,2.347434,3.045539,3.742998,1.09455,4.361512,3.111234,6.108445,3.566834,0.754354,2.596915,2.281638,4.593704,3.867197,0.690018,2.117441,3.135973,0.411494,1.847126,1.389242,6.384873,3.735925,3.60475,2.645429,4.351919,3.996597,4.20075,3.477162,5.783991,1.309638,3.901265,2.739475,1.946833,3.986683,3.466858,1.816134,5.0728,4.31958,1.146131,4.283999,6.24734,4.004765,4.46237,7.176501,4.653169,2.87706,2.911639,1.920116,6.319835,5.613908,2.583495,7.530968,7.699265,2.215095,3.365878,2.369959,3.091624,2.86443,2.332261,2.736505,3.733832,3.415454,4.752002,2.009531,2.7314,2.232821,3.466515,2.043095,1.604571,2.412939,6.346118,7.828982,3.19319,2.244449,3.386652,2.533868,4.057792,1.879878,1.973252,2.474686,5.501345,4.307305,3.285778,1.522437,4.602786,6.415045,3.449889,0,2.007557,2.529877,2.35353,3.234376,1.532346,7.574445,2.033944,2.682159,3.940466,2.865249,2.011778,3.461964,3.662551,7.421317,1.449806,1.555221,4.309933,2.195133,2.675382,1.817452,3.1095,3.964372,1.69636,2.053549,1.388405,2.520715,2.34748,3.811998,2.500774,1.045235,3.56467,3.173057,4.03392,3.948558,4.620522,2.803034,4.677323,2.409853,4.234827,3.610199,4.173823,4.40024,3.548734,2.570757,7.817939,4.033334,2.778784,3.249008,2.065642,3.569791,2.144873,3.701567,3.860764,2.682105,5.418962,1.482754,0.992197,3.693569,1.326741,3.135416,1.100758,3.192465,2.59887,2.166698,1.208832,2.743857,5.785397,2.523957,4.4424,3.410179,1.867266,4.931713,4.610789,4.927154,1.9783,1.805237,2.26181,4.2467,1.76491,3.781219,1.8039,4.072237,2.082209,8.111942,2.847101,4.234365,3.74443,1.765739,2.415574,1.492814,4.180428,1.723469,4.175488,1.043199,1.333996
2.580181,5.293054,4.857295,3.052146,5.194104,5.662356,5.336541,3.619258,5.636072,2.630435,2.743458,5.273222,3.820598,5.184785,3.653978,4.161088,3.224915,4.956527,6.665572,3.434902,3.533942,3.879976,1.020673,4.052608,2.504918,3.559585,6.003306,3.133114,4.59769,9.09051,2.350052,5.904175,2.002112,2.612748,2.504825,2.509581,8.834375,3.05408,6.602639,2.849067,5.250167,4.554175,5.913312,5.893493,3.61941,5.440561,3.223959,1.875456,3.963843,3.841448,6.069786,5.964755,3.948734,3.59633,6.022547,3.056292,3.236777,1.873917,5.018648,1.936245,1.896265,3.303825,5.103642,7.69528,5.28977,6.07112,7.149148,5.65998,6.9058,4.360721,4.177431,5.257642,3.173996,2.579219,7.463916,4.842428,4.63003,3.929401,4.356331,5.129775,4.149073,5.543668,4.201724,5.386208,2.423011,4.667636,3.071511,1.623962,0.913133,4.317904,5.792418,6.476618,3.27528,3.840598,3.626498,3.323799,5.410419,5.27283,3.083753,3.501925,1.331555,5.618886,2.578317,5.23709,3.427125,4.256244,5.124295,4.368897,4.228217,2.317025,5.593635,4.030128,2.997254,5.942421,2.910052,2.851024,4.061903,4.281812,1.128723,3.567474,3.684662,2.771171,3.732493,2.186312,5.780455,4.530177,6.549494,4.58105,1.769883,3.452606,2.00727,5.60792,5.28614,1.705547,1.500314,4.151502,1.830437,2.078693,2.403458,6.374368,3.30324,4.620279,3.660958,5.367448,5.010813,5.619693,2.202015,5.773486,2.325167,2.626118,4.158418,2.973467,2.711536,4.687463,3.235077,6.491743,5.738523,2.565074,5.702942,6.236835,2.729618,5.881313,7.458312,3.378022,3.892589,3.927168,2.209373,7.738778,5.603403,1.387243,7.520463,7.68876,3.634038,3.09151,3.788902,4.510567,4.283373,3.34779,4.155448,2.458685,4.42967,5.767531,3.02506,2.570693,3.242352,3.192147,2.683095,0.402986,3.831882,7.765061,8.545943,4.330201,3.259978,4.805595,3.72427,4.047287,2.895407,2.402419,3.893629,6.515561,5.322834,4.296248,2.94138,5.617002,7.429261,4.868832,2.007557,0,1.25473,3.772473,3.665092,0.475211,7.56394,3.049473,1.407012,4.724935,1.590102,0.736631,2.186817,5.081494,7.410812,2.057515,0.81058,5.728876,0.919986,3.690911,2.832981,4.234794,2.689225,3.115303,2.482716,2.403934,3.536244,3.363009,5.230941,3.78727,2.464178,4.983613,4.188586,2.758773,2.673411,6.039465,3.23375,5.692852,3.425382,5.65377,3.599694,5.592766,5.414456,4.967677,2.41005,8.5349,5.048863,3.794313,4.264537,3.484585,4.58532,3.490451,5.12051,3.850259,4.101048,6.837905,2.498283,2.007726,5.112512,2.34227,3.566132,2.519701,3.623181,4.017813,3.585641,2.627775,3.759386,6.426385,3.9429,3.167253,4.829122,3.286209,6.350656,5.626318,5.568142,2.993829,2.813748,3.680753,5.665643,2.346327,4.796748,3.151781,2.79709,0.807062,8.828903,3.86263,5.653308,4.759959,3.184682,1.185788,2.496801,4.821416,0.448322,2.900341,1.940793,2.580181
3.102501,5.815374,5.379615,3.574466,5.716424,6.184676,5.858861,4.141578,6.158392,1.626979,3.265778,5.795542,4.342918,5.707105,4.176298,4.683408,3.747235,5.478847,7.187892,3.957222,4.056262,4.402296,0.890508,4.574928,2.897381,4.081905,6.525626,3.655434,5.12001,9.482973,2.872372,6.426495,2.524432,3.135068,1.501369,3.031901,9.226838,2.050624,7.124959,3.371387,5.772487,5.076495,6.329617,6.415813,4.011873,5.962881,2.220503,0.872,4.486163,4.233911,6.592106,6.487075,4.471054,4.11865,6.544867,3.578612,2.233321,2.396237,5.540968,0.932789,0.892809,3.826145,5.625962,8.2176,5.81209,6.59344,7.671468,6.1823,7.298263,4.883041,4.699751,5.779962,2.17054,3.101539,7.986236,5.364748,5.15235,4.321864,4.878651,5.652095,4.541536,6.065988,4.724044,5.778671,2.815474,5.189956,2.068055,0.620506,0.533565,4.840224,6.314738,6.998938,3.7976,4.362918,4.148818,3.846119,5.932739,5.79515,2.080297,4.024245,1.079007,6.141206,3.100637,5.629553,3.949445,4.778564,5.646615,4.891217,4.62068,1.313569,5.986098,4.433813,3.519574,6.464741,3.302515,3.243487,4.584223,4.804132,1.241459,3.959937,4.206982,3.163634,4.124956,2.708632,6.302775,5.052497,6.941957,5.10337,2.292203,3.974926,2.399733,6.13024,5.80846,2.227867,1.892419,4.673822,2.352757,2.471156,2.925778,6.766831,2.299784,5.142599,4.183278,5.889768,5.533133,6.142013,1.198559,6.165949,2.847487,1.622662,4.680738,3.495787,1.70808,5.209783,3.757397,7.014063,6.260843,3.087394,6.225262,6.629298,1.726162,6.403633,7.850775,2.374566,4.414909,4.449488,2.601836,8.261098,5.995866,1.436455,7.912926,8.081223,4.156358,3.483973,4.311222,5.032887,4.805693,3.87011,4.677768,1.455229,4.95199,6.289851,3.54738,2.963156,3.764672,3.58461,3.205415,1.38225,4.354202,8.287381,8.938406,4.852521,3.782298,5.327915,4.24659,4.43975,3.417727,2.924739,4.415949,7.037881,5.845154,4.818568,3.4637,6.139322,7.951581,5.391152,2.529877,1.25473,0,4.294793,4.187412,1.310025,7.956403,3.571793,1.154464,5.247255,0.586646,1.255733,1.183361,5.603814,7.803275,2.579835,1.3329,6.251196,0.453778,4.213231,3.355301,4.757114,1.685769,3.637623,3.005036,2.926254,4.058564,3.885329,5.753261,4.30959,2.986498,5.505933,4.710906,1.755317,1.669955,6.561785,3.75607,6.215172,3.947702,6.17609,3.992157,6.115086,5.936776,5.489997,2.802513,8.927363,5.571183,4.316633,4.786857,4.006905,5.10764,4.012771,5.64283,4.242722,4.623368,7.360225,3.020603,2.530046,5.634832,2.86459,4.088452,3.042021,4.145501,4.540133,4.107961,3.150095,4.20151,6.948705,4.46522,2.163797,5.351442,3.808529,6.872976,6.148638,6.090462,3.516149,3.336068,4.203073,6.187963,2.868647,5.319068,3.674101,1.793634,0.988914,9.221366,4.38495,6.175628,5.282279,3.707002,1.319497,3.019121,5.343736,0.906978,1.896885,2.463113,3.102501
1.470548,1.651985,3.932444,1.707582,3.132883,3.601135,1.634347,3.777248,2.458023,5.358844,2.05695,4.348371,4.080795,1.482591,3.811968,2.702385,2.538407,3.593868,3.83479,2.748394,2.146462,0.402776,4.060736,2.593905,4.26706,3.48377,6.085399,3.291104,2.536469,7.326544,3.568117,6.164372,3.220177,2.26435,5.544888,2.667571,7.070409,5.782489,2.900445,2.552648,3.188946,2.359762,4.425434,2.771882,4.151461,3.248058,5.144418,4.915519,1.142479,4.440659,6.151879,2.843144,1.902143,2.578943,3.961326,1.6871,6.27684,2.540291,3.901498,4.976308,4.936328,0.468687,3.615764,4.864498,1.587576,2.368926,4.318366,3.03431,6.718801,3.43587,1.156617,1.555448,6.214059,1.361437,4.633134,1.145045,4.712123,4.528612,2.993672,3.767116,4.748284,3.482447,1.370942,5.188693,3.721855,0.965442,6.111574,4.664025,3.953196,2.442862,2.090224,3.645836,2.491908,5.058663,1.053915,3.965215,1.708225,1.570636,5.004212,4.71999,4.371618,4.131008,3.796382,5.109795,3.585115,4.914935,3.063074,4.082755,4.827428,5.357088,4.768953,5.248193,1.582449,2.240227,4.672194,4.613166,4.143996,0.602719,4.168786,4.418554,1.235571,4.533313,4.331704,1.890521,2.078261,2.515042,5.261555,2.548236,2.987948,1.667968,3.769412,3.546699,2.455358,2.923612,3.78588,5.369567,1.942036,2.930295,1.763495,5.91834,5.223699,4.880476,4.879023,5.449541,2.92766,2.665214,5.242078,5.465191,3.543232,5.666181,0.448225,1.332616,5.751599,2.289568,1.898646,3.660961,4.813672,1.31627,2.87216,6.459367,5.769681,3.050531,6.129496,6.418085,4.118992,4.009261,3.003285,4.907996,5.463937,4.251934,6.911319,7.079616,0.38434,4.853652,2.426721,1.679785,0.640978,3.533001,2.792789,5.498748,2.396856,5.849624,4.243125,4.138038,1.322395,4.954289,1.959575,3.369487,0.284559,4.934279,6.781977,3.719235,4.478043,1.107645,1.361658,4.646498,4.113472,2.663346,0.627731,4.45434,5.583031,2.269061,0.832183,3.200201,5.36804,1.170882,2.35353,3.772473,4.294793,0,3.823082,3.297262,6.689806,4.267538,4.447075,2.893461,4.630165,3.776694,5.22688,2.250712,6.801668,2.525293,3.320137,2.903532,3.960049,3.67605,4.051046,3.635545,5.729288,0.754269,2.827588,3.621999,3.894256,3.342082,4.193361,3.048871,1.485876,2.320615,4.270679,5.798836,5.713474,2.337271,2.560574,5.774945,4.643447,2.822988,4.198905,2.767422,3.353235,2.136895,3.977395,6.770934,5.130956,5.012378,4.524734,0.619177,4.667413,0.945752,2.289728,4.44947,2.732235,4.007123,3.716348,3.225791,4.187661,3.560335,3.724122,2.062369,3.781171,3.074487,2.714795,1.779594,4.977451,4.938507,2.580241,6.207316,2.248208,2.150871,2.77205,5.708411,4.080264,3.977774,1.501677,0.095351,1.963449,2.491075,4.878841,1.043233,5.837153,3.847125,7.064937,5.080695,4.728457,4.842052,2.387134,4.148022,1.881573,3.333538,3.488385,5.940404,2.328443,1.470548
2.356762,5.106247,5.387593,3.162731,4.678933,5.147185,5.088609,0.844321,5.386094,3.594999,3.427181,5.80352,5.535917,4.936853,0.879041,3.428086,3.908638,5.067112,6.415594,4.118625,2.401002,3.940291,3.953355,3.319606,2.503215,4.938919,7.540548,0.531978,4.067647,6.756794,4.263044,7.619494,3.915104,3.432207,4.700857,1.155511,6.500659,4.018644,6.354707,1.391464,4.734996,4.66476,3.603438,5.643515,1.218534,4.92539,3.380573,4.808138,3.528265,1.507732,7.607028,5.714777,3.433583,4.034092,5.507376,2.153848,6.169459,1.969717,5.374742,4.868927,4.828947,3.35718,4.37064,7.445302,5.041838,5.823188,6.89917,5.144809,4.572084,4.891019,3.927453,5.00971,6.106678,2.467522,7.213938,4.594496,6.167272,1.595685,4.466916,5.24036,1.815357,5.028497,3.951746,3.052492,2.693599,4.419704,6.004193,4.556644,3.845815,3.584902,5.544486,6.22664,1.34904,5.75359,3.251388,5.236791,5.162487,5.024898,3.240367,5.414917,3.693656,4.317281,4.491309,2.903374,0.652188,6.169236,4.609124,5.537904,1.894501,5.249707,3.259919,5.94312,2.274196,5.694489,2.908349,1.906413,5.599145,4.03388,4.061405,1.485627,3.292581,2.769468,1.398777,2.139826,5.532523,4.640762,4.215778,4.065879,3.682875,2.721735,2.754001,5.092749,5.036162,3.618539,2.867562,6.064494,2.822882,1.902039,2.094758,4.040652,3.459854,6.335598,5.57395,6.90469,4.495642,5.369715,4.506935,3.43977,4.238159,4.996408,3.92474,2.728448,5.644218,4.172312,3.371412,6.218893,6.268821,2.675659,5.430092,3.903119,4.908178,5.631335,5.124596,6.310704,5.574141,5.46441,1.975029,7.4888,3.269687,3.333616,5.186747,5.355044,3.694353,3.089807,3.899487,4.184222,4.035441,4.98815,4.266033,4.171223,3.914499,7.304773,4.938052,3.05111,2.595905,3.190444,1.868015,3.262106,3.892197,7.515083,6.212227,5.174384,5.17297,4.557663,3.21804,1.713571,4.808399,1.26665,3.645697,6.00039,7.038153,3.563246,2.994215,5.101831,6.37174,4.6209,3.234376,3.665092,4.187412,3.823082,0,3.189881,5.230224,4.962465,3.769113,3.991933,4.522784,3.217696,5.119499,4.831516,5.077096,1.793801,3.212756,5.839461,3.852668,5.131199,4.745973,5.090694,5.001343,3.175618,1.454808,4.316926,5.329912,4.797231,5.666605,4.50402,2.574763,5.094198,5.725828,5.691455,4.851971,5.791533,1.280374,7.230094,5.338374,5.373023,1.265978,5.703351,4.899285,4.717699,2.890467,6.201184,6.586105,5.707305,5.979856,3.236653,6.122562,3.115341,4.870532,1.516543,4.211633,6.587927,4.411275,3.920718,5.64281,4.255262,0.123516,3.2399,1.179885,4.529636,4.169944,3.187219,5.672378,4.344781,4.053485,6.099935,4.939707,3.613827,6.226312,7.16356,3.938824,4.906821,2.322692,3.734108,5.417711,1.519083,6.33399,3.050447,5.729772,3.739744,6.495187,5.775622,6.183606,6.297201,3.842283,3.349054,1.967494,4.088414,3.381004,5.833023,2.208452,2.356762
2.10497,4.817843,4.382084,2.576935,4.718893,5.187145,4.86133,3.144047,5.160861,2.68573,2.268247,4.798011,3.345387,4.709574,3.178767,3.685877,2.749704,4.481316,6.190361,2.959691,3.058731,3.404765,1.075968,3.577397,2.560213,3.084374,5.528095,2.657903,4.122479,8.912554,1.874841,5.428964,1.526901,2.137537,2.56012,2.03437,8.656419,3.109375,6.127428,2.373856,4.774956,4.078964,5.438101,5.418282,3.51826,4.96535,3.279254,1.930751,3.488632,3.807458,5.594575,5.489544,3.473523,3.121119,5.547336,2.581081,3.292072,1.398706,4.543437,1.99154,1.95156,2.828614,4.628431,7.220069,4.814559,5.595909,6.673937,5.184769,6.87181,3.88551,3.70222,4.782431,3.229291,2.104008,6.988705,4.367217,4.154819,3.895411,3.88112,4.654564,4.115083,5.068457,3.726513,5.352218,2.478306,4.192425,3.126806,1.679257,0.968428,3.842693,5.317207,6.001407,2.800069,3.365387,3.151287,2.848588,4.935208,4.797619,3.139048,3.026714,1.38685,5.143675,2.103106,5.2031,2.951914,3.781033,4.649084,3.893686,4.194227,2.37232,5.559645,3.554917,2.522043,5.46721,2.965347,2.906319,3.586692,3.806601,1.184018,3.622769,3.209451,2.826466,3.698503,1.711101,5.305244,4.054966,6.274222,4.105839,1.294672,2.977395,2.062565,5.132709,4.810929,1.230336,1.555609,3.676291,1.355226,1.8,1.928247,6.340378,3.358535,4.145068,3.185747,4.892237,4.535602,5.144482,2.25731,5.739496,1.849956,2.681413,3.683207,2.498256,2.766831,4.212252,2.759866,6.016532,5.263312,2.089863,5.227731,6.202845,2.784913,5.406102,7.424322,3.433317,3.417378,3.451957,1.87299,7.263567,5.569413,1.442538,7.486473,7.65477,3.158827,3.146805,3.313691,4.035356,3.808162,2.872579,3.680237,2.51398,3.954459,5.29232,2.549849,2.625988,2.767141,3.247442,2.207884,0.072225,3.356671,7.28985,8.367987,3.85499,2.784767,4.330384,3.249059,4.013297,2.420196,1.927208,3.418418,6.04035,4.847623,3.821037,2.466169,5.141791,6.95405,4.393621,1.532346,0.475211,1.310025,3.297262,3.189881,0,7.52995,2.574262,1.462307,4.249724,1.645397,0.791926,2.242112,4.606283,7.376822,1.582304,0.335369,5.253665,0.975281,3.2157,2.35777,3.759583,2.74452,2.640092,2.007505,1.928723,3.061033,2.887798,4.75573,3.312059,1.988967,4.508402,3.713375,2.814068,2.728706,5.564254,2.758539,5.217641,2.950171,5.178559,3.565704,5.117555,4.939245,4.492466,2.465345,8.356944,4.573652,3.319102,3.789326,3.009374,4.110109,3.01524,4.645299,3.816269,3.625837,6.362694,2.023072,1.532515,4.637301,1.867059,3.090921,2.04449,3.14797,3.542602,3.11043,2.152564,3.284175,5.951174,3.467689,3.222548,4.353911,2.810998,5.875445,5.151107,5.092931,2.518618,2.338537,3.205542,5.190432,1.871116,4.321537,2.67657,2.852385,0.862357,8.650947,3.387419,5.178097,4.284748,2.709471,1.241083,2.02159,4.346205,0.503617,2.955636,1.465582,2.10497
6.412134,7.888927,9.696668,7.471806,3.824155,3.800823,7.871289,4.549635,5.620895,6.401502,7.76725,10.112595,9.845019,7.719533,4.584355,5.250393,8.248707,9.358092,4.42488,8.458694,5.788431,7.092582,7.752116,5.131956,5.309718,9.247994,11.849623,4.872047,4.184006,2.222836,8.603113,11.928596,8.255173,7.772276,7.50736,5.49558,1.966701,6.825147,9.137387,5.731533,3.881284,8.596704,2.99904,5.878316,4.191836,4.097916,6.187076,7.725397,5.571662,3.722492,11.916103,5.949578,4.827901,8.343167,3.679758,6.032782,9.374628,6.309786,9.665722,8.074096,8.034116,6.411035,3.80871,5.002719,7.114486,8.605868,4.456587,4.896549,0.705452,9.200094,5.862868,7.79239,9.026865,6.502181,4.771355,7.175852,10.476347,4.339859,8.757896,9.53134,4.559531,4.190579,5.576654,3.603834,6.59109,7.142733,9.025114,7.761813,7.495772,4.659701,8.327166,4.430729,5.689109,10.093659,5.779097,9.57686,6.551229,7.097546,6.04687,9.754986,7.224859,3.720146,8.831378,3.454716,4.610527,10.509305,3.771491,9.846979,4.534089,8.454876,2.655521,10.283189,5.955222,8.477169,5.714852,4.712916,9.90822,6.603625,7.860166,4.29213,5.536632,5.575971,4.142951,6.479895,8.315203,8.751984,3.61138,4.661559,8.022944,5.51522,5.713645,4.254831,5.270963,7.958608,6.297245,10.404563,7.162951,6.242108,6.434827,4.591994,6.266357,10.6447,9.914019,11.213765,4.295322,5.604516,7.313438,3.991112,8.578228,7.802911,6.718649,5.796263,8.849387,4.786146,7.66287,5.970633,10.577896,7.015728,5.181832,3.660719,7.714681,4.770468,1.023326,9.42632,9.883216,9.773485,6.315098,5.046217,2.665289,6.763299,1.356908,1.525205,6.898186,5.89631,8.190945,5.111226,6.520793,9.297225,8.557013,6.977726,4.510179,11.613848,9.278121,5.857613,5.758072,5.996947,6.208084,7.602175,6.935958,5.0725,1.678269,9.483459,9.513039,7.024824,5.39902,4.457745,9.148468,5.606719,6.062075,4.172772,11.347255,4.67916,6.323861,4.333463,1.807454,6.961587,7.574445,7.56394,7.956403,6.689806,5.230224,7.52995,0,9.302534,7.300316,4.517468,7.525631,7.010017,8.289417,5.670363,1.247257,6.13387,7.552825,9.140474,7.502625,9.440274,9.086042,9.399769,7.807846,6.734925,5.794877,8.656995,9.65848,9.106306,9.957585,8.813095,6.914832,8.557557,10.034903,8.791112,7.658474,8.574213,5.620443,11.539169,9.678443,5.124763,4.010152,9.004364,3.403455,5.556546,5.69697,1.667226,10.89518,10.047374,10.288958,6.136278,10.431637,5.825707,5.709379,4.260717,8.496459,4.145344,8.751344,8.260787,9.951885,8.595331,5.131264,7.579969,5.519954,8.838711,8.479019,7.527288,10.012447,4.889985,8.344465,8.962682,8.48515,7.915095,9.008992,11.472635,4.476272,9.24689,6.120616,6.632884,8.200391,5.859152,10.643065,6.069126,8.934941,7.350591,1.961229,10.115691,10.492681,10.606276,8.151358,6.894593,6.307563,4.090936,7.18755,8.93268,6.548521,6.412134
3.248004,5.788119,5.060222,3.547211,6.093896,6.562148,5.831606,4.916631,6.131137,4.947498,3.238523,5.476149,2.734639,5.67985,4.951351,5.285017,3.44458,5.451592,7.160637,3.864004,4.657871,4.375041,3.337736,5.176537,4.380797,3.160109,4.379038,4.430487,5.497482,10.287557,0.891317,4.010288,1.415768,3.107813,4.821888,3.806954,10.031422,5.371143,7.097704,4.14644,6.149959,5.04924,7.037241,6.388558,5.290844,6.340353,5.258155,4.192519,4.458908,5.580042,4.445518,6.45982,4.848526,4.091395,6.922339,4.180221,3.427322,2.997846,5.461889,4.061124,4.213328,3.79889,6.227571,8.190345,5.784835,6.566185,7.644213,6.360157,8.644394,4.599483,4.672496,5.752707,4.46221,3.155999,7.958981,5.337493,3.305322,5.667995,4.851396,5.62484,5.887667,6.44346,4.696789,7.124802,4.296643,5.162701,4.359725,3.941025,3.230196,5.375203,6.287483,6.971683,4.572653,1.486602,4.175458,2.143106,5.905484,5.767895,5.117949,1.271147,3.648618,6.742815,1.397624,6.975684,4.724498,1.902248,6.024087,3.900922,5.966811,3.615772,7.332229,0.980655,4.121183,6.437486,4.785931,4.726903,3.340733,4.776877,3.445786,5.443353,4.261442,4.64705,5.471087,3.008558,6.27552,5.025242,7.873362,5.480842,1.471486,4.510923,3.883149,6.507712,5.781205,1.730617,3.45758,1.797506,2.325502,3.573666,3.30325,8.112962,5.337436,2.726392,1.306962,3.74318,5.910605,6.114758,4.519078,7.51208,0.861998,4.943181,4.653483,3.860841,3.624213,5.380866,3.730142,6.986808,6.164268,3.060139,6.198007,7.975429,5.046681,6.376378,9.090509,3.960405,2.80663,3.205998,3.646656,8.233843,7.341997,3.704306,9.259057,9.427354,4.129103,4.967389,4.283967,5.005632,4.778438,2.946448,4.650513,4.775748,5.329462,4.143263,1.844367,4.444325,4.146829,5.068026,3.807024,2.646487,4.326947,8.260126,9.74299,3.883574,0.477427,5.30066,4.447876,5.785881,0.840467,3.699792,4.388694,7.415353,3.428947,5.199786,3.436445,6.516794,8.329053,5.363897,2.033944,3.049473,3.571793,4.267538,4.962465,2.574262,9.302534,0,3.724075,5.848864,3.907165,3.053694,4.467457,5.576559,9.149406,3.181444,2.597137,6.223941,3.237049,3.244284,0.510082,3.788167,5.006288,3.610368,3.780089,1.156328,2.355551,2.963533,5.660501,3.387794,2.959243,5.478678,3.328031,4.046987,4.990474,6.53453,4.531123,4.068584,1.071386,6.148835,5.338288,6.087831,6.314248,5.462742,4.283682,9.731947,3.424595,0.74484,2.37065,3.97965,2.959808,4.058881,5.615575,5.588853,4.596113,7.33297,0.73567,1.579238,5.315439,2.277776,4.863505,3.014766,4.920554,4.481975,3.848664,3.12284,0.709913,7.550314,4.437965,4.455467,5.324187,3.781274,6.845721,4.00445,6.692071,1.813136,3.719245,4.175818,6.160708,3.508055,3.776112,3.717908,3.714627,3.124125,10.02595,1.508634,6.079053,3.134447,3.679747,3.502851,3.406822,5.945345,2.765385,4.188555,2.957207,3.248004
3.238896,5.967656,5.531897,3.726748,5.777846,6.246098,6.011143,3.723279,6.310674,1.491409,3.41806,5.947824,4.4952,5.859387,3.757999,4.528031,3.899517,5.631129,7.340174,4.109504,3.676716,4.554578,1.075288,4.419551,2.241294,4.234187,6.677908,3.237135,5.167592,8.826886,3.024654,6.578777,2.676714,3.28735,1.563094,2.613602,8.570751,1.915054,7.277241,2.953088,5.833909,5.228777,5.67353,6.568095,3.355786,6.024303,2.084933,1.483004,4.626853,3.577824,6.744388,6.639357,4.532496,4.270932,6.606289,3.423235,3.132235,2.207862,5.69325,1.831703,1.791723,3.978427,5.470585,8.369882,5.964372,6.745722,7.82375,6.243722,6.642176,5.035323,4.852033,5.932244,3.007426,3.253821,8.138518,5.51703,5.304632,3.665777,5.030933,5.804377,3.885449,6.12741,4.876326,5.122584,2.211392,5.342238,2.904941,1.51942,0.693833,4.684847,6.46702,7.15122,3.379301,4.5152,4.3011,3.998401,6.085021,5.947432,1.944727,4.176527,0.179569,5.985829,3.252919,4.973466,3.531146,4.930846,5.708037,5.043499,3.964593,2.212483,5.330011,4.70473,3.364197,6.617023,2.646428,2.5874,4.736505,4.956414,1.426239,3.30385,4.359264,2.507547,3.468869,2.846425,6.455057,5.204779,6.28587,5.164792,2.444485,3.819549,1.743646,6.191662,5.960742,2.380149,1.003071,4.826104,2.505039,1.867074,2.958994,6.110744,2.164214,5.294881,4.33556,6.04205,5.594555,6.294295,1.071045,5.509862,2.999769,1.876117,4.83302,3.623725,2.606994,5.271225,3.909679,7.166345,6.413125,3.239676,6.377544,5.973211,1.787887,6.555915,7.194688,3.227411,4.567191,4.60177,1.997754,8.41338,5.339779,0.537017,7.256839,7.425136,4.30864,2.827886,4.463504,5.185169,4.957975,4.022392,4.83005,1.319659,5.013412,6.442133,3.699662,2.343979,3.666022,2.928523,3.027721,1.534532,4.506484,8.439663,8.282319,5.004803,3.93458,5.480197,4.316628,3.783663,3.570009,2.50644,4.568231,7.099303,5.997436,4.663191,3.615982,6.200744,8.013003,5.543434,2.682159,1.407012,1.154464,4.447075,3.769113,1.462307,7.300316,3.724075,0,5.091878,1.283238,0.91354,2.073412,5.756096,7.147188,2.272076,1.485182,6.403478,0.700686,4.365513,3.507583,4.909396,1.881052,3.789905,2.586737,3.078536,4.210846,4.037611,5.905543,4.461872,3.13878,5.658215,4.863188,2.592203,1.73168,6.714067,3.337771,6.367454,4.099984,6.328372,3.33607,6.267368,5.998198,5.642279,2.183336,8.271276,5.723465,4.468915,4.939139,4.159187,5.259922,4.165053,5.795112,3.586635,4.77565,7.512507,3.172885,2.682328,5.787114,3.016872,3.670153,3.194303,3.727202,4.692415,4.260243,3.302377,4.433988,6.414873,4.617502,3.000683,5.503724,3.960811,7.025258,6.30092,5.935085,3.668431,3.245691,4.355355,6.340245,2.450348,5.47135,3.826383,2.692548,0.958942,8.565279,4.537232,6.32791,5.434561,3.859284,0.420059,2.863744,5.188359,0.95869,2.733771,2.342657,3.238896
2.615789,4.092582,5.900323,3.675461,0.960545,1.428797,4.074944,3.946099,2.155477,5.76511,4.024829,6.31625,6.048674,3.923188,3.980819,1.062976,4.506286,5.561747,3.184977,4.716273,1.601014,3.296237,5.013198,0.944539,4.673326,5.451649,8.053278,3.459955,0.36653,5.154206,5.149443,8.132251,4.801503,4.135631,6.49735,2.952399,4.898071,6.188755,5.341042,2.703633,1.016608,4.800359,1.791787,2.412898,4.304895,1.209375,5.550684,5.867981,1.775317,3.835551,8.119758,2.48416,1.031556,4.546822,1.788988,1.845365,7.229302,2.946557,5.869377,5.92877,5.88879,2.61469,0.982117,4.214685,3.649068,4.809523,3.668553,1.431131,4.132687,5.403749,2.066523,3.996045,7.166521,2.705836,3.983321,3.379507,6.680002,4.452918,4.961551,5.734995,4.67259,1.310109,1.780309,2.555046,4.128121,3.406039,7.064036,5.616487,4.905658,0.805069,4.530821,2.773058,2.642893,6.639989,1.982752,5.933094,3.085811,3.632128,5.410478,6.301316,5.016421,1.497361,5.377708,2.476148,3.753966,6.882814,0.890736,6.050634,4.69909,6.30955,2.135306,6.829519,1.767805,4.680824,5.07846,4.825975,6.111875,2.80728,5.121248,4.405189,1.740287,4.939579,4.25601,2.850981,4.518858,4.955639,2.627908,0.865214,4.569274,1.688271,4.175678,1.374361,1.805545,4.504938,4.192146,6.950893,3.528972,3.336561,2.651654,3.284693,5.629965,6.848355,6.460349,7.41742,0.801506,2.139098,6.162923,2.831544,5.124558,6.618643,2.922304,1.999918,6.704061,0.989801,3.866525,2.505215,6.781551,3.284149,1.716414,3.82572,6.722143,2.400718,3.957158,7.370547,6.086871,5.97714,3.409551,4.258183,2.83029,4.6582,4.738981,4.907278,3.101841,5.259918,4.3946,1.314881,2.724448,5.50088,4.760668,6.341334,0.713834,7.817503,5.824451,4.544304,1.961727,5.360555,2.278597,4.321949,3.139613,4.284466,4.609639,5.687114,6.059369,3.342674,1.602675,4.570804,5.694798,2.948174,2.26573,2.282002,7.55091,0.863498,2.527516,1.385816,3.195702,3.405911,3.940466,4.724935,5.247255,2.893461,3.991933,4.249724,4.517468,5.848864,5.091878,0,5.582627,4.534263,6.179342,2.204945,4.62933,2.931559,4.272599,5.344129,4.912511,5.643929,5.632372,5.603424,6.68175,2.93858,3.136332,5.203325,5.862135,5.309961,6.16124,5.01675,3.119786,4.761212,6.238558,6.751298,6.665936,4.777868,2.711559,7.742824,6.224773,1.659345,4.123211,5.208019,1.180897,2.091128,4.383661,4.598596,7.098835,6.593704,6.492613,2.339933,6.635292,2.029362,2.243961,4.373776,4.700114,3.35731,5.297674,4.807117,6.15554,5.141661,3.892973,3.934097,3.950022,5.042366,4.682674,3.747473,6.558777,2.30486,4.54812,7.159778,4.688805,4.11875,5.212647,7.67629,1.446617,5.79322,2.281592,2.836539,4.404046,2.853611,6.84672,2.272781,6.789615,4.799587,4.892599,6.662021,6.696336,6.809931,4.355013,4.671819,2.592851,0.699891,4.440847,6.892866,3.063723,2.615789
3.437873,6.150746,5.714987,3.909838,6.051796,6.520048,6.194233,4.038539,6.493764,1.124129,3.60115,6.130914,4.67829,6.042477,4.073259,5.01878,4.082607,5.814219,7.523264,4.292594,4.391634,4.737668,1.22588,4.9103,2.444499,4.417277,6.860998,3.990806,5.455382,9.052201,3.207744,6.761867,2.859804,3.47044,0.952899,3.367273,8.796066,1.547774,7.460331,3.706759,6.107859,5.411867,5.898845,6.751185,3.581101,6.298253,1.717653,0.32353,4.821535,3.803139,6.927478,6.822447,4.806426,4.454022,6.880239,3.913984,1.932793,2.731609,5.87634,0.632261,0.592281,4.161517,5.961334,8.552972,6.147462,6.928812,8.00684,6.517672,6.867491,5.218413,5.035123,6.115334,1.792497,3.436911,8.321608,5.70012,5.487722,3.891092,5.214023,5.987467,4.110764,6.40136,5.059416,5.347899,3.150846,5.525328,1.690012,0.319978,0.868937,5.175596,6.65011,7.33431,4.132972,4.69829,4.48419,4.181491,6.268111,6.130522,1.577447,4.359617,1.365031,6.476578,3.436009,5.198781,4.099431,5.113936,5.981987,5.226589,4.189908,1.013041,5.555326,4.133285,3.854946,6.800113,2.849633,2.812715,4.919595,5.139504,1.576831,3.529165,4.542354,2.710752,3.694184,3.044004,6.638147,5.387869,6.511185,5.438742,2.627575,4.310298,2.735105,6.465612,6.143832,2.563239,2.227791,5.009194,2.688129,2.806528,3.26115,6.336059,1.796934,5.477971,4.51865,6.22514,5.868505,6.477385,0.641497,5.735177,3.182859,1.118543,5.01611,3.831159,1.407552,5.545155,4.092769,7.349435,6.596215,3.422766,6.560634,6.198526,1.177692,6.739005,7.420003,2.012482,4.750281,4.78486,2.937208,8.59647,5.565094,1.771827,7.482154,7.650451,4.49173,3.031091,4.646594,5.368259,5.141065,4.205482,5.01314,0.952379,5.287362,6.625223,3.882752,3.014504,4.100044,3.131728,3.540787,1.717622,4.689574,8.622753,8.507634,5.187893,4.11767,5.663287,4.581962,4.008978,3.753099,3.260111,4.751321,7.373253,6.180526,5.15394,3.799072,6.474694,8.286953,5.726524,2.865249,1.590102,0.586646,4.630165,4.522784,1.645397,7.525631,3.907165,1.283238,5.582627,0,1.591105,0.821425,5.939186,7.372503,2.915207,1.668272,6.586568,0.78915,4.548603,3.690673,5.092486,1.18165,3.972995,3.340408,3.261626,4.393936,4.220701,6.088633,4.644962,3.32187,5.841305,5.046278,1.377274,1.121485,6.897157,4.091442,6.550544,4.283074,6.511462,3.561385,6.450458,6.272148,5.825369,2.853861,8.496591,5.906555,4.652005,5.122229,4.342277,5.443012,4.348143,5.978202,3.81195,4.95874,7.695597,3.355975,2.865418,5.970204,3.199962,4.423824,3.377393,4.480873,4.875505,4.443333,3.485467,3.900982,6.640188,4.800592,1.785754,5.686814,4.143901,7.208348,6.48401,6.234231,3.851521,3.67144,4.538445,6.523335,3.204019,5.65444,4.009473,1.493106,1.324286,8.790594,4.720322,6.511,5.617651,4.042374,1.654869,3.354493,5.679108,1.24235,1.518842,2.798485,3.437873
2.559466,5.297275,4.861516,3.056367,5.173389,5.641641,5.340762,3.171862,5.640293,2.404949,2.747679,5.277443,3.824819,5.189006,3.206582,3.970416,3.229136,4.960748,6.669793,3.439123,3.125299,3.884197,1.021676,3.861936,1.950995,3.563806,6.007527,2.685718,4.576975,8.536587,2.354273,5.908396,2.006333,2.616969,2.476634,2.062185,8.280452,2.828594,6.60686,2.401671,5.229452,4.558396,5.383231,5.897714,3.065487,5.419846,2.828353,1.876459,3.968064,3.287525,6.074007,5.968976,3.928019,3.600551,6.001832,2.86562,3.23778,1.651015,5.022869,1.937248,1.897268,3.308046,4.91297,7.699501,5.293991,6.075341,7.153369,5.639265,6.351877,4.364942,4.181652,5.261863,3.174999,2.58344,7.468137,4.846649,4.634251,3.375478,4.360552,5.133996,3.59515,5.522953,4.205945,4.832285,1.869088,4.671857,3.072514,1.624965,0.885712,4.127232,5.796639,6.480839,2.827884,3.844819,3.630719,3.32802,5.41464,5.277051,2.688147,3.506146,0.838083,5.428214,2.582538,4.683167,2.979729,4.260465,5.10358,4.373118,3.674294,2.318028,5.039712,4.034349,2.806582,5.946642,2.356129,2.297101,4.066124,4.286033,1.129726,3.013551,3.688883,2.217248,3.17857,2.165597,5.784676,4.534398,5.995571,4.560335,1.774104,3.261934,1.453347,5.587205,5.290361,1.709768,0.946391,4.155723,1.834658,1.52477,2.382743,5.820445,2.907634,4.6245,3.665179,5.371669,4.990098,5.623914,1.984585,5.219563,2.329388,2.627121,4.162639,2.952752,2.712539,4.666748,3.239298,6.495964,5.742744,2.569295,5.707163,5.682912,2.701427,5.885534,6.904389,3.379025,3.89681,3.931389,1.65545,7.742999,5.04948,0.893771,6.96654,7.134837,3.638259,2.537587,3.793123,4.514788,4.287594,3.352011,4.159669,2.233199,4.408955,5.771752,3.029281,2.01677,3.108407,2.638224,2.476304,0.864151,3.836103,7.769282,7.99202,4.334422,3.264199,4.809816,3.703555,3.493364,2.899628,1.955023,3.89785,6.494846,5.327055,4.105576,2.945601,5.596287,7.408546,4.873053,2.011778,0.736631,1.255733,3.776694,3.217696,0.791926,7.010017,3.053694,0.91354,4.534263,1.591105,0,2.18782,5.085715,6.856889,1.719724,0.814801,5.733097,0.892565,3.695132,2.837202,4.239015,2.690228,3.119524,2.03532,2.408155,3.540465,3.36723,5.235162,3.791491,2.468399,4.987834,4.192807,2.759776,2.64522,6.043686,2.786354,5.697073,3.429603,5.657991,3.045771,5.596987,5.393741,4.971898,1.856127,7.980977,5.053084,3.798534,4.268758,3.488806,4.589541,3.494672,5.124731,3.296336,4.105269,6.842126,2.502504,2.011947,5.116733,2.346491,3.118736,2.523922,3.175785,4.022034,3.589862,2.631996,3.763607,6.124574,3.947121,3.168256,4.833343,3.29043,6.354877,5.630539,5.37747,2.99805,2.682422,3.684974,5.669864,1.898931,4.800969,3.156002,2.798093,0.726517,8.27498,3.866851,5.657529,4.76418,3.188903,0.692316,2.306129,4.630744,0.360241,2.901344,1.779388,2.559466
4.034588,6.747461,6.311702,4.506553,6.648511,7.116763,6.790948,4.802325,7.090479,1.887915,4.197865,6.727629,5.275005,6.639192,4.837045,5.615495,4.679322,6.410934,8.119979,4.889309,4.988349,5.334383,1.822595,5.507015,3.208285,5.013992,7.457713,4.587521,6.052097,9.815987,3.804459,7.358582,3.456519,4.067155,0.782057,3.963988,9.559852,1.46427,8.057046,4.303474,6.704574,6.008582,6.662631,7.3479,4.344887,6.894968,2.481439,0.64454,5.41825,4.566925,7.524193,7.419162,5.403141,5.050737,7.476954,4.510699,2.384311,3.328324,6.473055,1.228976,1.188996,4.758232,6.558049,9.149687,6.744177,7.525527,8.603555,7.114387,7.631277,5.815128,5.631838,6.712049,1.037731,4.033626,8.918323,6.296835,6.084437,4.654878,5.810738,6.584182,4.87455,6.998075,5.656131,6.111685,3.747561,6.122043,0.935246,0.916693,1.465652,5.772311,7.246825,7.931025,4.729687,5.295005,5.080905,4.778206,6.864826,6.727237,2.341233,4.956332,2.011094,7.073293,4.032724,5.962567,4.863217,5.710651,6.578702,5.823304,4.953694,1.446641,6.319112,3.989847,4.451661,7.396828,3.613419,3.576501,5.51631,5.736219,2.173546,4.292951,5.139069,3.474538,4.45797,3.640719,7.234862,5.984584,7.274971,6.035457,3.22429,4.907013,3.33182,7.062327,6.740547,3.159954,2.824506,5.605909,3.284844,3.403243,3.857865,7.099845,2.56072,6.074686,5.115365,6.821855,6.46522,7.0741,1.015383,6.498963,3.779574,0.730017,5.612825,4.427874,1.077124,6.14187,4.689484,7.94615,7.19293,4.019481,7.157349,6.962312,0.886289,7.33572,8.183789,1.241757,5.346996,5.381575,3.533923,9.193185,6.32888,2.368542,8.24594,8.414237,5.088445,3.794877,5.243309,5.964974,5.73778,4.802197,5.609855,1.742553,5.884077,7.221938,4.479467,3.77829,4.696759,3.521272,4.137502,2.314337,5.286289,9.219468,9.27142,5.784608,4.714385,6.260002,5.178677,4.772764,4.349814,3.856826,5.348036,7.969968,6.777241,5.750655,4.395787,7.071409,8.883668,6.323239,3.461964,2.186817,1.183361,5.22688,5.119499,2.242112,8.289417,4.467457,2.073412,6.179342,0.821425,2.18782,0,6.535901,8.136289,3.511922,2.264987,7.183283,1.385865,5.145318,4.287388,5.689201,0.793124,4.56971,3.937123,3.858341,4.990651,4.817416,6.685348,5.241677,3.918585,6.43802,5.642993,0.622508,0.912552,7.493872,4.688157,7.147259,4.879789,7.108177,4.325171,7.047173,6.868863,6.422084,3.617647,9.260377,6.50327,4.850643,5.718944,4.938992,6.039727,4.944858,6.574917,4.575736,5.555455,8.292312,3.95269,3.462133,6.566919,3.796677,5.020539,3.974108,5.077588,5.47222,5.040048,4.082182,3.757544,7.403974,5.397307,1.030988,6.283529,4.740616,7.805063,7.080725,6.998017,4.448236,4.268155,5.13516,7.12005,3.800734,6.251155,4.606188,0.966576,1.921001,9.55438,5.317037,7.107715,6.214366,4.639089,2.251584,3.951208,6.275823,1.839065,0.764076,3.3952,4.034588
2.730309,3.447265,5.593965,3.369103,2.11362,2.581692,3.429627,4.785682,1.133794,6.591636,3.718471,6.009892,5.742316,3.277871,4.820402,2.225574,4.199928,5.255389,2.163294,4.409915,2.632036,2.653488,5.369757,2.107137,5.499852,5.145291,7.74692,4.299538,1.871483,6.307101,4.877138,7.825893,4.529198,3.844713,6.853909,3.789999,6.050966,7.015281,4.695725,3.543216,1.869348,4.155042,3.43613,1.391215,5.159895,1.576562,6.37721,6.22454,1.495837,5.449093,7.8134,1.462477,1.716892,4.240464,2.702844,2.677668,7.585861,3.773083,5.563019,6.285329,6.245349,2.076178,2.62646,3.193002,2.627385,4.164206,2.64687,1.362814,5.699358,5.097391,1.185953,3.350728,7.52308,2.638606,2.961638,2.73419,6.373644,5.537046,4.655193,5.428637,5.756718,2.463184,0.951978,4.199389,4.954647,2.655632,7.420595,5.973046,5.262217,1.802129,3.885504,1.97434,3.482476,6.367684,1.692223,5.626736,2.064128,2.610445,6.237004,6.029011,5.680639,3.141704,5.105403,4.120491,4.593549,6.576456,2.043811,5.744276,5.835862,6.666109,3.779649,6.557214,2.573017,4.035507,5.904986,5.845958,5.805517,2.161963,5.477807,5.426988,1.912451,5.766105,5.340138,3.179164,3.873541,4.310322,4.272251,1.907503,4.296969,2.277477,5.002204,2.527436,0.783862,4.232633,5.018672,6.678588,3.251057,4.163087,2.997765,4.929036,6.456491,6.541997,6.188044,7.111062,1.437024,1.117415,6.551099,4.475887,4.852253,6.975202,2.276987,2.337934,7.06062,1.646572,3.560167,1.989465,6.475193,2.977791,1.200664,5.470063,7.078702,1.379035,5.110053,7.727106,5.780513,5.670782,4.236077,3.2365,4.474633,5.484726,5.891876,6.060173,2.459092,6.086444,4.088242,0.956904,2.079131,5.194522,4.45431,6.807769,1.756123,7.511145,5.552146,5.37083,2.327696,6.187081,3.105123,4.678508,2.496864,3.262783,5.762534,5.380756,5.787064,2.537723,1.826903,5.654932,5.422493,3.785774,1.622981,2.880886,7.244552,1.63875,2.154129,1.528705,4.348597,2.474486,3.662551,5.081494,5.603814,2.250712,4.831516,4.606283,5.670363,5.576559,5.756096,2.204945,5.939186,5.085715,6.535901,0,5.782225,3.758085,4.629158,4.698812,5.26907,5.337571,5.360067,5.297066,7.038309,2.55616,3.973932,4.93102,5.555777,5.003603,5.854882,4.710392,2.828421,4.115895,5.9322,7.107857,7.022495,4.132551,3.551142,7.436466,5.952468,1.151492,5.207339,4.562702,2.333792,0.128397,5.210187,5.751491,6.792477,6.321399,6.186255,1.785973,6.328934,1.872605,0.412824,5.457904,4.393756,2.335627,5.025369,4.534812,5.849182,4.869356,4.732556,3.642732,4.789605,4.736008,4.376316,3.441115,6.286472,3.949203,4.241762,7.516337,4.043488,3.812392,4.56733,7.369932,3.09096,5.520915,2.69024,2.19379,3.758729,3.680137,6.540362,2.048551,7.146174,5.156146,6.045494,6.389716,6.389978,6.503573,4.048655,5.457043,3.086032,2.344234,4.797406,7.249425,3.617086,2.730309
6.523996,8.000789,9.574534,7.349672,3.936017,3.912685,7.983151,4.396507,5.732757,6.248374,7.614122,9.990461,9.722858,7.831395,4.431227,5.097265,8.095579,9.254053,4.536742,8.305566,5.635303,7.204444,7.598988,4.978828,5.15659,9.12586,11.727489,4.718919,4.295868,2.30437,8.449985,11.806435,8.102045,7.619148,7.354232,5.342452,2.048235,6.672019,9.249249,5.578405,3.993146,8.708566,2.845912,5.990178,4.038708,4.209778,6.033948,7.572269,5.683524,3.569364,11.793969,6.06144,4.939763,8.221033,3.79162,5.879654,9.2215,6.156658,9.561683,7.920968,7.880988,6.522897,3.655582,5.114581,7.226348,8.71773,4.568449,5.008411,0.541805,9.07796,5.97473,7.904252,8.873737,6.614043,4.883217,7.287714,10.354213,4.186731,8.653857,9.427301,4.406403,4.302441,5.688516,3.450706,6.437962,7.254595,8.871986,7.608685,7.342644,4.771563,8.439028,4.542591,5.535981,9.940531,5.890959,9.423732,6.663091,7.209408,5.893742,9.601858,7.071731,3.567018,8.67825,3.301588,4.457399,10.356177,3.883353,9.724845,4.380961,8.301748,2.502393,10.130061,5.802094,8.589031,5.561724,4.559788,9.786086,6.715487,7.707038,4.139002,5.648494,5.422843,3.989823,6.326767,8.427065,8.827703,3.458252,4.773421,7.869816,5.627082,5.560517,4.366693,5.382825,7.80548,6.144117,10.251435,7.009823,6.08898,6.281699,4.438866,6.113229,10.522539,9.760891,11.091631,4.407184,5.716378,7.16031,3.837984,8.4251,7.649783,6.830511,5.908125,8.696259,4.898008,7.558353,6.082495,10.455762,6.8626,5.293694,3.507591,7.561553,4.88233,0.672172,9.273192,9.761082,9.651351,6.16197,5.158079,2.512161,6.610171,0.113367,0.28471,7.010048,5.743182,8.086428,5.223088,6.632655,9.175091,8.452974,6.824598,4.622041,11.491714,9.124993,5.704485,5.869934,5.843819,6.054956,7.449047,7.04782,5.184362,1.759803,9.361325,9.359911,7.136686,5.510882,4.304617,8.99534,5.453591,6.173937,4.284634,11.225094,4.791022,6.435723,4.445325,1.919316,7.073449,7.421317,7.410812,7.803275,6.801668,5.077096,7.376822,1.247257,9.149406,7.147188,4.62933,7.372503,6.856889,8.136289,5.782225,0,5.980742,7.399697,9.252336,7.349497,9.31814,8.932914,9.277635,7.654718,6.846787,5.641749,8.503867,9.516853,8.984172,9.853546,8.690961,6.761704,8.669419,9.912769,8.637984,7.505346,8.686075,5.467315,11.417035,9.525315,5.236625,3.857024,9.116226,3.515317,5.668408,5.543842,1.74876,10.773046,9.894246,10.166797,6.24814,10.309503,5.937569,5.821241,4.107589,8.398574,4.257206,8.598216,8.107659,9.829751,8.442203,4.978136,7.426841,5.366826,8.716577,8.356885,7.37416,9.859319,4.736857,8.240426,8.809554,8.597012,7.800768,9.120854,11.350501,4.323144,9.093762,6.232478,6.744746,8.312253,5.706024,10.520931,6.180988,8.781813,7.197463,2.042763,9.962563,10.370547,10.484142,8.029224,6.741465,6.154435,3.937808,7.034422,8.779552,6.395393,6.523996
1.090358,4.032337,3.90791,1.854932,3.617527,4.085779,4.014699,1.747967,4.312663,2.846396,1.794073,4.323837,3.913079,3.862943,1.782687,2.367712,2.27553,3.759313,5.342163,2.485517,1.701404,2.638274,2.345778,2.259232,1.754612,3.405231,5.992573,1.261823,3.007273,7.66044,2.482023,5.996656,2.134083,1.663363,3.82993,0.63829,7.404305,3.270041,5.280797,0.977776,3.67359,3.356961,4.119936,4.570084,2.12218,3.863984,2.63197,3.200561,2.466534,2.411378,6.059053,4.641346,2.372177,2.575769,4.44597,1.262916,4.561882,0.183598,4.055861,3.26135,3.22137,2.059391,3.310266,6.371871,3.967928,4.749278,5.825739,4.083403,5.47573,3.411336,2.854022,3.9358,4.499101,1.196795,6.140507,3.520586,4.619297,2.499331,3.159117,3.932561,2.719003,3.967091,2.878315,3.956138,1.196562,3.345794,4.396616,2.949067,2.238238,2.524528,4.470576,5.153209,1.403989,3.972569,2.177957,3.45577,4.088577,3.950988,2.491764,3.633896,2.196619,3.82551,2.710288,3.80702,1.555834,4.388215,3.547718,4.026268,2.798147,3.64213,4.163565,4.162099,1.203878,4.620579,2.159746,2.100718,4.05117,2.95997,2.453828,2.389273,2.21915,2.020865,2.302423,0.702259,4.458613,3.332963,4.956057,3.004473,1.901854,1.65923,1.256964,4.031343,3.962731,1.837518,1.370525,4.283473,1.054038,0.405002,0.809358,4.944298,2.711251,4.71276,3.792929,5.356715,3.434236,4.296284,3.343121,4.343416,2.457138,3.951223,2.836576,1.474089,4.036641,3.110906,2.063613,5.157487,4.789138,1.36786,4.368686,4.806765,4.054723,4.557904,6.028242,4.703127,3.98507,3.916435,0.477992,6.415369,4.173333,1.836579,6.090393,6.25869,2.392336,2.341204,2.591688,3.122816,2.961531,3.402073,2.958234,3.42262,2.853093,5.756798,3.157031,1.62559,1.505703,2.441841,0.889719,1.654529,2.59018,6.441652,7.115873,3.662748,3.391949,3.483753,2.156309,2.617217,3.027378,0.531128,2.571787,4.938984,5.415315,2.502872,1.696093,4.040425,5.852684,3.54699,1.449806,2.057515,2.579835,2.525293,1.793801,1.582304,6.13387,3.181444,2.272076,2.931559,2.915207,1.719724,3.511922,3.758085,5.980742,0,1.605179,4.531662,2.245091,3.583224,2.964952,3.579058,4.01433,1.873601,0.611425,2.535905,3.668215,3.211154,4.281556,2.970332,1.266964,3.786399,4.177853,4.083878,3.998516,4.717623,1.362459,5.682119,3.557353,4.311617,2.169624,4.395552,3.837879,3.644268,1.464947,7.10483,5.03813,3.926284,4.357018,2.162743,4.574587,2.04191,3.797101,2.420189,2.903834,5.514496,2.630254,2.139697,4.163127,2.474241,1.694841,1.570316,1.75189,3.067054,2.636256,1.609178,3.891357,4.633009,2.745686,4.492358,3.631908,2.252805,5.152402,5.615585,3.774766,3.1258,1.096055,2.436319,4.343801,0.475036,4.786015,1.771755,4.122195,2.132167,7.398833,3.994601,4.703923,4.749226,2.235297,1.852017,0.703425,3.02804,1.773427,4.225446,0.422333,1.090358
2.127845,4.840718,4.404959,2.59981,4.741768,5.21002,4.884205,3.166922,5.183736,2.708605,2.291122,4.820886,3.368262,4.732449,3.201642,3.708752,2.772579,4.504191,6.213236,2.982566,3.081606,3.42764,1.098843,3.600272,2.583088,3.107249,5.55097,2.680778,4.145354,8.935429,1.897716,5.451839,1.549776,2.160412,2.582995,2.057245,8.679294,3.13225,6.150303,2.396731,4.797831,4.101839,5.460976,5.441157,3.541135,4.988225,3.302129,1.953626,3.511507,3.830333,5.61745,5.512419,3.496398,3.143994,5.570211,2.603956,3.314947,1.421581,4.566312,2.014415,1.974435,2.851489,4.651306,7.242944,4.837434,5.618784,6.696812,5.207644,6.894685,3.908385,3.725095,4.805306,3.252166,2.126883,7.01158,4.390092,4.177694,3.918286,3.903995,4.677439,4.137958,5.091332,3.749388,5.375093,2.501181,4.2153,3.149681,1.702132,0.991303,3.865568,5.340082,6.024282,2.822944,3.388262,3.174162,2.871463,4.958083,4.820494,3.161923,3.049589,1.409725,5.16655,2.125981,5.225975,2.974789,3.803908,4.671959,3.916561,4.217102,2.395195,5.58252,3.577792,2.544918,5.490085,2.988222,2.929194,3.609567,3.829476,1.206893,3.645644,3.232326,2.849341,3.721378,1.733976,5.328119,4.077841,6.297097,4.128714,1.317547,3.00027,2.08544,5.155584,4.833804,1.253211,1.578484,3.699166,1.378101,1.822875,1.951122,6.363253,3.38141,4.167943,3.208622,4.915112,4.558477,5.167357,2.280185,5.762371,1.872831,2.704288,3.706082,2.521131,2.789706,4.235127,2.782741,6.039407,5.286187,2.112738,5.250606,6.22572,2.807788,5.428977,7.447197,3.456192,3.440253,3.474832,1.895865,7.286442,5.592288,1.465413,7.509348,7.677645,3.181702,3.16968,3.336566,4.058231,3.831037,2.895454,3.703112,2.536855,3.977334,5.315195,2.572724,2.648863,2.790016,3.270317,2.230759,0.407594,3.379546,7.312725,8.390862,3.877865,2.807642,4.353259,3.271934,4.036172,2.443071,1.950083,3.441293,6.063225,4.870498,3.843912,2.489044,5.164666,6.976925,4.416496,1.555221,0.81058,1.3329,3.320137,3.212756,0.335369,7.552825,2.597137,1.485182,4.272599,1.668272,0.814801,2.264987,4.629158,7.399697,1.605179,0,5.27654,0.998156,3.238575,2.380645,3.782458,2.767395,2.662967,2.03038,1.951598,3.083908,2.910673,4.778605,3.334934,2.011842,4.531277,3.73625,2.836943,2.751581,5.587129,2.781414,5.240516,2.973046,5.201434,3.588579,5.14043,4.96212,4.515341,2.48822,8.379819,4.596527,3.341977,3.812201,3.032249,4.132984,3.038115,4.668174,3.839144,3.648712,6.385569,2.045947,1.55539,4.660176,1.889934,3.113796,2.067365,3.170845,3.565477,3.133305,2.175439,3.30705,5.974049,3.490564,3.245423,4.376786,2.833873,5.89832,5.173982,5.115806,2.541493,2.361412,3.228417,5.213307,1.893991,4.344412,2.699445,2.87526,0.885232,8.673822,3.410294,5.200972,4.307623,2.732346,1.263958,2.044465,4.36908,0.526492,2.978511,1.488457,2.127845
3.848811,1.612451,3.512392,2.85018,5.583551,6.051803,1.362952,5.793627,3.680485,7.365213,3.455978,3.928319,4.563033,1.472701,5.828347,5.156511,3.63276,2.941863,5.730332,4.002327,4.615529,3.306308,6.017139,5.048031,6.273429,3.790186,5.717691,5.307483,4.987137,9.777212,5.52452,6.067811,5.17658,3.881653,7.501291,4.68395,9.521077,7.788858,1.202037,5.020172,5.500365,1.719425,6.876102,3.994344,6.16784,5.207579,7.150787,6.871922,3.590579,6.457038,5.784171,4.065606,4.356269,2.579723,6.269882,4.203946,8.233243,4.54666,3.249493,6.932711,6.892731,3.307029,6.066432,6.76004,2.369055,0.944829,6.213908,4.993831,9.169469,3.015818,3.601421,1.364977,8.170462,3.753554,6.528676,2.649756,4.344415,6.544991,2.347366,3.115111,6.764663,5.933115,3.819042,7.639361,5.728224,2.227511,8.067977,6.620428,5.909599,4.89353,1.037929,5.541378,5.008754,5.999541,3.551579,4.634175,2.930687,2.734716,7.010581,6.133148,6.328021,6.581676,5.342487,7.560463,5.601494,5.583895,5.513742,3.690854,6.843807,7.313491,7.219621,7.204596,4.099295,0.874515,6.678563,6.619535,3.7711,2.665379,6.125189,6.434933,3.752417,6.539682,6.348083,3.89689,0.932172,1.39771,7.712223,4.998904,4.944351,4.184814,5.775781,5.997367,4.030417,4.880015,5.792249,6.100209,3.898439,4.936664,3.971766,8.369008,7.230068,4.908018,6.246448,5.081833,5.068041,3.887676,7.198481,7.915859,5.499635,7.622584,2.455307,3.863716,7.708002,4.740236,2.750717,5.620482,4.246066,3.245163,4.831681,8.852425,7.726084,4.946073,8.580164,8.374488,4.085659,3.636365,5.009654,6.803538,7.914605,6.258303,9.361987,9.530284,3.287652,6.860021,1.973932,4.127885,2.711139,3.885187,2.144728,7.455151,4.847524,5.481916,5.349422,6.144407,3.853495,6.960658,4.540045,5.32589,3.187393,6.829821,9.232645,3.32265,6.434446,2.596783,3.815482,6.662877,6.069875,4.679243,3.105609,6.447924,5.48647,4.723187,3.665436,5.159722,7.818708,2.65301,4.309933,5.728876,6.251196,2.903532,5.839461,5.253665,9.140474,6.223941,6.403478,5.344129,6.586568,5.733097,7.183283,4.698812,9.252336,4.531662,5.27654,0,5.916452,3.666144,6.007449,3.243644,7.685691,3.648707,4.833957,5.578402,4.563216,3.794468,3.541356,3.390112,3.385242,0.764035,3.901078,7.755239,7.669877,0.971559,5.07742,5.407237,6.010872,4.782509,6.215284,0.13611,5.803903,4.584995,5.983764,9.221602,4.763248,6.968781,4.667404,3.134437,4.301837,3.461012,4.737828,6.465849,2.070043,5.902665,5.672751,5.182194,3.726746,4.755359,5.740501,3.66584,5.79755,2.574978,3.056036,3.208159,6.933854,7.389175,1.937454,8.163719,0.899754,2.558836,0.889258,5.340703,6.530932,4.927725,4.216039,2.998185,0.992339,4.497444,4.50924,3.574333,7.793556,5.803528,9.515605,6.066253,4.160851,4.476476,3.073578,6.104425,4.083863,5.784206,5.444788,7.896807,4.334812,3.848811
2.767757,5.48063,5.044871,3.239722,5.38168,5.849932,5.524117,3.806834,5.823648,1.829483,2.931034,5.460798,4.008174,5.372361,3.841554,4.348664,3.412491,5.144103,6.853148,3.622478,3.721518,4.067552,0.555764,4.240184,2.443603,3.747161,6.190882,3.32069,4.785266,9.029195,2.537628,6.091751,2.189688,2.800324,1.703873,2.697157,8.77306,2.253128,6.790215,3.036643,5.437743,4.741751,5.875839,6.081069,3.558095,5.628137,2.423007,1.074504,4.151419,3.780133,6.257362,6.152331,4.13631,3.783906,6.210123,3.243868,2.435825,2.061493,5.206224,1.135293,1.095313,3.491401,5.291218,7.882856,5.477346,6.258696,7.336724,5.847556,6.844485,4.548297,4.365007,5.445218,2.373044,2.766795,7.651492,5.030004,4.817606,3.868086,4.543907,5.317351,4.087758,5.731244,4.3893,5.324893,2.361696,4.855212,2.270559,0.82301,0.079787,4.50548,5.979994,6.664194,3.462856,4.028174,3.814074,3.511375,5.597995,5.460406,2.282801,3.689501,0.625229,5.806462,2.765893,5.175775,3.614701,4.44382,5.311871,4.556473,4.166902,1.516073,5.53232,4.217704,3.18483,6.129997,2.848737,2.789709,4.249479,4.469388,0.906715,3.506159,3.872238,2.709856,3.671178,2.373888,5.968031,4.717753,6.488179,4.768626,1.957459,3.640182,1.945955,5.795496,5.473716,1.893123,1.438641,4.339078,2.018013,2.017378,2.591034,6.313053,2.502288,4.807855,3.848534,5.555024,5.198389,5.807269,1.401063,5.712171,2.512743,1.825166,4.345994,3.161043,1.910584,4.875039,3.422653,6.679319,5.926099,2.75265,5.890518,6.17552,1.928666,6.068889,7.396997,2.57707,4.080165,4.114744,2.148058,7.926354,5.542088,0.982677,7.459148,7.627445,3.821614,3.030195,3.976478,4.698143,4.470949,3.535366,4.343024,1.657733,4.617246,5.955107,3.212636,2.509378,3.429928,3.130832,2.870671,1.047506,4.019458,7.952637,8.484628,4.517777,3.447554,4.993171,3.911846,3.985972,3.082983,2.589995,4.081205,6.703137,5.51041,4.483824,3.128956,5.804578,7.616837,5.056408,2.195133,0.919986,0.453778,3.960049,3.852668,0.975281,7.502625,3.237049,0.700686,4.912511,0.78915,0.892565,1.385865,5.26907,7.349497,2.245091,0.998156,5.916452,0,3.878487,3.020557,4.42237,1.888273,3.302879,2.670292,2.59151,3.72382,3.550585,5.418517,3.974846,2.651754,5.171189,4.376162,1.957821,1.872459,6.227041,3.421326,5.880428,3.612958,5.841346,3.538379,5.780342,5.602032,5.155253,2.348735,8.473585,5.236439,3.981889,4.452113,3.672161,4.772896,3.678027,5.308086,3.788944,4.288624,7.025481,2.685859,2.195302,5.300088,2.529846,3.753708,2.707277,3.810757,4.205389,3.773217,2.815351,3.946962,6.613961,4.130476,2.366301,5.016698,3.473785,6.538232,5.813894,5.755718,3.181405,3.001324,3.868329,5.853219,2.533903,4.984324,3.339357,1.996138,0.65417,8.767588,4.050206,5.840884,4.947535,3.372258,0.865719,2.684377,5.008992,0.572234,2.099389,2.128369,2.767757
3.153154,3.230322,1.963916,1.969178,5.883351,6.351603,3.499381,5.085365,5.555409,5.588936,1.809111,2.379843,1.020967,3.347625,5.120085,5.2386,1.651462,2.537924,6.921649,2.070886,4.611454,3.745836,3.979174,5.13012,5.022235,0.320066,2.510459,4.599221,5.286937,10.077012,2.549297,2.857622,2.669937,2.234786,5.463326,3.975688,9.820877,6.012581,4.601944,4.31191,5.939414,2.491443,6.990824,5.869268,5.459578,6.129808,5.899593,4.833957,4.223134,5.748776,2.576939,5.94053,4.637981,1.487424,6.711794,4.133804,6.195278,3.399626,2.365583,4.894746,4.854766,3.2873,6.181154,7.951357,4.243979,4.203326,7.405225,6.121169,8.813128,1.503177,4.406652,3.223008,6.132497,3.057897,7.719993,4.52468,1.137183,5.836729,2.237161,2.771381,6.056401,6.232915,4.457801,7.293536,4.705487,4.102435,6.030012,4.582463,3.871634,5.164658,3.955258,6.732695,4.738123,2.502971,3.940515,1.152472,4.805611,4.60964,5.759387,2.636578,4.290056,6.696398,1.84666,7.144418,4.893232,2.087325,5.813542,0.802649,6.135545,5.275526,7.334343,4.224939,4.060539,4.074627,5.427369,5.368341,0.569056,4.192615,4.087224,5.726671,4.038254,5.288488,5.639821,3.051428,3.943295,2.467445,7.826945,5.270297,2.437708,4.300378,4.524587,6.297167,5.542217,1.985364,4.099018,2.603639,2.702172,3.980544,3.271802,8.281696,5.978874,1.697829,2.749878,1.874601,5.70006,5.7626,5.160516,7.680814,2.382286,5.584619,4.06614,3.647752,5.670037,5.15614,1.988144,6.74782,3.067962,2.549506,5.959019,8.144163,5.688119,6.13739,8.879964,6.336523,0.628598,0.434321,4.053534,7.994855,7.510731,4.345744,9.427791,9.596088,3.499609,5.608827,1.80846,4.766644,4.220076,0.343121,2.048157,5.417186,5.118917,2.274684,1.853595,4.997373,3.938073,5.709464,3.846141,3.287925,3.708084,8.021138,9.532445,0.763953,3.526237,4.471707,4.224688,5.954615,2.755461,3.970981,3.86281,7.204808,2.276281,4.989241,3.193031,6.28706,8.118508,4.527934,2.675382,3.690911,4.213231,3.67605,5.131199,3.2157,9.440274,3.244284,4.365513,5.643929,4.548603,3.695132,5.145318,5.337571,9.31814,3.583224,3.238575,3.666144,3.878487,0,3.027792,0.668546,5.647726,2.969096,4.08103,2.9479,1.081513,0.37207,2.564195,0.627179,2.689585,2.920881,0.695739,5.717274,5.631912,4.171671,4.699857,2.200005,2.514302,5.909847,5.507022,3.530034,6.103703,5.223754,4.83673,9.521402,1.556016,3.989124,1.457215,3.573223,1.092473,3.827694,5.376587,5.757587,1.995474,7.093982,2.528162,2.353039,2.219133,1.348641,5.032239,2.018973,5.089288,1.390118,1.088049,2.005999,3.954197,7.503897,1.776899,6.125754,2.76639,1.656183,4.287924,2.133471,6.645654,1.450463,3.555813,3.584291,3.797849,3.744517,1.303901,3.492335,5.755591,3.765563,9.815405,2.569683,2.982747,1.267112,1.347927,4.144289,3.383899,5.898928,3.406823,5.858842,3.160891,3.153154
3.031512,5.571627,4.84373,3.330719,5.877404,6.345656,5.615114,4.700139,5.914645,4.731006,3.022031,5.259657,2.518147,5.463358,4.734859,5.068525,3.228088,5.2351,6.944145,3.647512,4.441379,4.158549,3.121244,4.960045,4.164305,2.943617,4.450908,4.213995,5.28099,10.071065,0.674825,4.082158,1.149603,2.891321,4.605396,3.590462,9.81493,5.154651,6.881212,3.929948,5.933467,4.832748,6.820749,6.172066,5.074352,6.123861,5.041663,3.976027,4.242416,5.36355,4.517388,6.243328,4.632034,3.874903,6.705847,3.963729,3.937404,2.781354,5.245397,4.036816,3.996836,3.582398,6.011079,7.973853,5.568343,6.349693,7.427721,6.143665,8.427902,4.382991,4.456004,5.536215,4.972292,2.939507,7.742489,5.121001,3.377192,5.451503,4.634904,5.408348,5.671175,6.226968,4.480297,6.90831,4.080151,4.946209,4.869807,3.724533,3.013704,5.158711,6.070991,6.755191,4.356161,1.558472,3.958966,1.926614,5.688992,5.551403,4.901457,1.343017,3.432126,6.526323,1.181132,6.759192,4.508006,1.974118,5.807595,3.68443,5.750319,4.125854,7.115737,1.490737,3.904691,6.220994,4.569439,4.510411,3.124241,4.560385,3.229294,5.226861,4.04495,4.430558,5.254595,2.792066,6.059028,4.80875,7.65687,5.26435,1.254994,4.294431,3.666657,6.29122,5.564713,1.514125,3.241088,1.869376,2.10901,3.357174,3.086758,7.89647,5.120944,2.798262,1.378832,3.81505,5.694113,5.898266,4.302586,7.295588,0.645506,4.726689,4.436991,3.644349,4.134295,5.164374,3.51365,6.770316,5.947776,2.843647,5.981515,7.758937,4.830189,6.159886,8.874017,4.470487,2.590138,2.989506,3.430164,8.017351,7.125505,3.487814,9.042565,9.210862,3.912611,4.750897,4.067475,4.78914,4.561946,2.729956,4.434021,4.559256,5.11297,4.215133,1.627875,4.227833,3.930337,4.851534,3.590532,2.429995,4.110455,8.043634,9.526498,3.667082,0.618809,5.084168,4.231384,5.569389,0.854244,3.4833,4.172202,7.198861,3.500817,4.983294,3.219953,6.300302,8.112561,5.147405,1.817452,2.832981,3.355301,4.051046,4.745973,2.35777,9.086042,0.510082,3.507583,5.632372,3.690673,2.837202,4.287388,5.360067,8.932914,2.964952,2.380645,6.007449,3.020557,3.027792,0,3.571675,4.789796,3.393876,3.563597,0.747781,2.139059,2.747041,5.444009,3.171302,2.742751,5.262186,3.250924,4.557069,4.773982,6.318038,4.314631,4.140454,1.143256,5.932343,5.121796,5.871339,6.097756,5.24625,4.06719,9.515455,3.496465,1.254922,2.44252,3.763158,3.031678,3.842389,5.399083,5.372361,4.379621,7.116478,0.519178,1.362746,5.098947,2.061284,4.647013,2.798274,4.704062,4.265483,3.632172,2.906348,1.219995,7.333822,4.221473,4.965549,5.107695,3.564782,6.629229,4.07632,6.475579,1.596644,3.502753,3.959326,5.944216,3.291563,3.847982,3.501416,4.224709,2.907633,9.809458,1.580504,5.862561,3.206317,3.463255,3.286359,3.19033,5.728853,2.548893,4.698637,2.740715,3.031512
3.112649,2.807822,1.52182,1.928673,5.842846,6.311098,3.076881,5.04486,5.132909,6.132819,1.804945,1.937747,1.56485,2.925125,5.07958,5.198095,1.964145,2.095828,6.881144,2.333712,4.570949,3.705331,4.523057,5.089615,5.121804,0.821666,2.700497,4.558716,5.246432,10.036507,3.09318,3.06395,3.21382,2.23062,6.007209,3.935183,9.780372,6.556464,4.179444,4.271405,5.898909,2.068943,6.950319,5.446768,5.419073,6.089303,5.999162,5.37784,4.182629,5.708271,2.766977,5.51803,4.597476,1.114982,6.671289,4.093299,6.739161,3.39546,1.923487,5.438629,5.398649,3.246795,6.140649,7.910852,3.821479,3.780826,7.36472,6.080664,8.772623,1.061081,4.366147,2.800508,6.67638,3.017392,7.679488,4.10218,1.327221,5.796224,1.805177,2.329285,6.015896,6.19241,4.417296,7.253031,4.701321,3.679935,6.573895,5.126346,4.415517,5.124153,3.532758,6.69219,4.697618,3.046854,3.90001,1.696355,4.383111,4.18714,5.858956,3.180461,4.833939,6.655893,2.390543,7.103913,4.852727,2.631208,5.773037,0.67366,6.09504,5.819409,7.293838,4.768822,4.020034,3.652127,5.526938,5.46791,0.753906,4.117803,4.631107,5.686166,3.997749,5.388057,5.599316,3.032975,3.520795,2.044945,7.78644,5.229792,2.981591,4.259873,4.624156,6.256662,5.482841,2.529247,4.605859,3.147522,2.698006,3.976378,3.231297,8.241191,6.078443,1.904157,3.293761,2.064639,5.659555,5.3401,5.704399,7.640309,2.926169,6.128502,3.907731,3.607247,6.21392,5.115635,1.92313,6.707315,2.625866,2.509001,5.918514,8.103658,6.232002,6.096885,8.839459,6.880406,1.082041,0.619171,4.049368,7.95435,7.470226,4.889627,9.387286,9.555583,3.459104,5.708396,1.405126,4.726139,4.163563,0.887004,1.623405,5.961069,5.078412,2.464722,2.397478,4.993207,3.897568,5.809033,3.805636,3.831808,3.667579,7.980633,9.49194,0.095457,4.07012,4.049207,4.184183,5.91411,3.299344,3.930476,3.822305,7.164303,2.482609,4.948736,3.152526,6.246555,8.078003,4.105434,3.1095,4.234794,4.757114,3.635545,5.090694,3.759583,9.399769,3.788167,4.909396,5.603424,5.092486,4.239015,5.689201,5.297066,9.277635,3.579058,3.782458,3.243644,4.42237,0.668546,3.571675,0,6.191609,2.928591,4.062577,3.491783,1.625396,0.888316,2.122099,0.963995,2.64908,2.498381,0.883884,6.261157,6.175795,3.749171,4.659352,2.390043,3.058185,5.869342,5.466517,3.107534,6.063198,5.183249,4.832564,9.480897,1.746054,4.533007,1.663543,3.532718,1.284643,3.787189,5.336082,5.717082,1.570722,7.053477,3.072045,2.896922,1.777037,1.892524,4.991734,2.014807,5.048783,0.94991,1.094205,1.987546,4.49808,7.463392,1.344681,6.669637,2.34389,1.564973,3.865424,2.323509,6.605149,1.994346,3.515308,3.543786,3.375349,3.726064,1.492046,3.45183,6.299474,4.309446,9.7749,3.113566,2.540651,1.459282,1.36311,4.688172,3.343394,5.858423,3.950706,6.402725,3.156725,3.112649
4.536996,7.249869,6.81411,5.008961,7.150919,7.619171,7.293356,4.320754,7.592887,1.406344,4.700273,7.230037,5.777413,7.1416,4.355474,6.117903,5.18173,6.913342,8.622387,5.391717,5.490757,5.836791,2.325003,6.009423,2.726714,5.5164,7.960121,4.643166,6.554505,9.334416,4.306867,7.86099,3.958927,4.569563,0.317958,4.466396,9.078281,0.982699,8.559454,4.805882,7.206982,6.51099,6.18106,7.850308,3.863316,7.397376,1.999868,0.85812,5.920658,4.085354,8.026601,7.92157,5.905549,5.553145,7.979362,5.013107,3.031916,3.830732,6.975463,1.731384,1.691404,5.26064,6.98341,9.652095,7.246585,8.027935,9.105963,7.616795,7.149706,6.317536,6.134246,7.214457,1.685676,4.536034,9.420731,6.799243,6.586845,4.173307,6.313146,7.08659,4.392979,7.500483,6.158539,5.630114,4.030196,6.624451,1.583191,1.419101,1.96806,6.274719,7.749233,8.433433,5.232095,5.797413,5.583313,5.280614,7.367234,7.229645,1.859662,5.45874,1.962845,6.894903,4.535132,5.480996,4.381646,6.213059,7.08111,6.325712,4.472123,2.110545,5.837541,4.653751,4.954069,7.899236,3.131848,3.09493,6.018718,6.238627,2.675954,3.81138,5.641477,2.992967,3.976399,4.143127,7.73727,6.486992,6.7934,6.537865,3.726698,5.409421,3.152751,7.564735,7.242955,3.662362,2.884123,6.108317,3.787252,3.748126,4.360273,6.618274,2.079149,6.577094,5.617773,7.324263,6.967628,7.576508,0.810007,6.017392,4.281982,0.063107,6.115233,4.930282,1.741028,6.644278,5.191892,8.448558,7.695338,4.521889,7.659757,6.480741,0.093165,7.838128,7.702218,1.905661,5.849404,5.883983,3.878806,9.695593,5.847309,2.418069,7.764369,7.932666,5.590853,3.313306,5.745717,6.467382,6.240188,5.304605,6.112263,1.550193,6.386485,7.724346,4.981875,3.296719,5.199167,3.039701,4.63991,2.816745,5.788697,9.721876,8.789849,6.287016,5.216793,6.76241,5.681085,4.291193,4.852222,4.359234,5.850444,8.472376,7.279649,6.253063,4.898195,7.573817,8.949362,6.825647,3.964372,2.689225,1.685769,5.729288,5.001343,2.74452,7.807846,5.006288,1.881052,6.68175,1.18165,2.690228,0.793124,7.038309,7.654718,4.01433,2.767395,7.685691,1.888273,5.647726,4.789796,6.191609,0,5.072118,4.439531,4.360749,5.493059,5.319824,7.187756,5.744085,4.420993,6.940428,6.145401,1.270453,0.149372,7.99628,5.190565,7.649667,5.382197,7.610585,3.8436,7.549581,7.371271,6.924492,3.136076,8.778806,7.005678,5.514547,6.221352,5.4414,6.542135,5.447266,7.077325,4.094165,6.057863,8.79472,4.455098,3.964541,7.069327,4.299085,4.902383,4.476516,5.291073,5.974628,5.542456,4.58459,4.421448,6.922403,5.899715,1.678933,6.785937,5.243024,8.307471,7.583133,6.516446,4.950644,4.770563,5.637568,7.622458,4.303142,6.753563,5.108596,1.63048,2.423409,9.072809,5.819445,7.610123,6.716774,5.141497,2.301111,4.453616,6.778231,2.341473,1.412021,3.897608,4.536996
0.818856,2.405556,3.22549,1.000628,3.178002,3.646254,2.387918,3.129784,3.110738,4.707152,1.349996,3.641417,3.373841,2.236162,3.164504,2.536909,1.831453,2.886914,4.140238,2.04144,1.909763,0.77674,3.403566,2.428429,3.615368,2.776816,5.378445,2.64364,2.581588,7.371663,2.910947,5.457418,2.563007,1.557396,4.887718,2.020107,7.115528,5.130797,3.654016,2.062436,3.234065,2.474006,4.289133,3.368159,3.503997,3.424459,4.492726,4.258349,1.441723,3.793195,5.444925,3.439421,1.932632,1.871989,4.006445,1.432113,5.61967,1.888599,3.194544,4.319138,4.279158,0.518271,3.479463,5.169946,2.341147,3.122497,4.623814,3.339758,6.630033,2.728916,1.550891,2.309019,5.556889,0.709895,4.938582,1.896526,4.005169,3.881148,2.286718,3.060162,4.10082,3.527566,1.67639,5.052392,3.070163,1.719013,5.454404,4.006855,3.296026,2.459309,2.843795,3.951284,2.236921,4.401493,1.208024,3.258261,2.461796,2.324207,4.35252,4.06282,3.714448,3.994707,3.139212,4.973494,2.937651,4.207981,3.108193,3.375801,4.179964,4.699918,4.632652,4.591023,1.358848,2.993798,4.020502,3.961474,3.437042,1.336665,3.511616,3.77109,1.332587,3.881621,3.68424,1.238829,2.831832,2.450008,5.125254,2.564948,2.330778,1.595029,3.11772,3.591818,2.760806,2.266442,3.134188,4.712397,1.284866,2.278603,1.111803,5.782039,4.572007,4.173522,4.221853,4.742587,2.994711,3.094359,4.584908,5.32889,2.886062,5.009011,1.201796,0.942403,5.094429,2.450473,1.191692,3.966409,4.106718,0.609316,3.177608,6.188582,5.112511,3.355979,6.174615,5.760915,3.412038,3.302307,2.351593,5.213444,5.327636,3.600242,6.956438,7.124735,0.530513,4.20196,1.719767,1.985233,1.364315,2.826047,2.085835,4.841578,2.413568,5.14267,3.585955,3.486346,1.232724,4.302597,1.452497,2.712317,0.738988,5.239727,6.827096,3.012281,3.820873,1.859693,1.519021,3.999034,3.456302,2.015882,1.007049,4.499459,4.876077,2.283892,0.486358,3.505649,5.413159,1.92293,1.69636,3.115303,3.637623,0.754269,3.175618,2.640092,6.734925,3.610368,3.789905,2.93858,3.972995,3.119524,4.56971,2.55616,6.846787,1.873601,2.662967,3.648707,3.302879,2.969096,3.393876,2.928591,5.072118,0,2.175896,2.964829,3.187302,2.635128,3.486407,2.341917,0.778922,2.903444,3.563725,5.141666,5.056304,3.090842,2.305587,5.067991,3.986277,3.128436,3.551441,3.512597,3.398354,2.442343,3.325703,6.816053,4.424002,4.355208,3.81778,0.791812,3.960459,1.095203,2.595176,3.802006,2.025281,4.312571,3.059178,2.568621,3.480707,2.903165,3.076658,1.355415,3.133707,2.367533,2.007841,1.07264,4.320281,4.802206,1.873287,5.550146,2.748953,1.443917,3.525621,5.001457,3.943963,3.27082,1.071571,0.658918,2.71702,1.839383,4.171887,0.786668,5.179983,3.189955,7.110056,4.423525,4.021503,4.135098,1.68018,3.490852,1.229881,3.197237,2.831215,5.283234,1.676751,0.818856
1.377749,4.248184,4.382089,2.157227,3.823332,4.291584,4.230546,1.408974,4.52851,3.161057,2.316957,4.798016,4.425693,4.07879,1.443694,2.572485,2.798414,4.061608,5.55801,3.008401,1.545401,2.940569,2.770979,2.464005,2.069273,3.88875,6.490379,0.92283,3.212046,7.321447,3.080668,6.50927,2.732728,2.267106,4.149831,0.299297,7.065312,3.584702,5.496644,0.638783,3.879395,3.659256,4.168091,4.785931,1.783187,4.069789,2.946631,3.625762,2.672664,2.072385,6.556859,4.857193,2.577982,3.028588,4.651775,1.298247,4.987083,0.787341,4.369238,3.686551,3.646571,2.361686,3.515039,6.587718,4.183775,4.965125,6.041586,4.289208,5.136737,3.885515,3.069869,4.151647,4.924302,1.488509,6.356354,3.736433,5.117103,2.160338,3.461412,4.234856,2.38001,4.172896,3.094162,3.617145,1.511223,3.561641,4.821817,3.374268,2.663439,2.729301,4.686423,5.369056,1.064996,4.571214,2.393804,4.054415,4.304424,4.166835,2.806425,4.232541,2.51128,4.030283,3.308933,3.468027,1.216841,4.98686,3.753523,4.509787,2.459154,4.067331,3.824572,4.760744,1.418595,4.836426,2.474407,2.415379,4.548976,3.175817,2.879029,2.05028,2.434997,2.335526,1.96343,1.113333,4.67446,3.635258,4.780431,3.210278,2.500499,1.866134,1.571625,4.237148,4.178578,2.436163,1.685186,4.882118,1.657781,0.719663,1.089254,4.605305,3.025912,5.225374,4.391574,5.854521,3.640041,4.512131,3.657782,4.004423,3.055783,4.376424,3.052423,1.75687,4.461842,3.316711,2.365908,5.363292,5.263317,1.670155,4.574491,4.467772,4.374624,4.773751,5.689249,5.128328,4.486695,4.414241,0.792653,6.631216,3.83434,2.15124,5.7514,5.919697,2.694631,2.655865,2.893983,3.328621,3.177378,3.900704,3.260529,3.737281,3.058898,6.254604,3.755676,1.940251,1.72155,2.756502,0.896437,2.07973,2.892475,6.657499,6.77688,4.146267,3.990594,3.6996,2.362439,2.278224,3.626023,0.188158,2.787634,5.144789,5.927929,2.707645,1.998388,4.24623,6.058489,3.762837,2.053549,2.482716,3.005036,2.827588,1.454808,2.007505,5.794877,3.780089,2.586737,3.136332,3.340408,2.03532,3.937123,3.973932,5.641749,0.611425,2.03038,4.833957,2.670292,4.08103,3.563597,4.062577,4.439531,2.175896,0,3.13455,4.219688,3.709785,4.661101,3.453851,1.569259,4.088694,4.675659,4.509079,4.318417,4.93347,1.023466,6.179925,4.155998,4.517422,1.830631,4.697847,4.043684,3.860115,1.779608,6.765837,5.535936,4.524929,4.869632,2.37859,5.072393,2.257757,4.012948,2.081196,3.206129,5.730343,3.228899,2.738342,4.637306,3.072886,1.355848,2.129676,1.412897,3.524132,3.119775,2.076995,4.490002,4.837782,3.047981,4.917559,3.934203,2.608323,5.368249,6.113391,3.979539,3.724445,1.351114,2.738614,4.559648,0.351392,5.283821,2.07405,4.547396,2.557368,7.05984,4.593246,5.178102,5.247032,2.745965,2.166678,0.96199,3.232813,2.198628,4.650647,1.026076,1.377749
2.602465,5.14258,4.706821,2.901672,5.448357,5.916609,5.186067,4.271092,5.485598,4.301959,2.592984,5.122748,2.438255,5.034311,4.305812,4.639478,3.074441,4.806053,6.515098,3.284428,4.012332,3.729502,2.692197,4.530998,3.735258,2.863725,4.888496,3.784948,4.851943,9.642018,0.398603,4.519746,0.401822,2.462274,4.176349,3.161415,9.385883,4.725604,6.452165,3.500901,5.50442,4.403701,6.391702,5.743019,4.645305,5.694814,4.612616,3.54698,3.813369,4.934503,4.954976,5.814281,4.202987,3.445856,6.2768,3.534682,4.58365,2.352307,4.868174,3.607769,3.567789,3.153351,5.582032,7.544806,5.139296,5.920646,6.998674,5.714618,7.998855,4.210247,4.026957,5.107168,4.84552,2.51046,7.313442,4.691954,3.612476,5.022456,4.205857,4.979301,5.242128,5.797921,4.05125,6.479263,3.651104,4.517162,4.743035,3.295486,2.584657,4.729664,5.641944,6.326144,3.927114,2.081045,3.529919,1.846722,5.259945,5.122356,4.47241,1.742372,3.003079,6.097276,1.10124,6.330145,4.078959,2.496691,5.378548,3.604538,5.321272,3.988549,6.68669,2.136983,3.475644,5.791947,4.140392,4.081364,3.044349,4.131338,2.800247,4.797814,3.615903,4.001511,4.825548,2.363019,5.629981,4.379703,7.227823,4.835303,0.709467,3.865384,3.23761,5.862173,5.135666,1.086395,2.812041,2.391949,1.679963,2.928127,2.657711,7.467423,4.691897,3.23585,1.901405,4.252638,5.265066,5.469219,3.873539,6.866541,0.565614,4.297642,4.007944,3.215302,4.38306,4.735327,3.084603,6.341269,5.588049,2.4146,5.552468,7.32989,4.401142,5.730839,8.44497,5.049546,2.510246,2.909614,3.001117,7.588304,6.696458,3.058767,8.613518,8.781815,3.483564,4.32185,3.638428,4.360093,4.132899,2.650064,4.004974,4.130209,4.683923,4.652721,1.547983,3.798786,3.50129,4.422487,3.161485,2.000948,3.681408,7.614587,9.097451,3.58719,0.856044,4.655121,3.802337,5.140342,1.135854,3.054253,3.743155,6.769814,3.938405,4.554247,2.790906,5.871255,7.683514,4.718358,1.388405,2.403934,2.926254,3.621999,4.316926,1.928723,8.656995,1.156328,3.078536,5.203325,3.261626,2.408155,3.858341,4.93102,8.503867,2.535905,1.951598,5.578402,2.59151,2.9479,0.747781,3.491783,4.360749,2.964829,3.13455,0,2.059167,2.667149,5.080467,3.09141,2.313704,4.833139,3.171032,4.430297,4.344935,5.888991,3.885584,4.578042,1.665829,5.503296,4.692749,5.442292,5.668709,4.817203,3.638143,9.086408,3.934053,1.901168,2.880108,3.334111,3.469266,3.413342,4.970036,4.943314,3.950574,6.687431,0.73873,1.149095,4.962038,1.723118,4.217966,2.369227,4.275015,3.867339,3.435167,2.477301,1.866241,6.904775,3.792426,4.838777,4.678648,3.135735,6.200182,4.513908,6.046532,1.516752,3.073706,3.530279,5.515169,2.862516,3.779194,3.072369,4.468614,2.478586,9.380411,2.103077,5.502834,3.643905,3.034208,2.857312,2.761283,5.299806,2.119846,4.571865,2.311668,2.602465
3.37136,4.127394,2.883327,2.187384,6.101557,6.569809,4.396453,5.284078,6.110355,5.434269,1.932961,3.299254,0.571868,4.244697,5.318798,5.456806,1.575144,3.457335,7.139855,1.994568,4.82966,3.964042,3.824507,5.348326,4.867568,0.983214,3.022109,4.797934,5.505143,10.295218,1.660564,2.653359,2.185015,2.358636,5.308659,4.174401,10.039083,5.857914,5.499016,4.510623,6.15762,3.388515,7.20903,6.367776,5.658291,6.348014,5.744926,4.67929,4.44134,5.947489,3.088589,6.439038,4.856187,2.071144,6.93,4.35201,5.782873,3.484617,3.284994,4.740079,4.700099,3.505506,6.39936,8.169563,5.141051,5.100398,7.623431,6.339375,9.011841,2.422588,4.624858,4.12008,5.97783,3.276103,7.938199,4.970682,1.746089,6.035442,3.152123,3.690792,6.255114,6.451121,4.676007,7.492249,4.783414,4.794508,5.875345,4.427796,3.716967,5.382864,4.85233,6.950901,4.936836,1.819568,4.158721,0.249615,5.537291,5.399702,5.60472,1.953175,4.135389,6.914604,0.957927,7.343131,5.091945,1.403922,6.031748,1.738151,6.334258,5.120859,7.552549,3.336206,4.278745,4.971699,5.272702,5.213674,1.177962,4.410821,3.932557,5.925384,4.25646,5.133821,5.838534,3.190086,4.840367,3.364517,8.045151,5.488503,2.031749,4.518584,4.36992,6.515373,5.760423,1.909046,3.944351,1.920236,2.812273,4.060437,3.481074,8.480409,5.824207,1.369463,2.066475,2.386251,5.918266,6.093976,5.005849,7.879527,1.493553,5.429952,4.284346,3.865958,5.51537,5.374346,2.20635,6.966026,3.987373,2.767712,6.177225,8.342876,5.533452,6.355596,9.09817,6.181856,0.643859,1.043227,4.133427,8.213061,7.709444,4.191077,9.626504,9.794801,3.717815,5.45416,2.603938,4.98485,4.438282,0.769553,2.963119,5.262519,5.337123,2.786334,0.964862,4.931096,4.156279,5.554797,4.064347,3.133258,3.92629,8.239344,9.750651,1.720803,2.637504,4.933849,4.442894,6.153328,1.870834,4.138247,4.081016,7.423014,2.072018,5.207447,3.411237,6.505266,8.336714,4.997086,2.520715,3.536244,4.058564,3.894256,5.329912,3.061033,9.65848,2.355551,4.210846,5.862135,4.393936,3.540465,4.990651,5.555777,9.516853,3.668215,3.083908,4.563216,3.72382,1.081513,2.139059,1.625396,5.493059,3.187302,4.219688,2.059167,0,0.786638,3.483606,1.210899,2.907791,3.817953,1.304645,5.562607,5.477245,5.068743,4.89857,2.711655,1.830899,6.128053,5.705735,4.427106,6.321909,5.44196,4.770453,9.739608,2.067666,3.100391,1.013721,3.791429,1.602879,4.0459,5.594793,5.9563,2.910436,7.312188,1.639429,2.066009,3.138544,1.272323,5.230952,2.142823,5.288001,2.30508,1.671769,2.143826,3.065464,7.722103,2.691861,5.971087,3.663462,2.039663,5.184996,2.647521,6.86386,0.56173,3.774019,3.802497,4.694921,3.883175,1.912807,3.710541,5.600924,3.610896,10.033611,1.88628,3.902158,1.777518,1.528031,3.989622,3.58835,6.117134,3.252156,5.704175,3.284741,3.37136
2.819186,3.358646,2.096689,1.63521,5.549383,6.017635,3.627705,4.751397,5.558181,5.261034,1.437041,2.512616,0.973177,3.475949,4.786117,4.904632,1.317838,2.670697,6.587681,1.737262,4.277486,3.411868,3.651272,4.796152,4.694333,0.196576,2.781419,4.265253,4.952969,9.743044,2.268546,3.056754,2.342035,1.862716,5.135424,3.64172,9.486909,5.684679,4.730268,3.977942,5.605446,2.619767,6.656856,5.815602,5.12561,5.79584,5.571691,4.506055,3.889166,5.414808,2.847899,5.886864,4.304013,1.284506,6.377826,3.799836,5.867376,3.027556,2.498356,4.566844,4.526864,2.953332,5.847186,7.617389,4.372303,4.33165,7.071257,5.787201,8.47916,1.63595,4.072684,3.351332,5.804595,2.723929,7.386025,4.418508,1.408143,5.502761,2.365485,2.904154,5.722433,5.898947,4.123833,6.959568,4.333417,4.230759,5.70211,4.254561,3.543732,4.83069,4.083582,6.398727,4.404155,2.222963,3.606547,0.857597,4.933935,4.737964,5.431485,2.35657,3.962154,6.36243,1.565909,6.81045,4.559264,1.807317,5.479574,1.022419,5.801577,4.947624,7.000375,3.944188,3.726571,4.202951,5.099467,5.040439,0.840016,3.858647,3.759322,5.392703,3.704286,4.960586,5.305853,2.680183,4.071619,2.595769,7.492977,4.936329,2.109806,3.96641,4.196685,5.963199,5.208249,1.657462,3.771116,2.323631,2.330102,3.608474,2.937834,7.947728,5.650972,1.772858,2.46987,2.145561,5.366092,5.541802,4.832614,7.346846,2.101535,5.256717,3.732172,3.313784,5.342135,4.822172,1.654176,6.413852,3.200735,2.215538,5.625051,7.810195,5.360217,5.803422,8.545996,6.008621,0.899558,0.705281,3.681464,7.660887,7.176763,4.017842,9.093823,9.26212,3.165641,5.280925,1.918385,4.432676,3.886108,0.349791,2.176481,5.089284,4.784949,2.545644,1.572844,4.625303,3.604105,5.381562,3.512173,2.960023,3.374116,7.68717,9.198477,0.983723,3.245486,4.381675,3.89072,5.620647,2.475453,3.628344,3.528842,6.87084,2.475413,4.655273,2.859063,5.953092,7.78454,4.444912,2.34748,3.363009,3.885329,3.342082,4.797231,2.887798,9.106306,2.963533,4.037611,5.309961,4.220701,3.36723,4.817416,5.003603,8.984172,3.211154,2.910673,3.794468,3.550585,0.37207,2.747041,0.888316,5.319824,2.635128,3.709785,2.667149,0.786638,0,2.696968,0.424261,2.355617,3.049205,0.966699,5.389372,5.30401,4.299995,4.365889,2.470965,2.234294,5.575879,5.173054,3.658358,5.769735,4.889786,4.46466,9.187434,1.826976,3.708373,1.417116,3.239255,1.363433,3.493726,5.042619,5.423619,2.123798,6.760014,2.247411,2.025137,2.351906,1.020739,4.698271,1.646903,4.75532,1.518442,0.885131,1.634754,3.673446,7.169929,1.905223,5.797852,2.894714,1.453265,4.416248,2.404431,6.311686,1.169712,3.221845,3.250323,3.926173,3.373272,1.574861,3.158367,5.427689,3.437661,9.481437,2.289675,3.11552,1.538072,0.975857,3.816387,3.049931,5.56496,3.078921,5.53094,2.788821,2.819186
3.686511,3.105534,0.617854,2.599077,6.400662,6.868914,3.374593,5.620771,5.430621,6.916086,2.507443,0.975637,3.460499,3.222837,5.655491,5.755911,2.677999,0.619305,7.43896,3.047566,5.128765,4.263147,5.519204,5.647431,5.824302,2.692686,4.512997,5.134627,5.804248,10.594323,4.965514,4.959599,4.678645,2.933118,7.003356,4.511094,10.338188,7.339731,4.477156,4.847316,6.456725,2.366655,7.508135,5.74448,5.994984,6.647119,6.70166,6.373987,4.740445,6.284182,4.662626,5.815742,5.155292,1.785386,7.229105,4.651115,7.735308,4.097958,0.325864,6.434776,6.394796,3.804611,6.698465,8.468668,4.119191,4.078538,7.922536,6.63848,9.348534,1.080744,4.923963,3.09822,7.672527,3.591254,8.237304,4.399892,3.22287,6.372135,1.219762,0.426245,6.591807,6.750226,4.975112,7.828942,5.403819,3.977647,7.570042,6.122493,5.411664,5.681969,3.83047,7.250006,5.273529,4.919931,4.457826,3.554565,4.680823,4.484852,6.561454,5.053538,5.830086,7.213709,4.262877,7.679824,5.428638,4.504285,6.330853,2.270737,6.670951,6.815556,7.851654,6.641156,4.57785,3.949839,6.229436,6.170408,2.649555,4.415515,5.627254,6.262077,4.555565,6.090555,6.175227,3.724034,3.818507,2.342657,8.344256,5.787608,4.446416,4.817689,5.326654,6.814478,5.780553,4.35443,5.308357,5.020599,3.400504,4.678876,3.807208,8.817102,6.780941,3.799806,5.166838,3.960288,6.217371,5.637812,6.700546,8.21622,4.798503,7.124649,4.205443,4.165063,7.210067,5.673451,2.577861,7.265131,0.885864,3.082863,6.47633,8.679569,7.228149,6.654701,9.397275,7.876553,2.97769,2.51482,4.751866,8.512166,8.046137,5.774411,9.963197,10.131494,4.01692,6.410894,1.786539,5.283955,4.461275,2.782653,1.400572,6.957216,5.636228,4.360371,4.269812,5.695705,4.455384,6.511531,4.377745,4.827955,4.225395,8.538449,10.049756,2.201105,5.936511,4.346919,4.741999,6.490021,5.172421,4.506387,4.380121,7.722119,4.378258,5.506552,3.710342,6.804371,8.635819,4.403146,3.811998,5.230941,5.753261,4.193361,5.666605,4.75573,9.957585,5.660501,5.905543,6.16124,6.088633,5.235162,6.685348,5.854882,9.853546,4.281556,4.778605,3.541356,5.418517,2.564195,5.444009,2.122099,7.187756,3.486407,4.661101,5.080467,3.483606,2.696968,0,2.323844,3.222942,2.796093,2.779533,7.257304,7.171942,4.046883,5.235263,4.285692,4.931262,6.427158,6.042428,3.405246,6.621014,5.741065,5.535062,10.038713,3.641703,6.405341,3.559192,4.090534,3.180292,4.345005,5.893898,6.292993,1.488427,7.611293,4.944379,4.684259,0.444087,3.717707,5.567645,2.717305,5.624694,1.333555,2.009403,2.690044,6.370414,8.021208,1.680311,7.665784,2.641602,2.235377,4.163136,3.21255,7.162965,3.86668,4.087417,4.101602,3.673061,4.324588,3.387695,4.009646,7.295621,5.305593,10.332716,4.986643,0.800649,3.354931,2.076964,5.60649,3.919305,6.416239,4.946853,7.398872,3.859223,3.686511
2.525975,2.95429,1.723565,1.341999,5.256172,5.724424,3.223349,4.458186,5.26497,5.604862,1.196219,2.139492,1.397438,3.071593,4.492906,4.611421,1.35526,2.297573,6.29447,1.724827,3.984275,3.118657,4.075533,4.502941,4.513078,0.434899,3.036528,3.972042,4.659758,9.449833,2.692807,3.383691,2.766296,1.621894,5.559685,3.348509,9.193698,6.028507,4.325912,3.684731,5.312235,2.215411,6.363645,5.522391,4.832399,5.502629,5.390436,4.930316,3.595955,5.121597,3.103008,5.593653,4.010802,0.860245,6.084615,3.506625,6.291637,2.786734,2.125232,4.991105,4.951125,2.660121,5.553975,7.324178,3.967947,3.927294,6.778046,5.49399,8.185949,1.262826,3.779473,2.946976,6.228856,2.430718,7.092814,4.125297,1.663252,5.20955,1.961129,2.53103,5.429222,5.605736,3.830622,6.666357,4.092595,3.826403,6.126371,4.678822,3.967993,4.537479,3.679226,6.105516,4.110944,2.647224,3.313336,1.281858,4.529579,4.333608,5.25023,2.780831,4.386415,6.069219,1.99017,6.517239,4.266053,2.231578,5.186363,1.262882,5.508366,5.371885,6.707164,4.368449,3.43336,3.798595,4.918212,4.859184,1.095125,3.565436,4.183583,5.099492,3.411075,4.779331,5.012642,2.424249,3.667263,2.191413,7.199766,4.643118,2.534067,3.673199,4.01543,5.669988,4.915038,2.081723,3.997133,2.747892,2.08928,3.367652,2.644623,7.654517,5.469717,2.197119,2.894131,2.40067,5.072881,5.248591,5.256875,7.053635,2.525796,5.680978,3.438961,3.020573,5.766396,4.528961,1.360965,6.120641,2.827611,1.922327,5.33184,7.516984,5.784478,5.510211,8.252785,6.432882,1.154667,0.96039,3.440642,7.367676,6.883552,4.442103,8.800612,8.968909,2.87243,5.09967,1.494124,4.139465,3.592897,0.774052,1.772125,5.513545,4.491738,2.800753,1.997105,4.384481,3.310894,5.200307,3.218962,3.384284,3.080905,7.393959,8.905266,1.059111,3.669747,4.088464,3.597509,5.327436,2.899714,3.343802,3.235631,6.577629,2.80235,4.362062,2.565852,5.659881,7.491329,4.151701,2.500774,3.78727,4.30959,3.048871,4.50402,3.312059,8.813095,3.387794,4.461872,5.01675,4.644962,3.791491,5.241677,4.710392,8.690961,2.970332,3.334934,3.390112,3.974846,0.627179,3.171302,0.963995,5.744085,2.341917,3.453851,3.09141,1.210899,0.424261,2.323844,0,2.062406,2.644849,1.221808,5.813633,5.728271,3.895639,4.072678,2.726074,2.658555,5.282668,4.879843,3.254002,5.476524,4.596575,4.223838,8.894223,2.082085,4.132634,1.841377,2.946044,1.618542,3.200515,4.749408,5.130408,1.719442,6.466803,2.671672,2.449398,1.978782,1.445,4.40506,1.406081,4.462109,1.141374,0.46087,1.37882,4.097707,6.876718,1.501439,6.222113,2.490358,1.029004,4.011892,2.65954,6.018475,1.593973,2.928634,2.957112,3.521817,3.117338,1.82997,2.865156,5.85195,3.861922,9.188226,2.713936,2.742396,1.793181,0.754225,4.240648,2.75672,5.271749,3.503182,5.955201,2.547999,2.525975
0.509207,2.94942,2.945979,0.721117,3.359208,3.82746,3.055033,2.528929,3.382999,4.100515,1.04723,3.361906,3.09433,2.903277,2.563649,2.709383,1.528687,2.623449,4.412499,1.738674,2.082237,1.555662,2.752441,2.600903,3.008731,2.497305,5.098934,2.042785,2.762794,7.552869,2.259822,5.177907,1.911882,1.06193,4.236593,1.419252,7.296734,4.52416,4.321042,1.70793,3.415271,2.210541,4.461607,3.64042,2.903142,3.605665,3.886089,3.607224,1.71077,3.19234,5.165414,3.711682,2.113838,1.592478,4.187651,1.604587,4.968545,1.281962,2.931079,3.668013,3.628033,1.03733,3.651937,5.442207,3.008262,3.789612,4.896075,3.612019,6.256692,2.449405,1.91429,2.942106,4.905764,0.41395,5.210843,2.562302,3.725658,3.280293,2.023253,2.796697,3.499965,3.708772,1.948651,4.7371,2.463526,2.386128,4.803279,3.35573,2.644901,2.640515,3.51091,4.223545,2.126145,3.750368,1.42732,2.97875,3.128911,2.991322,3.745883,3.411695,3.063323,4.167181,2.488087,4.587982,2.336796,3.92847,3.289399,3.09629,3.579109,4.048793,4.805126,3.939898,1.531322,3.660913,3.413865,3.354837,3.157531,2.002441,2.860491,3.170235,1.517232,3.274984,3.083385,0.632192,3.498947,2.186543,5.297728,2.746154,1.679653,1.776235,2.511083,3.773024,3.033067,1.615317,2.527551,4.061272,0.633741,1.671966,0.651368,5.72526,3.96537,3.894011,3.570728,4.463076,3.175917,3.36662,3.933783,5.124378,2.234937,4.357886,1.875966,1.123906,4.443304,2.635165,0.928227,4.23867,3.827207,0.217429,3.449869,5.587727,4.461386,3.62824,6.355821,5.10979,3.132527,3.022796,1.744956,5.485705,4.954295,2.993605,6.871355,7.039652,1.309435,3.595323,1.456302,2.257494,2.017968,2.546536,1.82237,4.190453,2.594774,4.863159,2.93483,2.879709,1.413763,3.69596,1.234497,2.061192,1.51791,5.511988,7.008302,2.73277,3.169748,2.525469,1.703666,3.398179,2.805177,1.414545,1.628224,4.680665,4.596566,2.465098,0.674885,3.77791,5.594365,2.588706,1.045235,2.464178,2.986498,1.485876,2.574763,1.988967,6.914832,2.959243,3.13878,3.119786,3.32187,2.468399,3.918585,2.828421,6.761704,1.266964,2.011842,3.385242,2.651754,2.689585,2.742751,2.64908,4.420993,0.778922,1.569259,2.313704,2.907791,2.355617,3.222942,2.062406,0,2.639979,3.284214,4.490541,4.405179,3.757957,2.143421,4.78848,3.335152,3.400697,2.950586,3.249132,3.57956,2.714604,2.719066,6.997259,4.144491,3.704083,3.538269,1.21918,3.680948,1.312432,2.867437,3.201151,1.761816,4.584832,2.408053,1.917496,3.201196,2.25204,2.475803,0.859949,2.532852,2.088022,1.72833,0.781421,3.669156,4.97468,1.609822,4.899021,2.485488,1.172213,4.007022,4.721946,4.116437,2.903599,0.993792,1.394117,3.384135,1.232746,3.892376,0.971459,4.528858,2.53883,7.291262,3.7724,3.741992,3.855587,1.400669,2.839727,0.763465,3.369711,2.18009,4.632109,1.070114,0.509207
3.103548,1.029534,2.767129,2.104917,5.000634,5.468886,1.04154,5.048364,3.097568,6.61995,2.710715,3.183056,3.81777,0.889784,5.083084,4.573594,2.887497,2.1966,5.147415,3.257064,4.032612,2.723391,5.271876,4.465114,5.528166,3.044923,4.972428,4.56222,4.40422,9.194295,4.779257,5.322548,4.431317,3.13639,6.756028,3.938687,8.93816,7.043595,1.699835,4.274909,4.917448,0.974162,6.293185,3.411427,5.422577,4.624662,6.405524,6.126659,3.007662,5.711775,5.038908,3.482689,3.773352,1.83446,5.686965,3.621029,7.48798,3.801397,2.50423,6.187448,6.147468,2.724112,5.483515,6.177123,1.786138,1.66535,5.630991,4.410914,8.586552,2.270555,3.018504,0.78206,7.425199,3.008291,5.945759,2.066839,3.599152,5.799728,1.602103,2.369848,6.0194,5.350198,3.236125,7.056444,4.982961,1.644594,7.322714,5.875165,5.164336,4.310613,1.497417,4.958461,4.425837,5.254278,2.968662,3.888912,2.34777,2.151799,6.265318,5.387885,5.582758,5.998759,4.597224,6.977546,4.856231,4.838632,4.930825,2.945591,6.098544,6.568228,6.636704,6.459333,3.516378,1.595036,5.9333,5.874272,3.025837,2.082462,5.379926,5.68967,3.1695,5.794419,5.60282,3.151627,1.485454,0.652447,7.129306,4.415987,4.199088,3.601897,5.030518,5.41445,3.4475,4.134752,5.046986,5.354946,3.153176,4.191401,3.226503,7.786091,6.484805,4.162755,5.501185,4.33657,4.485124,3.304759,6.453218,7.332942,4.754372,6.877321,1.87239,3.280799,6.962739,4.157319,2.005454,5.037565,3.500803,2.4999,4.248764,8.107162,6.980821,4.363156,7.997247,7.629225,3.340396,2.891102,4.264391,6.220621,7.331688,5.51304,8.77907,8.947367,2.704735,6.114758,1.228669,3.544968,2.128222,3.139924,1.399465,6.709888,4.264607,4.736653,4.604159,5.399144,3.270578,6.215395,3.794782,4.580627,2.604476,6.246904,8.649728,2.577387,5.689183,2.013866,3.232565,5.917614,5.324612,3.93398,2.522692,5.865007,4.741207,4.14027,3.082519,4.576805,7.235791,2.070093,3.56467,4.983613,5.505933,2.320615,5.094198,4.508402,8.557557,5.478678,5.658215,4.761212,5.841305,4.987834,6.43802,4.115895,8.669419,3.786399,4.531277,0.764035,5.171189,2.920881,5.262186,2.498381,6.940428,2.903444,4.088694,4.833139,3.817953,3.049205,2.796093,2.644849,2.639979,0,3.155815,7.009976,6.924614,1.69208,4.494503,4.661974,5.265609,4.199592,5.470021,0.627925,5.220986,4.002078,5.238501,8.638685,4.017985,6.223518,3.922141,2.55152,3.556574,2.878095,4.154911,5.720586,1.32478,5.319748,4.927488,4.436931,2.981483,4.010096,4.995238,2.920577,5.052287,1.829715,2.310773,2.462896,6.188591,6.806258,1.192191,7.418456,0.157654,1.813573,1.385815,4.59544,5.948015,4.182462,3.504454,2.415268,1.334325,3.752181,3.763977,2.991416,7.048293,5.058265,8.932688,5.32099,3.415588,3.731213,2.328315,5.359162,3.3386,5.201289,4.699525,7.151544,3.589549,3.103548
3.747783,3.465256,2.179254,2.563807,6.47798,6.946232,3.734315,5.679994,5.790343,6.086611,2.40374,2.595181,1.244099,3.582559,5.714714,5.833229,2.149137,2.753262,7.516278,2.568561,5.206083,4.340465,4.476849,5.724749,5.51991,0.914695,1.87441,5.19385,5.881566,10.671641,2.772429,2.524486,3.167612,2.829415,5.961001,4.570317,10.415506,6.510256,4.836878,4.906539,6.534043,2.726377,7.585453,6.104202,6.054207,6.724437,6.397268,5.331632,4.817763,6.343405,1.94089,6.175464,5.23261,1.771431,7.306423,4.728433,6.692953,3.994255,2.580921,5.392421,5.352441,3.881929,6.775783,8.545986,4.478913,4.43826,7.999854,6.715798,9.407757,1.718515,5.001281,3.457942,6.630172,3.652526,8.314622,4.759614,0.501134,6.431358,2.462611,2.986719,6.65103,6.827544,5.05243,7.888165,5.300116,4.337369,6.527687,5.080138,4.369309,5.759287,4.190192,7.327324,5.332752,2.53413,4.535144,1.375604,5.040545,4.844574,6.257062,2.667737,4.787731,7.291027,2.069792,7.739047,5.487861,2.118484,6.408171,0.982079,6.730174,5.773201,7.928972,4.308686,4.655168,4.309561,5.925044,5.866016,0.411086,4.775237,4.584899,6.3213,4.632883,5.786163,6.23445,3.646057,4.178229,2.702379,8.421574,5.864926,2.935383,4.895007,5.022262,6.891796,6.136846,2.483039,4.596693,2.634798,3.296801,4.575173,3.866431,8.876325,6.476549,1.364693,2.781037,1.238552,6.294689,5.997534,5.658191,8.275443,2.605418,6.082294,4.565165,4.242381,6.167712,5.750769,2.579579,7.342449,3.2833,3.144135,6.553648,8.738792,6.185794,6.732019,9.474593,6.834198,0.74673,0.276351,4.648163,8.589484,8.10536,4.843419,10.02242,10.190717,4.094238,6.106502,2.06256,5.361273,4.814705,0.840796,2.280839,5.914861,5.713546,1.638635,2.076727,5.583438,4.532702,6.207139,4.44077,3.7856,4.302713,8.615767,10.127074,0.979291,3.609984,4.706641,4.819317,6.549244,2.78662,4.56561,4.457439,7.799437,1.943145,5.58387,3.78766,6.881689,8.713137,4.762868,3.173057,4.188586,4.710906,4.270679,5.725828,3.713375,10.034903,3.328031,4.863188,6.238558,5.046278,4.192807,5.642993,5.9322,9.912769,4.177853,3.73625,3.901078,4.376162,0.695739,3.250924,0.883884,6.145401,3.563725,4.675659,3.171032,1.304645,0.966699,2.779533,1.221808,3.284214,3.155815,0,6.214949,6.129587,4.406605,5.294486,1.563956,2.545461,6.504476,6.101651,3.764968,6.698332,5.818383,5.422795,10.116031,0.919967,4.072871,1.124079,4.167852,0.741821,4.422323,5.971216,6.352216,2.228156,7.688611,2.751294,2.850714,2.434471,1.846316,5.626868,2.613602,5.683917,1.607344,1.682678,2.600628,4.037944,8.098526,2.002115,6.623429,3.001324,2.221422,4.522858,1.497422,7.240283,1.673595,4.150442,4.17892,4.032783,4.339146,0.650236,4.086964,6.253266,4.263238,10.410034,2.600842,3.198085,0.894383,1.942556,4.641964,3.978528,6.493557,3.904498,6.356517,3.75552,3.747783
4.606544,7.319417,6.883658,5.078509,7.220467,7.688719,7.362904,5.30402,7.662435,2.38961,4.769821,7.299585,5.846961,7.211148,5.33874,6.187451,5.251278,6.98289,8.691935,5.461265,5.560305,5.906339,2.394551,6.078971,3.70998,5.585948,8.029669,5.159477,6.624053,10.317682,4.376415,7.371092,4.028475,4.639111,1.283752,4.535944,10.061547,1.965965,8.629002,4.87543,7.27653,6.580538,7.164326,7.919856,4.846582,7.466924,2.983134,1.200389,5.990206,5.06862,8.096149,7.991118,5.975097,5.622693,8.04891,5.082655,1.963841,3.90028,7.045011,1.489441,1.654414,5.330188,7.130005,9.721643,7.316133,8.097483,9.175511,7.686343,8.132972,6.387084,6.203794,7.284005,0.415223,4.605582,9.490279,6.868791,6.656393,5.156573,6.382694,7.156138,5.376245,7.570031,6.228087,6.61338,4.319517,6.693999,0.312738,1.488649,2.037608,6.344267,7.818781,8.502981,5.301643,5.533589,5.652861,5.350162,7.436782,7.299193,2.842928,5.318134,2.58305,7.645249,4.60468,6.464262,5.364912,5.949235,7.150658,6.39526,5.455389,1.026171,6.820807,3.569377,5.023617,7.968784,4.115114,4.078196,6.088266,6.308175,2.745502,4.794646,5.711025,3.976233,4.959665,4.212675,7.806818,6.55654,7.776666,6.607413,3.796246,5.478969,3.903776,7.634283,7.312503,3.73191,3.396462,5.844493,3.8568,3.975199,4.429821,7.60154,3.062415,6.646642,5.353949,7.393811,7.037176,7.646056,1.534174,7.000658,4.35153,1.207346,6.184781,4.99983,0.656654,6.713826,5.26144,8.518106,7.764886,4.591437,7.729305,7.464007,1.363618,7.907676,8.685484,0.821287,5.918952,5.953531,4.105879,9.765141,6.830575,2.940498,8.747635,8.915932,5.660401,4.296572,5.815265,6.53693,6.309736,5.374153,6.181811,2.261344,6.456033,7.793894,5.051423,4.279985,5.268715,4.022967,4.709458,2.886293,5.858245,9.791424,9.773115,6.356564,4.524414,6.831958,5.750633,5.274459,4.887454,4.428782,5.919992,8.541924,6.789751,6.322611,4.967743,7.643365,9.455624,6.895195,4.03392,2.758773,1.755317,5.798836,5.691455,2.814068,8.791112,4.046987,2.592203,6.751298,1.377274,2.759776,0.622508,7.107857,8.637984,4.083878,2.836943,7.755239,1.957821,5.717274,4.557069,6.261157,1.270453,5.141666,4.509079,4.430297,5.562607,5.389372,7.257304,5.813633,4.490541,7.009976,6.214949,0,1.389881,8.065828,5.260113,7.719215,5.118373,7.680133,4.826866,7.619129,7.440819,6.99404,4.119342,9.762072,7.075226,4.430173,6.2909,5.510948,6.611683,5.516814,7.146873,5.077431,6.127411,8.864268,4.524646,4.034089,7.138875,4.368633,5.592495,4.546064,5.649544,6.044176,5.612004,4.654138,3.337074,7.905669,5.969263,0.40848,6.855485,5.312572,8.377019,7.652681,7.499712,5.020192,4.840111,5.707116,7.692006,4.37269,6.823111,5.178144,0.546106,2.492957,10.056075,5.555621,7.679671,6.786322,5.211045,2.82354,4.523164,6.847779,2.411021,0.141568,3.967156,4.606544
4.521182,7.234055,6.798296,4.993147,7.135105,7.603357,7.277542,4.171382,7.577073,1.256972,4.684459,7.214223,5.761599,7.125786,4.206102,6.102089,5.165916,6.897528,8.606573,5.375903,5.408396,5.820977,2.309189,5.993609,2.577342,5.500586,7.944307,4.493794,6.538691,9.185044,4.291053,7.845176,3.943113,4.553749,0.168586,4.345282,8.928909,0.833327,8.54364,4.684768,7.191168,6.495176,6.031688,7.834494,3.713944,7.381562,1.850496,0.797955,5.904844,3.935982,8.010787,7.905756,5.889735,5.537331,7.963548,4.997293,3.016102,3.814918,6.959649,1.71557,1.67559,5.244826,6.834038,9.636281,7.230771,8.012121,9.090149,7.600981,7.000334,6.301722,6.118432,7.198643,1.805104,4.52022,9.404917,6.783429,6.571031,4.023935,6.297332,7.070776,4.243607,7.484669,6.142725,5.480742,3.880824,6.608637,1.702619,1.403287,1.952246,6.258905,7.733419,8.417619,5.110981,5.781599,5.567499,5.2648,7.35142,7.213831,1.71029,5.442926,1.813473,6.745531,4.519318,5.331624,4.232274,6.197245,7.065296,6.309898,4.322751,2.09635,5.688169,4.773179,4.938255,7.883422,2.982476,2.945558,6.002904,6.222813,2.66014,3.662008,5.625663,2.843595,3.827027,4.127313,7.721456,6.471178,6.644028,6.522051,3.710884,5.393607,3.003379,7.548921,7.227141,3.646548,2.734751,6.092503,3.771438,3.598754,4.344459,6.468902,1.929777,6.56128,5.601959,7.308449,6.951814,7.560694,0.660635,5.86802,4.266168,0.212479,6.099419,4.914468,1.860456,6.628464,5.176078,8.432744,7.679524,4.506075,7.643943,6.331369,0.056207,7.822314,7.552846,2.025089,5.83359,5.868169,3.729434,9.679779,5.697937,2.268697,7.614997,7.783294,5.575039,3.163934,5.729903,6.451568,6.224374,5.288791,6.096449,1.400821,6.370671,7.708532,4.966061,3.147347,5.183353,2.890329,4.624096,2.800931,5.772883,9.706062,8.640477,6.271202,5.200979,6.746596,5.665271,4.141821,4.836408,4.23812,5.83463,8.456562,7.263835,6.237249,4.882381,7.558003,8.79999,6.809833,3.948558,2.673411,1.669955,5.713474,4.851971,2.728706,7.658474,4.990474,1.73168,6.665936,1.121485,2.64522,0.912552,7.022495,7.505346,3.998516,2.751581,7.669877,1.872459,5.631912,4.773982,6.175795,0.149372,5.056304,4.318417,4.344935,5.477245,5.30401,7.171942,5.728271,4.405179,6.924614,6.129587,1.389881,0,7.980466,5.069451,7.633853,5.366383,7.594771,3.694228,7.533767,7.355457,6.908678,2.986704,8.629434,6.989864,5.633975,6.205538,5.425586,6.526321,5.431452,7.061511,3.944793,6.042049,8.778906,4.439284,3.948727,7.053513,4.283271,4.753011,4.460702,5.141701,5.958814,5.526642,4.568776,4.540876,6.773031,5.883901,1.798361,6.770123,5.22721,8.291657,7.567319,6.367074,4.93483,4.754749,5.621754,7.606644,4.182028,6.737749,5.092782,1.749908,2.407595,8.923437,5.803631,7.594309,6.70096,5.125683,2.151739,4.437802,6.762417,2.325659,1.531449,3.881794,4.521182
3.68983,1.04619,4.017919,3.355707,5.01729,5.485542,0.716959,5.745699,3.114224,7.551174,3.961505,4.433846,5.06856,0.868715,5.780419,4.59025,4.138287,3.44739,5.164071,4.507854,4.049268,2.740047,6.327728,4.48177,6.45939,4.295713,6.223218,5.259555,4.420876,9.210951,5.835109,6.573338,5.487169,4.38718,7.81188,4.749537,8.954816,7.974819,0.9411,4.503233,4.934104,1.752977,6.309841,3.428083,6.119912,4.641318,7.336748,7.182511,3.024318,6.40911,6.289698,3.499345,3.790008,3.08525,5.703621,3.637685,8.543832,4.732621,3.75502,7.2433,7.20332,2.740768,5.500171,6.193779,1.802794,0.409581,5.647647,4.42757,8.603208,3.521345,3.03516,0.949196,8.481051,3.598127,5.962415,2.083495,4.849942,6.497063,2.852893,3.620638,6.716735,5.366854,3.252781,7.0731,5.914185,1.66125,8.378566,6.931017,6.220188,4.327269,0.391936,4.975117,4.442493,6.505068,2.985318,5.139702,2.364426,2.168455,7.196542,6.638675,6.63861,6.015415,5.848014,6.994202,5.553566,6.089422,4.947481,4.196381,6.795879,7.62408,6.65336,7.515185,3.533034,0.150918,6.864524,6.805496,4.276627,2.099118,6.435778,6.387005,3.186156,6.725643,6.300155,4.138685,0.273769,1.908257,7.145962,4.432643,5.25494,3.618553,5.961742,5.431106,3.464156,5.190604,5.97821,6.605736,4.209028,5.122625,3.957286,7.802747,7.416029,5.413545,6.751975,5.58736,4.50178,3.321415,7.50907,7.349598,5.810224,7.933173,1.889046,3.297455,8.018591,4.173975,3.256244,5.054221,4.751593,3.588351,4.26542,8.343774,8.036673,4.379812,8.013903,8.685077,4.591186,4.141892,5.195615,6.237277,7.348344,6.444264,8.795726,8.964023,2.721391,7.045982,2.479459,3.561624,2.144878,4.390714,2.650255,7.76574,4.281263,5.987443,5.854949,6.330368,3.287234,7.146619,4.064661,5.636479,2.621132,6.26356,8.666384,3.828177,6.745035,2.030522,3.249221,6.614949,6.380464,4.745312,2.539348,5.881663,5.991997,4.156926,3.099175,4.593461,7.252447,2.086749,4.620522,6.039465,6.561785,2.337271,5.791533,5.564254,8.574213,6.53453,6.714067,4.777868,6.897157,6.043686,7.493872,4.132551,8.686075,4.717623,5.587129,0.971559,6.227041,4.171671,6.318038,3.749171,7.99628,3.090842,4.93347,5.888991,5.068743,4.299995,4.046883,3.895639,3.757957,1.69208,4.406605,8.065828,7.980466,0,4.511159,5.912764,6.516399,4.216248,6.167356,1.064155,5.237642,4.018734,6.169725,8.655341,5.268775,7.27937,5.172931,2.568176,4.807364,2.894751,4.171567,6.417921,2.57557,5.336404,5.98334,5.492783,4.232273,5.260886,5.692573,4.171367,5.749622,3.080505,3.561563,3.713686,7.244443,6.822914,2.442981,8.474308,1.637407,3.064363,0.812705,5.84623,5.964671,5.433252,3.649778,2.431924,0.373822,4.639675,5.014767,3.008072,8.104145,6.114117,8.949344,6.57178,4.666378,4.982003,3.579105,6.415014,4.04557,5.217945,5.755377,8.207396,4.576607,3.68983
1.73232,3.825873,4.956251,2.731389,3.398559,3.866811,3.808235,1.23454,4.10572,3.912091,2.995839,5.372178,5.104575,3.656479,1.26926,2.147712,3.477296,4.63577,5.13522,3.687283,1.120628,2.892982,3.522013,2.039232,2.820307,4.507577,7.109206,0.748396,2.787273,7.147013,3.831702,7.188152,3.483762,3.000865,4.900865,0.724169,6.890878,4.335736,5.074333,0.56249,3.454622,4.233418,3.899936,4.363141,1.608753,3.645016,3.697665,4.376796,2.247891,1.897951,7.175686,4.434403,2.153209,3.60275,4.227002,0.873474,5.738117,1.538375,4.9434,4.437585,4.397605,2.221542,3.090266,6.164928,3.761464,4.542814,5.618796,3.864435,4.962303,4.459677,2.647079,3.729336,5.675336,1.84308,5.933564,3.314122,5.73593,1.985904,4.035574,4.809018,2.205576,3.748123,2.671372,3.442711,2.262257,3.13933,5.572851,4.125302,3.414473,2.304528,4.264112,4.946266,0.068666,5.322248,1.971014,4.805449,3.882113,3.744524,3.557459,4.983575,3.262314,3.60551,4.059967,3.293593,1.042407,5.737894,3.32875,5.106562,2.28472,4.818365,3.650138,5.511778,0.993822,4.414115,3.225441,2.296632,5.167803,2.753506,3.630063,1.875846,2.012207,3.08656,1.788996,1.708484,4.252149,4.20942,4.605997,2.785505,3.251533,1.441361,2.322659,3.812375,3.755788,3.187197,2.43622,5.633152,2.39154,1.470697,1.559011,4.430871,3.776946,5.904256,5.142608,6.473348,3.215268,4.089341,4.408816,3.829989,3.806817,5.127458,2.644366,1.543022,5.212876,2.891938,2.94007,4.938519,5.837479,2.244317,4.149718,4.293338,5.125658,4.350961,5.514815,5.879362,5.142799,5.033068,1.543687,6.208426,3.659906,2.902274,5.576966,5.745263,2.647044,3.406899,3.468145,2.903848,2.755067,4.556808,3.834691,4.488315,2.634125,6.873431,4.50671,2.691285,1.315531,3.507536,1.041535,2.830764,2.806088,6.234709,6.602446,4.743042,4.741628,3.277289,1.937666,2.10379,4.377057,0.835308,2.365323,4.720016,6.606811,2.282872,1.894817,3.821457,5.633716,3.340526,2.803034,3.23375,3.75607,2.560574,1.280374,2.758539,5.620443,4.531123,3.337771,2.711559,4.091442,2.786354,4.688157,3.551142,5.467315,1.362459,2.781414,5.07742,3.421326,4.699857,4.314631,4.659352,5.190565,2.305587,1.023466,3.885584,4.89857,4.365889,5.235263,4.072678,2.143421,4.494503,5.294486,5.260113,5.069451,4.511159,0,6.798752,4.907032,4.092649,1.656197,4.94131,3.618911,3.437325,2.530642,6.591403,6.154763,5.275963,5.548514,1.956279,5.69122,1.834967,3.590158,1.906762,3.780291,5.307553,3.979933,3.489376,5.211468,3.82392,1.181414,2.808558,1.238463,4.098294,3.738602,2.755877,5.241036,4.413009,3.622143,5.668593,4.422096,3.182485,4.945938,6.732218,3.554766,4.475479,1.32697,2.499708,4.137337,1.087741,5.902648,1.879633,5.29843,3.308402,6.885406,5.34428,5.752264,5.865859,3.410941,2.917712,1.431346,2.80804,2.949662,5.401681,1.77711,1.73232
5.252049,4.971415,3.685413,4.068073,7.982246,8.450498,5.240474,7.18426,7.296502,7.590877,3.908006,4.10134,2.748365,5.088718,7.21898,7.337495,3.653403,4.259421,9.020544,4.072827,6.710349,5.844731,5.981115,7.229015,7.024176,2.418961,0.440636,6.698116,7.385832,12.175907,4.179439,3.265039,4.671878,4.333681,7.465267,6.074583,11.919772,8.014522,6.343037,6.410805,8.038309,4.232536,9.089719,7.610361,7.558473,8.228703,7.901534,6.835898,6.322029,7.847671,0.447448,7.681623,6.736876,3.275697,8.810689,6.232699,7.495906,5.498521,4.08708,6.896687,6.856707,5.386195,8.280049,10.050252,5.985072,5.944419,9.50412,8.220064,10.912023,3.224674,6.505547,4.964101,8.134438,5.156792,9.818888,6.265773,1.062822,7.935624,3.96877,4.492878,8.155296,8.33181,6.556696,9.392431,6.804382,5.843528,8.031953,6.584404,5.873575,7.263553,5.696351,8.83159,6.837018,3.274683,6.03941,2.782614,6.546704,6.350733,7.761328,3.40829,6.291997,8.795293,3.476802,9.243313,6.992127,2.859037,7.912437,2.488238,8.23444,7.277467,9.433238,5.049239,6.159434,5.81572,7.42931,7.370282,1.917245,6.281396,6.089165,7.825566,6.137149,7.290429,7.738716,5.150323,5.684388,4.208538,9.92584,7.369192,4.439649,6.399273,6.526528,8.396062,7.641112,3.987305,6.100959,3.375351,4.801067,6.079439,5.370697,10.380591,7.980815,2.105246,3.52159,0.371899,7.798955,7.503693,7.162457,9.779709,4.012428,7.58656,6.071324,5.746647,7.671978,7.255035,4.083845,8.846715,4.254841,4.648401,8.057914,10.243058,7.69006,8.236285,10.978859,8.028989,2.250996,1.78251,6.152429,10.09375,9.609626,6.347685,11.526686,11.694983,5.598504,7.610768,3.568719,6.865539,6.318971,2.345062,3.786998,7.419127,7.217812,0.428718,3.483737,7.087704,6.036968,7.711405,5.945036,5.289866,5.806979,10.120033,11.63134,2.48545,4.350537,6.2128,6.323583,8.05351,3.527173,6.069876,5.961705,9.303703,2.683698,7.088136,5.291926,8.385955,10.217403,6.269027,4.677323,5.692852,6.215172,5.774945,7.230094,5.217641,11.539169,4.068584,6.367454,7.742824,6.550544,5.697073,7.147259,7.436466,11.417035,5.682119,5.240516,5.407237,5.880428,2.200005,4.140454,2.390043,7.649667,5.067991,6.179925,4.578042,2.711655,2.470965,4.285692,2.726074,4.78848,4.661974,1.563956,7.719215,7.633853,5.912764,6.798752,0,3.286014,8.008742,7.605917,5.271127,8.202598,7.322649,6.927061,11.620297,0.643989,4.813424,1.864632,5.672118,1.210084,5.926589,7.475482,7.856482,3.734315,9.192877,3.924297,4.35498,3.94063,3.350582,7.131134,4.117868,7.188183,3.113503,3.186944,4.104894,4.778497,9.602792,3.508274,8.127695,4.507483,3.725688,6.029017,1.105742,8.744549,3.080605,5.654708,5.683186,5.538942,5.843412,1.56333,5.59123,7.757532,5.767504,11.9143,3.341395,4.092982,1.156511,3.446822,6.14623,5.482794,7.997823,5.408764,7.860783,5.259786,5.252049
3.623913,5.57505,4.330983,3.63504,6.469805,6.938057,5.844109,5.29254,6.507046,5.323407,3.400083,4.74691,2.004657,5.692353,5.32726,5.660926,3.042266,4.904991,7.536546,3.46169,5.03378,4.75095,3.713645,5.552446,4.756706,2.43087,3.596468,4.806396,5.873391,10.663466,1.267226,3.227718,1.791677,3.483722,5.197797,4.182863,10.407331,5.747052,6.946672,4.522349,6.525868,4.836171,7.41315,6.764467,5.666753,6.716262,5.634064,4.568428,4.834817,5.955951,3.662948,6.835729,5.224435,3.5188,7.298248,4.55613,4.498708,3.373755,4.73265,4.629217,4.589237,4.174799,6.60348,8.566254,6.160744,6.548054,8.020122,6.736066,9.020303,3.870244,5.048405,5.567736,5.533596,3.531908,8.33489,5.713402,2.522752,6.043904,4.599779,5.138448,6.263576,6.819369,5.072698,7.500711,4.672552,5.53861,5.431111,4.316934,3.606105,5.751112,6.299986,7.347592,4.948562,0.704032,4.551367,1.901858,6.281393,6.143804,5.493858,0.768728,4.024527,7.118724,1.442882,7.351593,5.100407,1.119678,6.399996,3.17094,6.34272,4.687158,7.708138,2.052041,4.497092,6.419355,5.16184,5.102812,2.610751,5.152786,3.821695,5.819262,4.637351,5.022959,5.846996,3.384467,6.288023,4.812173,8.249271,5.856751,1.847395,4.886832,4.259058,6.883621,6.157114,2.106526,3.833489,1.014936,2.701411,3.949575,3.679159,8.488871,5.713345,1.943822,0.250887,2.96061,6.286514,6.490667,4.894987,7.887989,1.100215,5.31909,5.029392,4.23675,4.695599,5.756775,3.654006,7.362717,5.435029,3.436048,6.573916,8.351338,5.42259,6.752287,9.466418,5.031791,2.076648,2.476016,4.022565,8.609752,7.717906,4.080215,9.634966,9.803263,4.505012,5.343298,4.051594,5.381541,5.154347,2.217209,4.410775,5.151657,5.705371,3.360693,1.889625,4.820234,4.522738,5.443935,4.182933,3.022396,4.702856,8.636035,10.118899,3.153592,1.353339,5.676569,4.823785,6.16179,0.529975,4.075701,4.764603,7.791262,2.646377,5.575695,3.812354,6.892703,8.704962,5.739806,2.409853,3.425382,3.947702,4.643447,5.338374,2.950171,9.678443,1.071386,4.099984,6.224773,4.283074,3.429603,4.879789,5.952468,9.525315,3.557353,2.973046,6.010872,3.612958,2.514302,1.143256,3.058185,5.382197,3.986277,4.155998,1.665829,1.830899,2.234294,4.931262,2.658555,3.335152,5.265609,2.545461,5.118373,5.366383,6.516399,4.907032,3.286014,0,6.524744,5.714197,5.874762,6.690157,5.838651,4.659591,10.107856,2.642025,1.816226,1.58808,4.355559,2.177238,4.43479,5.991484,5.964762,4.358092,7.708879,0.927099,1.955147,4.5862,2.653685,5.239414,3.390675,5.296463,3.752736,3.119425,3.498749,1.781299,7.926223,4.139517,5.526853,5.111118,3.487319,6.632652,3.22188,7.06798,1.858394,4.095154,4.551727,6.142577,3.883964,2.993542,4.093817,4.786013,3.500034,10.401859,0.726064,5.349814,2.351877,2.975687,3.87876,3.782731,6.321254,3.141294,5.259941,3.333116,3.623913
3.302585,3.530962,6.166241,3.941379,1.56802,2.036092,3.513324,5.327189,1.102024,7.145168,4.290747,6.582168,6.314592,3.361568,5.361909,2.449336,4.772204,5.827665,2.131524,4.982191,2.984648,3.225764,5.942033,2.330899,6.053384,5.717567,8.319196,4.841045,1.325883,5.761501,5.449414,8.398169,5.101474,4.416989,7.426185,4.333489,5.505366,7.568813,4.779422,4.084723,1.323748,4.238739,2.89053,1.359445,5.403638,1.030962,6.930742,6.796816,2.068113,4.934294,8.385676,1.430707,1.965068,4.81274,2.396283,3.225845,8.158137,4.326615,6.135295,6.857605,6.817625,2.648454,2.08086,3.161232,2.595615,4.247903,2.6151,0.817214,5.153758,5.669667,1.758229,3.434425,8.095356,3.210882,2.929868,2.730346,6.94592,5.551661,5.227469,6.000913,5.771333,1.917584,1.524254,3.653789,5.508179,2.623862,7.992871,6.545322,5.834493,1.796868,3.969201,1.94257,4.023983,6.93996,2.264499,6.199012,2.032358,2.578675,6.790536,6.601287,6.252915,2.596104,5.677679,3.574891,5.135056,7.148732,1.498211,6.316552,5.797833,7.238385,3.234049,7.12949,3.12558,4.119204,6.458518,5.924718,6.377793,2.734239,6.050083,5.503932,2.484727,6.319637,5.354753,3.75144,3.957238,4.394019,3.726651,1.777112,4.869245,2.652387,5.555736,1.981836,0.752092,4.804909,5.572204,7.250864,3.823333,4.716619,3.570041,4.383436,7.010023,7.114273,6.76032,7.683338,0.891424,1.085645,7.123375,3.930287,5.424529,7.547478,2.849263,2.91021,7.632896,1.901381,4.132443,1.066644,7.047469,3.550067,0.277843,4.924463,7.650978,1.347265,4.564453,8.299382,6.352789,6.243058,4.789609,3.20473,3.929033,6.038258,5.346276,5.514573,3.031368,6.639976,4.660518,1.52918,2.651407,5.766798,5.026586,7.380045,1.625732,8.083421,6.124422,5.924362,2.895239,6.740613,3.658655,5.250784,3.06914,3.231013,5.216934,5.953032,6.35934,2.505953,2.399179,5.669547,5.994769,4.329264,2.195257,2.849116,7.816828,1.816327,2.726405,0.983105,3.802997,2.442716,4.234827,5.65377,6.17609,2.822988,5.373023,5.178559,5.124763,6.148835,6.328372,1.659345,6.511462,5.657991,7.108177,1.151492,5.236625,4.311617,5.201434,4.782509,5.841346,5.909847,5.932343,5.869342,7.610585,3.128436,4.517422,5.503296,6.128053,5.575879,6.427158,5.282668,3.400697,4.199592,6.504476,7.680133,7.594771,4.216248,4.092649,8.008742,6.524744,0,5.221954,4.646399,1.788192,1.037675,5.763719,5.205891,7.364753,6.893675,6.758531,2.358249,6.90121,2.444881,1.190508,5.472519,4.966032,2.303857,5.597645,5.107088,6.421458,5.441632,5.274063,4.215008,5.331112,5.308284,4.948592,4.013391,6.858748,3.403603,4.814038,8.088613,4.127185,4.384668,4.651027,7.942208,2.54536,6.093191,3.257783,2.766066,3.842426,4.233669,7.112638,2.620827,7.71845,5.728422,5.499894,6.961992,6.962254,7.075849,4.620931,6.029319,3.653575,1.798634,5.369682,7.821701,4.189362,3.302585
2.732585,5.48207,5.763416,3.538554,4.256031,4.991406,5.464432,0.585389,5.718086,2.437256,3.803004,6.179343,5.91174,5.312676,0.620109,3.803909,4.284461,5.442935,6.747586,4.494448,2.776825,4.316114,3.78787,3.695429,1.345472,5.314742,7.916371,0.907801,4.222112,5.536722,4.638867,7.995317,4.290927,3.80803,3.543114,1.531334,5.280587,2.860901,6.73053,1.767287,4.579217,5.040583,2.383366,5.975507,0.22759,4.771984,2.22283,3.761151,3.904088,0.28766,7.982851,6.046769,3.809406,4.409915,5.351597,2.529671,5.410382,2.34554,5.750565,4.10985,4.06987,3.733003,3.185716,7.777294,5.417661,6.199011,7.231162,4.99374,3.352012,5.266842,4.303276,5.385533,5.062619,2.843345,7.54593,4.970319,6.543095,0.329707,4.842739,5.616183,0.549379,4.029986,4.327569,1.83242,2.626844,4.795527,5.060868,3.797567,3.531526,3.960725,5.920309,6.335667,1.724863,6.129413,3.627211,5.612614,5.53831,5.400721,2.082624,5.79074,3.260613,3.097209,4.867132,1.683302,0.646281,6.545059,4.30898,5.913727,0.628523,4.49063,2.039847,6.318943,2.650019,6.070312,1.750606,0.74867,5.974968,4.409703,3.89592,0.327884,3.668404,1.611725,0.132799,2.515649,5.908346,5.016585,2.995706,4.441702,4.058698,3.097558,1.749399,4.196597,5.368154,3.994362,2.332999,6.440317,3.198705,2.277862,2.470581,2.82058,2.302111,6.711421,5.949773,7.280513,4.364115,5.701707,3.349192,2.219698,4.613982,3.838665,4.300563,3.104271,4.885141,4.548135,3.747235,6.067824,6.644644,3.051482,5.279023,2.637141,3.750435,5.963327,3.904524,5.462074,5.949964,5.840233,2.350852,7.820792,2.049615,2.799053,3.966675,4.134972,4.070176,1.932064,4.27531,4.560045,4.411264,5.363973,4.641856,3.01348,4.290322,7.680596,5.313875,1.893367,2.971728,2.032701,2.243838,3.637929,4.26802,7.847075,4.992155,5.550207,5.548793,4.933486,3.593863,0.447593,5.184222,1.642473,4.02152,5.844611,7.413976,3.939069,3.370038,4.948425,5.151668,4.996723,3.610199,3.599694,3.992157,4.198905,1.265978,3.565704,4.010152,5.338288,3.33607,4.123211,3.561385,3.045771,4.325171,5.207339,3.857024,2.169624,3.588579,6.215284,3.538379,5.507022,5.121796,5.466517,3.8436,3.551441,1.830631,4.692749,5.705735,5.173054,6.042428,4.879843,2.950586,5.470021,6.101651,4.826866,3.694228,6.167356,1.656197,7.605917,5.714197,5.221954,0,6.079174,4.743506,5.093522,1.732724,4.981112,6.961928,6.083128,6.355679,3.612476,6.498385,3.491164,5.246355,0.250565,4.587456,6.919919,4.787098,4.296541,6.018633,4.631085,1.167018,3.615723,1.555708,4.905459,4.545767,3.563042,6.048201,3.124709,4.429308,4.998436,5.31553,3.98965,6.602135,7.539383,2.718752,5.282644,2.698515,4.109931,5.793534,1.894906,6.709813,3.42627,4.970695,3.386345,5.275115,6.151445,6.559429,6.673024,4.218106,2.930347,2.343317,3.42332,3.223304,4.968434,2.584275,2.732585
3.712701,1.476341,3.376282,2.71407,5.447441,5.915693,1.455548,5.657517,3.544375,7.229103,3.319868,3.792209,4.426923,1.336591,5.692237,5.020401,3.49665,2.805753,5.594222,3.866217,4.479419,3.170198,5.881029,4.911921,6.137319,3.654076,5.581581,5.171373,4.851027,9.641102,5.38841,5.931701,5.04047,3.745543,7.365181,4.54784,9.384967,7.652748,1.07191,4.884062,5.364255,1.583315,6.739992,3.858234,6.03173,5.071469,7.014677,6.735812,3.454469,6.320928,5.648061,3.929496,4.220159,2.443613,6.133772,4.067836,8.097133,4.41055,3.113383,6.796601,6.756621,3.170919,5.930322,6.62393,2.232945,1.037425,6.077798,4.857721,9.033359,2.879708,3.465311,1.228867,8.034352,3.617444,6.392566,2.513646,4.208305,6.408881,2.211256,2.979001,6.628553,5.797005,3.682932,7.503251,5.592114,2.091401,7.931867,6.484318,5.773489,4.75742,1.130525,5.405268,4.872644,5.863431,3.415469,4.498065,2.794577,2.598606,6.874471,5.997038,6.191911,6.445566,5.206377,7.424353,5.465384,5.447785,5.377632,3.554744,6.707697,7.177381,7.083511,7.068486,3.963185,0.967111,6.542453,6.483425,3.63499,2.529269,5.989079,6.298823,3.616307,6.403572,6.211973,3.76078,1.024768,1.2616,7.576113,4.862794,4.808241,4.048704,5.639671,5.861257,3.894307,4.743905,5.656139,5.964099,3.762329,4.800554,3.835656,8.232898,7.093958,4.771908,6.110338,4.945723,4.931931,3.751566,7.062371,7.779749,5.363525,7.486474,2.319197,3.727606,7.571892,4.604126,2.614607,5.484372,4.109956,3.109053,4.695571,8.716315,7.589974,4.809963,8.444054,8.238378,3.949549,3.500255,4.873544,6.667428,7.778495,6.122193,9.225877,9.394174,3.151542,6.723911,1.837822,3.991775,2.575029,3.749077,2.008618,7.319041,4.711414,5.345806,5.213312,6.008297,3.717385,6.824548,4.403935,5.18978,3.051283,6.693711,9.096535,3.18654,6.298336,2.460673,3.679372,6.526767,5.933765,4.543133,2.969499,6.311814,5.35036,4.587077,3.529326,5.023612,7.682598,2.5169,4.173823,5.592766,6.115086,2.767422,5.703351,5.117555,9.004364,6.087831,6.267368,5.208019,6.450458,5.596987,7.047173,4.562702,9.116226,4.395552,5.14043,0.13611,5.780342,3.530034,5.871339,3.107534,7.549581,3.512597,4.697847,5.442292,4.427106,3.658358,3.405246,3.254002,3.249132,0.627925,3.764968,7.619129,7.533767,1.064155,4.94131,5.271127,5.874762,4.646399,6.079174,0,5.667793,4.448885,5.847654,9.085492,4.627138,6.832671,4.531294,2.998327,4.165727,3.324902,4.601718,6.329739,1.933933,5.766555,5.536641,5.046084,3.590636,4.619249,5.604391,3.52973,5.66144,2.438868,2.919926,3.072049,6.797744,7.253065,1.801344,8.027609,0.763644,2.422726,0.75789,5.204593,6.394822,4.791615,4.079929,2.862075,1.084935,4.361334,4.37313,3.438223,7.657446,5.667418,9.379495,5.930143,4.024741,4.340366,2.937468,5.968315,3.947753,5.648096,5.308678,7.760697,4.198702,3.712701
3.075563,4.552356,6.360097,4.135235,0.487584,0.464252,4.534718,4.853451,2.284324,6.67143,4.484603,6.776024,6.508448,4.382962,4.888171,1.975598,4.96606,6.021521,2.288849,5.176047,2.51091,3.756011,5.702719,1.857161,5.579646,5.911423,8.513052,4.367307,0.847435,4.040193,5.614827,8.592025,5.266887,4.595405,7.186871,3.859751,3.784058,7.095075,5.800816,3.610985,0.544713,5.260133,2.367512,2.541745,4.92519,0.761345,6.457004,6.557502,2.235091,4.455846,8.579532,2.613007,1.49133,5.006596,0.674975,2.752107,7.918823,3.852877,6.329151,6.618291,6.578311,3.074464,1.602412,3.318557,3.777915,5.269297,2.772425,1.559978,3.43245,5.863523,2.526297,4.455819,7.856042,3.16561,3.087193,3.839281,7.139776,5.073213,5.421325,6.194769,5.292885,0.854008,2.240083,3.175341,5.034441,3.806162,7.753557,6.306008,5.595179,1.32313,4.990595,1.659045,3.550245,7.105373,2.442526,6.392868,3.214658,3.760975,6.316798,6.7667,5.922741,1.672955,5.843092,3.096443,4.661318,7.342588,0.43492,6.510408,5.274815,6.999071,2.711031,7.294903,2.651842,5.140598,5.98478,5.44627,6.571649,3.267054,5.810769,5.025484,2.200061,5.845899,4.876305,3.310755,4.978632,5.415413,3.203633,1.324988,5.034658,2.178649,5.081998,0.91826,1.934392,4.970322,5.098466,7.416277,3.988746,4.242881,3.111428,3.904988,6.536285,7.308129,6.925733,7.877194,0.958751,2.267945,6.884061,3.451839,5.589942,7.308164,3.382078,2.459692,7.393582,1.449575,4.326299,2.634062,7.241325,3.743923,1.845261,4.401445,7.411664,1.998784,2.843145,8.060068,6.546645,6.436914,4.315871,3.362055,3.406015,5.56452,3.624968,3.793265,3.561615,6.166238,4.854374,1.774655,3.184222,5.960654,5.220442,7.140731,1.173608,8.277277,6.289835,5.450624,2.421501,6.266875,3.184917,5.01147,3.599387,3.388338,3.495626,6.146888,6.524753,3.688253,2.062449,5.191099,6.160182,3.855526,2.725504,1.167989,8.010684,1.342589,2.98729,0.996892,2.081689,3.625016,4.40024,5.414456,5.936776,3.353235,4.899285,4.939245,3.403455,6.314248,5.998198,1.180897,6.272148,5.393741,6.868863,2.333792,3.515317,3.837879,4.96212,5.803903,5.602032,6.103703,6.097756,6.063198,7.371271,3.398354,4.043684,5.668709,6.321909,5.769735,6.621014,5.476524,3.57956,5.220986,6.698332,7.440819,7.355457,5.237642,3.618911,8.202598,6.690157,1.788192,4.743506,5.667793,0,2.219975,5.289981,3.484583,7.558609,7.059088,6.952387,2.799707,7.095066,2.489136,2.372808,4.994071,5.159888,2.461182,5.763058,5.272501,6.615314,5.607045,4.800325,4.393871,4.857374,5.50214,5.142448,4.207247,7.024161,2.925155,5.007894,7.849299,5.148579,4.578524,5.672421,8.136064,2.066912,6.258604,2.784045,3.296313,4.86382,3.759931,7.306494,2.732555,7.479136,5.489108,3.778586,7.127405,7.15611,7.269705,4.814787,5.578139,3.179837,1.320186,5.130368,7.582387,3.731912,3.075563
2.616492,3.333448,5.480148,3.255286,1.999803,2.467875,3.31581,4.671865,1.019977,6.477819,3.604654,5.896075,5.628499,3.164054,4.706585,2.111757,4.086111,5.141572,2.049477,4.296098,2.518219,2.539671,5.25594,1.99332,5.386035,5.031474,7.633103,4.185721,1.757666,6.193284,4.763321,7.712076,4.415381,3.730896,6.740092,3.676182,5.937149,6.901464,4.581908,3.429399,1.755531,4.041225,3.322313,1.277398,5.046078,1.462745,6.263393,6.110723,1.38202,5.335276,7.699583,1.34866,1.603075,4.126647,2.589027,2.563851,7.472044,3.659266,5.449202,6.171512,6.131532,1.962361,2.512643,3.079185,2.513568,4.050389,2.533053,1.248997,5.585541,4.983574,1.072136,3.236911,7.409263,2.524789,2.847821,2.620373,6.259827,5.423229,4.541376,5.31482,5.642901,2.349367,0.838161,4.085572,4.84083,2.541815,7.306778,5.859229,5.1484,1.688312,3.771687,1.860523,3.368659,6.253867,1.578406,5.512919,1.950311,2.496628,6.123187,5.915194,5.566822,3.027887,4.991586,4.006674,4.479732,6.462639,1.929994,5.630459,5.722045,6.552292,3.665832,6.443397,2.4592,3.92169,5.791169,5.732141,5.6917,2.048146,5.36399,5.313171,1.798634,5.652288,5.226321,3.065347,3.759724,4.196505,4.158434,1.793686,4.183152,2.16366,4.888387,2.413619,0.670045,4.118816,4.904855,6.564771,3.13724,4.04927,2.883948,4.815219,6.342674,6.42818,6.074227,6.997245,1.323207,1.003598,6.437282,4.36207,4.738436,6.861385,2.16317,2.224117,6.946803,1.532755,3.44635,1.875648,6.361376,2.863974,1.086847,5.356246,6.964885,1.265218,4.996236,7.613289,5.666696,5.556965,4.12226,3.122683,4.360816,5.370909,5.778059,5.946356,2.345275,5.972627,3.974425,0.843087,1.965314,5.080705,4.340493,6.693952,1.642306,7.397328,5.438329,5.257013,2.213879,6.073264,2.991306,4.564691,2.383047,3.148966,5.648717,5.266939,5.673247,2.423906,1.713086,5.541115,5.308676,3.671957,1.509164,2.767069,7.130735,1.524933,2.040312,1.414888,4.23478,2.360669,3.548734,4.967677,5.489997,2.136895,4.717699,4.492466,5.556546,5.462742,5.642279,2.091128,5.825369,4.971898,6.422084,0.128397,5.668408,3.644268,4.515341,4.584995,5.155253,5.223754,5.24625,5.183249,6.924492,2.442343,3.860115,4.817203,5.44196,4.889786,5.741065,4.596575,2.714604,4.002078,5.818383,6.99404,6.908678,4.018734,3.437325,7.322649,5.838651,1.037675,5.093522,4.448885,2.219975,0,5.09637,5.637674,6.67866,6.207582,6.072438,1.672156,6.215117,1.758788,0.299007,5.344087,4.279939,2.22181,4.911552,4.420995,5.735365,4.755539,4.618739,3.528915,4.675788,4.622191,4.262499,3.327298,6.172655,3.835386,4.127945,7.40252,3.929671,3.698575,4.453513,7.256115,2.977143,5.407098,2.576423,2.079973,3.644912,3.56632,6.426545,1.934734,7.032357,5.042329,5.931677,6.275899,6.276161,6.389756,3.934838,5.343226,2.972215,2.230417,4.683589,7.135608,3.503269,2.616492
2.54246,5.484439,5.161416,3.307034,5.069629,5.537881,5.466801,2.209878,5.764765,1.729732,3.047579,5.577343,5.054807,5.315045,2.244598,3.819814,3.529036,5.211415,6.794265,3.739023,2.869587,4.090376,2.598226,3.711334,0.637948,4.658737,7.237515,2.430006,4.459375,7.22354,3.584261,7.138384,3.236321,2.916869,2.83559,1.806473,6.967405,2.153377,6.732899,2.145959,5.125692,4.809063,4.070184,6.022186,1.75244,5.316086,1.515306,3.053627,3.918636,1.974478,7.303995,6.093448,3.824279,3.900451,5.898072,2.622433,4.702858,1.483819,5.322769,3.402326,3.362346,3.511493,4.762368,7.823973,5.42003,6.20138,7.277841,5.535505,5.03883,4.664842,4.306124,5.387902,4.355095,2.648897,7.592609,4.972688,5.864239,2.062431,4.611219,5.384663,2.282103,5.419193,4.330417,3.519238,1.242403,4.797896,4.353344,3.090043,2.341882,3.97663,5.922678,6.605311,2.572172,5.074807,3.630059,4.558008,5.540679,5.40309,1.3751,4.736134,2.107879,4.784027,3.812526,3.37012,2.27077,5.490453,4.99982,5.279774,2.361247,3.783106,3.726665,5.264337,2.65598,6.072681,1.043082,0.984054,5.296112,4.412072,2.706276,1.700504,3.671252,0.904201,1.865523,2.154361,5.910715,4.785065,4.682524,4.456575,3.004092,3.111332,0.596665,5.483445,5.414833,2.939756,1.180265,5.385711,2.215269,1.059945,2.26146,4.507398,1.594587,5.854488,4.895167,6.601657,4.886338,5.748386,2.641668,3.906516,3.559376,3.131141,4.288678,2.926191,4.177617,4.563008,3.515715,6.609589,6.042644,2.819962,5.820788,4.369865,3.042911,6.010006,5.591342,4.75455,5.126798,5.161377,1.190625,7.867471,3.736433,1.646319,5.653493,5.82179,3.844438,1.22454,4.04379,4.574918,4.413633,4.581999,4.410336,2.305956,4.305195,7.00174,4.259269,0.413275,2.957805,1.325177,2.220592,2.53757,4.042282,7.893754,6.678973,4.916254,4.494187,4.935855,3.608411,2.180317,4.129616,1.699311,4.023889,6.391086,6.557043,3.954974,3.148195,5.492527,6.838486,4.999092,2.570757,2.41005,2.802513,3.977395,2.890467,2.465345,5.69697,4.283682,2.183336,4.383661,2.853861,1.856127,3.617647,5.210187,5.543842,1.464947,2.48822,5.983764,2.348735,4.83673,4.06719,4.832564,3.136076,3.325703,1.779608,3.638143,4.770453,4.46466,5.535062,4.223838,2.719066,5.238501,5.422795,4.119342,2.986704,6.169725,2.530642,6.927061,4.659591,5.763719,1.732724,5.847654,5.289981,5.09637,0,6.66793,6.283072,5.028522,5.498746,3.614845,5.819529,3.494012,5.249203,1.983289,4.355936,6.966598,3.732492,3.241935,5.416633,3.576479,2.791507,2.823822,2.920073,4.321934,3.889762,2.931896,4.993595,4.811527,4.197788,4.290912,5.08401,3.59033,6.604504,6.860527,4.40557,4.228038,2.548157,3.888421,5.795903,1.643219,6.030957,3.223857,4.263171,2.196701,6.961933,5.096839,5.957429,5.994168,3.488803,1.777613,2.155527,4.480142,2.03366,4.26091,1.675839,2.54246
6.493262,7.970055,9.777796,7.552934,3.905283,3.881951,7.952417,5.520595,5.702023,7.372462,7.902302,10.193723,9.926147,7.800661,5.555315,5.393297,8.383759,9.43922,4.506008,8.593746,5.928609,7.17371,8.723076,5.27486,6.280678,9.329122,11.930751,5.843007,4.265134,0.617192,9.032526,12.009724,8.684586,8.013104,8.47832,6.46654,0.361057,7.796107,9.218515,6.702493,3.962412,8.677832,3.97,5.959444,5.162796,4.179044,7.158036,8.696357,5.65279,4.693452,11.997231,6.030706,4.909029,8.424295,3.760886,6.169806,10.345588,7.270576,9.74685,9.045056,9.005076,6.492163,4.77967,5.083847,7.195614,8.686996,4.537715,4.977677,1.665893,9.281222,5.943996,7.873518,9.997825,6.583309,4.852483,7.25698,10.557475,5.310819,8.839024,9.612468,5.530491,4.271707,5.657782,4.574794,7.56205,7.223861,9.996074,8.732773,8.466732,4.740829,8.408294,4.511857,6.660069,10.523072,5.860225,9.810567,6.632357,7.178674,7.01783,10.184399,8.195819,4.691106,9.260791,4.425676,5.581487,10.760287,3.852619,9.928107,5.505049,9.425836,3.626481,10.712602,6.069541,8.558297,6.685812,5.683876,9.989348,6.684753,8.831126,5.26309,5.61776,6.546931,5.113911,6.728454,8.396331,8.833112,4.58234,4.742687,8.452357,5.596348,6.684605,4.335959,5.352091,8.388021,7.268205,10.833976,7.406445,7.213068,6.529127,5.562954,7.237317,10.725828,10.343432,11.294893,4.37645,5.685644,8.284398,4.962072,9.007641,8.773871,6.799777,5.877391,9.820347,4.867274,7.743998,6.051761,10.659024,7.161622,5.26296,4.631679,8.685641,4.851596,1.076588,10.39728,9.964344,9.854613,7.286058,5.127345,3.636249,7.734259,1.858411,2.026708,6.979314,6.86727,8.272073,5.192354,6.601921,9.378353,8.638141,7.948686,4.591307,11.694976,9.707534,6.828573,5.8392,6.967907,6.602616,8.429169,7.017086,5.153628,0.072625,9.564587,9.942452,7.105952,5.480148,5.428705,9.577881,6.577679,6.143203,4.2539,11.428383,4.760288,6.404989,4.414591,1.888582,7.042715,7.817939,8.5349,8.927363,6.770934,6.201184,8.356944,1.667226,9.731947,8.271276,4.598596,8.496591,7.980977,9.260377,5.751491,1.74876,7.10483,8.379819,9.221602,8.473585,9.521402,9.515455,9.480897,8.778806,6.816053,6.765837,9.086408,9.739608,9.187434,10.038713,8.894223,6.997259,8.638685,10.116031,9.762072,8.629434,8.655341,6.591403,11.620297,10.107856,5.205891,4.981112,9.085492,3.484583,5.637674,6.66793,0,10.976308,10.476787,10.370086,6.217406,10.512765,5.906835,5.790507,5.231677,8.577587,4.226472,9.180757,8.6902,10.033013,9.024744,6.102224,7.81157,6.490914,8.919839,8.560147,7.624946,10.44186,5.860945,8.425593,9.933642,8.566278,7.996223,9.09012,11.553763,5.447232,9.676303,6.201744,6.714012,8.281519,6.830112,10.724193,6.150254,9.905901,8.321551,0.355585,10.545104,10.573809,10.687404,8.232486,7.865553,6.597536,4.737885,8.15851,9.90364,7.149611,6.493262
4.60806,4.327426,3.041424,3.424084,7.338257,7.806509,4.596485,6.540271,6.652513,6.946888,3.264017,3.457351,2.104376,4.444729,6.574991,6.693506,3.009414,3.615432,8.376555,3.428838,6.06636,5.200742,5.337126,6.585026,6.380187,1.774972,0.954443,6.054127,6.741843,11.531918,3.53545,2.62105,4.027889,3.689692,6.821278,5.430594,11.275783,7.370533,5.699048,5.766816,7.39432,3.588547,8.44573,6.966372,6.914484,7.584714,7.257545,6.191909,5.67804,7.203682,1.020923,7.037634,6.092887,2.631708,8.1667,5.58871,6.851917,4.854532,3.443091,6.252698,6.212718,4.742206,7.63606,9.406263,5.341083,5.30043,8.860131,7.576075,10.268034,2.580685,5.861558,4.320112,7.490449,4.512803,9.174899,5.621784,0.418833,7.291635,3.324781,3.848889,7.511307,7.687821,5.912707,8.748442,6.160393,5.199539,7.387964,5.940415,5.229586,6.619564,5.052362,8.187601,6.193029,2.630694,5.395421,2.138625,5.902715,5.706744,7.117339,2.764301,5.648008,8.151304,2.832813,8.599324,6.348138,2.215048,7.268448,1.844249,7.590451,6.633478,8.789249,4.40525,5.515445,5.171731,6.785321,6.726293,1.273256,5.637407,5.445176,7.181577,5.49316,6.64644,7.094727,4.506334,5.040399,3.564549,9.281851,6.725203,3.79566,5.755284,5.882539,7.752073,6.997123,3.343316,5.45697,2.731362,4.157078,5.43545,4.726708,9.736602,7.336826,1.461257,2.877601,0.344275,7.154966,6.859704,6.518468,9.13572,3.368439,6.942571,5.427335,5.102658,7.027989,6.611046,3.439856,8.202726,3.773006,4.004412,7.413925,9.599069,7.046071,7.592296,10.33487,7.385,1.607007,1.138521,5.50844,9.449761,8.965637,5.703696,10.882697,11.050994,4.954515,6.966779,2.92473,6.22155,5.674982,1.701073,3.143009,6.775138,6.573823,0.718668,2.839748,6.443715,5.392979,7.067416,5.301047,4.645877,5.16299,9.476044,10.987351,1.841461,3.706548,5.568811,5.679594,7.409521,2.883184,5.425887,5.317716,8.659714,2.039709,6.444147,4.647937,7.741966,9.573414,5.625038,4.033334,5.048863,5.571183,5.130956,6.586105,4.573652,10.89518,3.424595,5.723465,7.098835,5.906555,5.053084,6.50327,6.792477,10.773046,5.03813,4.596527,4.763248,5.236439,1.556016,3.496465,1.746054,7.005678,4.424002,5.535936,3.934053,2.067666,1.826976,3.641703,2.082085,4.144491,4.017985,0.919967,7.075226,6.989864,5.268775,6.154763,0.643989,2.642025,7.364753,6.961928,4.627138,7.558609,6.67866,6.283072,10.976308,0,4.169435,1.220643,5.028129,0.566095,5.2826,6.831493,7.212493,3.090326,8.548888,3.280308,3.710991,3.296641,2.706593,6.487145,3.473879,6.544194,2.469514,2.542955,3.460905,4.134508,8.958803,2.864285,7.483706,3.863494,3.081699,5.385028,0.623907,8.10056,2.436616,5.010719,5.039197,4.894953,5.199423,0.919341,4.947241,7.113543,5.123515,11.270311,2.697406,3.611147,0.512522,2.802833,5.502241,4.838805,7.353834,4.764775,7.216794,4.615797,4.60806
3.992844,6.532959,5.805062,4.292051,6.838736,7.306988,6.576446,5.661471,6.875977,5.692338,3.983363,6.220989,3.479479,6.42469,5.696191,6.029857,4.18942,6.196432,7.905477,4.608844,5.402711,5.119881,4.082576,5.921377,5.125637,3.904949,5.123878,5.175327,6.242322,11.032397,1.636157,4.755128,2.160608,3.852653,5.527846,4.551794,10.776262,6.115983,7.842544,4.89128,6.894799,5.79408,7.782081,7.133398,6.035684,7.085193,6.002995,4.937359,5.203748,6.324882,5.190358,7.20466,5.593366,4.836235,7.667179,4.925061,3.810508,3.742686,6.206729,4.44431,4.609283,4.54373,6.972411,8.935185,6.529675,7.311025,8.389053,7.104997,9.389234,5.344323,5.417336,6.497547,4.845396,3.900839,8.703821,6.082333,4.050162,6.412835,5.596236,6.36968,6.632507,7.1883,5.441629,7.869642,5.041483,5.907541,4.742911,4.685865,3.975036,6.120043,7.032323,7.716523,5.317493,2.231442,4.920298,2.887946,6.650324,6.512735,5.862789,2.015987,4.393458,7.487655,2.142464,7.720524,5.469338,2.647088,6.768927,4.645762,6.711651,3.998958,8.077069,1.34408,4.866023,7.182326,5.530771,5.471743,4.085573,5.521717,4.190626,6.188193,5.006282,5.39189,6.215927,3.753398,7.02036,5.770082,8.618202,6.225682,2.216326,5.255763,4.627989,7.252552,6.526045,2.475457,4.20242,2.542346,3.070342,4.318506,4.04809,8.857802,6.082276,3.471232,2.051802,4.48802,6.655445,6.859598,5.263918,8.25692,1.606838,5.45144,5.398323,4.605681,4.007399,6.125706,4.474982,7.731648,6.909108,3.804979,6.942847,8.720269,5.607712,7.121218,9.835349,4.343591,3.55147,3.950838,4.391496,8.978683,8.086837,4.449146,10.003897,10.172194,4.873943,5.712229,5.028807,5.750472,5.523278,3.691288,5.395353,5.520588,6.074302,4.888103,2.589207,5.189165,4.891669,5.812866,4.551864,3.391327,5.071787,9.004966,10.48783,4.628414,1.222267,6.0455,5.192716,6.530721,1.585307,4.444632,5.133534,8.160193,4.173787,5.944626,4.181285,7.261634,9.073893,6.108737,2.778784,3.794313,4.316633,5.012378,5.707305,3.319102,10.047374,0.74484,4.468915,6.593704,4.652005,3.798534,4.850643,6.321399,9.894246,3.926284,3.341977,6.968781,3.981889,3.989124,1.254922,4.533007,5.514547,4.355208,4.524929,1.901168,3.100391,3.708373,6.405341,4.132634,3.704083,6.223518,4.072871,4.430173,5.633975,7.27937,5.275963,4.813424,1.816226,6.893675,6.083128,6.832671,7.059088,6.207582,5.028522,10.476787,4.169435,0,3.11549,4.72449,3.704648,4.803721,6.360415,6.333693,5.340953,8.07781,1.48051,2.324078,6.060279,3.022616,5.608345,3.759606,5.665394,5.226815,4.593504,3.86768,1.093099,8.295154,5.182805,4.838653,6.069027,4.526114,7.590561,4.74929,7.436911,2.557976,4.464085,4.920658,6.905548,4.252895,4.520952,4.462748,4.097813,3.868965,10.77079,2.253474,6.823893,3.879287,4.424587,4.247691,4.151662,6.690185,3.510225,4.571741,3.702047,3.992844
4.001838,4.231582,2.958913,2.817862,6.732035,7.200287,4.500641,5.934022,6.556669,6.162562,2.582905,3.37484,1.187479,4.348885,5.968742,6.087284,2.225088,3.532921,7.770333,2.644512,5.460138,4.59452,4.5528,5.978804,5.595861,1.613692,2.175086,5.447878,6.135621,10.925696,2.481505,1.639638,3.005956,3.00858,6.036952,4.824345,10.669561,6.586207,5.603204,5.160567,6.788098,3.492703,7.839508,6.870528,6.308235,6.978492,6.473219,5.407583,5.071818,6.597433,2.241566,6.94179,5.486665,2.532907,7.560478,4.982488,5.797972,4.17342,3.36058,5.468372,5.428392,4.135984,7.029838,8.800041,5.245239,5.204586,8.253909,6.969853,9.661785,2.498174,5.255336,4.224268,6.706123,3.906581,8.568677,5.52594,1.10137,6.685386,3.238421,3.766378,6.905058,7.081599,5.306485,8.142193,5.479281,5.103695,6.603638,5.156089,4.44526,6.013342,4.956518,7.581379,5.58678,1.576749,4.789199,1.08468,5.806871,5.6109,6.333013,1.710356,4.863682,7.545082,1.778868,7.993075,5.741889,1.161103,6.662226,1.761738,6.984202,5.849152,8.183027,3.351305,4.909223,5.075887,6.000995,5.941967,1.194103,5.041299,4.66085,6.575328,4.886938,5.862114,6.488478,3.84003,4.944555,3.468705,8.675629,6.118981,2.85269,5.149062,5.098213,7.145851,6.390901,2.55899,4.672644,1.677417,3.475966,4.754338,4.120486,9.130353,6.5525,0.355742,1.823656,1.539228,6.548744,6.724454,5.734142,8.529471,2.314494,6.158245,4.914824,4.496436,5.994863,6.004824,2.836828,7.596504,4.062959,3.39819,6.807703,8.99282,6.261745,6.986074,9.728648,6.331055,1.25947,1.059368,4.827328,8.843539,8.359388,4.91937,10.276448,10.444745,4.348293,6.182453,2.827154,5.615328,5.06876,1.400031,3.049417,5.990812,5.967601,1.939311,1.785803,5.659389,4.786757,6.28309,4.694825,3.861551,4.556768,8.869822,10.381129,1.75895,2.652603,5.472967,5.073372,6.803272,1.829239,4.788191,4.711494,8.053492,1.058297,5.837925,4.041715,7.135744,8.967192,5.529194,3.249008,4.264537,4.786857,4.524734,5.979856,3.789326,10.288958,2.37065,4.939139,6.492613,5.122229,4.268758,5.718944,6.186255,10.166797,4.357018,3.812201,4.667404,4.452113,1.457215,2.44252,1.663543,6.221352,3.81778,4.869632,2.880108,1.013721,1.417116,3.559192,1.841377,3.538269,3.922141,1.124079,6.2909,6.205538,5.172931,5.548514,1.864632,1.58808,6.758531,6.355679,4.531294,6.952387,6.072438,5.498746,10.370086,1.220643,3.11549,0,4.421907,0.755856,4.676378,6.225271,6.606244,2.996734,7.942666,2.226363,2.88695,3.21413,1.922267,5.880896,2.792767,5.937945,2.387003,2.302247,2.79377,3.080563,8.352581,2.778159,6.69938,3.76765,2.670141,5.289184,1.800498,7.494338,1.382671,4.404497,4.432975,4.799109,4.533119,1.57216,4.341019,6.085277,4.339189,10.664089,1.643461,3.977744,0.930495,2.158509,4.717915,4.232583,6.747612,3.980449,6.432468,3.934685,4.001838
1.13495,1.88289,3.829617,1.604755,2.579355,3.047607,1.865252,3.190819,2.340551,4.996294,1.954123,4.245544,3.977968,1.713496,3.225539,2.126789,2.43558,3.491041,3.370051,2.645567,1.542167,1.021953,3.772848,2.018309,3.90451,3.380943,5.982572,2.704675,1.982941,6.773016,3.280229,6.061545,2.932289,2.161523,5.257,2.194657,6.516881,5.419939,3.13135,1.948353,2.635418,2.590667,3.871906,2.597972,3.565032,2.783319,4.781868,4.627631,0.671536,3.85423,6.049052,2.669234,1.326547,2.476116,3.407798,1.082805,5.988952,2.177741,3.798671,4.68842,4.64844,0.31183,3.062236,4.399759,1.818481,2.599831,3.853627,2.569571,6.165273,3.333043,0.867409,1.786353,5.926171,1.043247,4.168395,1.357843,4.609296,3.942183,2.890845,3.664289,4.161855,2.928919,0.906203,4.635165,3.359305,1.196347,5.823686,4.376137,3.665308,1.868882,2.321129,3.181097,1.887613,4.770775,0.439396,3.862388,1.93913,1.801541,4.641662,4.432102,4.08373,3.57748,3.508494,4.556267,2.998686,4.812108,2.509546,3.979928,4.240999,5.0692,4.215425,4.960305,0.978154,2.471132,4.309644,4.250616,4.041169,0.797227,3.880898,3.832125,0.621921,4.170763,3.745275,1.583805,2.309166,2.745947,4.708027,1.974521,2.70006,1.05599,3.406862,2.993171,1.990619,2.635724,3.42333,5.081679,1.654148,2.567745,1.402406,5.364812,4.861149,4.777649,4.591135,5.346714,2.374132,2.324172,4.95419,4.911663,3.255344,5.378293,0.702969,0.742575,5.463711,1.73604,1.795819,3.196222,4.710845,1.213443,2.407421,5.905839,5.481793,2.585792,5.575968,6.130197,4.016165,3.906434,2.640735,4.443257,4.910409,3.889384,6.357791,6.526088,0.824889,4.491102,2.323894,1.215046,0.804711,3.430174,2.689962,5.21086,1.823141,5.746797,3.955237,3.775488,0.732354,4.591739,1.509781,3.081599,0.865329,4.46954,6.228449,3.616408,4.190155,1.32101,0.807637,4.060069,3.825584,2.190432,0.414967,3.900812,5.480204,1.693465,0.544295,2.735462,4.814512,1.384247,2.065642,3.484585,4.006905,0.619177,3.236653,3.009374,6.136278,3.97965,4.159187,2.339933,4.342277,3.488806,4.938992,1.785973,6.24814,2.162743,3.032249,3.134437,3.672161,3.573223,3.763158,3.532718,5.4414,0.791812,2.37859,3.334111,3.791429,3.239255,4.090534,2.946044,1.21918,2.55152,4.167852,5.510948,5.425586,2.568176,1.956279,5.672118,4.355559,2.358249,3.612476,2.998327,2.799707,1.672156,3.614845,6.217406,5.028129,4.72449,4.421907,0,4.564586,0.326575,1.824989,3.863041,2.629408,3.542384,3.42846,2.937903,4.084834,3.272447,3.137693,1.959542,3.194742,2.97166,2.611968,1.676767,4.689563,4.384979,2.477414,5.919428,2.479113,2.048044,3.002955,5.605584,3.526736,3.874947,1.094898,0.559587,2.194354,2.084795,4.776014,0.453192,5.549265,3.559237,6.511409,4.792807,4.62563,4.739225,2.284307,3.860134,1.49069,2.78001,3.200497,5.652516,2.021727,1.13495
4.144517,3.866015,2.580013,2.960541,6.874714,7.342966,4.135074,6.076728,6.191102,6.483345,2.800474,2.99594,1.640833,3.983318,6.111448,6.229963,2.545871,3.154021,7.913012,2.965295,5.602817,4.737199,4.873583,6.121483,5.916644,1.311429,1.520538,5.590584,6.2783,11.068375,3.070663,2.156263,3.564346,3.226149,6.357735,4.967051,10.81224,6.90699,5.237637,5.303273,6.930777,3.127136,7.982187,6.504961,6.450941,7.121171,6.794002,5.728366,5.214497,6.740139,1.587018,6.576223,5.629344,2.168165,7.703157,5.125167,6.38713,4.390989,2.98168,5.789155,5.749175,4.278663,7.172517,8.94272,4.879672,4.839019,8.396588,7.112532,9.804491,2.119274,5.398015,3.858701,7.026906,4.04926,8.711356,5.160373,0.446822,6.828092,2.86337,3.387478,7.047764,7.224278,5.449164,8.284899,5.69685,4.738128,6.924421,5.476872,4.766043,6.156021,4.590951,7.724058,5.729486,2.165907,4.931878,1.673838,5.441304,5.245333,6.653796,2.299514,5.184465,7.687761,2.368026,8.135781,5.884595,1.750261,6.804905,1.382838,7.126908,6.169935,8.325706,3.940463,5.051902,4.71032,6.321778,6.26275,0.811845,5.175996,4.981633,6.718034,5.029617,6.182897,6.631184,4.042791,4.578988,3.103138,8.818308,6.26166,3.332117,5.291741,5.418996,7.28853,6.53358,2.879773,4.993427,2.266575,3.693535,4.971907,4.263165,9.273059,6.873283,0.99647,2.412814,0.88468,6.691423,6.398293,6.054925,8.672177,2.903652,6.479028,4.965924,4.639115,6.564446,6.147503,2.976313,7.739183,3.684059,3.540869,6.950382,9.135526,6.582528,7.128753,9.871327,6.920213,1.143464,0.67711,5.044897,8.986218,8.502094,5.240153,10.419154,10.587451,4.490972,6.503236,2.462412,5.758007,5.211439,1.23753,2.681598,6.311595,6.11028,1.284763,2.374961,5.980172,4.929436,6.603873,4.837504,4.182334,4.699447,9.012501,10.523808,1.38005,3.241761,5.1074,5.216051,6.945978,2.418397,4.962344,4.854173,8.196171,1.574922,5.980604,4.184394,7.278423,9.109871,5.163627,3.569791,4.58532,5.10764,4.667413,6.122562,4.110109,10.431637,2.959808,5.259922,6.635292,5.443012,4.589541,6.039727,6.328934,10.309503,4.574587,4.132984,4.301837,4.772896,1.092473,3.031678,1.284643,6.542135,3.960459,5.072393,3.469266,1.602879,1.363433,3.180292,1.618542,3.680948,3.556574,0.741821,6.611683,6.526321,4.807364,5.69122,1.210084,2.177238,6.90121,6.498385,4.165727,7.095066,6.215117,5.819529,10.512765,0.566095,3.704648,0.755856,4.564586,0,4.819057,6.36795,6.74895,2.628915,8.085345,2.815521,3.247448,2.83523,2.24305,6.023602,3.010336,6.080651,2.008103,2.079412,2.997362,3.669721,8.49526,2.402874,7.020163,3.402083,2.618156,4.923617,1.14595,7.637017,1.971829,4.547176,4.575654,4.433542,4.73588,0.94733,4.483698,6.65,4.659972,10.806768,2.232619,3.598844,0.275947,2.33929,5.038698,4.375262,6.890291,4.301232,6.753251,4.152254,4.144517
1.014398,2.209465,4.084088,1.859226,2.268784,2.737036,2.191827,3.069507,2.427183,4.875461,2.208594,4.500015,4.232439,2.040071,3.104227,1.816218,2.690051,3.745512,3.456683,2.900038,1.274597,1.348528,3.778714,1.707738,3.783677,3.635414,6.237043,2.583363,1.67237,6.462445,3.35946,6.316016,3.01152,2.328724,5.262866,2.073824,6.20631,5.299106,3.457925,1.827041,2.324847,2.917242,3.561335,2.684604,3.44372,2.493309,4.661035,4.633497,0.570509,3.732918,6.303523,2.755866,1.015976,2.730587,3.097227,0.961493,5.994818,2.056908,4.053142,4.694286,4.654306,0.615221,2.751665,4.486391,2.145056,2.926406,3.940259,2.656203,5.854702,3.587514,0.968542,2.112928,5.932037,0.927122,4.255027,1.684418,4.863767,3.820871,3.145316,3.91876,4.040543,2.618348,0.992835,4.324594,3.238472,1.522922,5.829552,4.382003,3.671174,1.558311,2.647704,3.267729,1.766301,4.850006,0.233075,4.116859,2.265705,2.128116,4.520829,4.511333,4.089596,3.266909,3.587725,4.245696,2.877374,5.066579,2.198975,4.234399,4.119687,5.075066,3.904854,5.039536,0.856842,2.797707,4.188811,4.129783,4.29564,1.123802,3.886764,3.710813,0.31135,4.04993,3.623963,1.463253,2.635741,3.072522,4.397456,1.66395,2.779291,0.920038,3.286029,2.6826,2.077251,2.714955,3.302497,5.16091,1.733379,2.446912,1.281854,5.054241,4.740316,5.03212,4.670366,5.601185,2.063561,2.410804,4.960056,4.601092,3.334575,5.384159,1.029544,0.622023,5.469577,1.425469,2.05029,3.282854,4.965316,1.467914,2.494053,5.595268,5.487659,2.672424,5.265397,6.136063,4.270636,4.160905,2.519902,4.529889,4.599838,3.768551,6.04722,6.215517,1.151464,4.370269,2.578365,1.235172,1.111037,3.684645,2.944433,5.216726,1.51257,6.001268,4.034468,3.654655,0.611521,4.470906,1.388948,3.087465,1.191904,4.556172,5.917878,3.870879,4.269386,1.647585,0.497066,3.938757,3.904815,2.069599,0.716365,3.590241,5.734675,1.382894,0.640207,2.66975,4.503941,1.710822,2.144873,3.490451,4.012771,0.945752,3.115341,3.01524,5.825707,4.058881,4.165053,2.029362,4.348143,3.494672,4.944858,1.872605,5.937569,2.04191,3.038115,3.461012,3.678027,3.827694,3.842389,3.787189,5.447266,1.095203,2.257757,3.413342,4.0459,3.493726,4.345005,3.200515,1.312432,2.878095,4.422323,5.516814,5.431452,2.894751,1.834967,5.926589,4.43479,2.444881,3.491164,3.324902,2.489136,1.758788,3.494012,5.906835,5.2826,4.803721,4.676378,0.326575,4.819057,0,1.911621,3.741729,2.883879,3.629016,3.507691,3.017134,4.339305,3.351678,3.016381,2.126743,3.07343,3.226131,2.866439,1.931238,4.768794,4.074408,2.731885,5.925294,2.805688,2.302515,3.32953,5.860055,3.216165,4.003237,0.974065,0.886162,2.520929,1.963962,5.030485,0.340973,5.555131,3.565103,6.200838,4.872038,4.880101,4.993696,2.538778,3.781127,1.369857,2.469439,3.206363,5.658382,1.901175,1.014398
2.769325,3.486281,5.632981,3.408119,2.152636,2.620708,3.468643,4.824698,1.17281,6.630652,3.757487,6.048908,5.781332,3.316887,4.859418,2.26459,4.238944,5.294405,2.20231,4.448931,2.671052,2.692504,5.408773,2.146153,5.538868,5.184307,7.785936,4.338554,1.910499,6.346117,4.916154,7.864909,4.568214,3.883729,6.892925,3.829015,6.089982,7.054297,4.734741,3.582232,1.908364,4.194058,3.475146,1.430231,5.198911,1.615578,6.416226,6.263556,1.534853,5.488109,7.852416,1.501493,1.755908,4.27948,2.74186,2.716684,7.624877,3.812099,5.602035,6.324345,6.284365,2.115194,2.665476,3.232018,2.666401,4.203222,2.685886,1.40183,5.738374,5.136407,1.224969,3.389744,7.562096,2.677622,3.000654,2.773206,6.41266,5.576062,4.694209,5.467653,5.795734,2.5022,0.990994,4.238405,4.993663,2.694648,7.459611,6.012062,5.301233,1.841145,3.92452,2.013356,3.521492,6.4067,1.731239,5.665752,2.103144,2.649461,6.27602,6.068027,5.719655,3.18072,5.144419,4.159507,4.632565,6.615472,2.082827,5.783292,5.874878,6.705125,3.818665,6.59623,2.612033,4.074523,5.944002,5.884974,5.844533,2.200979,5.516823,5.466004,1.951467,5.805121,5.379154,3.21818,3.912557,4.349338,4.311267,1.946519,4.335985,2.316493,5.04122,2.566452,0.822878,4.271649,5.057688,6.717604,3.290073,4.202103,3.036781,4.968052,6.495507,6.581013,6.22706,7.150078,1.47604,1.156431,6.590115,4.514903,4.891269,7.014218,2.316003,2.37695,7.099636,1.685588,3.599183,2.028481,6.514209,3.016807,1.23968,5.509079,7.117718,1.418051,5.149069,7.766122,5.819529,5.709798,4.275093,3.275516,4.513649,5.523742,5.930892,6.099189,2.498108,6.12546,4.127258,0.99592,2.118147,5.233538,4.493326,6.846785,1.795139,7.550161,5.591162,5.409846,2.366712,6.226097,3.144139,4.717524,2.53588,3.301799,5.80155,5.419772,5.82608,2.576739,1.865919,5.693948,5.461509,3.82479,1.661997,2.919902,7.283568,1.677766,2.193145,1.567721,4.387613,2.513502,3.701567,5.12051,5.64283,2.289728,4.870532,4.645299,5.709379,5.615575,5.795112,2.243961,5.978202,5.124731,6.574917,0.412824,5.821241,3.797101,4.668174,4.737828,5.308086,5.376587,5.399083,5.336082,7.077325,2.595176,4.012948,4.970036,5.594793,5.042619,5.893898,4.749408,2.867437,4.154911,5.971216,7.146873,7.061511,4.171567,3.590158,7.475482,5.991484,1.190508,5.246355,4.601718,2.372808,0.299007,5.249203,5.790507,6.831493,6.360415,6.225271,1.824989,6.36795,1.911621,0,5.49692,4.432772,2.374643,5.064385,4.573828,5.888198,4.908372,4.771572,3.681748,4.828621,4.775024,4.415332,3.480131,6.325488,3.988219,4.280778,7.555353,4.082504,3.851408,4.606346,7.408948,3.129976,5.559931,2.729256,2.232806,3.797745,3.719153,6.579378,2.087567,7.18519,5.195162,6.08451,6.428732,6.428994,6.542589,4.087671,5.496059,3.125048,2.38325,4.836422,7.288441,3.656102,2.769325
2.98315,5.732635,6.013981,3.789119,4.506596,5.241971,5.714997,0.835954,5.968651,2.687821,4.053569,6.429908,6.162305,5.563241,0.870674,4.054474,4.535026,5.6935,6.998151,4.745013,3.02739,4.566679,4.038435,3.945994,1.596037,5.565307,8.166936,1.158366,4.472677,5.787287,4.889432,8.245882,4.541492,4.058595,3.793679,1.781899,5.531152,3.111466,6.981095,2.017852,4.829782,5.291148,2.633931,6.226072,0.478155,5.022549,2.473395,4.011716,4.154653,0.538225,8.233416,6.297334,4.059971,4.66048,5.602162,2.780236,5.660947,2.596105,6.00113,4.360415,4.320435,3.983568,3.436281,8.027859,5.668226,6.449576,7.481727,5.244305,3.602577,5.517407,4.553841,5.636098,5.313184,3.09391,7.796495,5.220884,6.79366,0.079142,5.093304,5.866748,0.298814,4.280551,4.578134,2.082985,2.877409,5.046092,5.311433,4.048132,3.782091,4.21129,6.170874,6.586232,1.975428,6.379978,3.877776,5.863179,5.788875,5.651286,2.333189,6.041305,3.511178,3.347774,5.117697,1.933867,0.896846,6.795624,4.559545,6.164292,0.377958,4.741195,2.290412,6.569508,2.900584,6.320877,2.001171,0.999235,6.225533,4.660268,4.146485,0.578449,3.918969,1.86229,0.117766,2.766214,6.158911,5.26715,3.246271,4.692267,4.309263,3.348123,1.999964,4.447162,5.618719,4.244927,2.583564,6.690882,3.44927,2.528427,2.721146,3.071145,2.552676,6.961986,6.200338,7.531078,4.61468,5.952272,3.599757,2.470263,4.864547,4.08923,4.551128,3.354836,5.135706,4.7987,3.9978,6.318389,6.895209,3.302047,5.529588,2.386576,4.001,6.213892,4.155089,5.712639,6.200529,6.090798,2.601417,8.071357,2.246758,3.049618,4.21724,4.385537,4.320741,2.182629,4.525875,4.81061,4.661829,5.614538,4.892421,3.264045,4.540887,7.931161,5.56444,2.143932,3.222293,2.283266,2.494403,3.888494,4.518585,8.09764,5.24272,5.800772,5.799358,5.184051,3.844428,0.197028,5.434787,1.893038,4.272085,6.095176,7.664541,4.189634,3.620603,5.19899,5.402233,5.247288,3.860764,3.850259,4.242722,4.44947,1.516543,3.816269,4.260717,5.588853,3.586635,4.373776,3.81195,3.296336,4.575736,5.457904,4.107589,2.420189,3.839144,6.465849,3.788944,5.757587,5.372361,5.717082,4.094165,3.802006,2.081196,4.943314,5.9563,5.423619,6.292993,5.130408,3.201151,5.720586,6.352216,5.077431,3.944793,6.417921,1.906762,7.856482,5.964762,5.472519,0.250565,6.329739,4.994071,5.344087,1.983289,5.231677,7.212493,6.333693,6.606244,3.863041,6.74895,3.741729,5.49692,0,4.838021,7.170484,5.037663,4.547106,6.269198,4.88165,1.417583,3.866288,1.806273,5.156024,4.796332,3.813607,6.298766,3.375274,4.679873,5.249001,5.566095,4.240215,6.8527,7.789948,2.969317,5.533209,2.94908,4.360496,6.044099,2.145471,6.960378,3.676835,5.22126,3.63691,5.52568,6.40201,6.809994,6.923589,4.468671,3.180912,2.593882,3.673885,3.473869,5.218999,2.83484,2.98315
2.225385,1.634221,1.570789,1.222352,4.939536,5.407788,1.90328,4.165799,3.959308,5.737385,1.82815,1.986716,2.892363,1.751524,4.200519,4.294785,2.004932,0.888934,5.977834,2.374499,3.667639,2.802021,4.389311,4.186305,4.645601,2.119516,4.044769,3.679655,4.343122,9.133197,3.896692,4.397141,3.548752,2.253825,5.873463,3.056122,8.877062,6.16103,3.005843,3.392344,4.995599,0.895342,6.047009,4.273167,4.540012,5.185993,5.522959,5.244094,3.279319,4.82921,4.111249,4.344429,3.694166,0.909053,5.767979,3.189989,6.605415,2.918832,1.196564,5.304883,5.264903,2.343485,5.237339,7.007542,2.647878,2.607225,6.46141,5.177354,7.893562,1.074215,3.462837,1.626907,6.542634,2.130128,6.776178,2.928579,2.671493,4.917163,0.294437,1.062182,5.136835,5.2891,3.513986,6.37397,4.100396,2.506334,6.440149,4.9926,4.281771,4.220843,2.359157,5.78888,3.818557,4.346761,2.9967,2.981395,3.20951,3.013539,5.382753,4.480368,4.700193,5.752583,3.689707,6.224852,3.973666,3.931115,4.869727,1.937552,5.215979,5.685663,6.390528,5.576768,3.116724,2.478526,5.050735,4.991707,2.098178,2.944202,4.497361,4.807105,3.094439,4.911854,4.720255,2.269062,2.347194,0.871344,6.88313,4.326482,3.316523,3.356563,4.147953,5.353352,4.30924,3.252187,4.164421,4.447429,2.270611,3.308836,2.34834,7.36213,5.60224,3.237348,4.593668,3.408911,4.756245,4.166499,5.570653,6.761248,3.871807,5.994756,2.73413,2.703937,6.080174,4.212325,1.122889,5.804005,2.193137,1.621737,5.015204,7.224597,6.098256,5.193575,7.936149,6.74666,2.414989,1.963443,3.381826,7.05104,6.591165,4.630475,8.508225,8.676522,2.555794,5.232193,0.333284,3.822829,2.989962,2.214517,0.098365,5.827323,4.175102,3.808994,3.696642,4.516579,2.994258,5.33283,2.916619,3.698062,2.764269,7.077323,8.58863,1.649728,4.806618,2.875606,3.280873,5.035049,4.442047,3.051415,2.918995,6.260993,3.8158,4.045426,2.249216,5.343245,7.174693,2.931833,2.682105,4.101048,4.623368,2.732235,4.211633,3.625837,8.496459,4.596113,4.77565,4.700114,4.95874,4.105269,5.555455,4.393756,8.398574,2.903834,3.648712,2.070043,4.288624,1.995474,4.379621,1.570722,6.057863,2.025281,3.206129,3.950574,2.910436,2.123798,1.488427,1.719442,1.761816,1.32478,2.228156,6.127411,6.042049,2.57557,3.780291,3.734315,4.358092,4.966032,4.587456,1.933933,5.159888,4.279939,4.355936,8.577587,3.090326,5.340953,2.996734,2.629408,2.628915,2.883879,4.432772,4.838021,0,6.150167,4.044923,3.554366,1.673817,3.127531,4.112673,2.038012,4.169722,0.680541,1.385366,1.580331,5.306026,6.560082,0.227056,6.535891,1.170289,0.931008,2.691823,3.667781,5.701839,3.29351,2.626291,2.640476,2.201748,2.869616,2.836318,2.54852,6.165728,4.1757,8.87159,4.413473,2.107922,2.803554,1.44575,4.476597,2.460437,4.955113,3.81696,6.268979,2.706984,2.225385
4.48672,4.651118,7.350376,5.125514,2.881882,2.85855,4.63348,6.542093,2.22218,8.348047,5.474882,7.766303,7.498727,4.481724,6.576813,3.981985,5.956339,7.0118,0.279536,6.166326,4.388447,4.409899,7.126168,3.863548,7.256263,6.901702,9.503331,6.055949,3.023848,4.782082,6.633549,9.582304,6.285609,5.601124,8.61032,5.54641,4.525947,8.771692,5.899578,5.299627,2.939011,5.358895,4.588495,2.479601,6.916306,2.728927,8.133621,7.980951,3.252248,6.632259,9.569811,2.550863,3.473303,5.996875,1.786207,4.434079,9.342272,5.529494,7.31943,8.04174,8.00176,3.832589,3.778825,0.857375,3.715771,5.368059,0.311243,2.515179,4.174339,6.853802,2.942364,4.554581,9.279491,4.395017,0.626011,3.850502,8.130055,7.249626,6.411604,7.185048,7.469298,3.248306,2.708389,5.351754,6.711058,3.744018,9.177006,7.729457,7.018628,3.494833,5.089357,1.057703,5.238887,8.124095,3.448634,7.383147,3.152514,3.698831,7.993415,7.785422,7.43705,4.067253,6.861814,5.272856,6.34996,8.332867,2.829218,7.500687,7.495798,8.42252,4.932014,8.313625,4.329428,5.23936,7.661397,7.602369,7.561928,3.918374,7.234218,7.183399,3.668862,7.522516,7.052718,4.935575,5.077394,5.514175,5.424616,3.475077,6.05338,4.033888,6.758615,3.312558,1.872248,5.989044,6.775083,8.434999,5.007468,5.919498,4.754176,6.081401,8.212902,8.298408,7.944455,8.867473,2.589389,2.205801,8.30751,5.628252,6.608664,8.731613,4.033398,4.094345,8.817031,3.402983,5.316578,3.14183,8.231604,4.734202,2.353029,6.622428,8.835113,0.956592,3.585034,9.483517,7.536924,7.427193,5.992488,0.900873,5.626998,7.241137,4.366857,4.535154,4.215503,7.842855,5.844653,2.713315,3.835542,6.950933,6.210721,8.56418,3.323697,9.267556,7.308557,7.127241,4.084107,7.943492,4.861534,6.434919,4.253275,0.927156,4.237515,7.137167,7.543475,3.626109,3.583314,7.367512,7.178904,5.542185,3.379392,1.964249,9.000963,3.395161,3.91054,2.68107,2.823578,3.562872,5.418962,6.837905,7.360225,4.007123,6.587927,6.362694,4.145344,7.33297,7.512507,3.35731,7.695597,6.842126,8.292312,2.335627,4.257206,5.514496,6.385569,5.902665,7.025481,7.093982,7.116478,7.053477,8.79472,4.312571,5.730343,6.687431,7.312188,6.760014,7.611293,6.466803,4.584832,5.319748,7.688611,8.864268,8.778906,5.336404,5.307553,9.192877,7.708879,2.303857,6.919919,5.766555,2.461182,2.22181,6.966598,4.226472,8.548888,8.07781,7.942666,3.542384,8.085345,3.629016,2.374643,7.170484,6.150167,0,6.78178,6.291223,7.605593,6.625767,6.488967,5.399143,6.546016,6.492419,6.132727,5.197526,8.042883,5.101568,5.998173,9.272748,5.247341,5.568803,5.771183,9.126343,4.243325,7.277326,4.446651,3.950201,4.962582,5.436548,8.296773,3.804962,8.902585,6.912557,4.520475,8.146127,8.146389,8.259984,5.805066,7.213454,4.842443,3.496599,6.553817,9.005836,5.373497,4.48672
2.696814,5.236929,4.3441,2.996021,5.542706,6.010958,5.280416,4.365441,5.579947,4.396308,2.687333,4.760027,2.018517,5.12866,4.400161,4.733827,2.728458,4.900402,6.609447,3.147882,4.106681,3.823851,2.786546,4.625347,3.829607,2.443987,4.234751,3.879297,4.946292,9.736367,0.340127,3.866001,0.864578,2.556623,4.270698,3.255764,9.480232,4.819953,6.546514,3.59525,5.598769,4.49805,6.486051,5.837368,4.739654,5.789163,4.706965,3.641329,3.907718,5.028852,4.301231,5.90863,4.297336,3.531917,6.371149,3.629031,4.162992,2.446656,4.745767,3.702118,3.662138,3.2477,5.676381,7.639155,5.233645,6.014995,7.093023,5.808967,8.093204,3.883361,4.121306,5.201517,4.939869,2.604809,7.407791,4.786303,3.161035,5.116805,4.300206,5.07365,5.336477,5.89227,4.145599,6.573612,3.745453,4.611511,4.837384,3.389835,2.679006,4.824013,5.736293,6.420493,4.021463,1.342315,3.624268,1.426984,5.354294,5.216705,4.566759,1.003642,3.097428,6.191625,0.681502,6.424494,4.173308,1.757961,5.472897,3.1848,5.415621,4.082898,6.781039,1.716325,3.569993,5.886296,4.234741,4.175713,2.624611,4.225687,2.894596,4.892163,3.710252,4.09586,4.919897,2.457368,5.72433,4.474052,7.322172,4.929652,0.920296,3.959733,3.331959,5.956522,5.230015,1.179427,2.90639,1.653219,1.774312,3.022476,2.75206,7.561772,4.786246,2.582105,1.162675,3.598893,5.359415,5.563568,3.967888,6.96089,0.173116,4.391991,4.102293,3.309651,4.359883,4.829676,3.178952,6.435618,5.448146,2.508949,5.646817,7.424239,4.495491,5.825188,8.539319,4.696075,2.090508,2.489876,3.095466,7.682653,6.790807,3.153116,8.707867,8.876164,3.577913,4.416199,3.732777,4.454442,4.227248,2.230326,4.099323,4.224558,4.778272,3.998976,1.128245,3.893135,3.595639,4.516836,3.255834,2.095297,3.775757,7.708936,9.1918,3.167452,1.017623,4.74947,3.896686,5.234691,0.397124,3.148602,3.837504,6.864163,3.28466,4.648596,2.885255,5.965604,7.777863,4.812707,1.482754,2.498283,3.020603,3.716348,4.411275,2.023072,8.751344,0.73567,3.172885,5.297674,3.355975,2.502504,3.95269,5.025369,8.598216,2.630254,2.045947,5.672751,2.685859,2.528162,0.519178,3.072045,4.455098,3.059178,3.228899,0.73873,1.639429,2.247411,4.944379,2.671672,2.408053,4.927488,2.751294,4.524646,4.439284,5.98334,3.979933,3.924297,0.927099,5.597645,4.787098,5.536641,5.763058,4.911552,3.732492,9.180757,3.280308,1.48051,2.226363,3.42846,2.815521,3.507691,5.064385,5.037663,4.044923,6.78178,0,1.028048,4.599317,1.726586,4.312315,2.463576,4.369364,3.765853,3.132542,2.57165,1.445583,6.999124,3.886775,4.933126,4.772997,3.230084,6.294531,3.860163,6.140881,1.097014,3.168055,3.624628,5.609518,2.956865,3.359456,3.166718,4.450297,2.572935,9.47476,1.364347,5.362931,2.99016,2.988804,2.951661,2.855632,5.394155,2.214195,4.666214,2.406017,2.696814
2.206257,4.746372,4.121826,2.505464,5.052149,5.520401,4.789859,3.874884,5.08939,3.905751,2.196776,4.537753,2.445097,4.638103,3.909604,4.24327,2.463803,4.409845,6.11889,2.883227,3.616124,3.333294,2.295989,4.13479,3.33905,2.221713,4.665434,3.38874,4.455735,9.24581,0.884251,4.526588,0.747273,2.066066,3.780141,2.765207,8.989675,4.329396,6.055957,3.104693,5.108212,4.007493,5.995494,5.346811,4.249097,5.298606,4.216408,3.150772,3.417161,4.538295,4.731914,5.418073,3.806779,3.049648,5.880592,3.138474,4.512093,1.956099,4.471966,3.211561,3.171581,2.757143,5.185824,7.148598,4.743088,5.524438,6.602466,5.31841,7.602647,3.661087,3.630749,4.71096,4.449312,2.114252,6.917234,4.295746,3.292158,4.626248,3.809649,4.583093,4.84592,5.401713,3.655042,6.083055,3.254896,4.120954,4.346827,2.899278,2.188449,4.333456,5.245736,5.929936,3.530906,2.370363,3.133711,1.853564,4.863737,4.726148,4.076202,2.03169,2.606871,5.701068,1.108082,5.933937,3.682751,2.786009,4.98234,3.031025,4.925064,3.592341,6.290482,2.559893,3.079436,5.395739,3.744184,3.685156,2.724031,3.73513,2.404039,4.401606,3.219695,3.605303,4.42934,1.966811,5.233773,3.983495,6.831615,4.439095,0.515044,3.469176,2.841402,5.465965,4.739458,0.457239,2.415833,2.681267,1.283755,2.531919,2.261503,7.071215,4.295689,3.242692,2.190723,4.029576,4.868858,5.073011,3.477331,6.470333,0.854932,3.901434,3.611736,2.819094,3.986852,4.339119,2.688395,5.945061,5.191841,2.018392,5.15626,6.933682,4.004934,5.334631,8.048762,4.653338,2.517088,2.589296,2.604909,7.192096,6.30025,2.662559,8.21731,8.385607,3.087356,3.925642,3.24222,3.963885,3.736691,2.009918,3.608766,3.734001,4.287715,4.429659,1.554825,3.402578,3.105082,4.026279,2.765277,1.60474,3.2852,7.218379,8.701243,2.992329,1.861191,4.258913,3.406129,4.744134,1.425172,2.658045,3.346947,6.373606,3.945247,4.158039,2.394698,5.475047,7.287306,4.32215,0.992197,2.007726,2.530046,3.225791,3.920718,1.532515,8.260787,1.579238,2.682328,4.807117,2.865418,2.011947,3.462133,4.534812,8.107659,2.139697,1.55539,5.182194,2.195302,2.353039,1.362746,2.896922,3.964541,2.568621,2.738342,1.149095,2.066009,2.025137,4.684259,2.449398,1.917496,4.436931,2.850714,4.034089,3.948727,5.492783,3.489376,4.35498,1.955147,5.107088,4.296541,5.046084,5.272501,4.420995,3.241935,8.6902,3.710991,2.324078,2.88695,2.937903,3.247448,3.017134,4.573828,4.547106,3.554366,6.291223,1.028048,0,4.377043,1.004398,3.821758,1.973019,3.878807,3.471131,2.910268,2.081093,2.289151,6.508567,3.396218,4.442569,4.28244,2.739527,5.803974,4.288446,5.650324,1.523594,2.677498,3.134071,5.118961,2.466308,3.458876,2.676161,4.072406,2.082378,8.984203,2.392395,5.106626,3.422087,2.638,2.461104,2.365075,4.903598,1.723638,4.175657,1.91546,2.206257
3.664765,3.290924,0.255217,2.480789,6.394962,6.863214,3.559983,5.596976,5.616011,6.797657,2.389014,0.613,3.115437,3.408227,5.631696,5.750211,2.555755,0.802156,7.43326,2.925322,5.123065,4.257447,5.400775,5.641731,5.705873,2.347624,4.251084,5.110832,5.798548,10.588623,4.620452,4.614537,4.560216,2.814689,6.884927,4.487299,10.332488,7.221302,4.662546,4.823521,6.451025,2.552045,7.502435,5.92987,5.971189,6.641419,6.583231,6.255558,4.734745,6.260387,4.317564,6.001132,5.149592,1.667098,7.223405,4.645415,7.616879,3.979529,0.508715,6.316347,6.276367,3.798911,6.692765,8.462968,4.304581,4.263928,7.916836,6.63278,9.324739,0.751791,4.918263,3.28361,7.554098,3.569508,8.231604,4.585282,2.877808,6.34834,1.405152,0.689636,6.568012,6.744526,4.969412,7.805147,5.28539,4.163037,7.451613,6.004064,5.293235,5.676269,4.01586,7.244306,5.249734,4.574869,4.452126,3.209503,4.866213,4.670242,6.443025,4.708476,5.711657,7.208009,3.917815,7.656029,5.404843,4.159223,6.325153,1.925675,6.647156,6.697127,7.845954,6.296094,4.57215,4.135229,6.111007,6.051979,2.304493,4.600905,5.508825,6.238282,4.549865,5.972126,6.151432,3.617044,4.003897,2.528047,8.338556,5.781908,4.327987,4.811989,5.208225,6.808778,5.965943,4.009368,5.189928,4.675537,3.282075,4.560447,3.783413,8.793307,6.662512,3.454744,4.821776,3.615226,6.211671,5.823202,6.582117,8.192425,4.453441,7.00622,4.390833,4.159363,7.091638,5.667751,2.475246,7.259431,0.94564,3.061117,6.47063,8.655774,7.10972,6.649001,9.391575,7.758124,2.632628,2.169758,4.633437,8.506466,8.022342,5.655982,9.939402,10.107699,4.01122,6.292465,1.933855,5.278255,4.646665,2.437591,1.585962,6.838787,5.630528,4.015309,3.92475,5.577276,4.449684,6.393102,4.357752,4.709526,4.219695,8.532749,10.044056,1.856043,5.597392,4.532309,4.736299,6.466226,4.827359,4.482592,4.374421,7.716419,4.033196,5.500852,3.704642,6.798671,8.630119,4.588536,3.693569,5.112512,5.634832,4.187661,5.64281,4.637301,9.951885,5.315439,5.787114,6.15554,5.970204,5.116733,6.566919,5.849182,9.829751,4.163127,4.660176,3.726746,5.300088,2.219133,5.098947,1.777037,7.069327,3.480707,4.637306,4.962038,3.138544,2.351906,0.444087,1.978782,3.201196,2.981483,2.434471,7.138875,7.053513,4.232273,5.211468,3.94063,4.5862,6.421458,6.018633,3.590636,6.615314,5.735365,5.416633,10.033013,3.296641,6.060279,3.21413,4.084834,2.83523,4.339305,5.888198,6.269198,1.673817,7.605593,4.599317,4.377043,0,3.372645,5.54385,2.598876,5.600899,1.251199,1.887159,2.571615,6.025352,8.015508,1.865701,7.547355,2.826992,2.117089,4.348526,3.289826,7.157265,3.521618,4.067424,4.095902,3.858451,4.300793,3.042633,4.003946,7.177192,5.187164,10.327016,4.641581,0.860425,3.009869,1.95472,5.488061,3.89551,6.410539,4.828424,7.280443,3.740794,3.664765
2.540801,4.319537,3.117428,2.119297,5.386693,5.854945,4.588596,4.209428,5.423934,4.240295,1.817222,3.533355,1.478328,4.43684,4.244148,4.577814,1.459405,3.691436,6.453434,1.878829,3.950668,3.667838,2.630533,4.469334,3.673594,1.217315,3.661036,3.723284,4.790279,9.580354,1.582789,3.561905,1.321296,2.242897,4.114685,3.099751,9.324219,4.66394,5.691159,3.439237,5.442756,3.580658,6.330038,5.681355,4.583641,5.63315,4.550952,3.485316,3.751705,4.872839,3.727516,5.752617,4.141323,2.287852,6.215136,3.473018,4.846637,2.290643,3.519095,3.546105,3.506125,3.091687,5.520368,7.483142,5.077632,5.292541,6.93701,5.652954,7.937191,2.656689,3.965293,4.312223,4.783856,2.448796,7.251778,4.63029,2.28776,4.960792,3.371052,3.924893,5.180464,5.736257,3.989586,6.417599,3.58944,4.455498,4.681371,3.233822,2.522993,4.668,5.044473,6.26448,3.86545,2.728114,3.468255,1.343282,5.198281,5.060692,4.410746,2.730228,2.941415,6.035612,1.568953,6.268481,4.017295,2.312468,5.316884,2.026627,5.259608,3.926885,6.625026,3.258431,3.41398,5.163842,4.078728,4.0197,1.719633,4.069674,2.738583,4.73615,3.554239,3.939847,4.763884,2.301355,5.03251,3.55666,7.166159,4.773639,1.089067,3.80372,3.175946,5.800509,5.074002,0.636723,2.750377,2.828782,1.618299,2.866463,2.596047,7.405759,4.630233,2.278009,2.889261,3.025178,5.203402,5.407555,3.811875,6.804877,1.55347,4.235978,3.94628,3.153638,4.321396,4.673663,2.217853,6.279605,4.221474,2.352936,5.490804,7.268226,4.339478,5.669175,8.383306,4.987882,1.550319,1.584898,2.939453,7.52664,6.634794,2.997103,8.551854,8.720151,3.4219,4.260186,2.796081,4.298429,4.071235,1.00552,3.181931,4.068545,4.622259,3.425261,1.575888,3.737122,3.439626,4.360823,3.099821,1.939284,3.619744,7.552923,9.035787,1.987931,2.559729,4.593457,3.740673,5.078678,2.12371,2.992589,3.681491,6.70815,2.980564,4.492583,2.729242,5.809591,7.62185,4.656694,1.326741,2.34227,2.86459,3.560335,4.255262,1.867059,8.595331,2.277776,3.016872,5.141661,3.199962,2.346491,3.796677,4.869356,8.442203,2.474241,1.889934,4.755359,2.529846,1.348641,2.061284,1.892524,4.299085,2.903165,3.072886,1.723118,1.272323,1.020739,3.717707,1.445,2.25204,4.010096,1.846316,4.368633,4.283271,5.260886,3.82392,3.350582,2.653685,5.441632,4.631085,4.619249,5.607045,4.755539,3.576479,9.024744,2.706593,3.022616,1.922267,3.272447,2.24305,3.351678,4.908372,4.88165,3.127531,6.625767,1.726586,1.004398,3.372645,0,4.156302,2.027084,4.213351,2.539181,1.90587,2.028087,2.987689,6.843111,2.911673,4.777113,3.855605,2.228322,5.377139,3.284048,5.984868,1.153768,3.012042,3.468615,4.887064,2.800852,2.454478,3.010705,4.40695,2.416922,9.318747,2.794826,4.136259,2.417689,1.721617,2.795648,2.699619,5.238142,2.058182,4.510201,2.250004,2.540801
2.257802,5.007287,5.288633,3.063771,4.579973,5.048225,4.989649,0.745361,5.287134,3.496039,3.328221,5.70456,5.436957,4.837893,0.780081,3.329126,3.809678,4.968152,6.316634,4.019665,2.302042,3.841331,3.854395,3.220646,2.404255,4.839959,7.441588,0.433018,3.968687,6.657834,4.164084,7.520534,3.816144,3.333247,4.601897,1.056551,6.401699,3.919684,6.255747,1.292504,4.636036,4.5658,3.504478,5.544555,1.119574,4.82643,3.281613,4.709178,3.429305,1.408772,7.508068,5.615817,3.334623,3.935132,5.408416,2.054888,6.070499,1.870757,5.275782,4.769967,4.729987,3.25822,4.27168,7.346342,4.942878,5.724228,6.80021,5.045849,4.473124,4.792059,3.828493,4.91075,6.007718,2.368562,7.114978,4.495536,6.068312,1.496725,4.367956,5.1414,1.716397,4.929537,3.852786,2.953532,2.594639,4.320744,5.905233,4.457684,3.746855,3.485942,5.445526,6.12768,1.25008,5.65463,3.152428,5.137831,5.063527,4.925938,3.141407,5.315957,3.594696,4.218321,4.392349,2.804414,0.553228,6.070276,4.510164,5.438944,1.795541,5.150747,3.160959,5.84416,2.175236,5.595529,2.809389,1.807453,5.500185,3.93492,3.962445,1.386667,3.193621,2.670508,1.299817,2.040866,5.433563,4.541802,4.116818,3.966919,3.583915,2.622775,2.655041,4.993789,4.937202,3.519579,2.768602,5.965534,2.723922,1.803079,1.995798,3.941692,3.360894,6.236638,5.47499,6.80573,4.396682,5.270755,4.407975,3.34081,4.139199,4.897448,3.82578,2.629488,5.545258,4.073352,3.272452,6.119933,6.169861,2.576699,5.331132,3.804159,4.809218,5.532375,5.025636,6.211744,5.475181,5.36545,1.876069,7.38984,3.170727,3.234656,5.087787,5.256084,3.595393,2.990847,3.800527,4.085262,3.936481,4.88919,4.167073,4.072263,3.815539,7.205813,4.839092,2.95215,2.496945,3.091484,1.769055,3.163146,3.793237,7.416123,6.113267,5.075424,5.07401,4.458703,3.11908,1.614611,4.709439,1.16769,3.546737,5.90143,6.939193,3.464286,2.895255,5.002871,6.27278,4.52194,3.135416,3.566132,4.088452,3.724122,0.123516,3.090921,5.131264,4.863505,3.670153,3.892973,4.423824,3.118736,5.020539,4.732556,4.978136,1.694841,3.113796,5.740501,3.753708,5.032239,4.647013,4.991734,4.902383,3.076658,1.355848,4.217966,5.230952,4.698271,5.567645,4.40506,2.475803,4.995238,5.626868,5.592495,4.753011,5.692573,1.181414,7.131134,5.239414,5.274063,1.167018,5.604391,4.800325,4.618739,2.791507,6.102224,6.487145,5.608345,5.880896,3.137693,6.023602,3.016381,4.771572,1.417583,4.112673,6.488967,4.312315,3.821758,5.54385,4.156302,0,3.14094,1.080925,4.430676,4.070984,3.088259,5.573418,4.245821,3.954525,6.000975,4.840747,3.514867,6.127352,7.0646,3.839864,4.807861,2.223732,3.635148,5.318751,1.420123,6.23503,2.951487,5.630812,3.640784,6.396227,5.676662,6.084646,6.198241,3.743323,3.250094,1.868534,3.989454,3.282044,5.734063,2.109492,2.257802
1.323518,3.230018,2.343659,0.966427,4.173519,4.641771,3.499077,3.194066,4.19731,4.204846,0.229822,2.759586,2.348828,3.347321,3.228786,3.523694,0.711279,2.677353,5.22681,0.921266,2.896548,2.132155,2.807964,3.415214,3.113062,1.84098,4.428322,2.707922,3.577105,8.36718,2.315345,4.432405,1.967405,0.215813,4.292116,2.084389,8.111045,4.628491,4.60164,2.420611,4.229582,2.491139,5.275918,4.454731,3.568279,4.419976,3.99042,3.662747,2.525081,3.857477,4.494802,4.525993,2.928149,1.213306,5.001962,2.418898,5.024068,1.386718,2.505012,3.723536,3.683556,1.673619,4.466248,6.256518,3.584755,4.203022,5.710386,4.42633,6.921829,1.847085,2.728601,3.222704,4.961287,1.228261,6.025154,3.138795,3.055046,3.94543,2.281782,2.91081,4.165102,4.523083,2.762962,5.402237,2.692579,2.962621,4.858802,3.411253,2.700424,3.454826,3.954954,5.037856,2.846824,3.598614,2.241631,2.213782,3.705404,3.567815,3.850214,3.467218,3.118846,4.981492,2.54361,5.253119,3.001933,3.182968,4.10371,2.462017,4.244246,4.104316,5.609664,3.995421,2.345633,4.074323,3.518196,3.459168,2.486919,2.578934,2.916014,3.835372,2.331543,3.379315,3.748522,1.100074,3.942991,2.467141,6.112039,3.560465,1.735176,2.590546,2.615414,4.587335,3.847378,1.67084,2.597117,3.699282,0.689264,1.967636,1.391062,6.390397,4.069701,3.148509,3.626251,3.792464,3.990228,4.180931,3.989306,5.789515,2.29046,4.413409,2.452459,1.938217,4.498827,3.449476,1.064983,5.052981,3.224887,0.746099,4.26418,6.252864,4.516909,4.442551,7.170132,5.165313,2.420819,2.352184,2.040626,6.300016,5.619432,3.063171,7.536492,7.704789,1.885928,3.699654,1.706811,3.071805,2.606395,1.837822,2.092412,4.245976,3.409085,4.192547,2.62157,2.984465,2.228074,3.800291,2.048619,2.116715,2.094403,6.326299,7.822613,2.098497,3.225271,3.101962,2.517977,4.063316,2.8607,2.048235,2.249129,5.494976,3.851064,3.279409,1.489196,4.592221,6.408676,3.165199,1.100758,2.519701,3.042021,2.062369,3.2399,2.04449,7.579969,3.014766,3.194303,3.934097,3.377393,2.523922,3.974108,3.642732,7.426841,1.570316,2.067365,3.66584,2.707277,2.018973,2.798274,2.014807,4.476516,1.355415,2.129676,2.369227,2.142823,1.646903,2.717305,1.406081,0.859949,2.920577,2.613602,4.546064,4.460702,4.171367,2.808558,4.117868,3.390675,4.215008,3.615723,3.52973,4.393871,3.528915,2.823822,7.81157,3.473879,3.759606,2.792767,1.959542,3.010336,2.126743,3.681748,3.866288,2.038012,5.399143,2.463576,1.973019,2.598876,2.027084,3.14094,0,3.197989,1.504177,1.072005,0.549466,3.724679,5.788991,1.822403,4.954544,2.766086,1.116115,4.28762,4.051334,4.930748,2.19945,1.808103,1.97061,3.797545,1.793163,3.221764,1.78577,4.584381,2.594353,8.105573,3.665326,3.139672,3.184975,0.671046,2.89525,1.498338,4.184022,2.235613,4.687632,1.147983,1.323518
2.314851,5.064336,5.345682,3.12082,4.637022,5.105274,5.046698,1.134051,5.344183,3.884729,3.38527,5.761609,5.494006,4.894942,1.168771,3.386175,3.866727,5.025201,6.373683,4.076714,2.359091,3.89838,3.911444,3.277695,2.792945,4.897008,7.498637,0.647907,4.025736,7.046524,4.221133,7.577583,3.873193,3.390296,4.990587,1.1136,6.790389,4.308374,6.312796,1.349553,4.693085,4.622849,3.893168,5.601604,1.508264,4.883479,3.670303,4.766227,3.486354,1.797462,7.565117,5.672866,3.391672,3.992181,5.465465,2.111937,6.127548,1.927806,5.332831,4.827016,4.787036,3.315269,4.328729,7.403391,4.999927,5.781277,6.857259,5.102898,4.861814,4.849108,3.885542,4.967799,6.064767,2.425611,7.172027,4.552585,6.125361,1.885415,4.425005,5.198449,2.105087,4.986586,3.909835,3.342222,2.651688,4.377793,5.962282,4.514733,3.803904,3.542991,5.502575,6.184729,1.307129,5.711679,3.209477,5.19488,5.120576,4.982987,3.530097,5.373006,3.651745,4.607011,4.449398,3.193104,0.941918,6.127325,4.567213,5.495993,2.184231,5.207796,3.549649,5.901209,2.232285,5.652578,3.198079,2.196143,5.557234,3.991969,4.019494,1.775357,3.25067,3.059198,1.688507,2.097915,5.490612,4.598851,4.505508,4.023968,3.640964,2.679824,2.71209,5.050838,4.994251,3.576628,2.825651,6.022583,2.780971,1.860128,2.052847,4.330382,3.749584,6.293687,5.532039,6.862779,4.453731,5.327804,4.796665,3.7295,4.196248,5.286138,3.882829,2.686537,5.602307,4.130401,3.329501,6.176982,6.22691,2.633748,5.388181,4.192849,5.197908,5.589424,5.414326,6.268793,5.53223,5.422499,1.933118,7.446889,3.559417,3.291705,5.476477,5.644774,3.652442,3.379537,3.857576,4.142311,3.99353,4.946239,4.224122,4.460953,3.872588,7.262862,4.896141,3.080716,2.553994,3.480174,1.826104,3.220195,3.850286,7.473172,6.501957,5.132473,5.131059,4.515752,3.176129,2.003301,4.766488,1.224739,3.603786,5.958479,6.996242,3.521335,2.952304,5.05992,6.66147,4.578989,3.192465,3.623181,4.145501,3.781171,1.179885,3.14797,5.519954,4.920554,3.727202,3.950022,4.480873,3.175785,5.077588,4.789605,5.366826,1.75189,3.170845,5.79755,3.810757,5.089288,4.704062,5.048783,5.291073,3.133707,1.412897,4.275015,5.288001,4.75532,5.624694,4.462109,2.532852,5.052287,5.683917,5.649544,5.141701,5.749622,1.238463,7.188183,5.296463,5.331112,1.555708,5.66144,4.857374,4.675788,2.920073,6.490914,6.544194,5.665394,5.937945,3.194742,6.080651,3.07343,4.828621,1.806273,4.169722,6.546016,4.369364,3.878807,5.600899,4.213351,1.080925,3.197989,0,4.487725,4.128033,3.145308,5.630467,4.634511,4.011574,6.058024,4.897796,3.571916,6.184401,7.121649,4.228554,4.86491,2.280781,3.692197,5.3758,1.477172,6.292079,3.008536,5.687861,3.697833,6.784917,5.733711,6.141695,6.25529,3.800372,3.307143,1.925583,4.046503,3.339093,5.791112,2.166541,2.314851
2.551591,2.139156,0.995982,1.367615,5.281788,5.75004,2.408215,4.483802,4.464243,5.702958,1.294315,1.411909,2.287007,2.256459,4.518522,4.637037,1.469001,1.180032,6.320086,1.838568,4.009891,3.144273,4.306076,4.528557,4.611174,1.51416,3.423957,3.997658,4.685374,9.475449,3.786988,3.78741,3.465517,1.71999,5.790228,3.374125,9.219314,6.126603,3.510778,3.710347,5.337851,1.400277,6.389261,4.778102,4.858015,5.528245,5.488532,5.160859,3.621571,5.147213,3.490437,4.849364,4.036418,0.553924,6.110231,3.532241,6.52218,2.88483,1.007691,5.221648,5.181668,2.685737,5.579591,7.349794,3.152813,3.11216,6.803662,5.519606,8.211565,0.499408,3.805089,2.131842,6.459399,2.456334,7.11843,3.433514,2.050681,5.235166,0.914592,1.413489,5.454838,5.631352,3.856238,6.691973,4.190691,3.011269,6.356914,4.909365,4.198536,4.563095,2.864092,6.131132,4.13656,3.741405,3.338952,2.376039,3.714445,3.518474,5.348326,3.875012,4.616958,6.094835,3.084351,6.542855,4.291669,3.325759,5.211979,1.359483,5.533982,5.602428,6.73278,5.46263,3.458976,2.983461,5.016308,4.95728,1.477366,3.449137,4.414126,5.125108,3.436691,4.877427,5.038258,2.505269,2.852129,1.376279,7.225382,4.668734,3.233288,3.698815,4.113526,5.695604,4.814175,3.168952,4.095229,3.842073,2.187376,3.465748,2.670239,7.680133,5.567813,2.627617,3.988312,2.788099,5.098497,4.671434,5.487418,7.079251,3.619977,5.911521,3.239065,3.046189,5.996939,4.554577,1.359928,6.146257,1.87721,1.947943,5.357456,7.5426,6.015021,5.535827,8.278401,6.663425,1.805501,1.342631,3.538738,7.393292,6.909168,4.561283,8.826228,8.994525,2.898046,5.197766,0.741224,4.165081,3.494897,1.609161,0.733224,5.744088,4.517354,3.188182,3.091286,4.482577,3.33651,5.298403,3.244578,3.614827,3.106521,7.419575,8.930882,1.028916,4.723383,3.380541,3.623125,5.353052,3.993895,3.369418,3.261247,6.603245,3.206069,4.387678,2.591468,5.685497,7.516945,3.436768,2.59887,4.017813,4.540133,3.074487,4.529636,3.542602,8.838711,4.481975,4.692415,5.042366,4.875505,4.022034,5.47222,4.736008,8.716577,3.067054,3.565477,2.574978,4.205389,1.390118,4.265483,0.94991,5.974628,2.367533,3.524132,3.867339,2.30508,1.518442,1.333555,1.141374,2.088022,1.829715,1.607344,6.044176,5.958814,3.080505,4.098294,3.113503,3.752736,5.308284,4.905459,2.438868,5.50214,4.622191,4.321934,8.919839,2.469514,5.226815,2.387003,2.97166,2.008103,3.226131,4.775024,5.156024,0.680541,6.492419,3.765853,3.471131,1.251199,2.539181,4.430676,1.504177,4.487725,0,0.807298,1.45984,5.191888,6.902334,0.676015,6.452656,1.675224,1.003915,3.196758,3.046969,6.044091,2.688154,2.95425,2.982728,2.706683,3.187619,2.215506,2.890772,6.082493,4.092465,9.213842,3.808117,1.791995,2.182742,0.872759,4.393362,2.782336,5.297365,3.733725,6.185744,2.646095,2.551591
2.191899,2.620214,1.631942,1.007923,4.922096,5.390348,2.889273,4.12411,4.930894,5.270786,0.862143,2.047869,1.858308,2.737517,4.15883,4.277345,1.021184,1.972259,5.960394,1.390751,3.650199,2.784581,3.873904,4.168865,4.179002,0.895769,3.497398,3.637966,4.325682,9.115757,3.153677,3.844561,3.033345,1.287818,5.358056,3.014433,8.859622,5.694431,3.991836,3.350655,4.978159,1.881335,6.029569,5.188315,4.498323,5.168553,5.05636,4.728687,3.261879,4.787521,3.563878,5.259577,3.676726,0.526169,5.750539,3.172549,6.090008,2.452658,1.799918,4.789476,4.749496,2.326045,5.219899,6.990102,3.633871,3.593218,6.44397,5.159914,7.851873,1.135368,3.445397,2.6129,6.027227,2.096642,6.758738,3.791221,2.124122,4.875474,1.627053,2.205716,5.095146,5.27166,3.496546,6.332281,3.758519,3.492327,5.924742,4.477193,3.766364,4.203403,3.34515,5.77144,3.776868,3.108094,2.97926,1.742728,4.195503,3.999532,4.916154,3.241701,4.184786,5.735143,2.45104,6.183163,3.931977,2.692448,4.852287,1.541415,5.17429,5.170256,6.373088,4.829319,3.099284,3.464519,4.584136,4.525108,1.555995,3.23136,3.981954,4.765416,3.076999,4.445255,4.678566,2.090173,3.333187,1.857337,6.86569,4.309042,2.801116,3.339123,3.681354,5.335912,4.580962,2.542593,3.663057,3.208762,1.755204,3.033576,2.310547,7.320441,5.135641,2.657989,3.355001,2.86154,4.738805,4.914515,5.055246,6.719559,2.986666,5.479349,3.104885,2.686497,5.564767,4.194885,1.026889,5.786565,2.51317,1.588251,4.997764,7.182908,5.582849,5.176135,7.918709,6.231253,1.615537,1.42126,3.106566,7.0336,6.549476,4.129111,8.466536,8.634833,2.538354,4.765594,1.160048,3.805389,3.258821,1.234922,1.438049,5.311916,4.157662,3.261623,2.457975,4.050405,2.976818,4.866231,2.884886,3.182655,2.746829,7.059883,8.57119,1.178567,4.130617,3.754388,3.263433,4.99336,3.360584,3.009726,2.901555,6.243553,3.26322,4.027986,2.231776,5.325805,7.157253,3.817625,2.166698,3.585641,4.107961,2.714795,4.169944,3.11043,8.479019,3.848664,4.260243,4.682674,4.443333,3.589862,5.040048,4.376316,8.356885,2.636256,3.133305,3.056036,3.773217,1.088049,3.632172,1.094205,5.542456,2.007841,3.119775,3.435167,1.671769,0.885131,2.009403,0.46087,1.72833,2.310773,1.682678,5.612004,5.526642,3.561563,3.738602,3.186944,3.119425,4.948592,4.545767,2.919926,5.142448,4.262499,3.889762,8.560147,2.542955,4.593504,2.302247,2.611968,2.079412,2.866439,4.415332,4.796332,1.385366,6.132727,3.132542,2.910268,1.887159,1.90587,4.070984,1.072005,4.128033,0.807298,0,1.044744,4.558577,6.542642,1.167363,6.020484,2.156282,0.694928,3.677816,3.12041,5.684399,2.054843,2.594558,2.623036,3.187741,2.783262,2.29084,2.53108,5.650321,3.660293,8.85415,3.174806,2.427955,2.254051,0.420149,3.96119,2.422644,4.937673,3.301553,5.753572,2.213923,2.191899
1.24499,2.772337,2.316398,0.50258,3.986895,4.455147,3.041396,3.141385,3.995693,4.31292,0.367029,2.732325,2.349831,2.88964,3.176105,3.342144,0.781881,2.43581,5.025193,0.991868,2.714998,1.84938,2.916038,3.233664,3.221136,1.813719,4.415348,2.655241,3.390481,8.180556,2.423419,4.433408,2.075479,0.751709,4.40019,2.031708,7.924421,4.736565,4.143959,2.36793,4.042958,2.033458,5.094368,4.253114,3.515598,4.233352,4.098494,3.770821,2.326678,3.804796,4.481828,4.324376,2.741525,0.968555,4.815338,2.237348,5.132142,1.494792,2.448647,3.83161,3.79163,1.390844,4.284698,6.054901,3.30198,3.745341,5.508769,4.224713,6.869148,1.819824,2.510196,2.765023,5.069361,1.149733,5.823537,2.85602,3.042072,3.892749,1.824663,2.609058,4.112421,4.336459,2.561345,5.349556,2.800653,2.679846,4.966876,3.519327,2.808498,3.268202,3.497273,4.836239,2.794143,3.599617,2.044059,2.214785,3.422629,3.28504,3.958288,3.575292,3.22692,4.799942,2.615638,5.200438,2.949252,3.183971,3.917086,2.434756,4.191565,4.21239,5.437887,4.103495,2.164083,3.616642,3.62627,3.567242,2.473945,2.296159,3.024088,3.782691,2.141798,3.487389,3.695841,1.047393,3.48531,2.00946,5.930489,3.373841,1.84325,2.403922,2.723488,4.400711,3.645761,1.778914,2.705191,3.700285,0.797338,2.01418,1.338381,6.337716,4.177775,3.149512,3.734325,3.77949,3.803604,3.979314,4.09738,5.736834,2.398534,4.521483,2.169684,1.751296,4.606901,3.259684,0.607302,4.851364,3.197626,0.65305,4.062563,6.200183,4.624983,4.240934,6.983508,5.273387,2.411664,2.33921,2.08717,6.098399,5.566751,3.171245,7.483811,7.652108,1.603153,3.807728,1.249692,2.870188,2.32362,1.825673,1.634731,4.35405,3.222461,4.179573,2.622573,3.092539,2.041617,3.908365,1.949685,2.224789,1.811628,6.124682,7.635989,2.071236,3.333345,2.819187,2.328232,4.010635,2.968774,1.995554,1.966354,5.308352,3.852067,3.092785,1.296575,4.390604,6.222052,2.882424,1.208832,2.627775,3.150095,1.779594,3.187219,2.152564,7.527288,3.12284,3.302377,3.747473,3.485467,2.631996,4.082182,3.441115,7.37416,1.609178,2.175439,3.208159,2.815351,2.005999,2.906348,1.987546,4.58459,1.07264,2.076995,2.477301,2.143826,1.634754,2.690044,1.37882,0.781421,2.462896,2.600628,4.654138,4.568776,3.713686,2.755877,4.104894,3.498749,4.013391,3.563042,3.072049,4.207247,3.327298,2.931896,7.624946,3.460905,3.86768,2.79377,1.676767,2.997362,1.931238,3.480131,3.813607,1.580331,5.197526,2.57165,2.081093,2.571615,2.028087,3.088259,0.549466,3.145308,1.45984,1.044744,0,3.832753,5.607441,1.411232,5.062618,2.308405,0.658434,3.829939,4.03836,4.749198,2.200453,1.659357,1.687835,3.339864,1.740482,3.20879,1.595879,4.692455,2.702427,7.918949,3.666329,3.112411,3.172001,0.670934,3.003324,1.445657,4.002472,2.343687,4.795706,1.256057,1.24499
3.957917,6.498032,5.770135,4.257124,6.803809,7.272061,6.541519,5.626544,6.84105,4.941315,3.948436,6.186062,3.444552,6.389763,5.661264,5.99493,4.154493,6.161505,7.87055,4.573917,5.367784,5.084954,4.047649,5.88645,5.09071,3.870022,5.088951,5.1404,6.207395,10.99747,1.60123,4.720201,2.125681,3.817726,4.434747,4.516867,10.741335,5.11696,7.807617,4.856353,6.859872,5.759153,7.747154,7.098471,6.000757,7.050266,5.534839,4.186336,5.168821,6.289955,5.155431,7.169733,5.558439,4.801308,7.632252,4.890134,2.717409,3.707759,6.171802,3.351211,3.516184,4.508803,6.937484,8.900258,6.494748,7.276098,8.354126,7.07007,9.354307,5.309396,5.382409,6.46262,3.752297,3.865912,8.668894,6.047406,4.015235,6.377908,5.561309,6.334753,6.59758,7.153373,5.406702,7.834715,5.006556,5.872614,3.649812,3.706622,3.940109,6.085116,6.997396,7.681596,5.282566,2.196515,4.885371,2.853019,6.615397,6.477808,5.394633,1.98106,4.358531,7.452728,2.107537,7.685597,5.434411,2.612161,6.734,4.610835,6.676724,2.905859,8.042142,0.507005,4.831096,7.147399,5.495844,5.436816,4.050646,5.48679,4.155699,6.153266,4.971355,5.356963,6.181,3.718471,6.985433,5.735155,8.583275,6.190755,2.181399,5.220836,4.593062,7.217625,6.491118,2.44053,4.167493,2.507419,3.035415,4.283579,4.013163,8.822875,5.61412,3.436305,2.016875,4.453093,6.620518,6.824671,4.512895,8.221993,1.571911,4.358341,5.363396,4.570754,2.9143,6.090779,4.440055,7.696721,6.874181,3.770052,6.90792,8.685342,4.514613,7.086291,9.800422,3.250492,3.516543,3.915911,4.356569,8.943756,8.05191,4.414219,9.96897,10.137267,4.839016,5.677302,4.99388,5.715545,5.488351,3.656361,5.360426,4.769565,6.039375,4.853176,2.55428,5.154238,4.856742,5.777939,4.516937,3.3564,5.03686,8.970039,10.452903,4.593487,1.18734,6.010573,5.157789,6.495794,1.55038,4.409705,5.098607,8.125266,4.13886,5.909699,4.146358,7.226707,9.038966,6.07381,2.743857,3.759386,4.20151,4.977451,5.672378,3.284175,10.012447,0.709913,4.433988,6.558777,3.900982,3.763607,3.757544,6.286472,9.859319,3.891357,3.30705,6.933854,3.946962,3.954197,1.219995,4.49808,4.421448,4.320281,4.490002,1.866241,3.065464,3.673446,6.370414,4.097707,3.669156,6.188591,4.037944,3.337074,4.540876,7.244443,5.241036,4.778497,1.781299,6.858748,6.048201,6.797744,7.024161,6.172655,4.993595,10.44186,4.134508,1.093099,3.080563,4.689563,3.669721,4.768794,6.325488,6.298766,5.306026,8.042883,1.445583,2.289151,6.025352,2.987689,5.573418,3.724679,5.630467,5.191888,4.558577,3.832753,0,8.260227,5.147878,3.745554,6.0341,4.491187,7.555634,4.714363,7.401984,2.523049,4.429158,4.885731,6.870621,4.217968,4.486025,4.427821,3.004714,3.834038,10.735863,2.218547,6.788966,3.84436,4.38966,4.212764,4.116735,6.655258,3.475298,3.478642,3.66712,3.957917
4.470683,6.137628,7.760291,5.535429,2.704803,3.173055,6.11999,3.664192,3.899735,5.516059,5.884797,8.176218,7.908642,5.968234,3.698912,2.764426,6.366254,7.421715,4.929235,6.576241,3.302464,5.341283,6.714648,2.645989,4.424275,7.311617,9.913246,3.986604,2.403761,6.416555,6.850893,9.992219,6.502953,5.983228,6.621917,4.610137,6.16042,5.939704,7.386088,4.405083,2.760866,6.845405,1.890945,4.157156,3.306393,2.953633,5.301633,6.839954,3.820363,2.837049,9.979726,4.228418,3.071306,6.40679,3.533246,3.546815,8.489185,4.648007,7.729345,7.188653,7.148673,4.659736,1.525805,5.958943,5.393326,6.854569,5.412811,3.175389,4.231845,7.263717,4.111569,6.041091,8.141422,4.56073,5.727579,5.424553,8.53997,3.454416,6.821519,7.594963,3.674088,2.80242,3.825355,1.556544,5.705647,5.421573,8.139671,6.87637,6.607108,2.521215,6.575867,4.517316,4.344343,8.341439,4.027798,7.793062,4.830069,5.376386,5.161427,8.002766,6.339416,1.869643,7.079158,1.477646,3.725084,8.742782,2.634994,7.910602,3.753232,7.569433,2.234464,8.530969,3.469255,6.72587,4.829409,3.827473,7.971843,4.852326,6.822698,3.406687,3.780037,4.690528,3.257508,4.690847,6.563904,6.984809,2.732114,2.909557,6.270724,3.389721,4.828202,2.969031,3.549803,6.206388,5.411802,8.652343,5.373903,5.038011,4.402269,1.130371,5.380914,8.708323,8.161799,9.277388,2.545764,3.883356,6.427995,0.915385,6.826008,6.917468,4.96735,4.021442,7.963944,3.034847,5.726493,4.249473,8.641519,5.144117,3.460672,3.924878,6.829238,4.144976,4.784357,8.540877,7.946839,7.837108,5.111001,6.002441,2.929448,5.877856,4.846508,5.014805,5.143663,5.010867,6.254568,3.359927,4.769494,7.360848,6.620636,6.092283,2.758177,9.677471,7.525901,4.97217,3.793951,5.111504,3.980047,6.023399,5.184659,6.028724,5.871988,7.547082,7.760819,5.303664,3.642425,3.572302,7.396248,4.649624,4.310776,4.02626,9.410878,2.697485,4.391436,3.130074,4.93996,5.240427,5.785397,6.426385,6.948705,4.938507,4.344781,5.951174,4.889985,7.550314,6.414873,2.30486,6.640188,6.124574,7.403974,3.949203,4.736857,4.633009,5.974049,7.389175,6.613961,7.503897,7.333822,7.463392,6.922403,4.802206,4.837782,6.904775,7.722103,7.169929,8.021208,6.876718,4.97468,6.806258,8.098526,7.905669,6.773031,6.822914,4.413009,9.602792,7.926223,3.403603,3.124709,7.253065,2.925155,3.835386,4.811527,5.860945,8.958803,8.295154,8.352581,4.384979,8.49526,4.074408,3.988219,3.375274,6.560082,5.101568,6.999124,6.508567,8.015508,6.843111,4.245821,5.788991,4.634511,6.902334,6.542642,5.607441,8.260227,0,6.408088,8.077239,6.733851,5.978718,7.257693,9.536258,0.900401,7.49467,3.983042,4.881585,6.449092,4.555061,8.706688,4.317827,8.049498,6.465148,6.154948,8.363471,8.556304,8.669899,6.214981,6.00915,4.294301,1.604969,6.142297,8.047237,4.765173,4.470683
2.073391,1.501632,1.613429,1.053253,4.787542,5.255794,1.770691,4.007651,3.826719,5.579237,1.612541,2.029356,2.673788,1.618935,4.042371,4.142791,1.789074,1.080818,5.82584,2.158641,3.515645,2.650027,4.231163,4.034311,4.487453,1.900941,3.818728,3.521507,4.191128,8.981203,3.738544,4.178566,3.390604,2.038216,5.715315,2.897974,8.725068,6.002882,2.873254,3.234196,4.843605,0.762753,5.895015,4.140578,4.381864,5.033999,5.364811,5.085946,3.127325,4.671062,3.885208,4.21184,3.542172,0.69105,5.615985,3.037995,6.447267,2.760684,1.388448,5.146735,5.106755,2.191491,5.085345,6.855548,2.515289,2.474636,6.309416,5.02536,7.735414,1.116855,3.310843,1.494318,6.384486,1.978134,6.624184,2.79599,2.445452,4.759015,0.461511,1.254066,4.978687,5.137106,3.361992,6.215822,3.942248,2.373745,6.282001,4.834452,4.123623,4.068849,2.226568,5.636886,3.660409,4.128186,2.844706,2.76282,3.076921,2.88095,5.224605,4.261793,4.542045,5.600589,3.471132,6.066704,3.815518,3.71254,4.717733,1.791891,5.057831,5.527515,6.238534,5.41862,2.96473,2.345937,4.892587,4.833559,1.872137,2.811613,4.339213,4.648957,2.942445,4.753706,4.562107,2.110914,2.214605,0.738755,6.731136,4.174488,3.158375,3.204569,3.989805,5.201358,4.176651,3.094039,4.006273,4.228854,2.112463,3.150688,2.194088,7.203982,5.444092,3.018773,4.375093,3.18287,4.604251,4.03391,5.412505,6.6031,3.713659,5.836608,2.601541,2.551943,5.922026,4.060331,0.95379,5.652011,2.385021,1.469743,4.86321,7.066449,5.940108,5.041581,7.784155,6.588512,2.196414,1.737402,3.223678,6.899046,6.433017,4.472327,8.350077,8.518374,2.4038,5.074045,0.16154,3.670835,2.857373,1.995942,0.279739,5.669175,4.023108,3.582953,3.478067,4.358431,2.842264,5.174682,2.764625,3.539914,2.612275,6.925329,8.436636,1.423687,4.64847,2.743017,3.128879,4.876901,4.283899,2.893267,2.767001,6.108999,3.597225,3.893432,2.097222,5.191251,7.022699,2.799244,2.523957,3.9429,4.46522,2.580241,4.053485,3.467689,8.344465,4.437965,4.617502,4.54812,4.800592,3.947121,5.397307,4.241762,8.240426,2.745686,3.490564,1.937454,4.130476,1.776899,4.221473,1.344681,5.899715,1.873287,3.047981,3.792426,2.691861,1.905223,1.680311,1.501439,1.609822,1.192191,2.002115,5.969263,5.883901,2.442981,3.622143,3.508274,4.139517,4.814038,4.429308,1.801344,5.007894,4.127945,4.197788,8.425593,2.864285,5.182805,2.778159,2.477414,2.402874,2.731885,4.280778,4.679873,0.227056,5.998173,3.886775,3.396218,1.865701,2.911673,3.954525,1.822403,4.011574,0.676015,1.167363,1.411232,5.147878,6.408088,0,6.377743,1.0377,0.761098,2.559234,3.44174,5.549845,3.074935,2.474297,2.488482,2.069159,2.711468,2.610277,2.396526,6.00758,4.017552,8.719596,4.194898,2.299806,2.577513,1.229892,4.318449,2.306185,4.803119,3.658812,6.110831,2.548836,2.073391
5.015024,7.727897,7.292138,5.486989,7.628947,8.097199,7.771384,5.47559,8.070915,2.56118,5.178301,7.708065,6.255441,7.619628,5.51031,6.595931,5.659758,7.39137,9.100415,5.869745,5.968785,6.314819,2.803031,6.487451,3.88155,5.994428,8.438149,5.567957,7.032533,10.489252,4.784895,7.779572,4.436955,5.047591,1.692232,4.944424,10.233117,2.137535,9.037482,5.28391,7.68501,6.989018,7.335896,8.328336,5.018152,7.875404,3.154704,1.608869,6.398686,5.24019,8.504629,8.399598,6.383577,6.031173,8.45739,5.491135,2.372321,4.30876,7.453491,1.897921,2.062894,5.738668,7.538485,10.130123,7.724613,8.505963,9.583991,8.094823,8.304542,6.795564,6.612274,7.692485,0.104881,5.014062,9.898759,7.277271,7.064873,5.328143,6.791174,7.564618,5.547815,7.978511,6.636567,6.78495,4.727997,7.102479,0.095742,1.897129,2.446088,6.752747,8.227261,8.911461,5.710123,5.942069,6.061341,5.758642,7.845262,7.707673,3.014498,5.726614,2.99153,8.049739,5.01316,6.635832,5.536482,6.357715,7.559138,6.80374,5.626959,1.434651,6.992377,3.977857,5.432097,8.377264,4.286684,4.249766,6.496746,6.716655,3.153982,4.966216,6.119505,4.147803,5.131235,4.621155,8.215298,6.96502,7.948236,7.015893,4.204726,5.887449,4.307587,8.042763,7.720983,4.14039,3.804942,6.252973,4.26528,4.383679,4.838301,7.77311,3.233985,7.055122,5.762429,7.802291,7.445656,8.054536,1.942654,7.172228,4.76001,1.615826,6.593261,5.40831,1.065134,7.122306,5.66992,8.926586,8.173366,4.999917,8.137785,7.635577,1.772098,8.316156,8.857054,0.85642,6.327432,6.362011,4.514359,10.173621,7.002145,3.348978,8.919205,9.087502,6.068881,4.468142,6.223745,6.94541,6.718216,5.782633,6.590291,2.669824,6.864513,8.202374,5.459903,4.451555,5.677195,4.194537,5.117938,3.294773,6.266725,10.199904,9.944685,6.765044,4.932894,7.240438,6.159113,5.446029,5.295934,4.837262,6.328472,8.950404,7.198231,6.731091,5.376223,8.051845,9.864104,7.303675,4.4424,3.167253,2.163797,6.207316,6.099935,3.222548,8.962682,4.455467,3.000683,7.159778,1.785754,3.168256,1.030988,7.516337,8.809554,4.492358,3.245423,8.163719,2.366301,6.125754,4.965549,6.669637,1.678933,5.550146,4.917559,4.838777,5.971087,5.797852,7.665784,6.222113,4.899021,7.418456,6.623429,0.40848,1.798361,8.474308,5.668593,8.127695,5.526853,8.088613,4.998436,8.027609,7.849299,7.40252,4.290912,9.933642,7.483706,4.838653,6.69938,5.919428,7.020163,5.925294,7.555353,5.249001,6.535891,9.272748,4.933126,4.442569,7.547355,4.777113,6.000975,4.954544,6.058024,6.452656,6.020484,5.062618,3.745554,8.077239,6.377743,0,7.263965,5.721052,8.785499,8.061161,7.671282,5.428672,5.248591,6.115596,8.100486,4.78117,7.231591,5.586624,0.954586,2.901437,10.227645,5.964101,8.088151,7.194802,5.619525,3.23202,4.931644,7.256259,2.819501,0.421586,4.375636,5.015024
2.949057,0.957127,2.612638,1.950426,4.928227,5.396479,0.969133,4.893873,3.025161,6.465459,2.556224,3.028565,3.663279,0.817377,4.928593,4.501187,2.733006,2.042109,5.075008,3.102573,3.960205,2.650984,5.117385,4.392707,5.373675,2.890432,4.817937,4.407729,4.331813,9.121888,4.624766,5.168057,4.276826,2.981899,6.601537,3.784196,8.865753,6.889104,1.835554,4.120418,4.845041,0.819671,6.220778,3.33902,5.268086,4.552255,6.251033,5.972168,2.935255,5.557284,4.884417,3.410282,3.700945,1.679969,5.614558,3.548622,7.333489,3.646906,2.349739,6.032957,5.992977,2.651705,5.411108,6.104716,1.713731,1.669062,5.558584,4.338507,8.514145,2.116064,2.946097,0.709653,7.270708,2.8538,5.873352,1.994432,3.444661,5.645237,1.447612,2.215357,5.864909,5.277791,3.163718,6.984037,4.82847,1.572187,7.168223,5.720674,5.009845,4.238206,1.42501,4.886054,4.35343,5.099787,2.896255,3.734421,2.275363,2.079392,6.110827,5.233394,5.428267,5.926352,4.442733,6.905139,4.70174,4.684141,4.858418,2.7911,5.944053,6.413737,6.564297,6.304842,3.443971,1.540363,5.778809,5.719781,2.871346,2.010055,5.225435,5.535179,3.097093,5.639928,5.448329,2.997136,1.413047,0.497956,7.056899,4.34358,4.044597,3.52949,4.876027,5.342043,3.375093,3.980261,4.892495,5.200455,2.998685,4.03691,3.072012,7.713684,6.330314,4.008264,5.346694,4.182079,4.412717,3.232352,6.298727,7.260535,4.599881,6.72283,1.799983,3.208392,6.808248,4.084912,1.850963,4.965158,3.346312,2.345409,4.176357,7.952671,6.82633,4.290749,7.92484,7.474734,3.185905,2.736611,4.1099,6.148214,7.259281,5.358549,8.706663,8.87496,2.632328,5.960267,1.074178,3.472561,2.055815,2.985433,1.244974,6.555397,4.1922,4.582162,4.449668,5.244653,3.198171,6.060904,3.640291,4.426136,2.532069,6.174497,8.577321,2.422896,5.534692,1.941459,3.160158,5.763123,5.170121,3.779489,2.450285,5.7926,4.586716,4.067863,2.972888,4.504398,7.163384,1.997686,3.410179,4.829122,5.351442,2.248208,4.939707,4.353911,8.48515,5.324187,5.503724,4.688805,5.686814,4.833343,6.283529,4.043488,8.597012,3.631908,4.376786,0.899754,5.016698,2.76639,5.107695,2.34389,6.785937,2.748953,3.934203,4.678648,3.663462,2.894714,2.641602,2.490358,2.485488,0.157654,3.001324,6.855485,6.770123,1.637407,4.422096,4.507483,5.111118,4.127185,5.31553,0.763644,5.148579,3.929671,5.08401,8.566278,3.863494,6.069027,3.76765,2.479113,3.402083,2.805688,4.082504,5.566095,1.170289,5.247341,4.772997,4.28244,2.826992,3.855605,4.840747,2.766086,4.897796,1.675224,2.156282,2.308405,6.0341,6.733851,1.0377,7.263965,0,1.659082,1.521534,4.440949,5.875608,4.027971,3.349963,2.342861,1.263585,3.59769,3.609486,2.919009,6.893802,4.903774,8.860281,5.166499,3.261097,3.576722,2.173824,5.204671,3.184109,5.128882,4.545034,6.997053,3.435058,2.949057
1.635782,2.123014,1.861872,0.451806,4.358172,4.826424,2.392073,3.567993,4.36697,4.971354,0.906253,2.277799,2.226202,2.240317,3.602713,3.713421,1.105723,1.786487,5.39647,1.458377,3.086275,2.220657,3.574472,3.604941,3.87957,1.463903,4.036142,3.081849,3.761758,8.551833,3.081853,4.309779,2.733913,1.331928,5.058624,2.458316,8.295698,5.394999,3.494636,2.794538,4.414235,1.384135,5.465645,4.624391,3.942206,4.604629,4.756928,4.429255,2.697955,4.231404,4.102622,4.695653,3.112802,0.508371,5.186615,2.608625,5.790576,2.153226,1.97484,4.490044,4.450064,1.762121,4.655975,6.426178,3.136671,3.096018,5.880046,4.59599,7.295756,1.365298,2.881473,2.1157,5.727795,1.540525,6.194814,3.227297,2.662866,4.319357,1.174529,1.959735,4.539029,4.707736,2.932622,5.776164,3.449367,2.995127,5.62531,4.177761,3.466932,3.639479,2.84795,5.207516,3.220751,3.475988,2.415336,2.110622,3.698303,3.502332,4.616722,3.609595,3.885354,5.171219,2.815873,5.627046,3.37586,3.060342,4.288363,2.012183,4.618173,4.870824,5.809164,4.761929,2.53536,2.967319,4.284704,4.225676,2.092429,2.667436,3.682522,4.209299,2.513075,4.145823,4.122449,1.671256,2.835987,1.360137,6.301766,3.745118,2.501684,2.775199,3.381922,4.771988,4.017038,2.437348,3.363625,3.576656,1.455772,2.657807,1.75443,6.764324,4.836209,3.025883,3.722895,3.400284,4.174881,4.350591,4.755814,6.163442,3.056968,5.179917,2.540961,2.122573,5.265335,3.630961,0.384539,5.222641,2.7431,1.032134,4.43384,6.626791,5.283417,4.612211,7.354785,5.931821,2.183671,1.957694,2.730797,6.469676,5.993359,3.829679,7.910419,8.078716,1.97443,4.466162,0.599558,3.241465,2.694897,1.678408,0.985408,5.012484,3.593738,3.800367,2.822808,3.750973,2.412894,4.566799,2.328769,2.883223,2.182905,6.495959,8.007266,1.648663,3.991779,3.190464,2.699509,4.437243,3.627208,2.453609,2.337631,5.679629,3.728438,3.464062,1.667852,4.761881,6.593329,3.253701,1.867266,3.286209,3.808529,2.150871,3.613827,2.810998,7.915095,3.781274,3.960811,4.11875,4.143901,3.29043,4.740616,3.812392,7.800768,2.252805,2.833873,2.558836,3.473785,1.656183,3.564782,1.564973,5.243024,1.443917,2.608323,3.135735,2.039663,1.453265,2.235377,1.029004,1.172213,1.813573,2.221422,5.312572,5.22721,3.064363,3.182485,3.725688,3.487319,4.384668,3.98965,2.422726,4.578524,3.698575,3.59033,7.996223,3.081699,4.526114,2.670141,2.048044,2.618156,2.302515,3.851408,4.240215,0.931008,5.568803,3.230084,2.739527,2.117089,2.228322,3.514867,1.116115,3.571916,1.003915,0.694928,0.658434,4.491187,5.978718,0.761098,5.721052,1.659082,0,3.180616,3.659154,5.120475,2.400688,2.038441,2.059112,2.690541,2.27181,2.829584,1.967156,5.350889,3.360861,8.290226,3.5427,2.657885,2.792795,0.547804,3.661758,1.866527,4.373749,3.002121,5.45414,1.914491,1.635782
4.124609,1.480969,4.134172,3.47196,5.452069,5.920321,1.195518,6.180478,3.549003,7.985953,4.077758,4.550099,5.184813,1.341219,6.215198,5.025029,4.25454,3.563643,5.59885,4.624107,4.484047,3.174826,6.638919,4.916549,6.894169,4.411966,6.339471,5.694334,4.855655,9.64573,6.1463,6.689591,5.79836,4.503433,8.123071,5.184316,9.389595,8.409598,0.390779,4.938012,5.368883,2.187756,6.74462,3.862862,6.554691,5.076097,7.771527,7.493702,3.459097,6.843889,6.405951,3.934124,4.224787,3.201503,6.1384,4.072464,8.855023,5.1674,3.871273,7.554491,7.514511,3.175547,5.93495,6.628558,2.237573,0.464481,6.082426,4.862349,9.037987,3.637598,3.469939,1.383975,8.792242,4.032906,6.397194,2.518274,4.966195,6.931842,2.969146,3.736891,7.151514,5.801633,3.68756,7.507879,6.348964,2.096029,8.689757,7.242208,6.531379,4.762048,0.870495,5.409896,4.877272,6.621321,3.420097,5.255955,2.799205,2.603234,7.631321,6.754928,6.949801,6.450194,5.964267,7.428981,5.988345,6.205675,5.38226,4.312634,7.230658,7.935271,7.088139,7.826376,3.967813,0.715661,7.299303,7.240275,4.39288,2.533897,6.746969,6.821784,3.620935,7.160422,6.734934,4.51867,0.773318,2.01949,7.580741,4.867422,5.566131,4.053332,6.396521,5.865885,3.898935,5.501795,6.412989,6.721989,4.520219,5.557404,4.392065,8.237526,7.850808,5.529798,6.868228,5.703613,4.936559,3.756194,7.820261,7.784377,6.121415,8.244364,2.323825,3.732234,8.329782,4.608754,3.372497,5.489,4.867846,3.866943,4.700199,8.778553,8.347864,4.814591,8.448682,8.996268,4.707439,4.258145,5.630394,6.672056,7.783123,6.879043,9.230505,9.398802,3.15617,7.480761,2.595712,3.996403,2.579657,4.506967,2.766508,8.076931,4.716042,6.103696,5.971202,6.765147,3.722013,7.581398,4.49944,5.94767,3.055911,6.698339,9.101163,3.94443,7.056226,2.465301,3.684,7.049728,6.691655,5.180091,2.974127,6.316442,6.10825,4.591705,3.533954,5.02824,7.687226,2.521528,4.931713,6.350656,6.872976,2.77205,6.226312,5.875445,9.008992,6.845721,7.025258,5.212647,7.208348,6.354877,7.805063,4.56733,9.120854,5.152402,5.89832,0.889258,6.538232,4.287924,6.629229,3.865424,8.307471,3.525621,5.368249,6.200182,5.184996,4.416248,4.163136,4.011892,4.007022,1.385815,4.522858,8.377019,8.291657,0.812705,4.945938,6.029017,6.632652,4.651027,6.602135,0.75789,5.672421,4.453513,6.604504,9.09012,5.385028,7.590561,5.289184,3.002955,4.923617,3.32953,4.606346,6.8527,2.691823,5.771183,6.294531,5.803974,4.348526,5.377139,6.127352,4.28762,6.184401,3.196758,3.677816,3.829939,7.555634,7.257693,2.559234,8.785499,1.521534,3.180616,0,5.962483,6.39945,5.549505,4.084557,2.866703,0.808601,5.074454,5.13102,3.442851,8.415336,6.425308,9.384123,6.688033,4.782631,5.098256,3.695358,6.726205,4.480349,5.652724,6.066568,8.518587,4.956592,4.124609
5.185515,4.904881,3.463593,4.001539,7.915712,8.383964,5.17394,7.117726,7.229968,7.524343,3.841472,3.821376,2.681831,5.022184,7.152446,7.270961,3.586869,3.665397,8.95401,4.006293,6.643815,5.778197,5.914581,7.162481,6.957642,2.352427,1.300447,6.631582,7.319298,12.109373,4.115305,3.200905,4.605344,4.267147,7.398733,6.008049,11.853238,7.947988,6.276503,6.344271,7.971775,4.166002,9.023185,7.543827,7.491939,8.162169,7.835,6.769364,6.255495,7.781137,1.467679,7.615089,6.670342,3.209163,8.744155,6.166165,7.431772,5.431987,3.371956,6.830153,6.790173,5.319661,8.213515,9.983718,5.918538,5.877885,9.437586,8.15353,10.845489,3.15814,6.439013,4.897567,8.067904,5.090258,9.752354,6.199239,0.996288,7.86909,3.902236,3.418444,8.088762,8.265276,6.490162,9.325897,6.737848,5.776994,7.965419,6.51787,5.807041,7.197019,5.629817,8.765056,6.770484,3.210549,5.972876,2.71848,6.48017,6.284199,7.694794,3.344156,6.225463,8.728759,3.412668,9.176779,6.925593,2.794903,7.845903,2.421704,8.167906,7.210933,9.366704,4.985105,6.0929,5.749186,7.362776,7.303748,1.850711,6.214862,6.022631,7.759032,6.070615,7.223895,7.672182,5.083789,5.617854,4.142004,9.859306,7.302658,4.373115,6.332739,6.459994,8.329528,7.574578,3.920771,6.034425,3.311217,4.734533,6.012905,5.304163,10.314057,7.914281,2.041112,3.457456,0.925665,7.732421,7.437159,7.095923,9.713175,3.948294,7.520026,6.00479,5.680113,7.605444,7.188501,4.017311,8.780181,3.149099,4.581867,7.99138,10.176524,7.623526,8.169751,10.912325,7.964855,2.184462,1.715976,6.085895,10.027216,9.543092,6.281151,11.460152,11.628449,5.53197,7.544234,3.502185,6.799005,6.252437,2.278528,3.720464,7.352593,7.151278,1.164827,3.419603,7.02117,5.970434,7.644871,5.878502,5.223332,5.740445,10.053499,11.564806,2.418916,4.286403,6.146266,6.257049,7.986976,3.463039,6.003342,5.895171,9.237169,2.619564,7.021602,5.225392,8.319421,10.150869,6.202493,4.610789,5.626318,6.148638,5.708411,7.16356,5.151107,11.472635,4.00445,6.30092,7.67629,6.48401,5.630539,7.080725,7.369932,11.350501,5.615585,5.173982,5.340703,5.813894,2.133471,4.07632,2.323509,7.583133,5.001457,6.113391,4.513908,2.647521,2.404431,3.21255,2.65954,4.721946,4.59544,1.497422,7.652681,7.567319,5.84623,6.732218,1.105742,3.22188,7.942208,7.539383,5.204593,8.136064,7.256115,6.860527,11.553763,0.623907,4.74929,1.800498,5.605584,1.14595,5.860055,7.408948,7.789948,3.667781,9.126343,3.860163,4.288446,3.289826,3.284048,7.0646,4.051334,7.121649,3.046969,3.12041,4.03836,4.714363,9.536258,3.44174,8.061161,4.440949,3.659154,5.962483,0,8.678015,3.016471,5.588174,5.616652,5.472408,5.776878,1.496796,5.524696,7.690998,5.70097,11.847766,3.277261,2.98724,1.092377,3.380288,6.079696,5.41626,7.931289,5.34223,7.794249,5.193252,5.185515
3.61244,5.279385,6.902048,4.677186,1.84656,2.314812,5.261747,3.258235,3.041492,5.110102,5.026554,7.317975,7.050399,5.109991,3.292955,1.906183,5.508011,6.563472,4.070992,5.717998,2.444221,4.48304,5.856405,1.787746,4.018318,6.453374,9.055003,3.580647,1.545518,6.002842,5.99265,9.133976,5.64471,5.124985,6.21596,3.795606,5.746707,5.533747,6.527845,3.54684,1.902623,5.987162,1.477232,3.298913,2.900436,2.09539,4.895676,6.433997,2.96212,2.431092,9.121483,3.370175,2.213063,5.548547,2.675003,2.688572,8.072509,3.789764,6.871102,6.771977,6.731997,3.801493,0.667562,5.1007,4.535083,5.996326,4.554568,2.317146,3.818132,6.405474,3.253326,5.182848,7.735465,3.702487,4.869336,4.56631,7.681727,3.048459,5.963276,6.73672,3.268131,2.122915,2.967112,1.150587,4.971328,4.56333,7.733714,6.459694,5.748865,1.662972,5.717624,3.659073,3.4861,7.483196,3.169555,6.934819,3.971826,4.518143,4.75547,7.144523,5.859628,1.182806,6.220915,1.071689,3.319127,7.884539,1.776751,7.052359,3.347275,7.152757,1.820751,7.672726,2.611012,5.867627,4.423452,3.421516,7.1136,3.994083,5.964455,3.00073,2.921794,4.284571,2.851551,3.832604,5.705661,6.126566,2.313353,2.051314,5.412481,2.531478,4.422245,2.260376,2.69156,5.348145,5.005845,7.7941,4.51566,4.179768,3.544026,1.880234,4.974957,7.85008,7.303556,8.419145,1.687521,3.025113,6.022038,1.427085,5.967765,6.511511,4.109107,3.163199,7.547268,2.176604,4.86825,3.39123,7.783276,4.285874,2.602429,3.511165,6.423281,3.286733,4.370644,8.13492,7.088596,6.978865,4.252758,5.144198,2.515735,5.471899,4.432795,4.601092,4.28542,4.60491,5.396325,2.501684,3.911251,6.502605,5.762393,5.686326,1.899934,8.819228,6.667658,4.566213,2.935708,4.705547,3.121804,5.165156,4.326416,5.170481,5.458275,6.688839,6.902576,4.445421,2.784182,3.166345,6.538005,3.791381,3.452533,3.168017,8.552635,1.839242,3.533193,2.271831,4.081717,4.382184,4.927154,5.568142,6.090462,4.080264,3.938824,5.092931,4.476272,6.692071,5.935085,1.446617,6.234231,5.37747,6.998017,3.09096,4.323144,3.774766,5.115806,6.530932,5.755718,6.645654,6.475579,6.605149,6.516446,3.943963,3.979539,6.046532,6.86386,6.311686,7.162965,6.018475,4.116437,5.948015,7.240283,7.499712,6.367074,5.964671,3.554766,8.744549,7.06798,2.54536,2.718752,6.394822,2.066912,2.977143,4.40557,5.447232,8.10056,7.436911,7.494338,3.526736,7.637017,3.216165,3.129976,2.969317,5.701839,4.243325,6.140881,5.650324,7.157265,5.984868,3.839864,4.930748,4.228554,6.044091,5.684399,4.749198,7.401984,0.900401,5.549845,7.671282,5.875608,5.120475,6.39945,8.678015,0,6.636427,3.124799,4.023342,5.590849,3.696818,7.848445,3.459584,7.632822,5.642794,5.741235,7.505228,7.698061,7.811656,5.356738,5.515026,3.436058,0.746726,5.284054,7.64128,3.90693,3.61244
3.19236,4.491903,3.266401,2.291663,6.038252,6.506504,4.760962,4.860987,6.075493,4.891854,1.989588,3.682328,0.940818,4.609206,4.895707,5.229373,1.631771,3.840409,7.104993,2.051195,4.602227,4.04756,3.282092,5.120893,4.325153,1.366288,3.391059,4.374843,5.441838,10.231913,1.118149,3.022309,1.6426,2.415263,4.766244,3.75131,9.975778,5.315499,5.863525,4.090796,6.094315,3.753024,6.981597,6.332914,5.2352,6.284709,5.202511,4.136875,4.403264,5.524398,3.457539,6.404176,4.792882,2.454218,6.866695,4.124577,5.240458,2.942202,3.668068,4.197664,4.157684,3.589024,6.171927,8.134701,5.50016,5.464907,7.588569,6.304513,8.58875,2.805662,4.616852,4.484589,5.435415,3.100355,7.903337,5.0542,2.115039,5.612351,3.535197,4.073866,5.832023,6.387816,4.641145,7.069158,4.240999,4.878026,5.33293,3.885381,3.174552,5.319559,5.216839,6.916039,4.517009,2.188518,4.119814,0.330297,5.620809,5.48322,5.062305,1.934937,3.592974,6.687171,0.415512,6.92004,4.668854,1.772872,5.968443,2.107101,5.911167,4.578444,7.276585,2.793791,4.065539,5.336208,4.730287,4.671259,1.546912,4.494339,3.390142,5.387709,4.205798,4.591406,5.415443,2.952914,5.204876,3.729026,7.817718,5.425198,1.489334,4.455279,3.827505,6.452068,5.725561,1.674973,3.401936,2.289186,2.269858,3.518022,3.247606,8.057318,5.281792,1.738413,2.09397,2.755201,5.854961,6.059114,4.463434,7.456436,0.951138,4.887537,4.367864,3.805197,4.972955,5.325222,2.390219,6.931164,4.370447,2.85123,6.142363,7.919785,4.991037,6.320734,9.034865,5.639441,1.012809,1.412177,3.591012,8.178199,7.286353,3.648662,9.203413,9.37171,3.801333,4.911745,2.968447,4.949988,4.5218,1.152627,3.346193,4.720104,5.273818,3.155284,0.422447,4.388681,4.091185,5.012382,3.75138,2.590843,4.009808,8.204482,9.687346,2.089753,2.095089,5.017367,4.392232,5.730237,1.328419,3.644148,4.164534,7.359709,2.440968,5.144142,3.380801,6.46115,8.273409,5.080604,1.9783,2.993829,3.516149,3.977774,4.906821,2.518618,9.24689,1.813136,3.668431,5.79322,3.851521,2.99805,4.448236,5.520915,9.093762,3.1258,2.541493,4.927725,3.181405,1.450463,1.596644,1.994346,4.950644,3.27082,3.724445,1.516752,0.56173,1.169712,3.86668,1.593973,2.903599,4.182462,1.673595,5.020192,4.93483,5.433252,4.475479,3.080605,1.858394,6.093191,5.282644,4.791615,6.258604,5.407098,4.228038,9.676303,2.436616,2.557976,1.382671,3.874947,1.971829,4.003237,5.559931,5.533209,3.29351,7.277326,1.097014,1.523594,3.521618,1.153768,4.807861,2.19945,4.86491,2.688154,2.054843,2.200453,2.523049,7.49467,3.074935,5.428672,4.027971,2.400688,5.549505,3.016471,6.636427,0,3.663601,3.886015,5.05943,3.452411,2.281757,3.662264,5.058509,3.068481,9.970306,2.25523,4.285232,2.146468,1.893983,3.447207,3.351178,5.889701,2.709741,5.16176,2.901563,3.19236
0.489795,2.964492,3.812207,1.587345,2.563693,3.031945,2.946854,2.276858,3.244818,3.929606,1.936713,4.228134,3.960558,2.795098,2.311578,1.717745,2.41817,3.487924,4.274318,2.628157,1.090599,1.670975,3.102011,1.609265,2.837822,3.363533,5.965162,1.790714,1.967279,6.757354,3.019824,6.044135,2.671884,2.003068,4.586163,1.167181,6.501219,4.353251,4.212952,1.069124,2.619756,3.075016,3.469969,3.502239,2.651071,2.81015,3.71518,3.956794,1.404084,2.940269,6.031642,3.573501,1.318323,2.458706,3.392136,0.612949,5.318115,1.111053,3.795554,4.017583,3.977603,1.035775,2.660299,5.304026,2.900083,3.681433,4.757894,3.029569,5.810869,3.315633,1.786177,2.867955,5.255334,0.579842,5.072662,2.452741,4.591886,3.028222,2.887728,3.661172,3.247894,2.913257,1.81047,4.233228,2.292617,2.277949,5.152849,3.7053,2.994471,1.845,3.402731,4.085364,1.258304,4.51037,1.110112,3.844978,3.020732,2.883143,3.574974,4.171697,3.170234,3.175543,3.248089,4.15433,2.084725,4.794698,2.493884,3.962518,3.327038,4.398363,3.813488,4.6999,0.540889,3.552734,3.242956,3.183928,4.023759,1.892125,3.210061,2.918164,1.151305,3.104075,2.831314,0.710687,3.390768,3.051018,4.30609,1.950639,2.439655,0.933405,2.340174,2.977509,2.894886,2.375319,2.356642,4.821274,1.393743,1.501057,0.422109,4.962875,3.794461,4.760239,4.33073,5.329304,2.380402,3.228439,4.283353,4.509726,2.994939,4.707456,1.768731,0.406417,4.792874,2.057052,1.792702,4.100489,4.693435,1.165583,3.311688,5.335656,4.810956,3.490059,5.560306,5.45936,3.998755,3.889024,1.574047,5.347524,4.508472,2.822696,6.342129,6.510426,1.425037,3.424414,2.320777,2.064776,1.893686,3.412764,2.686845,4.50583,1.799259,5.729387,3.694832,2.7088,0.447174,3.525051,0.459185,2.410762,1.622881,5.373807,6.212787,3.598998,3.92975,2.415908,1.093859,3.146108,3.565179,1.162956,1.503942,3.88515,5.462794,1.669583,0.67281,2.986591,4.79885,2.479145,1.805237,2.813748,3.336068,1.501677,2.322692,2.338537,6.120616,3.719245,3.245691,2.281592,3.67144,2.682422,4.268155,2.69024,6.232478,1.096055,2.361412,4.216039,3.001324,3.555813,3.502753,3.515308,4.770563,1.071571,1.351114,3.073706,3.774019,3.221845,4.087417,2.928634,0.993792,3.504454,4.150442,4.840111,4.754749,3.649778,1.32697,5.654708,4.095154,3.257783,2.698515,4.079929,2.784045,2.576423,2.548157,6.201744,5.010719,4.464085,4.404497,1.094898,4.547176,0.974065,2.729256,2.94908,2.626291,4.446651,3.168055,2.677498,4.067424,3.012042,2.223732,1.808103,2.280781,2.95425,2.594558,1.659357,4.429158,3.983042,2.474297,5.248591,3.349963,2.038441,4.084557,5.588174,3.124799,3.663601,0,1.412703,3.275956,1.026405,4.758604,0.729042,4.878428,2.8884,6.495747,4.532402,4.60822,4.721815,2.266897,2.825632,0.414362,2.378073,2.52966,4.981679,1.021032,0.489795
1.381574,1.746638,3.840685,1.615823,3.075961,3.544213,1.729,3.688274,2.552676,5.26987,1.965191,4.256612,3.989036,1.577244,3.722994,2.645463,2.446648,3.502109,3.777868,2.656635,2.085596,0.468662,3.969016,2.536983,4.178086,3.392011,5.99364,3.20213,2.479547,7.269622,3.476397,6.072613,3.128457,2.172591,5.453168,2.578597,7.013487,5.693515,2.995098,2.48054,3.132024,2.454415,4.368512,2.866535,4.062487,3.191136,5.055444,4.823799,1.085557,4.351685,6.06012,2.937797,1.845221,2.487184,3.904404,1.626234,6.18512,2.451317,3.809739,4.884588,4.844608,0.376928,3.558842,4.807576,1.682229,2.463579,4.261444,2.977388,6.661879,3.344111,1.114651,1.650101,6.122339,1.272463,4.576212,1.237608,4.620364,4.439638,2.901913,3.675357,4.65931,3.425525,1.31402,5.131771,3.632881,1.060095,6.019854,4.572305,3.861476,2.38594,2.184877,3.588914,2.431042,4.966943,0.996501,3.873456,1.802878,1.665289,4.915238,4.62827,4.279898,4.074086,3.704662,5.052873,3.496141,4.823176,3.006152,3.990996,4.738454,5.265368,4.712031,5.156473,1.521583,2.33488,4.58322,4.524192,4.052237,0.677747,4.077066,4.32958,1.174705,4.444339,4.24273,1.801547,2.172914,2.609695,5.204633,2.491314,2.896228,1.607102,3.680438,3.489777,2.398436,2.831892,3.696906,5.277847,1.850316,2.841321,1.674521,5.861418,5.134725,4.788717,4.787303,5.357782,2.870738,2.731989,5.150358,5.408269,3.451512,5.574461,0.542878,1.271232,5.659879,2.232646,1.806887,3.604039,4.721913,1.224511,2.815238,6.402445,5.677961,2.993609,6.072574,6.326365,4.027233,3.917502,2.914311,4.851074,5.407015,4.16296,6.854397,7.022694,0.427901,4.764678,2.334962,1.622863,0.716006,3.441242,2.70103,5.407028,2.339934,5.757865,4.151405,4.049064,1.261377,4.865315,1.870601,3.277767,0.308112,4.877357,6.725055,3.627476,4.386323,1.200775,1.304736,4.557524,4.021752,2.574372,0.570809,4.397418,5.491272,2.212139,0.740526,3.143279,5.311118,1.264012,2.26181,3.680753,4.203073,0.095351,3.734108,3.205542,6.632884,4.175818,4.355355,2.836539,4.538445,3.684974,5.13516,2.19379,6.744746,2.436319,3.228417,2.998185,3.868329,3.584291,3.959326,3.543786,5.637568,0.658918,2.738614,3.530279,3.802497,3.250323,4.101602,2.957112,1.394117,2.415268,4.17892,5.707116,5.621754,2.431924,2.499708,5.683186,4.551727,2.766066,4.109931,2.862075,3.296313,2.079973,3.888421,6.714012,5.039197,4.920658,4.432975,0.559587,4.575654,0.886162,2.232806,4.360496,2.640476,3.950201,3.624628,3.134071,4.095902,3.468615,3.635148,1.97061,3.692197,2.982728,2.623036,1.687835,4.885731,4.881585,2.488482,6.115596,2.342861,2.059112,2.866703,5.616652,4.023342,3.886015,1.412703,0,2.058102,2.402101,4.787082,0.982215,5.745433,3.755405,7.008015,4.988975,4.636698,4.750293,2.295375,4.056302,1.792599,3.276616,3.396665,5.848684,2.239469,1.381574
3.316008,0.672368,3.644097,2.981885,4.643468,5.11172,0.684374,5.371877,2.740402,7.177352,3.587683,4.060024,4.694738,0.532618,5.406597,4.216428,3.764465,3.073568,4.790249,4.134032,3.675446,2.366225,5.953906,4.107948,6.085568,3.921891,5.849396,4.885733,4.047054,8.837129,5.461287,6.199516,5.113347,4.013358,7.438058,4.375715,8.580994,7.600997,0.936996,4.129411,4.560282,1.379155,5.936019,3.054261,5.74609,4.267496,6.962926,6.808689,2.650496,6.035288,5.915876,3.125523,3.416186,2.711428,5.329799,3.263863,8.17001,4.358799,3.381198,6.869478,6.829498,2.366946,5.126349,5.819957,1.428972,0.405477,5.273825,4.053748,8.229386,3.147523,2.661338,0.575374,8.107229,3.224305,5.588593,1.709673,4.47612,6.123241,2.479071,3.246816,6.342913,4.993032,2.878959,6.699278,5.540363,1.287428,8.004744,6.557195,5.846366,3.953447,0.428872,4.601295,4.068671,6.131246,2.611496,4.76588,1.990604,1.794633,6.82272,6.264853,6.264788,5.641593,5.474192,6.62038,5.179744,5.7156,4.573659,3.822559,6.422057,7.250258,6.279538,7.141363,3.159212,0.276778,6.490702,6.431674,3.902805,1.725296,6.061956,6.013183,2.812334,6.351821,5.926333,3.764863,0.334435,1.534435,6.77214,4.058821,4.881118,3.244731,5.58792,5.057284,3.090334,4.816782,5.604388,6.231914,3.835206,4.748803,3.583464,7.428925,7.042207,5.039723,6.378153,5.213538,4.127958,2.947593,7.135248,6.975776,5.436402,7.559351,1.515224,2.923633,7.644769,3.800153,2.882422,4.680399,4.377771,3.214529,3.891598,7.969952,7.662851,4.00599,7.640081,8.311255,4.217364,3.76807,4.821793,5.863455,6.974522,6.070442,8.421904,8.590201,2.347569,6.67216,2.105637,3.187802,1.771056,4.016892,2.276433,7.391918,3.907441,5.613621,5.481127,5.956546,2.913412,6.772797,3.690839,5.262657,2.24731,5.889738,8.292562,3.454355,6.371213,1.6567,2.875399,6.241127,6.006642,4.37149,2.165526,5.507841,5.618175,3.783104,2.725353,4.219639,6.878625,1.712927,4.2467,5.665643,6.187963,1.963449,5.417711,5.190432,8.200391,6.160708,6.340245,4.404046,6.523335,5.669864,7.12005,3.758729,8.312253,4.343801,5.213307,0.992339,5.853219,3.797849,5.944216,3.375349,7.622458,2.71702,4.559648,5.515169,4.694921,3.926173,3.673061,3.521817,3.384135,1.334325,4.032783,7.692006,7.606644,0.373822,4.137337,5.538942,6.142577,3.842426,5.793534,1.084935,4.86382,3.644912,5.795903,8.281519,4.894953,6.905548,4.799109,2.194354,4.433542,2.520929,3.797745,6.044099,2.201748,4.962582,5.609518,5.118961,3.858451,4.887064,5.318751,3.797545,5.3758,2.706683,3.187741,3.339864,6.870621,6.449092,2.069159,8.100486,1.263585,2.690541,0.808601,5.472408,5.590849,5.05943,3.275956,2.058102,0,4.265853,4.640945,2.63425,7.730323,5.740295,8.575522,6.197958,4.292556,4.608181,3.205283,6.041192,3.671748,4.844123,5.381555,7.833574,4.202785,3.316008
1.041236,3.954389,4.045576,1.820714,3.539579,4.007831,3.936751,1.473249,4.234715,3.024668,1.980444,4.461503,4.08918,3.784995,1.507969,2.289764,2.461901,3.725095,5.264215,2.671888,1.423953,2.604056,2.63459,2.181284,1.932884,3.552237,6.153866,0.987105,2.929325,7.385722,2.808634,6.172757,2.460694,1.962741,4.013442,0.363572,7.129587,3.448313,5.202849,0.701957,3.595642,3.322743,4.041988,4.492136,1.847462,3.786036,2.810242,3.489373,2.388586,2.13666,6.220346,4.563398,2.294229,2.692075,4.368022,1.176799,4.850694,0.605748,4.032725,3.550162,3.510182,2.025173,3.232318,6.293923,3.88998,4.67133,5.747791,4.005455,5.201012,3.549002,2.776074,3.857852,4.787913,1.151996,6.062559,3.442638,4.78059,2.224613,3.124899,3.898343,2.444285,3.889143,2.800367,3.68142,1.374834,3.267846,4.685428,3.237879,2.52705,2.44658,4.392628,5.075261,1.12817,4.29918,2.100009,3.782381,4.010629,3.87304,2.670036,3.960507,2.374891,3.747562,3.036899,3.532302,1.281116,4.714826,3.46977,4.173274,2.523429,3.930942,3.888847,4.48871,1.12593,4.542631,2.338018,2.27899,4.212463,2.882022,2.74264,2.114555,2.141202,2.199137,2.027705,0.77682,4.380665,3.298745,4.844706,2.926525,2.228465,1.581282,1.435236,3.953395,3.884783,2.164129,1.548797,4.610084,1.353416,0.583274,0.752741,4.66958,2.889523,4.888861,4.11954,5.518008,3.356288,4.218336,3.521393,4.068698,2.783749,4.240035,2.758628,1.42311,4.325453,3.032958,2.029395,5.079539,4.926804,1.333642,4.290738,4.532047,4.238235,4.479956,5.753524,4.991939,4.150182,4.077728,0.656264,6.337421,3.898615,2.014851,5.815675,5.983972,2.358118,2.519476,2.55747,3.044868,2.883583,3.564191,2.924016,3.600892,2.775145,5.918091,3.483642,1.803862,1.427755,2.620113,0.584427,1.943341,2.555962,6.363704,6.841155,3.809754,3.71856,3.405805,2.078361,2.342499,3.353989,0.25641,2.493839,4.861036,5.591416,2.424924,1.661875,3.962477,5.774736,3.469042,1.76491,2.346327,2.868647,2.491075,1.519083,1.871116,5.859152,3.508055,2.450348,2.853611,3.204019,1.898931,3.800734,3.680137,5.706024,0.475036,1.893991,4.497444,2.533903,3.744517,3.291563,3.726064,4.303142,1.839383,0.351392,2.862516,3.883175,3.373272,4.324588,3.117338,1.232746,3.752181,4.339146,4.37269,4.182028,4.639675,1.087741,5.843412,3.883964,4.233669,1.894906,4.361334,3.759931,3.56632,1.643219,6.830112,5.199423,4.252895,4.533119,2.084795,4.73588,1.963962,3.719153,2.145471,2.869616,5.436548,2.956865,2.466308,4.300793,2.800852,1.420123,1.793163,1.477172,3.187619,2.783262,1.740482,4.217968,4.555061,2.711468,4.78117,3.59769,2.27181,5.074454,5.776878,3.696818,3.452411,1.026405,2.402101,4.265853,0,4.947308,1.737537,4.411007,2.420979,7.124115,4.321212,4.841589,4.910519,2.409452,2.030289,0.625477,2.950092,2.062239,4.514258,0.722914,1.041236
4.355945,4.073418,2.787416,3.171969,7.086142,7.554394,4.342477,6.288156,6.398505,6.694773,3.011902,3.203343,1.852261,4.190721,6.322876,6.441391,2.757299,3.361424,8.12444,3.176723,5.814245,4.948627,5.085011,6.332911,6.128072,1.522857,1.873784,5.802012,6.489728,11.279803,3.380591,2.972567,3.775774,3.437577,6.569163,5.178479,11.023668,7.118418,5.44504,5.514701,7.142205,3.334539,8.193615,6.712364,6.662369,7.332599,7.00543,5.939794,5.425925,6.951567,1.940264,6.783626,5.840772,2.379593,7.914585,5.336595,7.203434,4.602417,3.189083,6.000583,5.960603,4.490091,7.383945,9.154148,5.087075,5.046422,8.608016,7.32396,10.015919,2.326677,5.609443,4.066104,7.238334,4.260688,8.922784,5.367776,0.500508,7.03952,3.070773,3.594881,7.259192,7.435706,5.660592,8.496327,5.908278,4.945531,7.135849,5.6883,4.977471,6.367449,4.798354,7.935486,5.940914,2.982211,5.143306,1.983766,5.648707,5.452736,6.865224,3.115818,5.395893,7.899189,2.677954,8.347209,6.096023,2.566565,7.016333,1.590241,7.338336,6.381363,8.537134,4.756767,5.26333,4.917723,6.533206,6.474178,1.019248,5.383399,5.193061,6.929462,5.241045,6.394325,6.842612,4.254219,4.786391,3.310541,9.029736,6.473088,3.543545,5.503169,5.630424,7.499958,6.745008,3.091201,5.204855,3.082879,3.904963,5.183335,4.474593,9.484487,7.084711,1.812774,3.229118,1.237926,6.902851,6.605696,6.266353,8.883605,3.21358,6.690456,5.173327,4.850543,6.775874,6.358931,3.187741,7.950611,3.891462,3.752297,7.16181,9.346954,6.793956,7.340181,10.082755,7.44236,1.354892,0.884513,5.256325,9.197646,8.713522,5.451581,10.630582,10.798879,4.7024,6.714664,2.670722,5.969435,5.422867,1.448958,2.889001,6.523023,6.321708,1.638009,2.684889,6.1916,5.140864,6.815301,5.048932,4.393762,4.910875,9.223929,10.735236,1.587453,4.058065,5.314803,5.427479,7.157406,3.234701,5.173772,5.065601,8.407599,2.391226,6.192032,4.395822,7.489851,9.321299,5.37103,3.781219,4.796748,5.319068,4.878841,6.33399,4.321537,10.643065,3.776112,5.47135,6.84672,5.65444,4.800969,6.251155,6.540362,10.520931,4.786015,4.344412,4.50924,4.984324,1.303901,3.847982,1.492046,6.753563,4.171887,5.283821,3.779194,1.912807,1.574861,3.387695,1.82997,3.892376,3.763977,0.650236,6.823111,6.737749,5.014767,5.902648,1.56333,2.993542,7.112638,6.709813,4.37313,7.306494,6.426545,6.030957,10.724193,0.919341,4.520952,1.57216,4.776014,0.94733,5.030485,6.579378,6.960378,2.836318,8.296773,3.359456,3.458876,3.042633,2.454478,6.23503,3.221764,6.292079,2.215506,2.29084,3.20879,4.486025,8.706688,2.610277,7.231591,3.609486,2.829584,5.13102,1.496796,7.848445,2.281757,4.758604,4.787082,4.640945,4.947308,0,4.695126,6.861428,4.8714,11.018196,3.048923,3.806247,0.893757,2.550718,5.250126,4.58669,7.101719,4.51266,6.964679,4.363682,4.355945
0.703829,2.322786,3.748729,1.523867,2.512203,2.980455,2.305148,3.004613,2.603129,4.605306,1.873235,4.164656,3.89708,2.153392,3.039333,2.059637,2.354692,3.410153,3.632629,2.564679,1.465521,1.373769,3.440044,1.951157,3.513522,3.300055,5.901684,2.518469,1.915789,6.705864,3.018487,5.980657,2.670547,1.987751,4.924196,1.894936,6.449729,5.028951,3.571246,1.796879,2.568266,2.997245,3.804754,2.86055,3.378826,2.736728,4.39088,4.294827,0.814454,3.668024,5.968164,2.931812,1.259395,2.395228,3.340646,1.006159,5.656148,1.786753,3.717783,4.355616,4.315636,0.702375,2.995084,4.662337,2.258377,3.039727,4.116205,2.832149,6.098121,3.252155,1.144488,2.226249,5.593367,0.593069,4.430973,1.811035,4.528408,3.755977,2.809957,3.583401,3.975649,2.861767,1.168781,4.568013,2.968317,1.636243,5.490882,4.043333,3.332504,1.80173,2.761025,3.443675,1.810967,4.509033,0.47702,3.7815,2.379026,2.241437,4.250674,4.17036,3.750926,3.510328,3.246752,4.489115,2.81248,4.73122,2.442394,3.89904,4.054793,4.736396,4.148273,4.698563,0.901508,2.911028,3.918656,3.859628,3.960281,1.250419,3.548094,3.645919,0.554671,3.779775,3.559069,1.136983,2.749062,2.973247,4.640875,1.907369,2.438318,0.987027,3.015874,2.926019,2.253197,2.373982,3.032342,4.819937,1.392406,2.176757,0.992182,5.29766,4.470161,4.696761,4.329393,5.265826,2.30698,2.58675,4.621386,4.844511,2.993602,5.045489,1.127025,0.587571,5.130907,1.668888,1.714931,3.4588,4.629957,1.132555,2.669999,5.838687,5.148989,2.84837,5.508816,5.797393,3.935277,3.825546,2.249747,4.705835,4.843257,3.498396,6.290639,6.458936,1.127831,4.100114,2.243006,1.477624,1.25198,3.349286,2.609074,4.878056,1.755989,5.665909,3.693495,3.3845,0.639628,4.200751,1.18694,2.748795,1.288747,4.732118,6.161297,3.53552,3.928413,1.774202,0.740485,3.873863,3.563842,1.890711,0.862236,3.83366,5.399316,1.626313,0.375604,2.913169,4.74736,1.837439,1.8039,3.151781,3.674101,1.043233,3.050447,2.67657,6.069126,3.717908,3.826383,2.272781,4.009473,3.156002,4.606188,2.048551,6.180988,1.771755,2.699445,3.574333,3.339357,3.492335,3.501416,3.45183,5.108596,0.786668,2.07405,3.072369,3.710541,3.158367,4.009646,2.865156,0.971459,2.991416,4.086964,5.178144,5.092782,3.008072,1.879633,5.59123,4.093817,2.620827,3.42627,3.438223,2.732555,1.934734,3.223857,6.150254,4.947241,4.462748,4.341019,0.453192,4.483698,0.340973,2.087567,3.676835,2.54852,3.804962,3.166718,2.676161,4.003946,3.010705,2.951487,1.78577,3.008536,2.890772,2.53108,1.595879,4.427821,4.317827,2.396526,5.586624,2.919009,1.967156,3.442851,5.524696,3.459584,3.662264,0.729042,0.982215,2.63425,1.737537,4.695126,0,5.216461,3.226433,6.444257,4.531065,4.544742,4.658337,2.203419,3.496105,1.119777,2.712858,2.867693,5.319712,1.574905,0.703829
4.644861,7.357734,6.921975,5.116826,7.258784,7.727036,7.401221,5.447849,7.700752,2.533439,4.808138,7.337902,5.885278,7.249465,5.482569,6.225768,5.289595,7.021207,8.730252,5.499582,5.598622,5.944656,2.432868,6.117288,3.853809,5.624265,8.067986,5.197794,6.66237,10.461511,4.414732,7.038732,4.066792,4.677428,1.643779,4.574261,10.205376,2.325992,8.667319,4.913747,7.314847,6.618855,7.308155,7.958173,4.990411,7.505241,3.126963,1.560416,6.028523,5.212449,8.134466,8.029435,6.013414,5.66101,8.087227,5.120972,1.417735,3.938597,7.083328,0.943335,1.108308,5.368505,7.168322,9.75996,7.35445,8.1358,9.213828,7.72466,8.276801,6.425401,6.242111,7.322322,0.961329,4.643899,9.528596,6.907108,6.69471,5.300402,6.421011,7.194455,5.520074,7.608348,6.266404,6.757209,4.357834,6.732316,0.858844,1.298746,2.075925,6.382584,7.857098,8.541298,5.33996,5.201229,5.691178,5.388479,7.475099,7.33751,2.986757,4.985774,2.621367,7.683566,4.642997,6.608091,5.491805,5.616875,7.188975,6.433577,5.599218,0.480065,6.964636,3.237017,5.061934,8.007101,4.258943,4.222025,6.126583,6.346492,2.783819,4.938475,5.749342,4.120062,5.103494,4.250992,7.845135,6.594857,7.920495,6.64573,3.834563,5.517286,3.942093,7.6726,7.35082,3.770227,3.434779,5.512133,3.895117,4.013516,4.468138,7.745369,3.206244,6.374503,5.021589,7.432128,7.075493,7.684373,1.894201,7.144487,4.389847,1.567373,6.223098,5.038147,0.110548,6.752143,5.299757,8.556423,7.803203,4.629754,7.767622,7.607836,1.723645,7.945993,8.829313,1.162311,5.957269,5.991848,4.144196,9.803458,6.974404,2.978815,8.891464,9.059761,5.698718,4.440401,5.853582,6.575247,6.348053,5.41247,6.220128,2.361689,6.49435,7.832211,5.08974,4.423814,5.307032,4.382994,4.747775,2.92461,5.896562,9.829741,9.916944,6.394881,4.192054,6.870275,5.78895,5.418288,4.555094,4.467099,5.958309,8.580241,6.457391,6.360928,5.00606,7.681682,9.493941,6.933512,4.072237,2.79709,1.793634,5.837153,5.729772,2.852385,8.934941,3.714627,2.692548,6.789615,1.493106,2.798093,0.966576,7.146174,8.781813,4.122195,2.87526,7.793556,1.996138,5.755591,4.224709,6.299474,1.63048,5.179983,4.547396,4.468614,5.600924,5.427689,7.295621,5.85195,4.528858,7.048293,6.253266,0.546106,1.749908,8.104145,5.29843,7.757532,4.786013,7.71845,4.970695,7.657446,7.479136,7.032357,4.263171,9.905901,7.113543,4.097813,6.085277,5.549265,6.65,5.555131,7.18519,5.22126,6.165728,8.902585,4.450297,4.072406,7.177192,4.40695,5.630812,4.584381,5.687861,6.082493,5.650321,4.692455,3.004714,8.049498,6.00758,0.954586,6.893802,5.350889,8.415336,7.690998,7.632822,5.058509,4.878428,5.745433,7.730323,4.411007,6.861428,5.216461,0,2.531274,10.199904,5.223261,7.717988,6.824639,5.249362,2.861857,4.561481,6.886096,2.449338,0.687674,4.005473,4.644861
2.654833,5.367706,4.931947,3.126798,5.268756,5.737008,5.411193,3.69391,5.710724,2.364619,2.81811,5.347874,3.89525,5.259437,3.72863,4.23574,3.299567,5.031179,6.740224,3.509554,3.608594,3.954628,0.754857,4.12726,2.291569,3.634237,6.077958,3.207766,4.672342,8.877161,2.424704,5.978827,2.076764,2.6874,2.239009,2.584233,8.621026,2.788264,6.677291,2.923719,5.324819,4.628827,5.723805,5.968145,3.406061,5.515213,2.958143,1.60964,4.038495,3.628099,6.144438,6.039407,4.023386,3.670982,6.097199,3.130944,2.970961,1.948569,5.0933,1.670429,1.630449,3.378477,5.178294,7.769932,5.364422,6.145772,7.2238,5.734632,6.692451,4.435373,4.252083,5.332294,2.90818,2.653871,7.538568,4.91708,4.704682,3.716052,4.430983,5.204427,3.935724,5.61832,4.276376,5.172859,2.209662,4.742288,2.805695,1.358146,0.647317,4.392556,5.86707,6.55127,3.349932,3.91525,3.70115,3.398451,5.485071,5.347482,2.817937,3.576577,0.883485,5.693538,2.652969,5.023741,3.501777,4.330896,5.198947,4.443549,4.014868,2.051209,5.380286,4.10478,3.071906,6.017073,2.696703,2.637675,4.136555,4.356464,0.862907,3.354125,3.759314,2.557822,3.519144,2.260964,5.855107,4.604829,6.336145,4.655702,1.844535,3.527258,1.793921,5.682572,5.360792,1.780199,1.286607,4.226154,1.905089,1.865344,2.47811,6.161019,3.037424,4.694931,3.73561,5.4421,5.085465,5.694345,1.936199,5.560137,2.399819,2.360302,4.23307,3.048119,2.44572,4.762115,3.309729,6.566395,5.813175,2.639726,5.777594,6.023486,2.463802,5.955965,7.244963,3.112206,3.967241,4.00182,1.996024,7.81343,5.390054,0.939173,7.307114,7.475411,3.70869,2.878161,3.863554,4.585219,4.358025,3.422442,4.2301,2.192869,4.504322,5.842183,3.099712,2.357344,3.317004,2.978798,2.757747,0.934582,3.906534,7.839713,8.332594,4.404853,3.33463,4.880247,3.798922,3.833938,2.970059,2.477071,3.968281,6.590213,5.397486,4.3709,3.016032,5.691654,7.503913,4.943484,2.082209,0.807062,0.988914,3.847125,3.739744,0.862357,7.350591,3.124125,0.958942,4.799587,1.324286,0.726517,1.921001,5.156146,7.197463,2.132167,0.885232,5.803528,0.65417,3.765563,2.907633,4.309446,2.423409,3.189955,2.557368,2.478586,3.610896,3.437661,5.305593,3.861922,2.53883,5.058265,4.263238,2.492957,2.407595,6.114117,3.308402,5.767504,3.500034,5.728422,3.386345,5.667418,5.489108,5.042329,2.196701,8.321551,5.123515,3.868965,4.339189,3.559237,4.659972,3.565103,5.195162,3.63691,4.1757,6.912557,2.572935,2.082378,5.187164,2.416922,3.640784,2.594353,3.697833,4.092465,3.660293,2.702427,3.834038,6.465148,4.017552,2.901437,4.903774,3.360861,6.425308,5.70097,5.642794,3.068481,2.8884,3.755405,5.740295,2.420979,4.8714,3.226433,2.531274,0,8.615554,3.937282,5.72796,4.834611,3.259334,0.737718,2.571453,4.896068,0.366276,2.634525,2.015445,2.654833
6.787265,8.264058,10.071799,7.846937,4.199286,4.175954,8.24642,5.814598,5.996026,7.666465,8.196305,10.487726,10.22015,8.094664,5.849318,5.6873,8.677762,9.733223,4.800011,8.887749,6.222612,7.467713,9.017079,5.568863,6.574681,9.623125,12.224754,6.13701,4.559137,0.261607,9.326529,12.303727,8.978589,8.307107,8.772323,6.760543,0.078152,8.09011,9.512518,6.996496,4.256415,8.971835,4.264003,6.253447,5.456799,4.473047,7.452039,8.99036,5.946793,4.987455,12.291234,6.324709,5.203032,8.718298,4.054889,6.463809,10.639591,7.564579,10.040853,9.339059,9.299079,6.786166,5.073673,5.37785,7.489617,8.980999,4.831718,5.27168,1.959896,9.575225,6.237999,8.167521,10.291828,6.877312,5.146486,7.550983,10.851478,5.604822,9.133027,9.906471,5.824494,4.56571,5.951785,4.868797,7.856053,7.517864,10.290077,9.026776,8.760735,5.034832,8.702297,4.80586,6.954072,10.817075,6.154228,10.10457,6.92636,7.472677,7.311833,10.478402,8.489822,4.985109,9.554794,4.719679,5.87549,11.05429,4.146622,10.22211,5.799052,9.719839,3.920484,11.006605,6.363544,8.8523,6.979815,5.977879,10.283351,6.978756,9.125129,5.557093,5.911763,6.840934,5.407914,7.022457,8.690334,9.127115,4.876343,5.03669,8.74636,5.890351,6.978608,4.629962,5.646094,8.682024,7.562208,11.127979,7.700448,7.507071,6.82313,5.856957,7.53132,11.019831,10.637435,11.588896,4.670453,5.979647,8.578401,5.256075,9.301644,9.067874,7.09378,6.171394,10.11435,5.161277,8.038001,6.345764,10.953027,7.455625,5.556963,4.925682,8.979644,5.145599,1.370591,10.691283,10.258347,10.148616,7.580061,5.421348,3.930252,8.028262,2.152414,2.320711,7.273317,7.161273,8.566076,5.486357,6.895924,9.672356,8.932144,8.242689,4.88531,11.988979,10.001537,7.122576,6.133203,7.26191,6.896619,8.723172,7.311089,5.447631,0.28296,9.85859,10.236455,7.399955,5.774151,5.722708,9.871884,6.871682,6.437206,4.547903,11.722386,5.054291,6.698992,4.708594,2.182585,7.336718,8.111942,8.828903,9.221366,7.064937,6.495187,8.650947,1.961229,10.02595,8.565279,4.892599,8.790594,8.27498,9.55438,6.045494,2.042763,7.398833,8.673822,9.515605,8.767588,9.815405,9.809458,9.7749,9.072809,7.110056,7.05984,9.380411,10.033611,9.481437,10.332716,9.188226,7.291262,8.932688,10.410034,10.056075,8.923437,8.949344,6.885406,11.9143,10.401859,5.499894,5.275115,9.379495,3.778586,5.931677,6.961933,0.355585,11.270311,10.77079,10.664089,6.511409,10.806768,6.200838,6.08451,5.52568,8.87159,4.520475,9.47476,8.984203,10.327016,9.318747,6.396227,8.105573,6.784917,9.213842,8.85415,7.918949,10.735863,6.154948,8.719596,10.227645,8.860281,8.290226,9.384123,11.847766,5.741235,9.970306,6.495747,7.008015,8.575522,7.124115,11.018196,6.444257,10.199904,8.615554,0,10.839107,10.867812,10.981407,8.526489,8.159556,6.891539,5.031888,8.452513,10.197643,7.443614,6.787265
4.061161,5.630431,4.386364,3.690421,6.907053,7.375305,5.89949,5.729788,6.944294,5.760655,3.455464,4.802291,2.060038,5.747734,5.764508,6.098174,3.097647,4.960372,7.973794,3.517071,5.471028,5.188198,4.150893,5.989694,5.193954,2.486251,3.651849,5.243644,6.310639,11.100714,1.704474,3.283099,2.228925,3.881139,5.635045,4.620111,10.844579,6.1843,7.002053,4.959597,6.963116,4.891552,7.850398,7.201715,6.104001,7.15351,6.071312,5.005676,5.272065,6.393199,3.718329,7.272977,5.661683,3.574181,7.735496,4.993378,4.935956,3.811003,4.788031,5.066465,5.026485,4.612047,7.040728,9.003502,6.597992,6.603435,8.45737,7.173314,9.457551,3.925625,5.485653,5.623117,5.970844,3.969156,8.772138,6.15065,2.578133,6.481152,4.65516,5.193829,6.700824,7.256617,5.509946,7.937959,5.1098,5.975858,5.868359,4.754182,4.043353,6.18836,6.355367,7.78484,5.38581,0.244544,4.988615,1.957239,6.718641,6.581052,5.931106,0.84834,4.461775,7.555972,1.88013,7.788841,5.537655,0.66019,6.837244,3.226321,6.779968,5.124406,8.145386,2.489289,4.93434,6.474736,5.599088,5.54006,2.666132,5.590034,4.258943,6.25651,5.074599,5.460207,6.284244,3.821715,6.343404,4.867554,8.686519,6.293999,2.284643,5.32408,4.696306,7.320869,6.594362,2.543774,4.270737,0.555448,3.138659,4.386823,4.116407,8.926119,6.150593,1.999203,0.96164,3.015991,6.723762,6.927915,5.332235,8.325237,1.537463,5.756338,5.46664,4.673998,5.132847,6.194023,3.709387,7.799965,5.49041,3.873296,7.011164,8.788586,5.859838,7.189535,9.903666,5.469039,2.132029,2.531397,4.459813,9.047,8.155154,4.517463,10.072214,10.240511,4.94226,5.780546,4.106975,5.818789,5.591595,2.27259,4.466156,5.588905,6.142619,3.416074,2.326873,5.257482,4.959986,5.881183,4.620181,3.459644,5.140104,9.073283,10.556147,3.208973,1.790587,6.113817,5.261033,6.599038,0.967223,4.512949,5.201851,8.22851,2.701758,6.012943,4.249602,7.329951,9.14221,6.177054,2.847101,3.86263,4.38495,5.080695,5.775622,3.387419,10.115691,1.508634,4.537232,6.662021,4.720322,3.866851,5.317037,6.389716,9.962563,3.994601,3.410294,6.066253,4.050206,2.569683,1.580504,3.113566,5.819445,4.423525,4.593246,2.103077,1.88628,2.289675,4.986643,2.713936,3.7724,5.32099,2.600842,5.555621,5.803631,6.57178,5.34428,3.341395,0.726064,6.961992,6.151445,5.930143,7.127405,6.275899,5.096839,10.545104,2.697406,2.253474,1.643461,4.792807,2.232619,4.872038,6.428732,6.40201,4.413473,8.146127,1.364347,2.392395,4.641581,2.794826,5.676662,3.665326,5.733711,3.808117,3.174806,3.666329,2.218547,8.363471,4.194898,5.964101,5.166499,3.5427,6.688033,3.277261,7.505228,2.25523,4.532402,4.988975,6.197958,4.321212,3.048923,4.531065,5.223261,3.937282,10.839107,0,5.405195,2.407258,3.031068,4.316008,4.219979,6.758502,3.578542,5.697189,3.770364,4.061161
4.205561,3.725029,1.034192,3.021585,6.935758,7.40401,3.994088,6.137772,6.050116,7.338453,2.92981,1.391975,3.879051,3.842332,6.172492,6.291007,3.096551,1.236261,7.974056,3.466118,5.663861,4.798243,5.941571,6.182527,6.246669,3.111238,4.287687,5.651628,6.339344,11.129419,5.384066,5.378151,5.101012,3.355485,7.425723,5.028095,10.873284,7.762098,5.096651,5.364317,6.991821,2.98615,8.043231,6.363975,6.511985,7.182215,7.124027,6.796354,5.275541,6.801183,4.454919,6.435237,5.690388,2.207894,7.764201,5.186211,8.157675,4.520325,0.94282,6.857143,6.817163,4.339707,7.233561,9.003764,4.738686,4.698033,8.457632,7.173576,9.865535,1.499296,5.459059,3.717715,8.094894,4.110304,8.7724,5.019387,3.641422,6.889136,1.839257,1.062585,7.108808,7.285322,5.510208,8.345943,5.826186,4.597142,7.992409,6.54486,5.834031,6.217065,4.449965,7.785102,5.79053,5.338483,4.992922,3.973117,5.300318,5.104347,6.983821,5.47209,6.252453,7.748805,4.681429,8.196825,5.945639,4.922837,6.865949,2.689289,7.187952,7.237923,8.38675,7.059708,5.112946,4.569334,6.651803,6.592775,3.068107,5.03501,6.049621,6.779078,5.090661,6.512922,6.692228,4.15784,4.438002,2.962152,8.879352,6.322704,4.868783,5.352785,5.749021,7.349574,6.400048,4.772982,5.730724,5.439151,3.822871,5.101243,4.324209,9.334103,7.203308,4.218358,5.58539,3.912905,6.752467,6.257307,7.122913,8.733221,5.217055,7.547016,4.824938,4.700159,7.632434,6.208547,3.016042,7.800227,0.257336,3.601913,7.011426,9.19657,7.650516,7.189797,9.932371,8.29892,3.396242,2.933372,5.174233,9.047262,8.563138,6.196778,10.480198,10.648495,4.552016,6.833261,2.406034,5.819051,5.08077,3.201205,2.020067,7.379583,6.171324,4.152067,4.688364,6.118072,4.99048,6.933898,4.898548,5.250322,4.760491,9.073545,10.584852,2.619657,6.358878,4.966414,5.277095,7.007022,5.590973,5.023388,4.915217,8.257215,4.79681,6.041648,4.245438,7.339467,9.170915,5.022641,4.234365,5.653308,6.175628,4.728457,6.183606,5.178097,10.492681,6.079053,6.32791,6.696336,6.511,5.657529,7.107715,6.389978,10.370547,4.703923,5.200972,4.160851,5.840884,2.982747,5.862561,2.540651,7.610123,4.021503,5.178102,5.502834,3.902158,3.11552,0.800649,2.742396,3.741992,3.415588,3.198085,7.679671,7.594309,4.666378,5.752264,4.092982,5.349814,6.962254,6.559429,4.024741,7.15611,6.276161,5.957429,10.573809,3.611147,6.823893,3.977744,4.62563,3.598844,4.880101,6.428994,6.809994,2.107922,8.146389,5.362931,5.106626,0.860425,4.136259,6.084646,3.139672,6.141695,1.791995,2.427955,3.112411,6.788966,8.556304,2.299806,8.088151,3.261097,2.657885,4.782631,2.98724,7.698061,4.285232,4.60822,4.636698,4.292556,4.841589,3.806247,4.544742,7.717988,5.72796,10.867812,5.405195,0,3.773483,2.495516,6.028857,4.436306,6.951335,5.36922,7.821239,4.28159,4.205561
4.319156,4.040654,2.754652,3.13518,7.049353,7.517605,4.309713,6.251367,6.365741,6.657984,2.975113,3.170579,1.815472,4.157957,6.286087,6.404602,2.72051,3.32866,8.087651,3.139934,5.777456,4.911838,5.048222,6.296122,6.091283,1.486068,1.466965,5.765223,6.452939,11.243014,3.245302,2.330902,3.738985,3.400788,6.532374,5.14169,10.986879,7.081629,5.412276,5.477912,7.105416,3.301775,8.156826,6.6796,6.62558,7.29581,6.968641,5.903005,5.389136,6.914778,1.533445,6.750862,5.803983,2.342804,7.877796,5.299806,6.561769,4.565628,3.156319,5.963794,5.923814,4.453302,7.347156,9.117359,5.054311,5.013658,8.571227,7.287171,9.97913,2.293913,5.572654,4.03334,7.201545,4.223899,8.885995,5.335012,0.393249,7.002731,3.038009,3.562117,7.222403,7.398917,5.623803,8.459538,5.871489,4.912767,7.09906,5.651511,4.940682,6.33066,4.76559,7.898697,5.904125,2.340546,5.106517,1.848477,5.615943,5.419972,6.828435,2.474153,5.359104,7.8624,2.542665,8.31042,6.059234,1.9249,6.979544,1.557477,7.301547,6.344574,8.500345,4.115102,5.226541,4.884959,6.496417,6.437389,0.986484,5.350635,5.156272,6.892673,5.204256,6.357536,6.805823,4.21743,4.753627,3.277777,8.992947,6.436299,3.506756,5.46638,5.593635,7.463169,6.708219,3.054412,5.168066,2.441214,3.868174,5.146546,4.437804,9.447698,7.047922,1.171109,2.587453,0.831107,6.866062,6.572932,6.229564,8.846816,3.078291,6.653667,5.140563,4.813754,6.739085,6.322142,3.150952,7.913822,3.858698,3.715508,7.125021,9.310165,6.757167,7.303392,10.045966,7.094852,1.318103,0.851749,5.219536,9.160857,8.676733,5.414792,10.593793,10.76209,4.665611,6.677875,2.637051,5.932646,5.386078,1.412169,2.856237,6.486234,6.284919,1.23119,2.5496,6.154811,5.104075,6.778512,5.012143,4.356973,4.874086,9.18714,10.698447,1.554689,3.4164,5.282039,5.39069,7.120617,2.593036,5.136983,5.028812,8.37081,1.749561,6.155243,4.359033,7.453062,9.28451,5.338266,3.74443,4.759959,5.282279,4.842052,6.297201,4.284748,10.606276,3.134447,5.434561,6.809931,5.617651,4.76418,6.214366,6.503573,10.484142,4.749226,4.307623,4.476476,4.947535,1.267112,3.206317,1.459282,6.716774,4.135098,5.247032,3.643905,1.777518,1.538072,3.354931,1.793181,3.855587,3.731213,0.894383,6.786322,6.70096,4.982003,5.865859,1.156511,2.351877,7.075849,6.673024,4.340366,7.269705,6.389756,5.994168,10.687404,0.512522,3.879287,0.930495,4.739225,0.275947,4.993696,6.542589,6.923589,2.803554,8.259984,2.99016,3.422087,3.009869,2.417689,6.198241,3.184975,6.25529,2.182742,2.254051,3.172001,3.84436,8.669899,2.577513,7.194802,3.576722,2.792795,5.098256,1.092377,7.811656,2.146468,4.721815,4.750293,4.608181,4.910519,0.893757,4.658337,6.824639,4.834611,10.981407,2.407258,3.773483,0,2.513929,5.213337,4.549901,7.06493,4.475871,6.92789,4.326893,4.319156
1.864238,2.637756,1.699503,0.680262,4.594435,5.062687,2.906815,3.796449,4.603233,4.869827,0.461184,2.11543,1.71457,2.755059,3.831169,3.949684,0.619982,2.03982,5.632733,0.989549,3.322538,2.45692,3.472945,3.841204,3.778043,1.172433,3.757276,3.310305,3.998021,8.788096,2.980326,3.798147,2.632386,0.886859,4.957097,2.686772,8.531961,5.293472,4.009378,3.022994,4.650498,1.898877,5.701908,4.860654,4.170662,4.840892,4.655401,4.327728,2.934218,4.45986,3.823756,4.931916,3.349065,0.59163,5.422878,2.844888,5.689049,2.051699,1.867479,4.388517,4.348537,1.998384,4.892238,6.662441,3.651413,3.61076,6.116309,4.832253,7.524212,1.202929,3.117736,2.630442,5.626268,1.768981,6.431077,3.46356,2.384,4.547813,1.689271,2.273277,4.767485,4.943999,3.168885,6.00462,3.35756,3.287386,5.523783,4.076234,3.365405,3.875742,3.362692,5.443779,3.449207,2.964356,2.651599,1.59899,4.030169,3.89258,4.515195,3.097963,3.783827,5.407482,2.307302,5.855502,3.604316,2.54871,4.524626,1.81032,4.846629,4.769297,6.045427,4.660402,2.771623,3.482061,4.183177,4.124149,1.815873,2.903699,3.580995,4.437755,2.749338,4.044296,4.350905,1.716363,3.350729,1.874879,6.538029,3.981381,2.400157,3.011462,3.280395,5.008251,4.253301,2.335821,3.262098,3.065024,1.354245,2.632617,1.982886,6.99278,4.734682,2.514251,3.211263,3.121418,4.411144,4.586854,4.654287,6.391898,2.842928,5.07839,2.777224,2.358836,5.163808,3.867224,0.699228,5.458904,2.580731,1.26059,4.670103,6.855247,5.18189,4.848474,7.591048,5.830294,1.752767,1.681138,2.705607,6.705939,6.221815,3.728152,8.138875,8.307172,2.210693,4.364635,1.1143,3.477728,2.93116,1.166776,1.50015,4.910957,3.830001,3.521501,2.314237,3.649446,2.649157,4.465272,2.557225,2.781696,2.419168,6.732222,8.243529,1.4468,3.890252,3.426727,2.935772,4.665699,3.216846,2.664524,2.573894,5.915892,3.216806,3.700325,1.904115,4.998144,6.829592,3.489964,1.765739,3.184682,3.707002,2.387134,3.842283,2.709471,8.151358,3.679747,3.859284,4.355013,4.042374,3.188903,4.639089,4.048655,8.029224,2.235297,2.732346,3.073578,3.372258,1.347927,3.463255,1.36311,5.141497,1.68018,2.745965,3.034208,1.528031,0.975857,2.076964,0.754225,1.400669,2.328315,1.942556,5.211045,5.125683,3.579105,3.410941,3.446822,2.975687,4.620931,4.218106,2.937468,4.814787,3.934838,3.488803,8.232486,2.802833,4.424587,2.158509,2.284307,2.33929,2.538778,4.087671,4.468671,1.44575,5.805066,2.988804,2.638,1.95472,1.721617,3.743323,0.671046,3.800372,0.872759,0.420149,0.670934,4.38966,6.214981,1.229892,5.619525,2.173824,0.547804,3.695358,3.380288,5.356738,1.893983,2.266897,2.295375,3.205283,2.409452,2.550718,2.203419,5.249362,3.259334,8.526489,3.031068,2.495516,2.513929,0,3.560231,2.094983,4.610012,2.900594,5.352613,1.812964,1.864238
2.818837,5.668603,5.232844,3.427695,5.357787,5.826039,5.71209,3.30322,6.011621,1.911468,3.119007,5.648771,4.273976,5.560334,3.33794,4.107972,3.600464,5.332076,7.041121,3.810451,3.256657,4.255525,1.139243,3.999492,1.835571,4.012963,6.456684,2.817076,4.747533,8.421163,2.80343,6.357553,2.45549,2.988297,1.983153,2.193543,8.165028,2.335113,6.978188,2.533029,5.41385,4.929724,5.267807,6.269042,2.950063,5.604244,2.504992,1.903063,4.206794,3.172101,6.523164,6.340304,4.112437,3.971879,6.18623,3.003176,3.301544,1.787803,5.394197,2.001012,1.961032,3.679374,5.050526,8.070829,5.665319,6.446669,7.524697,5.823663,6.236453,4.73627,4.55298,5.633191,3.238763,2.921145,7.839465,5.217977,5.083408,3.260054,4.73188,5.505324,3.479726,5.707351,4.577273,4.716861,1.791333,5.043185,3.136278,1.688729,0.858866,4.264788,6.167967,6.852167,2.959242,4.293976,3.917174,3.777177,5.785968,5.648379,2.364786,3.955303,0.344602,5.56577,3.031695,4.567743,3.111087,4.709622,5.287978,4.822275,3.55887,2.381792,4.924288,4.483506,2.944138,6.31797,2.240705,2.181677,4.515281,4.657361,1.247293,2.898127,3.958367,2.101824,3.063146,2.426366,6.156004,4.905726,5.880147,4.744733,2.223261,3.39949,1.337923,5.771603,5.661689,2.158925,0.597348,4.60488,2.205986,1.447015,2.538935,5.705021,2.584273,5.073657,4.114336,5.820826,5.174496,5.995242,1.491104,5.104139,2.778545,2.296176,4.533967,3.203666,2.776303,4.851166,3.610626,6.867292,6.114072,2.940623,6.078491,5.567488,2.207946,6.256862,6.788965,3.442789,4.345967,4.380546,1.577695,8.114327,4.934056,0.320104,6.851116,7.019413,4.009587,2.422163,4.164451,4.863076,4.658922,3.801168,4.530997,1.739718,4.593353,6.220909,3.478438,1.938256,3.245963,2.5228,2.607662,1.313308,4.207431,8.14061,7.876596,4.783579,3.713356,5.181144,3.896569,3.37794,3.348785,2.086381,4.269178,6.679244,5.776212,4.243132,3.316929,5.780685,7.592944,5.244381,2.415574,1.185788,1.319497,4.148022,3.349054,1.241083,6.894593,3.502851,0.420059,4.671819,1.654869,0.692316,2.251584,5.457043,6.741465,1.852017,1.263958,6.104425,0.865719,4.144289,3.286359,4.688172,2.301111,3.490852,2.166678,2.857312,3.989622,3.816387,5.60649,4.240648,2.839727,5.359162,4.641964,2.82354,2.151739,6.415014,2.917712,6.14623,3.87876,6.029319,2.930347,5.968315,5.578139,5.343226,1.777613,7.865553,5.502241,4.247691,4.717915,3.860134,5.038698,3.781127,5.496059,3.180912,4.476597,7.213454,2.951661,2.461104,5.488061,2.795648,3.250094,2.89525,3.307143,4.393362,3.96119,3.003324,4.212764,6.00915,4.318449,3.23202,5.204671,3.661758,6.726205,6.079696,5.515026,3.447207,2.825632,4.056302,6.041192,2.030289,5.250126,3.496105,2.861857,0.737718,8.159556,4.316008,6.028857,5.213337,3.560231,0,2.443685,4.7683,0.737466,2.965108,1.922598,2.818837
0.417819,3.360284,3.640293,1.415431,2.959485,3.427737,3.342646,1.92166,3.64061,3.536976,1.685619,4.05622,3.788644,3.19089,1.95638,2.029004,2.167076,3.319812,4.67011,2.377063,1.401858,1.994554,2.785064,1.920524,2.445192,3.191619,5.793248,1.435516,2.363071,7.153146,2.707401,5.872221,2.359461,1.690645,4.269216,0.811983,6.897011,3.960621,4.608744,0.944465,3.015548,2.909162,3.781228,3.898031,2.295873,3.205942,3.32255,3.639847,1.799876,2.585071,5.859728,3.969293,1.714115,2.286792,3.787928,0.924208,5.001168,0.718423,3.627442,3.700636,3.660656,1.415671,2.971558,5.699818,3.295875,4.077225,5.153686,3.425361,5.649423,3.143719,2.181969,3.263747,4.938387,0.528579,5.468454,2.848533,4.419972,2.673024,2.719616,3.49306,2.892696,3.309049,2.206262,4.129831,1.899987,2.673741,4.835902,3.388353,2.677524,2.18582,3.798523,4.481156,1.36268,4.197947,1.505904,3.659309,3.416524,3.278935,3.182344,3.859274,2.788287,3.486802,2.935666,3.980713,1.729527,4.613593,2.889676,3.790604,2.97184,4.081416,4.124747,4.387477,0.85241,3.948526,2.850326,2.791298,3.851845,2.287917,2.893114,2.562966,1.547097,2.711445,2.476116,0.398264,3.78656,2.885164,4.617349,2.346431,2.127232,1.308372,1.947544,3.373301,3.290678,2.062896,1.964012,4.508851,1.08132,1.108427,0.127665,5.117991,3.401831,4.588325,4.018307,5.15739,2.776194,3.624231,3.934789,4.517109,2.682516,4.390509,2.164523,0.798034,4.475927,2.452844,1.624112,4.496281,4.521521,0.91605,3.70748,4.980458,4.494009,3.885851,5.956098,5.142413,3.826841,3.71711,1.181417,5.743316,4.347026,2.430066,6.264086,6.432383,1.748616,3.031784,2.152187,2.460568,2.289478,3.24085,2.518733,4.1132,2.195051,5.557473,3.382409,2.31617,0.842966,3.132421,0.55148,2.093815,1.94646,5.769599,6.608579,3.427084,3.617327,2.8117,1.489651,2.79091,3.252756,0.807276,1.899734,4.280942,5.29088,2.065375,1.052373,3.382383,5.194642,2.874937,1.492814,2.496801,3.019121,1.881573,1.967494,2.02159,6.307563,3.406822,2.863744,2.592851,3.354493,2.306129,3.951208,3.086032,6.154435,0.703425,2.044465,4.083863,2.684377,3.383899,3.19033,3.343394,4.453616,1.229881,0.96199,2.761283,3.58835,3.049931,3.919305,2.75672,0.763465,3.3386,3.978528,4.523164,4.437802,4.04557,1.431346,5.482794,3.782731,3.653575,2.343317,3.947753,3.179837,2.972215,2.155527,6.597536,4.838805,4.151662,4.232583,1.49069,4.375262,1.369857,3.125048,2.593882,2.460437,4.842443,2.855632,2.365075,3.89551,2.699619,1.868534,1.498338,1.925583,2.782336,2.422644,1.445657,4.116735,4.294301,2.306185,4.931644,3.184109,1.866527,4.480349,5.41626,3.436058,3.351178,0.414362,1.792599,3.671748,0.625477,4.58669,1.119777,4.561481,2.571453,6.891539,4.219979,4.436306,4.549901,2.094983,2.443685,0,2.689332,2.212713,4.664732,0.661313,0.417819
2.865714,4.532659,6.155322,3.93046,1.099834,1.568086,4.515021,3.962803,2.294766,5.81467,4.279828,6.571249,6.303673,4.363265,3.997523,1.159457,4.761285,5.816746,3.324266,4.971272,1.697495,3.736314,5.109679,1.04102,4.722886,5.706648,8.308277,3.556436,0.798792,5.293495,5.245924,8.38725,4.897984,4.378259,6.593831,3.04888,5.03736,6.238315,5.781119,2.800114,1.155897,5.240436,1.091896,2.552187,3.605004,1.348664,5.600244,5.964462,2.215394,3.13566,8.374757,2.623449,1.466337,4.801821,1.928277,1.941846,7.325783,3.043038,6.124376,6.025251,5.985271,3.054767,0.282226,4.353974,3.788357,5.2496,3.807842,1.57042,3.432796,5.658748,2.5066,4.436122,7.263002,2.955761,4.12261,3.819584,6.935001,3.753027,5.21655,5.989994,3.972699,1.449398,2.220386,1.855155,4.224602,3.816604,7.160517,5.712968,5.002139,0.916246,4.970898,2.912347,2.739374,6.73647,2.422829,6.188093,3.2251,3.771417,5.460038,6.397797,5.112902,0.79747,5.474189,1.776257,3.850447,7.137813,1.030025,6.305633,3.999199,6.406031,1.435415,6.926,1.864286,5.120901,5.12802,4.126084,6.366874,3.247357,5.217729,3.705298,2.175068,4.989139,3.556119,3.085878,4.958935,5.37984,1.928017,1.304588,4.665755,1.784752,4.272159,1.51365,1.944834,4.601419,4.288627,7.047374,3.768934,3.433042,2.7973,2.584802,5.679525,7.103354,6.55683,7.672419,0.940795,2.278387,6.259404,2.131653,5.221039,6.715124,3.362381,2.416473,6.800542,1.429878,4.121524,2.644504,7.03655,3.539148,1.855703,3.125829,6.818624,2.540007,3.985308,7.467028,6.34187,6.232139,3.506032,4.397472,2.130399,4.754681,4.047459,4.215756,3.538694,5.309478,4.649599,1.754958,3.164525,5.755879,5.015667,6.390894,1.153208,8.072502,5.920932,4.640785,2.188982,5.410115,2.375078,4.41843,3.57969,4.423755,4.748928,5.942113,6.15585,3.698695,2.037456,3.870913,5.791279,3.044655,2.705807,2.421291,7.805909,1.092516,2.786467,1.525105,3.334991,3.635458,4.180428,4.821416,5.343736,3.333538,4.088414,4.346205,4.090936,5.945345,5.188359,0.699891,5.679108,4.630744,6.275823,2.344234,3.937808,3.02804,4.36908,5.784206,5.008992,5.898928,5.728853,5.858423,6.778231,3.197237,3.232813,5.299806,6.117134,5.56496,6.416239,5.271749,3.369711,5.201289,6.493557,6.847779,6.762417,5.217945,2.80804,7.997823,6.321254,1.798634,3.42332,5.648096,1.320186,2.230417,4.480142,4.737885,7.353834,6.690185,6.747612,2.78001,6.890291,2.469439,2.38325,3.673885,4.955113,3.496599,5.394155,4.903598,6.410539,5.238142,3.989454,4.184022,4.046503,5.297365,4.937673,4.002472,6.655258,1.604969,4.803119,7.256259,5.128882,4.373749,5.652724,7.931289,0.746726,5.889701,2.378073,3.276616,4.844123,2.950092,7.101719,2.712858,6.886096,4.896068,5.031888,6.758502,6.951335,7.06493,4.610012,4.7683,2.689332,0,4.537328,6.989347,3.160204,2.865714
2.296093,5.008966,4.573207,2.768058,4.910016,5.378268,5.052453,3.33517,5.351984,2.282683,2.45937,4.989134,3.53651,4.900697,3.36989,3.877,2.940827,4.672439,6.381484,3.150814,3.249854,3.595888,0.672921,3.76852,2.128528,3.275497,5.719218,2.849026,4.313602,8.71412,2.065964,5.620087,1.718024,2.32866,2.157073,2.225493,8.457985,2.706328,6.318551,2.564979,4.966079,4.270087,5.560764,5.609405,3.24302,5.156473,2.876207,1.527704,3.679755,3.465058,5.785698,5.680667,3.664646,3.312242,5.738459,2.772204,2.889025,1.589829,4.73456,1.588493,1.548513,3.019737,4.819554,7.411192,5.005682,5.787032,6.86506,5.375892,6.52941,4.076633,3.893343,4.973554,2.826244,2.295131,7.179828,4.55834,4.345942,3.553011,4.072243,4.845687,3.772683,5.25958,3.917636,5.009818,2.046621,4.383548,2.723759,1.27621,0.565381,4.033816,5.50833,6.19253,2.991192,3.55651,3.34241,3.039711,5.126331,4.988742,2.736001,3.217837,0.883233,5.334798,2.294229,4.8607,3.143037,3.972156,4.840207,4.084809,3.851827,1.969273,5.217245,3.74604,2.713166,5.658333,2.533662,2.474634,3.777815,3.997724,0.780971,3.191084,3.400574,2.394781,3.356103,1.902224,5.496367,4.246089,6.173104,4.296962,1.485795,3.168518,1.63088,5.323832,5.002052,1.421459,1.123924,3.867414,1.546349,1.702303,2.11937,5.997978,2.955488,4.336191,3.37687,5.08336,4.726725,5.335605,1.854263,5.397096,2.041079,2.278366,3.87433,2.689379,2.363784,4.403375,2.950989,6.207655,5.454435,2.280986,5.418854,5.860445,2.381866,5.597225,7.081922,3.03027,3.608501,3.64308,1.832983,7.45469,5.227013,0.938921,7.144073,7.31237,3.34995,2.71512,3.504814,4.226479,3.999285,3.063702,3.87136,2.110933,4.145582,5.483443,2.740972,2.194303,2.958264,2.815757,2.399007,0.575842,3.547794,7.480973,8.169553,4.046113,2.97589,4.521507,3.440182,3.670897,2.611319,2.118331,3.609541,6.231473,5.038746,4.01216,2.657292,5.332914,7.145173,4.584744,1.723469,0.448322,0.906978,3.488385,3.381004,0.503617,7.18755,2.765385,0.95869,4.440847,1.24235,0.360241,1.839065,4.797406,7.034422,1.773427,0.526492,5.444788,0.572234,3.406823,2.548893,3.950706,2.341473,2.831215,2.198628,2.119846,3.252156,3.078921,4.946853,3.503182,2.18009,4.699525,3.904498,2.411021,2.325659,5.755377,2.949662,5.408764,3.141294,5.369682,3.223304,5.308678,5.130368,4.683589,2.03366,8.15851,4.764775,3.510225,3.980449,3.200497,4.301232,3.206363,4.836422,3.473869,3.81696,6.553817,2.214195,1.723638,4.828424,2.058182,3.282044,2.235613,3.339093,3.733725,3.301553,2.343687,3.475298,6.142297,3.658812,2.819501,4.545034,3.002121,6.066568,5.34223,5.284054,2.709741,2.52966,3.396665,5.381555,2.062239,4.51266,2.867693,2.449338,0.366276,8.452513,3.578542,5.36922,4.475871,2.900594,0.737466,2.212713,4.537328,0,2.552589,1.656705,2.296093
4.748112,7.460985,7.025226,5.220077,7.362035,7.830287,7.504472,5.445588,7.804003,2.531178,4.911389,7.441153,5.988529,7.352716,5.480308,6.329019,5.392846,7.124458,8.833503,5.602833,5.701873,6.047907,2.536119,6.220539,3.851548,5.727516,8.171237,5.301045,6.765621,10.45925,4.517983,7.51266,4.170043,4.780679,1.42532,4.677512,10.203115,2.107533,8.77057,5.016998,7.418098,6.722106,7.305894,8.061424,4.98815,7.608492,3.124702,1.341957,6.131774,5.210188,8.237717,8.132686,6.116665,5.764261,8.190478,5.224223,2.105409,4.041848,7.186579,1.631009,1.795982,5.471756,7.271573,9.863211,7.457701,8.239051,9.317079,7.827911,8.27454,6.528652,6.345362,7.425573,0.428329,4.74715,9.631847,7.010359,6.797961,5.298141,6.524262,7.297706,5.517813,7.711599,6.369655,6.754948,4.461085,6.835567,0.325844,1.630217,2.179176,6.485835,7.960349,8.644549,5.443211,5.675157,5.794429,5.49173,7.57835,7.440761,2.984496,5.459702,2.724618,7.786817,4.746248,6.60583,5.50648,6.090803,7.292226,6.536828,5.596957,1.167739,6.962375,3.710945,5.165185,8.110352,4.256682,4.219764,6.229834,6.449743,2.88707,4.936214,5.852593,4.117801,5.101233,4.354243,7.948386,6.698108,7.918234,6.748981,3.937814,5.620537,4.045344,7.775851,7.454071,3.873478,3.53803,5.986061,3.998368,4.116767,4.571389,7.743108,3.203983,6.78821,5.495517,7.535379,7.178744,7.787624,1.675742,7.142226,4.493098,1.348914,6.326349,5.141398,0.798222,6.855394,5.403008,8.659674,7.906454,4.733005,7.870873,7.605575,1.505186,8.049244,8.827052,0.962855,6.06052,6.095099,4.247447,9.906709,6.972143,3.082066,8.889203,9.0575,5.801969,4.43814,5.956833,6.678498,6.451304,5.515721,6.323379,2.402912,6.597601,7.935462,5.192991,4.421553,5.410283,4.164535,4.851026,3.027861,5.999813,9.932992,9.914683,6.498132,4.665982,6.973526,5.892201,5.416027,5.029022,4.57035,6.06156,8.683492,6.931319,6.464179,5.109311,7.784933,9.597192,7.036763,4.175488,2.900341,1.896885,5.940404,5.833023,2.955636,8.93268,4.188555,2.733771,6.892866,1.518842,2.901344,0.764076,7.249425,8.779552,4.225446,2.978511,7.896807,2.099389,5.858842,4.698637,6.402725,1.412021,5.283234,4.650647,4.571865,5.704175,5.53094,7.398872,5.955201,4.632109,7.151544,6.356517,0.141568,1.531449,8.207396,5.401681,7.860783,5.259941,7.821701,4.968434,7.760697,7.582387,7.135608,4.26091,9.90364,7.216794,4.571741,6.432468,5.652516,6.753251,5.658382,7.288441,5.218999,6.268979,9.005836,4.666214,4.175657,7.280443,4.510201,5.734063,4.687632,5.791112,6.185744,5.753572,4.795706,3.478642,8.047237,6.110831,0.421586,6.997053,5.45414,8.518587,7.794249,7.64128,5.16176,4.981679,5.848684,7.833574,4.514258,6.964679,5.319712,0.687674,2.634525,10.197643,5.697189,7.821239,6.92789,5.352613,2.965108,4.664732,6.989347,2.552589,0,4.108724,4.748112
0.897637,3.891321,3.485577,1.658082,3.51156,3.979812,3.873683,2.162618,4.171664,3.057288,1.37174,3.901504,3.490746,3.721927,2.197338,2.499876,1.853197,3.562463,5.201164,2.063184,1.87273,2.441424,2.229056,2.391396,1.965504,2.982898,5.57024,1.676474,2.915146,7.705221,2.257786,5.574323,1.909846,1.24103,3.713208,1.052941,7.449086,3.480933,5.139781,1.390396,3.567623,3.160111,4.2521,4.429085,2.536831,3.758017,2.842862,3.083839,2.351951,2.826029,5.63672,4.500347,2.26619,2.224612,4.340003,1.39508,4.44516,0.238735,3.64693,3.144628,3.104648,1.862541,3.44243,6.230872,3.826912,4.608262,5.68474,3.977436,5.890381,2.989003,2.713023,3.794784,4.382379,0.999945,5.999508,3.37957,4.196964,2.913982,2.962267,3.735711,3.133654,3.861124,2.737316,4.370789,1.544596,3.204778,4.279894,2.832345,2.121516,2.656692,4.32956,5.01221,1.816609,3.748332,2.037222,3.231533,3.947561,3.809972,2.702656,3.409659,2.2672,3.957674,2.486051,4.221671,1.970485,4.163978,3.441751,3.603935,3.212798,3.525408,4.578216,3.937862,1.336042,4.479563,2.370638,2.31161,3.628837,2.818954,2.337106,2.803924,2.078415,2.231757,2.717074,0.503768,4.317597,3.136113,5.088221,2.898506,1.677617,1.791394,1.467856,3.925376,3.821732,1.613281,1.478533,4.059236,0.631705,0.819653,0.713815,5.358949,2.922143,4.290427,3.568692,4.934382,3.328269,4.155285,3.410398,4.758067,2.232901,3.834501,2.69556,1.290923,3.919919,3.004919,1.863359,5.027335,4.366805,1.17101,4.238534,5.221416,3.938001,4.416905,6.442893,4.586405,3.562737,3.494102,0.892643,6.27437,4.587984,1.944587,6.505044,6.673341,2.195486,2.552096,2.394838,3.012643,2.820515,2.97974,2.761384,3.633512,2.747126,5.334465,2.932794,1.836482,1.449636,2.652733,1.021883,1.537807,2.39333,6.300653,7.160654,3.240415,3.167712,3.342737,2.041726,3.031868,2.803141,0.945779,2.430771,4.833017,4.992982,2.61745,1.499243,3.934458,5.746717,3.405974,1.043199,1.940793,2.463113,2.328443,2.208452,1.465582,6.548521,2.957207,2.342657,3.063723,2.798485,1.779388,3.3952,3.617086,6.395393,0.422333,1.488457,4.334812,2.128369,3.160891,2.740715,3.156725,3.897608,1.676751,1.026076,2.311668,3.284741,2.788821,3.859223,2.547999,1.070114,3.589549,3.75552,3.967156,3.881794,4.576607,1.77711,5.259786,3.333116,4.189362,2.584275,4.198702,3.731912,3.503269,1.675839,7.149611,4.615797,3.702047,3.934685,2.021727,4.152254,1.901175,3.656102,2.83484,2.706984,5.373497,2.406017,1.91546,3.740794,2.250004,2.109492,1.147983,2.166541,2.646095,2.213923,1.256057,3.66712,4.765173,2.548836,4.375636,3.435058,1.914491,4.956592,5.193252,3.90693,2.901563,1.021032,2.239469,4.202785,0.722914,4.363682,1.574905,4.005473,2.015445,7.443614,3.770364,4.28159,4.326893,1.812964,1.922598,0.661313,3.160204,1.656705,4.108724,0,0.897637
0,3.004544,3.409548,1.184686,2.855211,3.323463,2.986906,2.310928,3.284887,3.923909,1.510799,3.825475,3.557899,2.83515,2.345648,2.205386,1.992256,3.087018,4.314387,2.202243,1.57824,1.583529,2.868444,2.096906,2.832125,2.960874,5.562503,1.824784,2.258797,7.048872,2.548583,5.641476,2.200643,1.525043,4.352596,1.201251,6.792737,4.347554,4.253004,1.300724,2.911274,2.67411,3.95761,3.542308,2.685141,3.101668,3.709483,3.723227,1.487879,2.974339,5.628983,3.61357,1.609841,2.056047,3.683654,1.10059,5.084548,1.105356,3.394648,3.784016,3.744036,1.004646,3.14794,5.344095,2.940135,3.721485,4.797963,3.321087,6.038691,2.912974,1.826246,2.908007,5.021767,0.11076,5.112731,2.492793,4.189227,3.062292,2.486822,3.260266,3.281964,3.204775,1.850539,4.519099,2.28692,2.318001,4.919282,3.471733,2.760904,2.136518,3.442783,4.125433,1.663654,4.039129,1.150445,3.442319,3.060784,2.923195,3.569277,3.700456,3.163439,3.663184,2.776848,4.369981,2.118795,4.392039,2.785402,3.559859,3.361108,4.164796,4.301129,4.228659,1.027325,3.592786,3.237259,3.178231,3.6211,1.932177,2.976494,2.952234,1.191638,3.098378,2.865384,0.459715,3.43082,2.650112,4.793731,2.242157,1.968414,1.272238,2.334477,3.269027,2.934955,1.904078,2.350945,4.350033,0.922502,1.49536,0.292947,5.450516,3.788764,4.35758,3.859489,4.926645,2.67192,3.268508,4.049786,4.906377,2.523698,4.473889,1.808783,0.619909,4.559307,2.323819,1.391796,4.140558,4.290776,0.680998,3.351757,5.369726,4.577389,3.530128,5.851824,5.225793,3.596096,3.486365,1.56835,5.387593,4.736294,2.816999,6.633647,6.801944,1.337591,3.418717,1.919871,2.149732,1.933738,3.010105,2.285939,4.306456,2.090777,5.326728,3.223591,2.703103,0.909766,3.519354,0.7305,2.177195,1.535435,5.413876,6.504305,3.196339,3.458509,2.45596,1.378072,3.180178,3.093938,1.197026,1.543994,4.176668,5.060135,1.961101,0.641348,3.278109,5.090368,2.519197,1.333996,2.580181,3.102501,1.470548,2.356762,2.10497,6.412134,3.248004,3.238896,2.615789,3.437873,2.559466,4.034588,2.730309,6.523996,1.090358,2.127845,3.848811,2.767757,3.153154,3.031512,3.112649,4.536996,0.818856,1.377749,2.602465,3.37136,2.819186,3.686511,2.525975,0.509207,3.103548,3.747783,4.606544,4.521182,3.68983,1.73232,5.252049,3.623913,3.302585,2.732585,3.712701,3.075563,2.616492,2.54246,6.493262,4.60806,3.992844,4.001838,1.13495,4.144517,1.014398,2.769325,2.98315,2.225385,4.48672,2.696814,2.206257,3.664765,2.540801,2.257802,1.323518,2.314851,2.551591,2.191899,1.24499,3.957917,4.470683,2.073391,5.015024,2.949057,1.635782,4.124609,5.185515,3.61244,3.19236,0.489795,1.381574,3.316008,1.041236,4.355945,0.703829,4.644861,2.654833,6.787265,4.061161,4.205561,4.319156,1.864238,2.818837,0.417819,2.865714,2.296093,4.748112,0.897637,0
