i,j,distance,truck_time,drone_time,robot_distance,robot_time
0,1,17.0,0.37777777777777777,0.2125,17.0,2.8333333333333335
0,2,16.0,0.35555555555555557,0.2,16.0,2.6666666666666665
0,3,10.0,0.2222222222222222,0.125,10.0,1.6666666666666667
0,4,6.0,0.13333333333333333,0.075,6.0,1.0
0,5,14.0,0.3111111111111111,0.175,14.0,2.3333333333333335
0,6,4.0,0.08888888888888889,0.05,4.0,0.6666666666666666
0,7,17.0,0.37777777777777777,0.2125,17.0,2.8333333333333335
0,8,17.0,0.37777777777777777,0.2125,17.0,2.8333333333333335
0,9,6.0,0.13333333333333333,0.075,6.0,1.0
0,10,10.0,0.2222222222222222,0.125,10.0,1.6666666666666667
0,11,19.0,0.4222222222222222,0.2375,19.0,3.1666666666666665
0,12,6.0,0.13333333333333333,0.075,6.0,1.0
0,13,9.0,0.2,0.1125,9.0,1.5
0,14,9.0,0.2,0.1125,9.0,1.5
0,15,8.0,0.17777777777777778,0.1,8.0,1.3333333333333333
0,16,6.0,0.13333333333333333,0.075,6.0,1.0
0,17,10.0,0.2222222222222222,0.125,10.0,1.6666666666666667
0,18,17.0,0.37777777777777777,0.2125,17.0,2.8333333333333335
0,19,19.0,0.4222222222222222,0.2375,19.0,3.1666666666666665
0,20,7.0,0.15555555555555556,0.0875,7.0,1.1666666666666667
0,21,7.0,0.15555555555555556,0.0875,7.0,1.1666666666666667
0,22,7.0,0.15555555555555556,0.0875,7.0,1.1666666666666667
0,23,5.0,0.1111111111111111,0.0625,5.0,0.8333333333333334
0,24,8.0,0.17777777777777778,0.1,8.0,1.3333333333333333
0,25,5.0,0.1111111111111111,0.0625,5.0,0.8333333333333334
0,26,17.0,0.37777777777777777,0.2125,17.0,2.8333333333333335
0,27,4.0,0.08888888888888889,0.05,4.0,0.6666666666666666
0,28,8.0,0.17777777777777778,0.1,8.0,1.3333333333333333
0,29,14.0,0.3111111111111111,0.175,14.0,2.3333333333333335
0,30,11.0,0.24444444444444444,0.1375,11.0,1.8333333333333333
0,31,7.0,0.15555555555555556,0.0875,7.0,1.1666666666666667
0,32,7.0,0.15555555555555556,0.0875,7.0,1.1666666666666667
0,33,15.0,0.3333333333333333,0.1875,15.0,2.5
0,34,15.0,0.3333333333333333,0.1875,15.0,2.5
0,35,11.0,0.24444444444444444,0.1375,11.0,1.8333333333333333
0,36,9.0,0.2,0.1125,9.0,1.5
0,37,7.0,0.15555555555555556,0.0875,7.0,1.1666666666666667
0,38,15.0,0.3333333333333333,0.1875,15.0,2.5
0,39,8.0,0.17777777777777778,0.1,8.0,1.3333333333333333
0,40,16.0,0.35555555555555557,0.2,16.0,2.6666666666666665
0,41,13.0,0.28888888888888886,0.1625,13.0,2.1666666666666665
0,42,9.0,0.2,0.1125,9.0,1.5
0,43,9.0,0.2,0.1125,9.0,1.5
0,44,14.0,0.3111111111111111,0.175,14.0,2.3333333333333335
0,45,8.0,0.17777777777777778,0.1,8.0,1.3333333333333333
0,46,7.0,0.15555555555555556,0.0875,7.0,1.1666666666666667
0,47,6.0,0.13333333333333333,0.075,6.0,1.0
0,48,9.0,0.2,0.1125,9.0,1.5
0,49,18.0,0.4,0.225,18.0,3.0
0,50,8.0,0.17777777777777778,0.1,8.0,1.3333333333333333
0,51,0.0,0.0,0.0,0.0,0.0
1,2,1.0,0.022222222222222223,0.0125,1.0,0.16666666666666666
1,3,14.0,0.3111111111111111,0.175,14.0,2.3333333333333335
1,4,15.0,0.3333333333333333,0.1875,15.0,2.5
1,5,4.0,0.08888888888888889,0.05,4.0,0.6666666666666666
1,6,14.0,0.3111111111111111,0.175,14.0,2.3333333333333335
1,7,20.0,0.4444444444444444,0.25,20.0,3.3333333333333335
1,8,4.0,0.08888888888888889,0.05,4.0,0.6666666666666666
1,9,13.0,0.28888888888888886,0.1625,13.0,2.1666666666666665
1,10,14.0,0.3111111111111111,0.175,14.0,2.3333333333333335
1,11,22.0,0.4888888888888889,0.275,22.0,3.6666666666666665
1,12,22.0,0.4888888888888889,0.275,22.0,3.6666666666666665
1,13,11.0,0.24444444444444444,0.1375,11.0,1.8333333333333333
1,14,14.0,0.3111111111111111,0.175,14.0,2.3333333333333335
1,15,15.0,0.3333333333333333,0.1875,15.0,2.5
1,16,23.0,0.5111111111111111,0.2875,23.0,3.8333333333333335
1,17,13.0,0.28888888888888886,0.1625,13.0,2.1666666666666665
1,18,17.0,0.37777777777777777,0.2125,17.0,2.8333333333333335
1,19,19.0,0.4222222222222222,0.2375,19.0,3.1666666666666665
1,20,24.0,0.5333333333333333,0.3,24.0,4.0
1,21,12.0,0.26666666666666666,0.15,12.0,2.0
1,22,21.0,0.4666666666666667,0.2625,21.0,3.5
1,23,12.0,0.26666666666666666,0.15,12.0,2.0
1,24,13.0,0.28888888888888886,0.1625,13.0,2.1666666666666665
1,25,14.0,0.3111111111111111,0.175,14.0,2.3333333333333335
1,26,24.0,0.5333333333333333,0.3,24.0,4.0
1,27,14.0,0.3111111111111111,0.175,14.0,2.3333333333333335
1,28,25.0,0.5555555555555556,0.3125,25.0,4.166666666666667
1,29,4.0,0.08888888888888889,0.05,4.0,0.6666666666666666
1,30,12.0,0.26666666666666666,0.15,12.0,2.0
1,31,22.0,0.4888888888888889,0.275,22.0,3.6666666666666665
1,32,14.0,0.3111111111111111,0.175,14.0,2.3333333333333335
1,33,5.0,0.1111111111111111,0.0625,5.0,0.8333333333333334
1,34,2.0,0.044444444444444446,0.025,2.0,0.3333333333333333
1,35,13.0,0.28888888888888886,0.1625,13.0,2.1666666666666665
1,36,12.0,0.26666666666666666,0.15,12.0,2.0
1,37,23.0,0.5111111111111111,0.2875,23.0,3.8333333333333335
1,38,19.0,0.4222222222222222,0.2375,19.0,3.1666666666666665
1,39,13.0,0.28888888888888886,0.1625,13.0,2.1666666666666665
1,40,18.0,0.4,0.225,18.0,3.0
1,41,5.0,0.1111111111111111,0.0625,5.0,0.8333333333333334
1,42,15.0,0.3333333333333333,0.1875,15.0,2.5
1,43,12.0,0.26666666666666666,0.15,12.0,2.0
1,44,3.0,0.06666666666666667,0.0375,3.0,0.5
1,45,23.0,0.5111111111111111,0.2875,23.0,3.8333333333333335
1,46,10.0,0.2222222222222222,0.125,10.0,1.6666666666666667
1,47,23.0,0.5111111111111111,0.2875,23.0,3.8333333333333335
1,48,25.0,0.5555555555555556,0.3125,25.0,4.166666666666667
1,49,23.0,0.5111111111111111,0.2875,23.0,3.8333333333333335
1,50,22.0,0.4888888888888889,0.275,22.0,3.6666666666666665
1,51,17.0,0.37777777777777777,0.2125,17.0,2.8333333333333335
2,1,1.0,0.022222222222222223,0.0125,1.0,0.16666666666666666
2,3,14.0,0.3111111111111111,0.175,14.0,2.3333333333333335
2,4,14.0,0.3111111111111111,0.175,14.0,2.3333333333333335
2,5,3.0,0.06666666666666667,0.0375,3.0,0.5
2,6,14.0,0.3111111111111111,0.175,14.0,2.3333333333333335
2,7,20.0,0.4444444444444444,0.25,20.0,3.3333333333333335
2,8,3.0,0.06666666666666667,0.0375,3.0,0.5
2,9,12.0,0.26666666666666666,0.15,12.0,2.0
2,10,13.0,0.28888888888888886,0.1625,13.0,2.1666666666666665
2,11,21.0,0.4666666666666667,0.2625,21.0,3.5
2,12,22.0,0.4888888888888889,0.275,22.0,3.6666666666666665
2,13,11.0,0.24444444444444444,0.1375,11.0,1.8333333333333333
2,14,13.0,0.28888888888888886,0.1625,13.0,2.1666666666666665
2,15,14.0,0.3111111111111111,0.175,14.0,2.3333333333333335
2,16,22.0,0.4888888888888889,0.275,22.0,3.6666666666666665
2,17,12.0,0.26666666666666666,0.15,12.0,2.0
2,18,16.0,0.35555555555555557,0.2,16.0,2.6666666666666665
2,19,18.0,0.4,0.225,18.0,3.0
2,20,23.0,0.5111111111111111,0.2875,23.0,3.8333333333333335
2,21,11.0,0.24444444444444444,0.1375,11.0,1.8333333333333333
2,22,20.0,0.4444444444444444,0.25,20.0,3.3333333333333335
2,23,11.0,0.24444444444444444,0.1375,11.0,1.8333333333333333
2,24,12.0,0.26666666666666666,0.15,12.0,2.0
2,25,13.0,0.28888888888888886,0.1625,13.0,2.1666666666666665
2,26,23.0,0.5111111111111111,0.2875,23.0,3.8333333333333335
2,27,13.0,0.28888888888888886,0.1625,13.0,2.1666666666666665
2,28,24.0,0.5333333333333333,0.3,24.0,4.0
2,29,3.0,0.06666666666666667,0.0375,3.0,0.5
2,30,11.0,0.24444444444444444,0.1375,11.0,1.8333333333333333
2,31,22.0,0.4888888888888889,0.275,22.0,3.6666666666666665
2,32,13.0,0.28888888888888886,0.1625,13.0,2.1666666666666665
2,33,5.0,0.1111111111111111,0.0625,5.0,0.8333333333333334
2,34,3.0,0.06666666666666667,0.0375,3.0,0.5
2,35,12.0,0.26666666666666666,0.15,12.0,2.0
2,36,11.0,0.24444444444444444,0.1375,11.0,1.8333333333333333
2,37,23.0,0.5111111111111111,0.2875,23.0,3.8333333333333335
2,38,19.0,0.4222222222222222,0.2375,19.0,3.1666666666666665
2,39,12.0,0.26666666666666666,0.15,12.0,2.0
2,40,17.0,0.37777777777777777,0.2125,17.0,2.8333333333333335
2,41,4.0,0.08888888888888889,0.05,4.0,0.6666666666666666
2,42,15.0,0.3333333333333333,0.1875,15.0,2.5
2,43,11.0,0.24444444444444444,0.1375,11.0,1.8333333333333333
2,44,2.0,0.044444444444444446,0.025,2.0,0.3333333333333333
2,45,22.0,0.4888888888888889,0.275,22.0,3.6666666666666665
2,46,10.0,0.2222222222222222,0.125,10.0,1.6666666666666667
2,47,22.0,0.4888888888888889,0.275,22.0,3.6666666666666665
2,48,25.0,0.5555555555555556,0.3125,25.0,4.166666666666667
2,49,22.0,0.4888888888888889,0.275,22.0,3.6666666666666665
2,50,21.0,0.4666666666666667,0.2625,21.0,3.5
2,51,16.0,0.35555555555555557,0.2,16.0,2.6666666666666665
3,1,14.0,0.3111111111111111,0.175,14.0,2.3333333333333335
3,2,14.0,0.3111111111111111,0.175,14.0,2.3333333333333335
3,4,10.0,0.2222222222222222,0.125,10.0,1.6666666666666667
3,5,11.0,0.24444444444444444,0.1375,11.0,1.8333333333333333
3,6,8.0,0.17777777777777778,0.1,8.0,1.3333333333333333
3,7,21.0,0.4666666666666667,0.2625,21.0,3.5
3,8,11.0,0.24444444444444444,0.1375,11.0,1.8333333333333333
3,9,10.0,0.2222222222222222,0.125,10.0,1.6666666666666667
3,10,1.0,0.022222222222222223,0.0125,1.0,0.16666666666666666
3,11,23.0,0.5111111111111111,0.2875,23.0,3.8333333333333335
3,12,15.0,0.3333333333333333,0.1875,15.0,2.5
3,13,3.0,0.06666666666666667,0.0375,3.0,0.5
3,14,1.0,0.022222222222222223,0.0125,1.0,0.16666666666666666
3,15,2.0,0.044444444444444446,0.025,2.0,0.3333333333333333
3,16,15.0,0.3333333333333333,0.1875,15.0,2.5
3,17,2.0,0.044444444444444446,0.025,2.0,0.3333333333333333
3,18,21.0,0.4666666666666667,0.2625,21.0,3.5
3,19,23.0,0.5111111111111111,0.2875,23.0,3.8333333333333335
3,20,16.0,0.35555555555555557,0.2,16.0,2.6666666666666665
3,21,11.0,0.24444444444444444,0.1375,11.0,1.8333333333333333
3,22,13.0,0.28888888888888886,0.1625,13.0,2.1666666666666665
3,23,9.0,0.2,0.1125,9.0,1.5
3,24,12.0,0.26666666666666666,0.15,12.0,2.0
3,25,9.0,0.2,0.1125,9.0,1.5
3,26,21.0,0.4666666666666667,0.2625,21.0,3.5
3,27,8.0,0.17777777777777778,0.1,8.0,1.3333333333333333
3,28,17.0,0.37777777777777777,0.2125,17.0,2.8333333333333335
3,29,14.0,0.3111111111111111,0.175,14.0,2.3333333333333335
3,30,3.0,0.06666666666666667,0.0375,3.0,0.5
3,31,15.0,0.3333333333333333,0.1875,15.0,2.5
3,32,11.0,0.24444444444444444,0.1375,11.0,1.8333333333333333
3,33,9.0,0.2,0.1125,9.0,1.5
3,34,16.0,0.35555555555555557,0.2,16.0,2.6666666666666665
3,35,2.0,0.044444444444444446,0.025,2.0,0.3333333333333333
3,36,13.0,0.28888888888888886,0.1625,13.0,2.1666666666666665
3,37,16.0,0.35555555555555557,0.2,16.0,2.6666666666666665
3,38,19.0,0.4222222222222222,0.2375,19.0,3.1666666666666665
3,39,2.0,0.044444444444444446,0.025,2.0,0.3333333333333333
3,40,20.0,0.4444444444444444,0.25,20.0,3.3333333333333335
3,41,13.0,0.28888888888888886,0.1625,13.0,2.1666666666666665
3,42,1.0,0.022222222222222223,0.0125,1.0,0.16666666666666666
3,43,3.0,0.06666666666666667,0.0375,3.0,0.5
3,44,12.0,0.26666666666666666,0.15,12.0,2.0
3,45,16.0,0.35555555555555557,0.2,16.0,2.6666666666666665
3,46,11.0,0.24444444444444444,0.1375,11.0,1.8333333333333333
3,47,16.0,0.35555555555555557,0.2,16.0,2.6666666666666665
3,48,18.0,0.4,0.225,18.0,3.0
3,49,22.0,0.4888888888888889,0.275,22.0,3.6666666666666665
3,50,14.0,0.3111111111111111,0.175,14.0,2.3333333333333335
3,51,10.0,0.2222222222222222,0.125,10.0,1.6666666666666667
4,1,15.0,0.3333333333333333,0.1875,15.0,2.5
4,2,14.0,0.3111111111111111,0.175,14.0,2.3333333333333335
4,3,10.0,0.2222222222222222,0.125,10.0,1.6666666666666667
4,5,11.0,0.24444444444444444,0.1375,11.0,1.8333333333333333
4,6,2.0,0.044444444444444446,0.025,2.0,0.3333333333333333
4,7,11.0,0.24444444444444444,0.1375,11.0,1.8333333333333333
4,8,15.0,0.3333333333333333,0.1875,15.0,2.5
4,9,2.0,0.044444444444444446,0.025,2.0,0.3333333333333333
4,10,9.0,0.2,0.1125,9.0,1.5
4,11,13.0,0.28888888888888886,0.1625,13.0,2.1666666666666665
4,12,8.0,0.17777777777777778,0.1,8.0,1.3333333333333333
4,13,7.0,0.15555555555555556,0.0875,7.0,1.1666666666666667
4,14,10.0,0.2222222222222222,0.125,10.0,1.6666666666666667
4,15,10.0,0.2222222222222222,0.125,10.0,1.6666666666666667
4,16,8.0,0.17777777777777778,0.1,8.0,1.3333333333333333
4,17,9.0,0.2,0.1125,9.0,1.5
4,18,11.0,0.24444444444444444,0.1375,11.0,1.8333333333333333
4,19,13.0,0.28888888888888886,0.1625,13.0,2.1666666666666665
4,20,9.0,0.2,0.1125,9.0,1.5
4,21,3.0,0.06666666666666667,0.0375,3.0,0.5
4,22,6.0,0.13333333333333333,0.075,6.0,1.0
4,23,3.0,0.06666666666666667,0.0375,3.0,0.5
4,24,2.0,0.044444444444444446,0.025,2.0,0.3333333333333333
4,25,1.0,0.022222222222222223,0.0125,1.0,0.16666666666666666
4,26,11.0,0.24444444444444444,0.1375,11.0,1.8333333333333333
4,27,3.0,0.06666666666666667,0.0375,3.0,0.5
4,28,10.0,0.2222222222222222,0.125,10.0,1.6666666666666667
4,29,11.0,0.24444444444444444,0.1375,11.0,1.8333333333333333
4,30,9.0,0.2,0.1125,9.0,1.5
4,31,8.0,0.17777777777777778,0.1,8.0,1.3333333333333333
4,32,1.0,0.022222222222222223,0.0125,1.0,0.16666666666666666
4,33,13.0,0.28888888888888886,0.1625,13.0,2.1666666666666665
4,34,13.0,0.28888888888888886,0.1625,13.0,2.1666666666666665
4,35,9.0,0.2,0.1125,9.0,1.5
4,36,3.0,0.06666666666666667,0.0375,3.0,0.5
4,37,9.0,0.2,0.1125,9.0,1.5
4,38,9.0,0.2,0.1125,9.0,1.5
4,39,9.0,0.2,0.1125,9.0,1.5
4,40,10.0,0.2222222222222222,0.125,10.0,1.6666666666666667
4,41,10.0,0.2222222222222222,0.125,10.0,1.6666666666666667
4,42,11.0,0.24444444444444444,0.1375,11.0,1.8333333333333333
4,43,8.0,0.17777777777777778,0.1,8.0,1.3333333333333333
4,44,12.0,0.26666666666666666,0.15,12.0,2.0
4,45,9.0,0.2,0.1125,9.0,1.5
4,46,5.0,0.1111111111111111,0.0625,5.0,0.8333333333333334
4,47,9.0,0.2,0.1125,9.0,1.5
4,48,11.0,0.24444444444444444,0.1375,11.0,1.8333333333333333
4,49,12.0,0.26666666666666666,0.15,12.0,2.0
4,50,7.0,0.15555555555555556,0.0875,7.0,1.1666666666666667
4,51,6.0,0.13333333333333333,0.075,6.0,1.0
5,1,4.0,0.08888888888888889,0.05,4.0,0.6666666666666666
5,2,3.0,0.06666666666666667,0.0375,3.0,0.5
5,3,11.0,0.24444444444444444,0.1375,11.0,1.8333333333333333
5,4,11.0,0.24444444444444444,0.1375,11.0,1.8333333333333333
5,6,11.0,0.24444444444444444,0.1375,11.0,1.8333333333333333
5,7,17.0,0.37777777777777777,0.2125,17.0,2.8333333333333335
5,8,4.0,0.08888888888888889,0.05,4.0,0.6666666666666666
5,9,9.0,0.2,0.1125,9.0,1.5
5,10,10.0,0.2222222222222222,0.125,10.0,1.6666666666666667
5,11,19.0,0.4222222222222222,0.2375,19.0,3.1666666666666665
5,12,19.0,0.4222222222222222,0.2375,19.0,3.1666666666666665
5,13,8.0,0.17777777777777778,0.1,8.0,1.3333333333333333
5,14,11.0,0.24444444444444444,0.1375,11.0,1.8333333333333333
5,15,11.0,0.24444444444444444,0.1375,11.0,1.8333333333333333
5,16,19.0,0.4222222222222222,0.2375,19.0,3.1666666666666665
5,17,10.0,0.2222222222222222,0.125,10.0,1.6666666666666667
5,18,14.0,0.3111111111111111,0.175,14.0,2.3333333333333335
5,19,15.0,0.3333333333333333,0.1875,15.0,2.5
5,20,20.0,0.4444444444444444,0.25,20.0,3.3333333333333335
5,21,9.0,0.2,0.1125,9.0,1.5
5,22,17.0,0.37777777777777777,0.2125,17.0,2.8333333333333335
5,23,9.0,0.2,0.1125,9.0,1.5
5,24,10.0,0.2222222222222222,0.125,10.0,1.6666666666666667
5,25,10.0,0.2222222222222222,0.125,10.0,1.6666666666666667
5,26,20.0,0.4444444444444444,0.25,20.0,3.3333333333333335
5,27,10.0,0.2222222222222222,0.125,10.0,1.6666666666666667
5,28,21.0,0.4666666666666667,0.2625,21.0,3.5
5,29,4.0,0.08888888888888889,0.05,4.0,0.6666666666666666
5,30,8.0,0.17777777777777778,0.1,8.0,1.3333333333333333
5,31,19.0,0.4222222222222222,0.2375,19.0,3.1666666666666665
5,32,10.0,0.2222222222222222,0.125,10.0,1.6666666666666667
5,33,2.0,0.044444444444444446,0.025,2.0,0.3333333333333333
5,34,5.0,0.1111111111111111,0.0625,5.0,0.8333333333333334
5,35,10.0,0.2222222222222222,0.125,10.0,1.6666666666666667
5,36,9.0,0.2,0.1125,9.0,1.5
5,37,20.0,0.4444444444444444,0.25,20.0,3.3333333333333335
5,38,16.0,0.35555555555555557,0.2,16.0,2.6666666666666665
5,39,10.0,0.2222222222222222,0.125,10.0,1.6666666666666667
5,40,15.0,0.3333333333333333,0.1875,15.0,2.5
5,41,3.0,0.06666666666666667,0.0375,3.0,0.5
5,42,12.0,0.26666666666666666,0.15,12.0,2.0
5,43,9.0,0.2,0.1125,9.0,1.5
5,44,1.0,0.022222222222222223,0.0125,1.0,0.16666666666666666
5,45,20.0,0.4444444444444444,0.25,20.0,3.3333333333333335
5,46,7.0,0.15555555555555556,0.0875,7.0,1.1666666666666667
5,47,20.0,0.4444444444444444,0.25,20.0,3.3333333333333335
5,48,22.0,0.4888888888888889,0.275,22.0,3.6666666666666665
5,49,19.0,0.4222222222222222,0.2375,19.0,3.1666666666666665
5,50,18.0,0.4,0.225,18.0,3.0
5,51,14.0,0.3111111111111111,0.175,14.0,2.3333333333333335
6,1,14.0,0.3111111111111111,0.175,14.0,2.3333333333333335
6,2,14.0,0.3111111111111111,0.175,14.0,2.3333333333333335
6,3,8.0,0.17777777777777778,0.1,8.0,1.3333333333333333
6,4,2.0,0.044444444444444446,0.025,2.0,0.3333333333333333
6,5,11.0,0.24444444444444444,0.1375,11.0,1.8333333333333333
6,7,13.0,0.28888888888888886,0.1625,13.0,2.1666666666666665
6,8,14.0,0.3111111111111111,0.175,14.0,2.3333333333333335
6,9,2.0,0.044444444444444446,0.025,2.0,0.3333333333333333
6,10,8.0,0.17777777777777778,0.1,8.0,1.3333333333333333
6,11,15.0,0.3333333333333333,0.1875,15.0,2.5
6,12,8.0,0.17777777777777778,0.1,8.0,1.3333333333333333
6,13,7.0,0.15555555555555556,0.0875,7.0,1.1666666666666667
6,14,8.0,0.17777777777777778,0.1,8.0,1.3333333333333333
6,15,9.0,0.2,0.1125,9.0,1.5
6,16,9.0,0.2,0.1125,9.0,1.5
6,17,7.0,0.15555555555555556,0.0875,7.0,1.1666666666666667
6,18,13.0,0.28888888888888886,0.1625,13.0,2.1666666666666665
6,19,15.0,0.3333333333333333,0.1875,15.0,2.5
6,20,10.0,0.2222222222222222,0.125,10.0,1.6666666666666667
6,21,3.0,0.06666666666666667,0.0375,3.0,0.5
6,22,7.0,0.15555555555555556,0.0875,7.0,1.1666666666666667
6,23,3.0,0.06666666666666667,0.0375,3.0,0.5
6,24,4.0,0.08888888888888889,0.05,4.0,0.6666666666666666
6,25,1.0,0.022222222222222223,0.0125,1.0,0.16666666666666666
6,26,13.0,0.28888888888888886,0.1625,13.0,2.1666666666666665
6,27,1.0,0.022222222222222223,0.0125,1.0,0.16666666666666666
6,28,11.0,0.24444444444444444,0.1375,11.0,1.8333333333333333
6,29,11.0,0.24444444444444444,0.1375,11.0,1.8333333333333333
6,30,8.0,0.17777777777777778,0.1,8.0,1.3333333333333333
6,31,8.0,0.17777777777777778,0.1,8.0,1.3333333333333333
6,32,3.0,0.06666666666666667,0.0375,3.0,0.5
6,33,13.0,0.28888888888888886,0.1625,13.0,2.1666666666666665
6,34,13.0,0.28888888888888886,0.1625,13.0,2.1666666666666665
6,35,8.0,0.17777777777777778,0.1,8.0,1.3333333333333333
6,36,5.0,0.1111111111111111,0.0625,5.0,0.8333333333333334
6,37,9.0,0.2,0.1125,9.0,1.5
6,38,11.0,0.24444444444444444,0.1375,11.0,1.8333333333333333
6,39,7.0,0.15555555555555556,0.0875,7.0,1.1666666666666667
6,40,12.0,0.26666666666666666,0.15,12.0,2.0
6,41,10.0,0.2222222222222222,0.125,10.0,1.6666666666666667
6,42,9.0,0.2,0.1125,9.0,1.5
6,43,6.0,0.13333333333333333,0.075,6.0,1.0
6,44,12.0,0.26666666666666666,0.15,12.0,2.0
6,45,9.0,0.2,0.1125,9.0,1.5
6,46,4.0,0.08888888888888889,0.05,4.0,0.6666666666666666
6,47,9.0,0.2,0.1125,9.0,1.5
6,48,11.0,0.24444444444444444,0.1375,11.0,1.8333333333333333
6,49,14.0,0.3111111111111111,0.175,14.0,2.3333333333333335
6,50,8.0,0.17777777777777778,0.1,8.0,1.3333333333333333
6,51,4.0,0.08888888888888889,0.05,4.0,0.6666666666666666
7,1,20.0,0.4444444444444444,0.25,20.0,3.3333333333333335
7,2,20.0,0.4444444444444444,0.25,20.0,3.3333333333333335
7,3,21.0,0.4666666666666667,0.2625,21.0,3.5
7,4,11.0,0.24444444444444444,0.1375,11.0,1.8333333333333333
7,5,17.0,0.37777777777777777,0.2125,17.0,2.8333333333333335
7,6,13.0,0.28888888888888886,0.1625,13.0,2.1666666666666665
7,8,20.0,0.4444444444444444,0.25,20.0,3.3333333333333335
7,9,11.0,0.24444444444444444,0.1375,11.0,1.8333333333333333
7,10,20.0,0.4444444444444444,0.25,20.0,3.3333333333333335
7,11,2.0,0.044444444444444446,0.025,2.0,0.3333333333333333
7,12,12.0,0.26666666666666666,0.15,12.0,2.0
7,13,18.0,0.4,0.225,18.0,3.0
7,14,21.0,0.4666666666666667,0.2625,21.0,3.5
7,15,21.0,0.4666666666666667,0.2625,21.0,3.5
7,16,13.0,0.28888888888888886,0.1625,13.0,2.1666666666666665
7,17,20.0,0.4444444444444444,0.25,20.0,3.3333333333333335
7,18,4.0,0.08888888888888889,0.05,4.0,0.6666666666666666
7,19,2.0,0.044444444444444446,0.025,2.0,0.3333333333333333
7,20,12.0,0.26666666666666666,0.15,12.0,2.0
7,21,11.0,0.24444444444444444,0.1375,11.0,1.8333333333333333
7,22,10.0,0.2222222222222222,0.125,10.0,1.6666666666666667
7,23,12.0,0.26666666666666666,0.15,12.0,2.0
7,24,10.0,0.2222222222222222,0.125,10.0,1.6666666666666667
7,25,12.0,0.26666666666666666,0.15,12.0,2.0
7,26,4.0,0.08888888888888889,0.05,4.0,0.6666666666666666
7,27,14.0,0.3111111111111111,0.175,14.0,2.3333333333333335
7,28,13.0,0.28888888888888886,0.1625,13.0,2.1666666666666665
7,29,17.0,0.37777777777777777,0.2125,17.0,2.8333333333333335
7,30,18.0,0.4,0.225,18.0,3.0
7,31,10.0,0.2222222222222222,0.125,10.0,1.6666666666666667
7,32,10.0,0.2222222222222222,0.125,10.0,1.6666666666666667
7,33,19.0,0.4222222222222222,0.2375,19.0,3.1666666666666665
7,34,19.0,0.4222222222222222,0.2375,19.0,3.1666666666666665
7,35,20.0,0.4444444444444444,0.25,20.0,3.3333333333333335
7,36,9.0,0.2,0.1125,9.0,1.5
7,37,11.0,0.24444444444444444,0.1375,11.0,1.8333333333333333
7,38,3.0,0.06666666666666667,0.0375,3.0,0.5
7,39,20.0,0.4444444444444444,0.25,20.0,3.3333333333333335
7,40,3.0,0.06666666666666667,0.0375,3.0,0.5
7,41,16.0,0.35555555555555557,0.2,16.0,2.6666666666666665
7,42,22.0,0.4888888888888889,0.275,22.0,3.6666666666666665
7,43,19.0,0.4222222222222222,0.2375,19.0,3.1666666666666665
7,44,18.0,0.4,0.225,18.0,3.0
7,45,10.0,0.2222222222222222,0.125,10.0,1.6666666666666667
7,46,10.0,0.2222222222222222,0.125,10.0,1.6666666666666667
7,47,12.0,0.26666666666666666,0.15,12.0,2.0
7,48,12.0,0.26666666666666666,0.15,12.0,2.0
7,49,3.0,0.06666666666666667,0.0375,3.0,0.5
7,50,9.0,0.2,0.1125,9.0,1.5
7,51,17.0,0.37777777777777777,0.2125,17.0,2.8333333333333335
8,1,4.0,0.08888888888888889,0.05,4.0,0.6666666666666666
8,2,3.0,0.06666666666666667,0.0375,3.0,0.5
8,3,11.0,0.24444444444444444,0.1375,11.0,1.8333333333333333
8,4,15.0,0.3333333333333333,0.1875,15.0,2.5
8,5,4.0,0.08888888888888889,0.05,4.0,0.6666666666666666
8,6,14.0,0.3111111111111111,0.175,14.0,2.3333333333333335
8,7,20.0,0.4444444444444444,0.25,20.0,3.3333333333333335
8,9,13.0,0.28888888888888886,0.1625,13.0,2.1666666666666665
8,10,10.0,0.2222222222222222,0.125,10.0,1.6666666666666667
8,11,22.0,0.4888888888888889,0.275,22.0,3.6666666666666665
8,12,22.0,0.4888888888888889,0.275,22.0,3.6666666666666665
8,13,8.0,0.17777777777777778,0.1,8.0,1.3333333333333333
8,14,11.0,0.24444444444444444,0.1375,11.0,1.8333333333333333
8,15,11.0,0.24444444444444444,0.1375,11.0,1.8333333333333333
8,16,23.0,0.5111111111111111,0.2875,23.0,3.8333333333333335
8,17,10.0,0.2222222222222222,0.125,10.0,1.6666666666666667
8,18,17.0,0.37777777777777777,0.2125,17.0,2.8333333333333335
8,19,19.0,0.4222222222222222,0.2375,19.0,3.1666666666666665
8,20,24.0,0.5333333333333333,0.3,24.0,4.0
8,21,12.0,0.26666666666666666,0.15,12.0,2.0
8,22,21.0,0.4666666666666667,0.2625,21.0,3.5
8,23,12.0,0.26666666666666666,0.15,12.0,2.0
8,24,13.0,0.28888888888888886,0.1625,13.0,2.1666666666666665
8,25,14.0,0.3111111111111111,0.175,14.0,2.3333333333333335
8,26,24.0,0.5333333333333333,0.3,24.0,4.0
8,27,14.0,0.3111111111111111,0.175,14.0,2.3333333333333335
8,28,25.0,0.5555555555555556,0.3125,25.0,4.166666666666667
8,29,4.0,0.08888888888888889,0.05,4.0,0.6666666666666666
8,30,8.0,0.17777777777777778,0.1,8.0,1.3333333333333333
8,31,22.0,0.4888888888888889,0.275,22.0,3.6666666666666665
8,32,14.0,0.3111111111111111,0.175,14.0,2.3333333333333335
8,33,2.0,0.044444444444444446,0.025,2.0,0.3333333333333333
8,34,5.0,0.1111111111111111,0.0625,5.0,0.8333333333333334
8,35,10.0,0.2222222222222222,0.125,10.0,1.6666666666666667
8,36,12.0,0.26666666666666666,0.15,12.0,2.0
8,37,23.0,0.5111111111111111,0.2875,23.0,3.8333333333333335
8,38,19.0,0.4222222222222222,0.2375,19.0,3.1666666666666665
8,39,10.0,0.2222222222222222,0.125,10.0,1.6666666666666667
8,40,18.0,0.4,0.225,18.0,3.0
8,41,5.0,0.1111111111111111,0.0625,5.0,0.8333333333333334
8,42,12.0,0.26666666666666666,0.15,12.0,2.0
8,43,9.0,0.2,0.1125,9.0,1.5
8,44,3.0,0.06666666666666667,0.0375,3.0,0.5
8,45,23.0,0.5111111111111111,0.2875,23.0,3.8333333333333335
8,46,10.0,0.2222222222222222,0.125,10.0,1.6666666666666667
8,47,23.0,0.5111111111111111,0.2875,23.0,3.8333333333333335
8,48,25.0,0.5555555555555556,0.3125,25.0,4.166666666666667
8,49,23.0,0.5111111111111111,0.2875,23.0,3.8333333333333335
8,50,22.0,0.4888888888888889,0.275,22.0,3.6666666666666665
8,51,17.0,0.37777777777777777,0.2125,17.0,2.8333333333333335
9,1,13.0,0.28888888888888886,0.1625,13.0,2.1666666666666665
9,2,12.0,0.26666666666666666,0.15,12.0,2.0
9,3,10.0,0.2222222222222222,0.125,10.0,1.6666666666666667
9,4,2.0,0.044444444444444446,0.025,2.0,0.3333333333333333
9,5,9.0,0.2,0.1125,9.0,1.5
9,6,2.0,0.044444444444444446,0.025,2.0,0.3333333333333333
9,7,11.0,0.24444444444444444,0.1375,11.0,1.8333333333333333
9,8,13.0,0.28888888888888886,0.1625,13.0,2.1666666666666665
9,10,9.0,0.2,0.1125,9.0,1.5
9,11,13.0,0.28888888888888886,0.1625,13.0,2.1666666666666665
9,12,10.0,0.2222222222222222,0.125,10.0,1.6666666666666667
9,13,7.0,0.15555555555555556,0.0875,7.0,1.1666666666666667
9,14,10.0,0.2222222222222222,0.125,10.0,1.6666666666666667
9,15,10.0,0.2222222222222222,0.125,10.0,1.6666666666666667
9,16,10.0,0.2222222222222222,0.125,10.0,1.6666666666666667
9,17,9.0,0.2,0.1125,9.0,1.5
9,18,11.0,0.24444444444444444,0.1375,11.0,1.8333333333333333
9,19,13.0,0.28888888888888886,0.1625,13.0,2.1666666666666665
9,20,11.0,0.24444444444444444,0.1375,11.0,1.8333333333333333
9,21,1.0,0.022222222222222223,0.0125,1.0,0.16666666666666666
9,22,8.0,0.17777777777777778,0.1,8.0,1.3333333333333333
9,23,1.0,0.022222222222222223,0.0125,1.0,0.16666666666666666
9,24,2.0,0.044444444444444446,0.025,2.0,0.3333333333333333
9,25,1.0,0.022222222222222223,0.0125,1.0,0.16666666666666666
9,26,11.0,0.24444444444444444,0.1375,11.0,1.8333333333333333
9,27,3.0,0.06666666666666667,0.0375,3.0,0.5
9,28,12.0,0.26666666666666666,0.15,12.0,2.0
9,29,9.0,0.2,0.1125,9.0,1.5
9,30,7.0,0.15555555555555556,0.0875,7.0,1.1666666666666667
9,31,10.0,0.2222222222222222,0.125,10.0,1.6666666666666667
9,32,1.0,0.022222222222222223,0.0125,1.0,0.16666666666666666
9,33,11.0,0.24444444444444444,0.1375,11.0,1.8333333333333333
9,34,11.0,0.24444444444444444,0.1375,11.0,1.8333333333333333
9,35,9.0,0.2,0.1125,9.0,1.5
9,36,3.0,0.06666666666666667,0.0375,3.0,0.5
9,37,11.0,0.24444444444444444,0.1375,11.0,1.8333333333333333
9,38,9.0,0.2,0.1125,9.0,1.5
9,39,9.0,0.2,0.1125,9.0,1.5
9,40,10.0,0.2222222222222222,0.125,10.0,1.6666666666666667
9,41,8.0,0.17777777777777778,0.1,8.0,1.3333333333333333
9,42,11.0,0.24444444444444444,0.1375,11.0,1.8333333333333333
9,43,8.0,0.17777777777777778,0.1,8.0,1.3333333333333333
9,44,10.0,0.2222222222222222,0.125,10.0,1.6666666666666667
9,45,11.0,0.24444444444444444,0.1375,11.0,1.8333333333333333
9,46,3.0,0.06666666666666667,0.0375,3.0,0.5
9,47,11.0,0.24444444444444444,0.1375,11.0,1.8333333333333333
9,48,13.0,0.28888888888888886,0.1625,13.0,2.1666666666666665
9,49,12.0,0.26666666666666666,0.15,12.0,2.0
9,50,9.0,0.2,0.1125,9.0,1.5
9,51,6.0,0.13333333333333333,0.075,6.0,1.0
10,1,14.0,0.3111111111111111,0.175,14.0,2.3333333333333335
10,2,13.0,0.28888888888888886,0.1625,13.0,2.1666666666666665
10,3,1.0,0.022222222222222223,0.0125,1.0,0.16666666666666666
10,4,9.0,0.2,0.1125,9.0,1.5
10,5,10.0,0.2222222222222222,0.125,10.0,1.6666666666666667
10,6,8.0,0.17777777777777778,0.1,8.0,1.3333333333333333
10,7,20.0,0.4444444444444444,0.25,20.0,3.3333333333333335
10,8,10.0,0.2222222222222222,0.125,10.0,1.6666666666666667
10,9,9.0,0.2,0.1125,9.0,1.5
10,11,22.0,0.4888888888888889,0.275,22.0,3.6666666666666665
10,12,16.0,0.35555555555555557,0.2,16.0,2.6666666666666665
10,13,3.0,0.06666666666666667,0.0375,3.0,0.5
10,14,2.0,0.044444444444444446,0.025,2.0,0.3333333333333333
10,15,3.0,0.06666666666666667,0.0375,3.0,0.5
10,16,16.0,0.35555555555555557,0.2,16.0,2.6666666666666665
10,17,1.0,0.022222222222222223,0.0125,1.0,0.16666666666666666
10,18,20.0,0.4444444444444444,0.25,20.0,3.3333333333333335
10,19,22.0,0.4888888888888889,0.275,22.0,3.6666666666666665
10,20,17.0,0.37777777777777777,0.2125,17.0,2.8333333333333335
10,21,10.0,0.2222222222222222,0.125,10.0,1.6666666666666667
10,22,14.0,0.3111111111111111,0.175,14.0,2.3333333333333335
10,23,9.0,0.2,0.1125,9.0,1.5
10,24,11.0,0.24444444444444444,0.1375,11.0,1.8333333333333333
10,25,8.0,0.17777777777777778,0.1,8.0,1.3333333333333333
10,26,20.0,0.4444444444444444,0.25,20.0,3.3333333333333335
10,27,7.0,0.15555555555555556,0.0875,7.0,1.1666666666666667
10,28,18.0,0.4,0.225,18.0,3.0
10,29,14.0,0.3111111111111111,0.175,14.0,2.3333333333333335
10,30,2.0,0.044444444444444446,0.025,2.0,0.3333333333333333
10,31,16.0,0.35555555555555557,0.2,16.0,2.6666666666666665
10,32,10.0,0.2222222222222222,0.125,10.0,1.6666666666666667
10,33,9.0,0.2,0.1125,9.0,1.5
10,34,15.0,0.3333333333333333,0.1875,15.0,2.5
10,35,1.0,0.022222222222222223,0.0125,1.0,0.16666666666666666
10,36,12.0,0.26666666666666666,0.15,12.0,2.0
10,37,17.0,0.37777777777777777,0.2125,17.0,2.8333333333333335
10,38,18.0,0.4,0.225,18.0,3.0
10,39,3.0,0.06666666666666667,0.0375,3.0,0.5
10,40,19.0,0.4222222222222222,0.2375,19.0,3.1666666666666665
10,41,13.0,0.28888888888888886,0.1625,13.0,2.1666666666666665
10,42,2.0,0.044444444444444446,0.025,2.0,0.3333333333333333
10,43,2.0,0.044444444444444446,0.025,2.0,0.3333333333333333
10,44,11.0,0.24444444444444444,0.1375,11.0,1.8333333333333333
10,45,16.0,0.35555555555555557,0.2,16.0,2.6666666666666665
10,46,10.0,0.2222222222222222,0.125,10.0,1.6666666666666667
10,47,16.0,0.35555555555555557,0.2,16.0,2.6666666666666665
10,48,19.0,0.4222222222222222,0.2375,19.0,3.1666666666666665
10,49,21.0,0.4666666666666667,0.2625,21.0,3.5
10,50,15.0,0.3333333333333333,0.1875,15.0,2.5
10,51,10.0,0.2222222222222222,0.125,10.0,1.6666666666666667
11,1,22.0,0.4888888888888889,0.275,22.0,3.6666666666666665
11,2,21.0,0.4666666666666667,0.2625,21.0,3.5
11,3,23.0,0.5111111111111111,0.2875,23.0,3.8333333333333335
11,4,13.0,0.28888888888888886,0.1625,13.0,2.1666666666666665
11,5,19.0,0.4222222222222222,0.2375,19.0,3.1666666666666665
11,6,15.0,0.3333333333333333,0.1875,15.0,2.5
11,7,2.0,0.044444444444444446,0.025,2.0,0.3333333333333333
11,8,22.0,0.4888888888888889,0.275,22.0,3.6666666666666665
11,9,13.0,0.28888888888888886,0.1625,13.0,2.1666666666666665
11,10,22.0,0.4888888888888889,0.275,22.0,3.6666666666666665
11,12,13.0,0.28888888888888886,0.1625,13.0,2.1666666666666665
11,13,20.0,0.4444444444444444,0.25,20.0,3.3333333333333335
11,14,22.0,0.4888888888888889,0.275,22.0,3.6666666666666665
11,15,23.0,0.5111111111111111,0.2875,23.0,3.8333333333333335
11,16,14.0,0.3111111111111111,0.175,14.0,2.3333333333333335
11,17,21.0,0.4666666666666667,0.2625,21.0,3.5
11,18,5.0,0.1111111111111111,0.0625,5.0,0.8333333333333334
11,19,4.0,0.08888888888888889,0.05,4.0,0.6666666666666666
11,20,13.0,0.28888888888888886,0.1625,13.0,2.1666666666666665
11,21,12.0,0.26666666666666666,0.15,12.0,2.0
11,22,12.0,0.26666666666666666,0.15,12.0,2.0
11,23,14.0,0.3111111111111111,0.175,14.0,2.3333333333333335
11,24,11.0,0.24444444444444444,0.1375,11.0,1.8333333333333333
11,25,14.0,0.3111111111111111,0.175,14.0,2.3333333333333335
11,26,2.0,0.044444444444444446,0.025,2.0,0.3333333333333333
11,27,15.0,0.3333333333333333,0.1875,15.0,2.5
11,28,14.0,0.3111111111111111,0.175,14.0,2.3333333333333335
11,29,19.0,0.4222222222222222,0.2375,19.0,3.1666666666666665
11,30,20.0,0.4444444444444444,0.25,20.0,3.3333333333333335
11,31,12.0,0.26666666666666666,0.15,12.0,2.0
11,32,12.0,0.26666666666666666,0.15,12.0,2.0
11,33,20.0,0.4444444444444444,0.25,20.0,3.3333333333333335
11,34,20.0,0.4444444444444444,0.25,20.0,3.3333333333333335
11,35,21.0,0.4666666666666667,0.2625,21.0,3.5
11,36,10.0,0.2222222222222222,0.125,10.0,1.6666666666666667
11,37,12.0,0.26666666666666666,0.15,12.0,2.0
11,38,4.0,0.08888888888888889,0.05,4.0,0.6666666666666666
11,39,21.0,0.4666666666666667,0.2625,21.0,3.5
11,40,4.0,0.08888888888888889,0.05,4.0,0.6666666666666666
11,41,18.0,0.4,0.225,18.0,3.0
11,42,24.0,0.5333333333333333,0.3,24.0,4.0
11,43,20.0,0.4444444444444444,0.25,20.0,3.3333333333333335
11,44,19.0,0.4222222222222222,0.2375,19.0,3.1666666666666665
11,45,11.0,0.24444444444444444,0.1375,11.0,1.8333333333333333
11,46,12.0,0.26666666666666666,0.15,12.0,2.0
11,47,14.0,0.3111111111111111,0.175,14.0,2.3333333333333335
11,48,14.0,0.3111111111111111,0.175,14.0,2.3333333333333335
11,49,1.0,0.022222222222222223,0.0125,1.0,0.16666666666666666
11,50,11.0,0.24444444444444444,0.1375,11.0,1.8333333333333333
11,51,19.0,0.4222222222222222,0.2375,19.0,3.1666666666666665
12,1,22.0,0.4888888888888889,0.275,22.0,3.6666666666666665
12,2,22.0,0.4888888888888889,0.275,22.0,3.6666666666666665
12,3,15.0,0.3333333333333333,0.1875,15.0,2.5
12,4,8.0,0.17777777777777778,0.1,8.0,1.3333333333333333
12,5,19.0,0.4222222222222222,0.2375,19.0,3.1666666666666665
12,6,8.0,0.17777777777777778,0.1,8.0,1.3333333333333333
12,7,12.0,0.26666666666666666,0.15,12.0,2.0
12,8,22.0,0.4888888888888889,0.275,22.0,3.6666666666666665
12,9,10.0,0.2222222222222222,0.125,10.0,1.6666666666666667
12,10,16.0,0.35555555555555557,0.2,16.0,2.6666666666666665
12,11,13.0,0.28888888888888886,0.1625,13.0,2.1666666666666665
12,13,15.0,0.3333333333333333,0.1875,15.0,2.5
12,14,14.0,0.3111111111111111,0.175,14.0,2.3333333333333335
12,15,13.0,0.28888888888888886,0.1625,13.0,2.1666666666666665
12,16,1.0,0.022222222222222223,0.0125,1.0,0.16666666666666666
12,17,15.0,0.3333333333333333,0.1875,15.0,2.5
12,18,12.0,0.26666666666666666,0.15,12.0,2.0
12,19,13.0,0.28888888888888886,0.1625,13.0,2.1666666666666665
12,20,2.0,0.044444444444444446,0.025,2.0,0.3333333333333333
12,21,11.0,0.24444444444444444,0.1375,11.0,1.8333333333333333
12,22,2.0,0.044444444444444446,0.025,2.0,0.3333333333333333
12,23,11.0,0.24444444444444444,0.1375,11.0,1.8333333333333333
12,24,10.0,0.2222222222222222,0.125,10.0,1.6666666666666667
12,25,9.0,0.2,0.1125,9.0,1.5
12,26,12.0,0.26666666666666666,0.15,12.0,2.0
12,27,9.0,0.2,0.1125,9.0,1.5
12,28,3.0,0.06666666666666667,0.0375,3.0,0.5
12,29,19.0,0.4222222222222222,0.2375,19.0,3.1666666666666665
12,30,16.0,0.35555555555555557,0.2,16.0,2.6666666666666665
12,31,2.0,0.044444444444444446,0.025,2.0,0.3333333333333333
12,32,9.0,0.2,0.1125,9.0,1.5
12,33,21.0,0.4666666666666667,0.2625,21.0,3.5
12,34,21.0,0.4666666666666667,0.2625,21.0,3.5
12,35,16.0,0.35555555555555557,0.2,16.0,2.6666666666666665
12,36,11.0,0.24444444444444444,0.1375,11.0,1.8333333333333333
12,37,1.0,0.022222222222222223,0.0125,1.0,0.16666666666666666
12,38,9.0,0.2,0.1125,9.0,1.5
12,39,13.0,0.28888888888888886,0.1625,13.0,2.1666666666666665
12,40,11.0,0.24444444444444444,0.1375,11.0,1.8333333333333333
12,41,18.0,0.4,0.225,18.0,3.0
12,42,14.0,0.3111111111111111,0.175,14.0,2.3333333333333335
12,43,14.0,0.3111111111111111,0.175,14.0,2.3333333333333335
12,44,20.0,0.4444444444444444,0.25,20.0,3.3333333333333335
12,45,2.0,0.044444444444444446,0.025,2.0,0.3333333333333333
12,46,12.0,0.26666666666666666,0.15,12.0,2.0
12,47,1.0,0.022222222222222223,0.0125,1.0,0.16666666666666666
12,48,3.0,0.06666666666666667,0.0375,3.0,0.5
12,49,13.0,0.28888888888888886,0.1625,13.0,2.1666666666666665
12,50,3.0,0.06666666666666667,0.0375,3.0,0.5
12,51,6.0,0.13333333333333333,0.075,6.0,1.0
13,1,11.0,0.24444444444444444,0.1375,11.0,1.8333333333333333
13,2,11.0,0.24444444444444444,0.1375,11.0,1.8333333333333333
13,3,3.0,0.06666666666666667,0.0375,3.0,0.5
13,4,7.0,0.15555555555555556,0.0875,7.0,1.1666666666666667
13,5,8.0,0.17777777777777778,0.1,8.0,1.3333333333333333
13,6,7.0,0.15555555555555556,0.0875,7.0,1.1666666666666667
13,7,18.0,0.4,0.225,18.0,3.0
13,8,8.0,0.17777777777777778,0.1,8.0,1.3333333333333333
13,9,7.0,0.15555555555555556,0.0875,7.0,1.1666666666666667
13,10,3.0,0.06666666666666667,0.0375,3.0,0.5
13,11,20.0,0.4444444444444444,0.25,20.0,3.3333333333333335
13,12,15.0,0.3333333333333333,0.1875,15.0,2.5
13,14,3.0,0.06666666666666667,0.0375,3.0,0.5
13,15,4.0,0.08888888888888889,0.05,4.0,0.6666666666666666
13,16,15.0,0.3333333333333333,0.1875,15.0,2.5
13,17,2.0,0.044444444444444446,0.025,2.0,0.3333333333333333
13,18,18.0,0.4,0.225,18.0,3.0
13,19,20.0,0.4444444444444444,0.25,20.0,3.3333333333333335
13,20,16.0,0.35555555555555557,0.2,16.0,2.6666666666666665
13,21,8.0,0.17777777777777778,0.1,8.0,1.3333333333333333
13,22,13.0,0.28888888888888886,0.1625,13.0,2.1666666666666665
13,23,6.0,0.13333333333333333,0.075,6.0,1.0
13,24,9.0,0.2,0.1125,9.0,1.5
13,25,6.0,0.13333333333333333,0.075,6.0,1.0
13,26,18.0,0.4,0.225,18.0,3.0
13,27,6.0,0.13333333333333333,0.075,6.0,1.0
13,28,17.0,0.37777777777777777,0.2125,17.0,2.8333333333333335
13,29,11.0,0.24444444444444444,0.1375,11.0,1.8333333333333333
13,30,2.0,0.044444444444444446,0.025,2.0,0.3333333333333333
13,31,15.0,0.3333333333333333,0.1875,15.0,2.5
13,32,8.0,0.17777777777777778,0.1,8.0,1.3333333333333333
13,33,6.0,0.13333333333333333,0.075,6.0,1.0
13,34,13.0,0.28888888888888886,0.1625,13.0,2.1666666666666665
13,35,2.0,0.044444444444444446,0.025,2.0,0.3333333333333333
13,36,10.0,0.2222222222222222,0.125,10.0,1.6666666666666667
13,37,16.0,0.35555555555555557,0.2,16.0,2.6666666666666665
13,38,16.0,0.35555555555555557,0.2,16.0,2.6666666666666665
13,39,2.0,0.044444444444444446,0.025,2.0,0.3333333333333333
13,40,17.0,0.37777777777777777,0.2125,17.0,2.8333333333333335
13,41,10.0,0.2222222222222222,0.125,10.0,1.6666666666666667
13,42,4.0,0.08888888888888889,0.05,4.0,0.6666666666666666
13,43,1.0,0.022222222222222223,0.0125,1.0,0.16666666666666666
13,44,9.0,0.2,0.1125,9.0,1.5
13,45,15.0,0.3333333333333333,0.1875,15.0,2.5
13,46,8.0,0.17777777777777778,0.1,8.0,1.3333333333333333
13,47,15.0,0.3333333333333333,0.1875,15.0,2.5
13,48,18.0,0.4,0.225,18.0,3.0
13,49,19.0,0.4222222222222222,0.2375,19.0,3.1666666666666665
13,50,14.0,0.3111111111111111,0.175,14.0,2.3333333333333335
13,51,9.0,0.2,0.1125,9.0,1.5
14,1,14.0,0.3111111111111111,0.175,14.0,2.3333333333333335
14,2,13.0,0.28888888888888886,0.1625,13.0,2.1666666666666665
14,3,1.0,0.022222222222222223,0.0125,1.0,0.16666666666666666
14,4,10.0,0.2222222222222222,0.125,10.0,1.6666666666666667
14,5,11.0,0.24444444444444444,0.1375,11.0,1.8333333333333333
14,6,8.0,0.17777777777777778,0.1,8.0,1.3333333333333333
14,7,21.0,0.4666666666666667,0.2625,21.0,3.5
14,8,11.0,0.24444444444444444,0.1375,11.0,1.8333333333333333
14,9,10.0,0.2222222222222222,0.125,10.0,1.6666666666666667
14,10,2.0,0.044444444444444446,0.025,2.0,0.3333333333333333
14,11,22.0,0.4888888888888889,0.275,22.0,3.6666666666666665
14,12,14.0,0.3111111111111111,0.175,14.0,2.3333333333333335
14,13,3.0,0.06666666666666667,0.0375,3.0,0.5
14,15,1.0,0.022222222222222223,0.0125,1.0,0.16666666666666666
14,16,14.0,0.3111111111111111,0.175,14.0,2.3333333333333335
14,17,1.0,0.022222222222222223,0.0125,1.0,0.16666666666666666
14,18,21.0,0.4666666666666667,0.2625,21.0,3.5
14,19,22.0,0.4888888888888889,0.275,22.0,3.6666666666666665
14,20,15.0,0.3333333333333333,0.1875,15.0,2.5
14,21,10.0,0.2222222222222222,0.125,10.0,1.6666666666666667
14,22,12.0,0.26666666666666666,0.15,12.0,2.0
14,23,9.0,0.2,0.1125,9.0,1.5
14,24,11.0,0.24444444444444444,0.1375,11.0,1.8333333333333333
14,25,9.0,0.2,0.1125,9.0,1.5
14,26,21.0,0.4666666666666667,0.2625,21.0,3.5
14,27,7.0,0.15555555555555556,0.0875,7.0,1.1666666666666667
14,28,16.0,0.35555555555555557,0.2,16.0,2.6666666666666665
14,29,14.0,0.3111111111111111,0.175,14.0,2.3333333333333335
14,30,3.0,0.06666666666666667,0.0375,3.0,0.5
14,31,14.0,0.3111111111111111,0.175,14.0,2.3333333333333335
14,32,11.0,0.24444444444444444,0.1375,11.0,1.8333333333333333
14,33,9.0,0.2,0.1125,9.0,1.5
14,34,16.0,0.35555555555555557,0.2,16.0,2.6666666666666665
14,35,3.0,0.06666666666666667,0.0375,3.0,0.5
14,36,12.0,0.26666666666666666,0.15,12.0,2.0
14,37,15.0,0.3333333333333333,0.1875,15.0,2.5
14,38,18.0,0.4,0.225,18.0,3.0
14,39,1.0,0.022222222222222223,0.0125,1.0,0.16666666666666666
14,40,20.0,0.4444444444444444,0.25,20.0,3.3333333333333335
14,41,13.0,0.28888888888888886,0.1625,13.0,2.1666666666666665
14,42,2.0,0.044444444444444446,0.025,2.0,0.3333333333333333
14,43,2.0,0.044444444444444446,0.025,2.0,0.3333333333333333
14,44,11.0,0.24444444444444444,0.1375,11.0,1.8333333333333333
14,45,15.0,0.3333333333333333,0.1875,15.0,2.5
14,46,11.0,0.24444444444444444,0.1375,11.0,1.8333333333333333
14,47,15.0,0.3333333333333333,0.1875,15.0,2.5
14,48,17.0,0.37777777777777777,0.2125,17.0,2.8333333333333335
14,49,22.0,0.4888888888888889,0.275,22.0,3.6666666666666665
14,50,13.0,0.28888888888888886,0.1625,13.0,2.1666666666666665
14,51,9.0,0.2,0.1125,9.0,1.5
15,1,15.0,0.3333333333333333,0.1875,15.0,2.5
15,2,14.0,0.3111111111111111,0.175,14.0,2.3333333333333335
15,3,2.0,0.044444444444444446,0.025,2.0,0.3333333333333333
15,4,10.0,0.2222222222222222,0.125,10.0,1.6666666666666667
15,5,11.0,0.24444444444444444,0.1375,11.0,1.8333333333333333
15,6,9.0,0.2,0.1125,9.0,1.5
15,7,21.0,0.4666666666666667,0.2625,21.0,3.5
15,8,11.0,0.24444444444444444,0.1375,11.0,1.8333333333333333
15,9,10.0,0.2222222222222222,0.125,10.0,1.6666666666666667
15,10,3.0,0.06666666666666667,0.0375,3.0,0.5
15,11,23.0,0.5111111111111111,0.2875,23.0,3.8333333333333335
15,12,13.0,0.28888888888888886,0.1625,13.0,2.1666666666666665
15,13,4.0,0.08888888888888889,0.05,4.0,0.6666666666666666
15,14,1.0,0.022222222222222223,0.0125,1.0,0.16666666666666666
15,16,14.0,0.3111111111111111,0.175,14.0,2.3333333333333335
15,17,2.0,0.044444444444444446,0.025,2.0,0.3333333333333333
15,18,21.0,0.4666666666666667,0.2625,21.0,3.5
15,19,23.0,0.5111111111111111,0.2875,23.0,3.8333333333333335
15,20,15.0,0.3333333333333333,0.1875,15.0,2.5
15,21,11.0,0.24444444444444444,0.1375,11.0,1.8333333333333333
15,22,12.0,0.26666666666666666,0.15,12.0,2.0
15,23,10.0,0.2222222222222222,0.125,10.0,1.6666666666666667
15,24,12.0,0.26666666666666666,0.15,12.0,2.0
15,25,9.0,0.2,0.1125,9.0,1.5
15,26,21.0,0.4666666666666667,0.2625,21.0,3.5
15,27,8.0,0.17777777777777778,0.1,8.0,1.3333333333333333
15,28,16.0,0.35555555555555557,0.2,16.0,2.6666666666666665
15,29,15.0,0.3333333333333333,0.1875,15.0,2.5
15,30,3.0,0.06666666666666667,0.0375,3.0,0.5
15,31,13.0,0.28888888888888886,0.1625,13.0,2.1666666666666665
15,32,11.0,0.24444444444444444,0.1375,11.0,1.8333333333333333
15,33,10.0,0.2222222222222222,0.125,10.0,1.6666666666666667
15,34,16.0,0.35555555555555557,0.2,16.0,2.6666666666666665
15,35,3.0,0.06666666666666667,0.0375,3.0,0.5
15,36,13.0,0.28888888888888886,0.1625,13.0,2.1666666666666665
15,37,14.0,0.3111111111111111,0.175,14.0,2.3333333333333335
15,38,19.0,0.4222222222222222,0.2375,19.0,3.1666666666666665
15,39,2.0,0.044444444444444446,0.025,2.0,0.3333333333333333
15,40,20.0,0.4444444444444444,0.25,20.0,3.3333333333333335
15,41,14.0,0.3111111111111111,0.175,14.0,2.3333333333333335
15,42,1.0,0.022222222222222223,0.0125,1.0,0.16666666666666666
15,43,3.0,0.06666666666666667,0.0375,3.0,0.5
15,44,12.0,0.26666666666666666,0.15,12.0,2.0
15,45,14.0,0.3111111111111111,0.175,14.0,2.3333333333333335
15,46,11.0,0.24444444444444444,0.1375,11.0,1.8333333333333333
15,47,14.0,0.3111111111111111,0.175,14.0,2.3333333333333335
15,48,16.0,0.35555555555555557,0.2,16.0,2.6666666666666665
15,49,22.0,0.4888888888888889,0.275,22.0,3.6666666666666665
15,50,13.0,0.28888888888888886,0.1625,13.0,2.1666666666666665
15,51,8.0,0.17777777777777778,0.1,8.0,1.3333333333333333
16,1,23.0,0.5111111111111111,0.2875,23.0,3.8333333333333335
16,2,22.0,0.4888888888888889,0.275,22.0,3.6666666666666665
16,3,15.0,0.3333333333333333,0.1875,15.0,2.5
16,4,8.0,0.17777777777777778,0.1,8.0,1.3333333333333333
16,5,19.0,0.4222222222222222,0.2375,19.0,3.1666666666666665
16,6,9.0,0.2,0.1125,9.0,1.5
16,7,13.0,0.28888888888888886,0.1625,13.0,2.1666666666666665
16,8,23.0,0.5111111111111111,0.2875,23.0,3.8333333333333335
16,9,10.0,0.2222222222222222,0.125,10.0,1.6666666666666667
16,10,16.0,0.35555555555555557,0.2,16.0,2.6666666666666665
16,11,14.0,0.3111111111111111,0.175,14.0,2.3333333333333335
16,12,1.0,0.022222222222222223,0.0125,1.0,0.16666666666666666
16,13,15.0,0.3333333333333333,0.1875,15.0,2.5
16,14,14.0,0.3111111111111111,0.175,14.0,2.3333333333333335
16,15,14.0,0.3111111111111111,0.175,14.0,2.3333333333333335
16,17,15.0,0.3333333333333333,0.1875,15.0,2.5
16,18,13.0,0.28888888888888886,0.1625,13.0,2.1666666666666665
16,19,14.0,0.3111111111111111,0.175,14.0,2.3333333333333335
16,20,1.0,0.022222222222222223,0.0125,1.0,0.16666666666666666
16,21,11.0,0.24444444444444444,0.1375,11.0,1.8333333333333333
16,22,3.0,0.06666666666666667,0.0375,3.0,0.5
16,23,11.0,0.24444444444444444,0.1375,11.0,1.8333333333333333
16,24,10.0,0.2222222222222222,0.125,10.0,1.6666666666666667
16,25,9.0,0.2,0.1125,9.0,1.5
16,26,13.0,0.28888888888888886,0.1625,13.0,2.1666666666666665
16,27,9.0,0.2,0.1125,9.0,1.5
16,28,2.0,0.044444444444444446,0.025,2.0,0.3333333333333333
16,29,19.0,0.4222222222222222,0.2375,19.0,3.1666666666666665
16,30,17.0,0.37777777777777777,0.2125,17.0,2.8333333333333335
16,31,3.0,0.06666666666666667,0.0375,3.0,0.5
16,32,9.0,0.2,0.1125,9.0,1.5
16,33,21.0,0.4666666666666667,0.2625,21.0,3.5
16,34,21.0,0.4666666666666667,0.2625,21.0,3.5
16,35,17.0,0.37777777777777777,0.2125,17.0,2.8333333333333335
16,36,11.0,0.24444444444444444,0.1375,11.0,1.8333333333333333
16,37,2.0,0.044444444444444446,0.025,2.0,0.3333333333333333
16,38,10.0,0.2222222222222222,0.125,10.0,1.6666666666666667
16,39,13.0,0.28888888888888886,0.1625,13.0,2.1666666666666665
16,40,12.0,0.26666666666666666,0.15,12.0,2.0
16,41,18.0,0.4,0.225,18.0,3.0
16,42,14.0,0.3111111111111111,0.175,14.0,2.3333333333333335
16,43,14.0,0.3111111111111111,0.175,14.0,2.3333333333333335
16,44,20.0,0.4444444444444444,0.25,20.0,3.3333333333333335
16,45,3.0,0.06666666666666667,0.0375,3.0,0.5
16,46,13.0,0.28888888888888886,0.1625,13.0,2.1666666666666665
16,47,1.0,0.022222222222222223,0.0125,1.0,0.16666666666666666
16,48,3.0,0.06666666666666667,0.0375,3.0,0.5
16,49,14.0,0.3111111111111111,0.175,14.0,2.3333333333333335
16,50,4.0,0.08888888888888889,0.05,4.0,0.6666666666666666
16,51,6.0,0.13333333333333333,0.075,6.0,1.0
17,1,13.0,0.28888888888888886,0.1625,13.0,2.1666666666666665
17,2,12.0,0.26666666666666666,0.15,12.0,2.0
17,3,2.0,0.044444444444444446,0.025,2.0,0.3333333333333333
17,4,9.0,0.2,0.1125,9.0,1.5
17,5,10.0,0.2222222222222222,0.125,10.0,1.6666666666666667
17,6,7.0,0.15555555555555556,0.0875,7.0,1.1666666666666667
17,7,20.0,0.4444444444444444,0.25,20.0,3.3333333333333335
17,8,10.0,0.2222222222222222,0.125,10.0,1.6666666666666667
17,9,9.0,0.2,0.1125,9.0,1.5
17,10,1.0,0.022222222222222223,0.0125,1.0,0.16666666666666666
17,11,21.0,0.4666666666666667,0.2625,21.0,3.5
17,12,15.0,0.3333333333333333,0.1875,15.0,2.5
17,13,2.0,0.044444444444444446,0.025,2.0,0.3333333333333333
17,14,1.0,0.022222222222222223,0.0125,1.0,0.16666666666666666
17,15,2.0,0.044444444444444446,0.025,2.0,0.3333333333333333
17,16,15.0,0.3333333333333333,0.1875,15.0,2.5
17,18,20.0,0.4444444444444444,0.25,20.0,3.3333333333333335
17,19,21.0,0.4666666666666667,0.2625,21.0,3.5
17,20,16.0,0.35555555555555557,0.2,16.0,2.6666666666666665
17,21,9.0,0.2,0.1125,9.0,1.5
17,22,13.0,0.28888888888888886,0.1625,13.0,2.1666666666666665
17,23,8.0,0.17777777777777778,0.1,8.0,1.3333333333333333
17,24,10.0,0.2222222222222222,0.125,10.0,1.6666666666666667
17,25,8.0,0.17777777777777778,0.1,8.0,1.3333333333333333
17,26,20.0,0.4444444444444444,0.25,20.0,3.3333333333333335
17,27,6.0,0.13333333333333333,0.075,6.0,1.0
17,28,17.0,0.37777777777777777,0.2125,17.0,2.8333333333333335
17,29,13.0,0.28888888888888886,0.1625,13.0,2.1666666666666665
17,30,2.0,0.044444444444444446,0.025,2.0,0.3333333333333333
17,31,15.0,0.3333333333333333,0.1875,15.0,2.5
17,32,10.0,0.2222222222222222,0.125,10.0,1.6666666666666667
17,33,8.0,0.17777777777777778,0.1,8.0,1.3333333333333333
17,34,15.0,0.3333333333333333,0.1875,15.0,2.5
17,35,2.0,0.044444444444444446,0.025,2.0,0.3333333333333333
17,36,11.0,0.24444444444444444,0.1375,11.0,1.8333333333333333
17,37,16.0,0.35555555555555557,0.2,16.0,2.6666666666666665
17,38,17.0,0.37777777777777777,0.2125,17.0,2.8333333333333335
17,39,2.0,0.044444444444444446,0.025,2.0,0.3333333333333333
17,40,19.0,0.4222222222222222,0.2375,19.0,3.1666666666666665
17,41,12.0,0.26666666666666666,0.15,12.0,2.0
17,42,3.0,0.06666666666666667,0.0375,3.0,0.5
17,43,1.0,0.022222222222222223,0.0125,1.0,0.16666666666666666
17,44,10.0,0.2222222222222222,0.125,10.0,1.6666666666666667
17,45,16.0,0.35555555555555557,0.2,16.0,2.6666666666666665
17,46,10.0,0.2222222222222222,0.125,10.0,1.6666666666666667
17,47,16.0,0.35555555555555557,0.2,16.0,2.6666666666666665
17,48,18.0,0.4,0.225,18.0,3.0
17,49,21.0,0.4666666666666667,0.2625,21.0,3.5
17,50,14.0,0.3111111111111111,0.175,14.0,2.3333333333333335
17,51,10.0,0.2222222222222222,0.125,10.0,1.6666666666666667
18,1,17.0,0.37777777777777777,0.2125,17.0,2.8333333333333335
18,2,16.0,0.35555555555555557,0.2,16.0,2.6666666666666665
18,3,21.0,0.4666666666666667,0.2625,21.0,3.5
18,4,11.0,0.24444444444444444,0.1375,11.0,1.8333333333333333
18,5,14.0,0.3111111111111111,0.175,14.0,2.3333333333333335
18,6,13.0,0.28888888888888886,0.1625,13.0,2.1666666666666665
18,7,4.0,0.08888888888888889,0.05,4.0,0.6666666666666666
18,8,17.0,0.37777777777777777,0.2125,17.0,2.8333333333333335
18,9,11.0,0.24444444444444444,0.1375,11.0,1.8333333333333333
18,10,20.0,0.4444444444444444,0.25,20.0,3.3333333333333335
18,11,5.0,0.1111111111111111,0.0625,5.0,0.8333333333333334
18,12,12.0,0.26666666666666666,0.15,12.0,2.0
18,13,18.0,0.4,0.225,18.0,3.0
18,14,21.0,0.4666666666666667,0.2625,21.0,3.5
18,15,21.0,0.4666666666666667,0.2625,21.0,3.5
18,16,13.0,0.28888888888888886,0.1625,13.0,2.1666666666666665
18,17,20.0,0.4444444444444444,0.25,20.0,3.3333333333333335
18,19,2.0,0.044444444444444446,0.025,2.0,0.3333333333333333
18,20,12.0,0.26666666666666666,0.15,12.0,2.0
18,21,11.0,0.24444444444444444,0.1375,11.0,1.8333333333333333
18,22,10.0,0.2222222222222222,0.125,10.0,1.6666666666666667
18,23,12.0,0.26666666666666666,0.15,12.0,2.0
18,24,10.0,0.2222222222222222,0.125,10.0,1.6666666666666667
18,25,12.0,0.26666666666666666,0.15,12.0,2.0
18,26,7.0,0.15555555555555556,0.0875,7.0,1.1666666666666667
18,27,14.0,0.3111111111111111,0.175,14.0,2.3333333333333335
18,28,13.0,0.28888888888888886,0.1625,13.0,2.1666666666666665
18,29,14.0,0.3111111111111111,0.175,14.0,2.3333333333333335
18,30,18.0,0.4,0.225,18.0,3.0
18,31,10.0,0.2222222222222222,0.125,10.0,1.6666666666666667
18,32,10.0,0.2222222222222222,0.125,10.0,1.6666666666666667
18,33,15.0,0.3333333333333333,0.1875,15.0,2.5
18,34,15.0,0.3333333333333333,0.1875,15.0,2.5
18,35,20.0,0.4444444444444444,0.25,20.0,3.3333333333333335
18,36,9.0,0.2,0.1125,9.0,1.5
18,37,11.0,0.24444444444444444,0.1375,11.0,1.8333333333333333
18,38,3.0,0.06666666666666667,0.0375,3.0,0.5
18,39,20.0,0.4444444444444444,0.25,20.0,3.3333333333333335
18,40,1.0,0.022222222222222223,0.0125,1.0,0.16666666666666666
18,41,13.0,0.28888888888888886,0.1625,13.0,2.1666666666666665
18,42,22.0,0.4888888888888889,0.275,22.0,3.6666666666666665
18,43,19.0,0.4222222222222222,0.2375,19.0,3.1666666666666665
18,44,14.0,0.3111111111111111,0.175,14.0,2.3333333333333335
18,45,10.0,0.2222222222222222,0.125,10.0,1.6666666666666667
18,46,10.0,0.2222222222222222,0.125,10.0,1.6666666666666667
18,47,12.0,0.26666666666666666,0.15,12.0,2.0
18,48,12.0,0.26666666666666666,0.15,12.0,2.0
18,49,6.0,0.13333333333333333,0.075,6.0,1.0
18,50,9.0,0.2,0.1125,9.0,1.5
18,51,17.0,0.37777777777777777,0.2125,17.0,2.8333333333333335
19,1,19.0,0.4222222222222222,0.2375,19.0,3.1666666666666665
19,2,18.0,0.4,0.225,18.0,3.0
19,3,23.0,0.5111111111111111,0.2875,23.0,3.8333333333333335
19,4,13.0,0.28888888888888886,0.1625,13.0,2.1666666666666665
19,5,15.0,0.3333333333333333,0.1875,15.0,2.5
19,6,15.0,0.3333333333333333,0.1875,15.0,2.5
19,7,2.0,0.044444444444444446,0.025,2.0,0.3333333333333333
19,8,19.0,0.4222222222222222,0.2375,19.0,3.1666666666666665
19,9,13.0,0.28888888888888886,0.1625,13.0,2.1666666666666665
19,10,22.0,0.4888888888888889,0.275,22.0,3.6666666666666665
19,11,4.0,0.08888888888888889,0.05,4.0,0.6666666666666666
19,12,13.0,0.28888888888888886,0.1625,13.0,2.1666666666666665
19,13,20.0,0.4444444444444444,0.25,20.0,3.3333333333333335
19,14,22.0,0.4888888888888889,0.275,22.0,3.6666666666666665
19,15,23.0,0.5111111111111111,0.2875,23.0,3.8333333333333335
19,16,14.0,0.3111111111111111,0.175,14.0,2.3333333333333335
19,17,21.0,0.4666666666666667,0.2625,21.0,3.5
19,18,2.0,0.044444444444444446,0.025,2.0,0.3333333333333333
19,20,13.0,0.28888888888888886,0.1625,13.0,2.1666666666666665
19,21,12.0,0.26666666666666666,0.15,12.0,2.0
19,22,12.0,0.26666666666666666,0.15,12.0,2.0
19,23,14.0,0.3111111111111111,0.175,14.0,2.3333333333333335
19,24,11.0,0.24444444444444444,0.1375,11.0,1.8333333333333333
19,25,14.0,0.3111111111111111,0.175,14.0,2.3333333333333335
19,26,5.0,0.1111111111111111,0.0625,5.0,0.8333333333333334
19,27,15.0,0.3333333333333333,0.1875,15.0,2.5
19,28,14.0,0.3111111111111111,0.175,14.0,2.3333333333333335
19,29,15.0,0.3333333333333333,0.1875,15.0,2.5
19,30,20.0,0.4444444444444444,0.25,20.0,3.3333333333333335
19,31,12.0,0.26666666666666666,0.15,12.0,2.0
19,32,12.0,0.26666666666666666,0.15,12.0,2.0
19,33,17.0,0.37777777777777777,0.2125,17.0,2.8333333333333335
19,34,17.0,0.37777777777777777,0.2125,17.0,2.8333333333333335
19,35,21.0,0.4666666666666667,0.2625,21.0,3.5
19,36,10.0,0.2222222222222222,0.125,10.0,1.6666666666666667
19,37,12.0,0.26666666666666666,0.15,12.0,2.0
19,38,4.0,0.08888888888888889,0.05,4.0,0.6666666666666666
19,39,21.0,0.4666666666666667,0.2625,21.0,3.5
19,40,3.0,0.06666666666666667,0.0375,3.0,0.5
19,41,14.0,0.3111111111111111,0.175,14.0,2.3333333333333335
19,42,24.0,0.5333333333333333,0.3,24.0,4.0
19,43,20.0,0.4444444444444444,0.25,20.0,3.3333333333333335
19,44,16.0,0.35555555555555557,0.2,16.0,2.6666666666666665
19,45,11.0,0.24444444444444444,0.1375,11.0,1.8333333333333333
19,46,12.0,0.26666666666666666,0.15,12.0,2.0
19,47,14.0,0.3111111111111111,0.175,14.0,2.3333333333333335
19,48,14.0,0.3111111111111111,0.175,14.0,2.3333333333333335
19,49,4.0,0.08888888888888889,0.05,4.0,0.6666666666666666
19,50,11.0,0.24444444444444444,0.1375,11.0,1.8333333333333333
19,51,19.0,0.4222222222222222,0.2375,19.0,3.1666666666666665
20,1,24.0,0.5333333333333333,0.3,24.0,4.0
20,2,23.0,0.5111111111111111,0.2875,23.0,3.8333333333333335
20,3,16.0,0.35555555555555557,0.2,16.0,2.6666666666666665
20,4,9.0,0.2,0.1125,9.0,1.5
20,5,20.0,0.4444444444444444,0.25,20.0,3.3333333333333335
20,6,10.0,0.2222222222222222,0.125,10.0,1.6666666666666667
20,7,12.0,0.26666666666666666,0.15,12.0,2.0
20,8,24.0,0.5333333333333333,0.3,24.0,4.0
20,9,11.0,0.24444444444444444,0.1375,11.0,1.8333333333333333
20,10,17.0,0.37777777777777777,0.2125,17.0,2.8333333333333335
20,11,13.0,0.28888888888888886,0.1625,13.0,2.1666666666666665
20,12,2.0,0.044444444444444446,0.025,2.0,0.3333333333333333
20,13,16.0,0.35555555555555557,0.2,16.0,2.6666666666666665
20,14,15.0,0.3333333333333333,0.1875,15.0,2.5
20,15,15.0,0.3333333333333333,0.1875,15.0,2.5
20,16,1.0,0.022222222222222223,0.0125,1.0,0.16666666666666666
20,17,16.0,0.35555555555555557,0.2,16.0,2.6666666666666665
20,18,12.0,0.26666666666666666,0.15,12.0,2.0
20,19,13.0,0.28888888888888886,0.1625,13.0,2.1666666666666665
20,21,12.0,0.26666666666666666,0.15,12.0,2.0
20,22,3.0,0.06666666666666667,0.0375,3.0,0.5
20,23,12.0,0.26666666666666666,0.15,12.0,2.0
20,24,11.0,0.24444444444444444,0.1375,11.0,1.8333333333333333
20,25,10.0,0.2222222222222222,0.125,10.0,1.6666666666666667
20,26,12.0,0.26666666666666666,0.15,12.0,2.0
20,27,10.0,0.2222222222222222,0.125,10.0,1.6666666666666667
20,28,1.0,0.022222222222222223,0.0125,1.0,0.16666666666666666
20,29,20.0,0.4444444444444444,0.25,20.0,3.3333333333333335
20,30,18.0,0.4,0.225,18.0,3.0
20,31,2.0,0.044444444444444446,0.025,2.0,0.3333333333333333
20,32,10.0,0.2222222222222222,0.125,10.0,1.6666666666666667
20,33,22.0,0.4888888888888889,0.275,22.0,3.6666666666666665
20,34,22.0,0.4888888888888889,0.275,22.0,3.6666666666666665
20,35,18.0,0.4,0.225,18.0,3.0
20,36,12.0,0.26666666666666666,0.15,12.0,2.0
20,37,1.0,0.022222222222222223,0.0125,1.0,0.16666666666666666
20,38,9.0,0.2,0.1125,9.0,1.5
20,39,14.0,0.3111111111111111,0.175,14.0,2.3333333333333335
20,40,11.0,0.24444444444444444,0.1375,11.0,1.8333333333333333
20,41,19.0,0.4222222222222222,0.2375,19.0,3.1666666666666665
20,42,15.0,0.3333333333333333,0.1875,15.0,2.5
20,43,15.0,0.3333333333333333,0.1875,15.0,2.5
20,44,21.0,0.4666666666666667,0.2625,21.0,3.5
20,45,2.0,0.044444444444444446,0.025,2.0,0.3333333333333333
20,46,14.0,0.3111111111111111,0.175,14.0,2.3333333333333335
20,47,1.0,0.022222222222222223,0.0125,1.0,0.16666666666666666
20,48,2.0,0.044444444444444446,0.025,2.0,0.3333333333333333
20,49,13.0,0.28888888888888886,0.1625,13.0,2.1666666666666665
20,50,3.0,0.06666666666666667,0.0375,3.0,0.5
20,51,7.0,0.15555555555555556,0.0875,7.0,1.1666666666666667
21,1,12.0,0.26666666666666666,0.15,12.0,2.0
21,2,11.0,0.24444444444444444,0.1375,11.0,1.8333333333333333
21,3,11.0,0.24444444444444444,0.1375,11.0,1.8333333333333333
21,4,3.0,0.06666666666666667,0.0375,3.0,0.5
21,5,9.0,0.2,0.1125,9.0,1.5
21,6,3.0,0.06666666666666667,0.0375,3.0,0.5
21,7,11.0,0.24444444444444444,0.1375,11.0,1.8333333333333333
21,8,12.0,0.26666666666666666,0.15,12.0,2.0
21,9,1.0,0.022222222222222223,0.0125,1.0,0.16666666666666666
21,10,10.0,0.2222222222222222,0.125,10.0,1.6666666666666667
21,11,12.0,0.26666666666666666,0.15,12.0,2.0
21,12,11.0,0.24444444444444444,0.1375,11.0,1.8333333333333333
21,13,8.0,0.17777777777777778,0.1,8.0,1.3333333333333333
21,14,10.0,0.2222222222222222,0.125,10.0,1.6666666666666667
21,15,11.0,0.24444444444444444,0.1375,11.0,1.8333333333333333
21,16,11.0,0.24444444444444444,0.1375,11.0,1.8333333333333333
21,17,9.0,0.2,0.1125,9.0,1.5
21,18,11.0,0.24444444444444444,0.1375,11.0,1.8333333333333333
21,19,12.0,0.26666666666666666,0.15,12.0,2.0
21,20,12.0,0.26666666666666666,0.15,12.0,2.0
21,22,9.0,0.2,0.1125,9.0,1.5
21,23,2.0,0.044444444444444446,0.025,2.0,0.3333333333333333
21,24,1.0,0.022222222222222223,0.0125,1.0,0.16666666666666666
21,25,2.0,0.044444444444444446,0.025,2.0,0.3333333333333333
21,26,12.0,0.26666666666666666,0.15,12.0,2.0
21,27,3.0,0.06666666666666667,0.0375,3.0,0.5
21,28,13.0,0.28888888888888886,0.1625,13.0,2.1666666666666665
21,29,9.0,0.2,0.1125,9.0,1.5
21,30,8.0,0.17777777777777778,0.1,8.0,1.3333333333333333
21,31,11.0,0.24444444444444444,0.1375,11.0,1.8333333333333333
21,32,2.0,0.044444444444444446,0.025,2.0,0.3333333333333333
21,33,10.0,0.2222222222222222,0.125,10.0,1.6666666666666667
21,34,10.0,0.2222222222222222,0.125,10.0,1.6666666666666667
21,35,9.0,0.2,0.1125,9.0,1.5
21,36,2.0,0.044444444444444446,0.025,2.0,0.3333333333333333
21,37,12.0,0.26666666666666666,0.15,12.0,2.0
21,38,8.0,0.17777777777777778,0.1,8.0,1.3333333333333333
21,39,9.0,0.2,0.1125,9.0,1.5
21,40,10.0,0.2222222222222222,0.125,10.0,1.6666666666666667
21,41,8.0,0.17777777777777778,0.1,8.0,1.3333333333333333
21,42,12.0,0.26666666666666666,0.15,12.0,2.0
21,43,8.0,0.17777777777777778,0.1,8.0,1.3333333333333333
21,44,9.0,0.2,0.1125,9.0,1.5
21,45,11.0,0.24444444444444444,0.1375,11.0,1.8333333333333333
21,46,2.0,0.044444444444444446,0.025,2.0,0.3333333333333333
21,47,11.0,0.24444444444444444,0.1375,11.0,1.8333333333333333
21,48,14.0,0.3111111111111111,0.175,14.0,2.3333333333333335
21,49,12.0,0.26666666666666666,0.15,12.0,2.0
21,50,10.0,0.2222222222222222,0.125,10.0,1.6666666666666667
21,51,7.0,0.15555555555555556,0.0875,7.0,1.1666666666666667
22,1,21.0,0.4666666666666667,0.2625,21.0,3.5
22,2,20.0,0.4444444444444444,0.25,20.0,3.3333333333333335
22,3,13.0,0.28888888888888886,0.1625,13.0,2.1666666666666665
22,4,6.0,0.13333333333333333,0.075,6.0,1.0
22,5,17.0,0.37777777777777777,0.2125,17.0,2.8333333333333335
22,6,7.0,0.15555555555555556,0.0875,7.0,1.1666666666666667
22,7,10.0,0.2222222222222222,0.125,10.0,1.6666666666666667
22,8,21.0,0.4666666666666667,0.2625,21.0,3.5
22,9,8.0,0.17777777777777778,0.1,8.0,1.3333333333333333
22,10,14.0,0.3111111111111111,0.175,14.0,2.3333333333333335
22,11,12.0,0.26666666666666666,0.15,12.0,2.0
22,12,2.0,0.044444444444444446,0.025,2.0,0.3333333333333333
22,13,13.0,0.28888888888888886,0.1625,13.0,2.1666666666666665
22,14,12.0,0.26666666666666666,0.15,12.0,2.0
22,15,12.0,0.26666666666666666,0.15,12.0,2.0
22,16,3.0,0.06666666666666667,0.0375,3.0,0.5
22,17,13.0,0.28888888888888886,0.1625,13.0,2.1666666666666665
22,18,10.0,0.2222222222222222,0.125,10.0,1.6666666666666667
22,19,12.0,0.26666666666666666,0.15,12.0,2.0
22,20,3.0,0.06666666666666667,0.0375,3.0,0.5
22,21,9.0,0.2,0.1125,9.0,1.5
22,23,9.0,0.2,0.1125,9.0,1.5
22,24,8.0,0.17777777777777778,0.1,8.0,1.3333333333333333
22,25,7.0,0.15555555555555556,0.0875,7.0,1.1666666666666667
22,26,10.0,0.2222222222222222,0.125,10.0,1.6666666666666667
22,27,7.0,0.15555555555555556,0.0875,7.0,1.1666666666666667
22,28,4.0,0.08888888888888889,0.05,4.0,0.6666666666666666
22,29,17.0,0.37777777777777777,0.2125,17.0,2.8333333333333335
22,30,15.0,0.3333333333333333,0.1875,15.0,2.5
22,31,2.0,0.044444444444444446,0.025,2.0,0.3333333333333333
22,32,7.0,0.15555555555555556,0.0875,7.0,1.1666666666666667
22,33,19.0,0.4222222222222222,0.2375,19.0,3.1666666666666665
22,34,19.0,0.4222222222222222,0.2375,19.0,3.1666666666666665
22,35,15.0,0.3333333333333333,0.1875,15.0,2.5
22,36,9.0,0.2,0.1125,9.0,1.5
22,37,3.0,0.06666666666666667,0.0375,3.0,0.5
22,38,8.0,0.17777777777777778,0.1,8.0,1.3333333333333333
22,39,11.0,0.24444444444444444,0.1375,11.0,1.8333333333333333
22,40,9.0,0.2,0.1125,9.0,1.5
22,41,16.0,0.35555555555555557,0.2,16.0,2.6666666666666665
22,42,12.0,0.26666666666666666,0.15,12.0,2.0
22,43,12.0,0.26666666666666666,0.15,12.0,2.0
22,44,18.0,0.4,0.225,18.0,3.0
22,45,3.0,0.06666666666666667,0.0375,3.0,0.5
22,46,11.0,0.24444444444444444,0.1375,11.0,1.8333333333333333
22,47,3.0,0.06666666666666667,0.0375,3.0,0.5
22,48,5.0,0.1111111111111111,0.0625,5.0,0.8333333333333334
22,49,11.0,0.24444444444444444,0.1375,11.0,1.8333333333333333
22,50,1.0,0.022222222222222223,0.0125,1.0,0.16666666666666666
22,51,7.0,0.15555555555555556,0.0875,7.0,1.1666666666666667
23,1,12.0,0.26666666666666666,0.15,12.0,2.0
23,2,11.0,0.24444444444444444,0.1375,11.0,1.8333333333333333
23,3,9.0,0.2,0.1125,9.0,1.5
23,4,3.0,0.06666666666666667,0.0375,3.0,0.5
23,5,9.0,0.2,0.1125,9.0,1.5
23,6,3.0,0.06666666666666667,0.0375,3.0,0.5
23,7,12.0,0.26666666666666666,0.15,12.0,2.0
23,8,12.0,0.26666666666666666,0.15,12.0,2.0
23,9,1.0,0.022222222222222223,0.0125,1.0,0.16666666666666666
23,10,9.0,0.2,0.1125,9.0,1.5
23,11,14.0,0.3111111111111111,0.175,14.0,2.3333333333333335
23,12,11.0,0.24444444444444444,0.1375,11.0,1.8333333333333333
23,13,6.0,0.13333333333333333,0.075,6.0,1.0
23,14,9.0,0.2,0.1125,9.0,1.5
23,15,10.0,0.2222222222222222,0.125,10.0,1.6666666666666667
23,16,11.0,0.24444444444444444,0.1375,11.0,1.8333333333333333
23,17,8.0,0.17777777777777778,0.1,8.0,1.3333333333333333
23,18,12.0,0.26666666666666666,0.15,12.0,2.0
23,19,14.0,0.3111111111111111,0.175,14.0,2.3333333333333335
23,20,12.0,0.26666666666666666,0.15,12.0,2.0
23,21,2.0,0.044444444444444446,0.025,2.0,0.3333333333333333
23,22,9.0,0.2,0.1125,9.0,1.5
23,24,3.0,0.06666666666666667,0.0375,3.0,0.5
23,25,2.0,0.044444444444444446,0.025,2.0,0.3333333333333333
23,26,12.0,0.26666666666666666,0.15,12.0,2.0
23,27,2.0,0.044444444444444446,0.025,2.0,0.3333333333333333
23,28,13.0,0.28888888888888886,0.1625,13.0,2.1666666666666665
23,29,9.0,0.2,0.1125,9.0,1.5
23,30,7.0,0.15555555555555556,0.0875,7.0,1.1666666666666667
23,31,11.0,0.24444444444444444,0.1375,11.0,1.8333333333333333
23,32,2.0,0.044444444444444446,0.025,2.0,0.3333333333333333
23,33,10.0,0.2222222222222222,0.125,10.0,1.6666666666666667
23,34,10.0,0.2222222222222222,0.125,10.0,1.6666666666666667
23,35,8.0,0.17777777777777778,0.1,8.0,1.3333333333333333
23,36,4.0,0.08888888888888889,0.05,4.0,0.6666666666666666
23,37,12.0,0.26666666666666666,0.15,12.0,2.0
23,38,10.0,0.2222222222222222,0.125,10.0,1.6666666666666667
23,39,8.0,0.17777777777777778,0.1,8.0,1.3333333333333333
23,40,11.0,0.24444444444444444,0.1375,11.0,1.8333333333333333
23,41,8.0,0.17777777777777778,0.1,8.0,1.3333333333333333
23,42,10.0,0.2222222222222222,0.125,10.0,1.6666666666666667
23,43,7.0,0.15555555555555556,0.0875,7.0,1.1666666666666667
23,44,9.0,0.2,0.1125,9.0,1.5
23,45,11.0,0.24444444444444444,0.1375,11.0,1.8333333333333333
23,46,2.0,0.044444444444444446,0.025,2.0,0.3333333333333333
23,47,11.0,0.24444444444444444,0.1375,11.0,1.8333333333333333
23,48,14.0,0.3111111111111111,0.175,14.0,2.3333333333333335
23,49,13.0,0.28888888888888886,0.1625,13.0,2.1666666666666665
23,50,10.0,0.2222222222222222,0.125,10.0,1.6666666666666667
23,51,5.0,0.1111111111111111,0.0625,5.0,0.8333333333333334
24,1,13.0,0.28888888888888886,0.1625,13.0,2.1666666666666665
24,2,12.0,0.26666666666666666,0.15,12.0,2.0
24,3,12.0,0.26666666666666666,0.15,12.0,2.0
24,4,2.0,0.044444444444444446,0.025,2.0,0.3333333333333333
24,5,10.0,0.2222222222222222,0.125,10.0,1.6666666666666667
24,6,4.0,0.08888888888888889,0.05,4.0,0.6666666666666666
24,7,10.0,0.2222222222222222,0.125,10.0,1.6666666666666667
24,8,13.0,0.28888888888888886,0.1625,13.0,2.1666666666666665
24,9,2.0,0.044444444444444446,0.025,2.0,0.3333333333333333
24,10,11.0,0.24444444444444444,0.1375,11.0,1.8333333333333333
24,11,11.0,0.24444444444444444,0.1375,11.0,1.8333333333333333
24,12,10.0,0.2222222222222222,0.125,10.0,1.6666666666666667
24,13,9.0,0.2,0.1125,9.0,1.5
24,14,11.0,0.24444444444444444,0.1375,11.0,1.8333333333333333
24,15,12.0,0.26666666666666666,0.15,12.0,2.0
24,16,10.0,0.2222222222222222,0.125,10.0,1.6666666666666667
24,17,10.0,0.2222222222222222,0.125,10.0,1.6666666666666667
24,18,10.0,0.2222222222222222,0.125,10.0,1.6666666666666667
24,19,11.0,0.24444444444444444,0.1375,11.0,1.8333333333333333
24,20,11.0,0.24444444444444444,0.1375,11.0,1.8333333333333333
24,21,1.0,0.022222222222222223,0.0125,1.0,0.16666666666666666
24,22,8.0,0.17777777777777778,0.1,8.0,1.3333333333333333
24,23,3.0,0.06666666666666667,0.0375,3.0,0.5
24,25,3.0,0.06666666666666667,0.0375,3.0,0.5
24,26,11.0,0.24444444444444444,0.1375,11.0,1.8333333333333333
24,27,4.0,0.08888888888888889,0.05,4.0,0.6666666666666666
24,28,12.0,0.26666666666666666,0.15,12.0,2.0
24,29,10.0,0.2222222222222222,0.125,10.0,1.6666666666666667
24,30,9.0,0.2,0.1125,9.0,1.5
24,31,10.0,0.2222222222222222,0.125,10.0,1.6666666666666667
24,32,1.0,0.022222222222222223,0.0125,1.0,0.16666666666666666
24,33,11.0,0.24444444444444444,0.1375,11.0,1.8333333333333333
24,34,11.0,0.24444444444444444,0.1375,11.0,1.8333333333333333
24,35,10.0,0.2222222222222222,0.125,10.0,1.6666666666666667
24,36,1.0,0.022222222222222223,0.0125,1.0,0.16666666666666666
24,37,11.0,0.24444444444444444,0.1375,11.0,1.8333333333333333
24,38,7.0,0.15555555555555556,0.0875,7.0,1.1666666666666667
24,39,10.0,0.2222222222222222,0.125,10.0,1.6666666666666667
24,40,9.0,0.2,0.1125,9.0,1.5
24,41,9.0,0.2,0.1125,9.0,1.5
24,42,13.0,0.28888888888888886,0.1625,13.0,2.1666666666666665
24,43,9.0,0.2,0.1125,9.0,1.5
24,44,10.0,0.2222222222222222,0.125,10.0,1.6666666666666667
24,45,10.0,0.2222222222222222,0.125,10.0,1.6666666666666667
24,46,3.0,0.06666666666666667,0.0375,3.0,0.5
24,47,10.0,0.2222222222222222,0.125,10.0,1.6666666666666667
24,48,13.0,0.28888888888888886,0.1625,13.0,2.1666666666666665
24,49,11.0,0.24444444444444444,0.1375,11.0,1.8333333333333333
24,50,9.0,0.2,0.1125,9.0,1.5
24,51,8.0,0.17777777777777778,0.1,8.0,1.3333333333333333
25,1,14.0,0.3111111111111111,0.175,14.0,2.3333333333333335
25,2,13.0,0.28888888888888886,0.1625,13.0,2.1666666666666665
25,3,9.0,0.2,0.1125,9.0,1.5
25,4,1.0,0.022222222222222223,0.0125,1.0,0.16666666666666666
25,5,10.0,0.2222222222222222,0.125,10.0,1.6666666666666667
25,6,1.0,0.022222222222222223,0.0125,1.0,0.16666666666666666
25,7,12.0,0.26666666666666666,0.15,12.0,2.0
25,8,14.0,0.3111111111111111,0.175,14.0,2.3333333333333335
25,9,1.0,0.022222222222222223,0.0125,1.0,0.16666666666666666
25,10,8.0,0.17777777777777778,0.1,8.0,1.3333333333333333
25,11,14.0,0.3111111111111111,0.175,14.0,2.3333333333333335
25,12,9.0,0.2,0.1125,9.0,1.5
25,13,6.0,0.13333333333333333,0.075,6.0,1.0
25,14,9.0,0.2,0.1125,9.0,1.5
25,15,9.0,0.2,0.1125,9.0,1.5
25,16,9.0,0.2,0.1125,9.0,1.5
25,17,8.0,0.17777777777777778,0.1,8.0,1.3333333333333333
25,18,12.0,0.26666666666666666,0.15,12.0,2.0
25,19,14.0,0.3111111111111111,0.175,14.0,2.3333333333333335
25,20,10.0,0.2222222222222222,0.125,10.0,1.6666666666666667
25,21,2.0,0.044444444444444446,0.025,2.0,0.3333333333333333
25,22,7.0,0.15555555555555556,0.0875,7.0,1.1666666666666667
25,23,2.0,0.044444444444444446,0.025,2.0,0.3333333333333333
25,24,3.0,0.06666666666666667,0.0375,3.0,0.5
25,26,12.0,0.26666666666666666,0.15,12.0,2.0
25,27,2.0,0.044444444444444446,0.025,2.0,0.3333333333333333
25,28,11.0,0.24444444444444444,0.1375,11.0,1.8333333333333333
25,29,10.0,0.2222222222222222,0.125,10.0,1.6666666666666667
25,30,8.0,0.17777777777777778,0.1,8.0,1.3333333333333333
25,31,9.0,0.2,0.1125,9.0,1.5
25,32,2.0,0.044444444444444446,0.025,2.0,0.3333333333333333
25,33,12.0,0.26666666666666666,0.15,12.0,2.0
25,34,12.0,0.26666666666666666,0.15,12.0,2.0
25,35,8.0,0.17777777777777778,0.1,8.0,1.3333333333333333
25,36,4.0,0.08888888888888889,0.05,4.0,0.6666666666666666
25,37,10.0,0.2222222222222222,0.125,10.0,1.6666666666666667
25,38,10.0,0.2222222222222222,0.125,10.0,1.6666666666666667
25,39,8.0,0.17777777777777778,0.1,8.0,1.3333333333333333
25,40,11.0,0.24444444444444444,0.1375,11.0,1.8333333333333333
25,41,9.0,0.2,0.1125,9.0,1.5
25,42,10.0,0.2222222222222222,0.125,10.0,1.6666666666666667
25,43,7.0,0.15555555555555556,0.0875,7.0,1.1666666666666667
25,44,11.0,0.24444444444444444,0.1375,11.0,1.8333333333333333
25,45,10.0,0.2222222222222222,0.125,10.0,1.6666666666666667
25,46,4.0,0.08888888888888889,0.05,4.0,0.6666666666666666
25,47,10.0,0.2222222222222222,0.125,10.0,1.6666666666666667
25,48,12.0,0.26666666666666666,0.15,12.0,2.0
25,49,13.0,0.28888888888888886,0.1625,13.0,2.1666666666666665
25,50,8.0,0.17777777777777778,0.1,8.0,1.3333333333333333
25,51,5.0,0.1111111111111111,0.0625,5.0,0.8333333333333334
26,1,24.0,0.5333333333333333,0.3,24.0,4.0
26,2,23.0,0.5111111111111111,0.2875,23.0,3.8333333333333335
26,3,21.0,0.4666666666666667,0.2625,21.0,3.5
26,4,11.0,0.24444444444444444,0.1375,11.0,1.8333333333333333
26,5,20.0,0.4444444444444444,0.25,20.0,3.3333333333333335
26,6,13.0,0.28888888888888886,0.1625,13.0,2.1666666666666665
26,7,4.0,0.08888888888888889,0.05,4.0,0.6666666666666666
26,8,24.0,0.5333333333333333,0.3,24.0,4.0
26,9,11.0,0.24444444444444444,0.1375,11.0,1.8333333333333333
26,10,20.0,0.4444444444444444,0.25,20.0,3.3333333333333335
26,11,2.0,0.044444444444444446,0.025,2.0,0.3333333333333333
26,12,12.0,0.26666666666666666,0.15,12.0,2.0
26,13,18.0,0.4,0.225,18.0,3.0
26,14,21.0,0.4666666666666667,0.2625,21.0,3.5
26,15,21.0,0.4666666666666667,0.2625,21.0,3.5
26,16,13.0,0.28888888888888886,0.1625,13.0,2.1666666666666665
26,17,20.0,0.4444444444444444,0.25,20.0,3.3333333333333335
26,18,7.0,0.15555555555555556,0.0875,7.0,1.1666666666666667
26,19,5.0,0.1111111111111111,0.0625,5.0,0.8333333333333334
26,20,12.0,0.26666666666666666,0.15,12.0,2.0
26,21,12.0,0.26666666666666666,0.15,12.0,2.0
26,22,10.0,0.2222222222222222,0.125,10.0,1.6666666666666667
26,23,12.0,0.26666666666666666,0.15,12.0,2.0
26,24,11.0,0.24444444444444444,0.1375,11.0,1.8333333333333333
26,25,12.0,0.26666666666666666,0.15,12.0,2.0
26,27,14.0,0.3111111111111111,0.175,14.0,2.3333333333333335
26,28,13.0,0.28888888888888886,0.1625,13.0,2.1666666666666665
26,29,20.0,0.4444444444444444,0.25,20.0,3.3333333333333335
26,30,18.0,0.4,0.225,18.0,3.0
26,31,10.0,0.2222222222222222,0.125,10.0,1.6666666666666667
26,32,10.0,0.2222222222222222,0.125,10.0,1.6666666666666667
26,33,22.0,0.4888888888888889,0.275,22.0,3.6666666666666665
26,34,22.0,0.4888888888888889,0.275,22.0,3.6666666666666665
26,35,20.0,0.4444444444444444,0.25,20.0,3.3333333333333335
26,36,12.0,0.26666666666666666,0.15,12.0,2.0
26,37,11.0,0.24444444444444444,0.1375,11.0,1.8333333333333333
26,38,5.0,0.1111111111111111,0.0625,5.0,0.8333333333333334
26,39,20.0,0.4444444444444444,0.25,20.0,3.3333333333333335
26,40,6.0,0.13333333333333333,0.075,6.0,1.0
26,41,19.0,0.4222222222222222,0.2375,19.0,3.1666666666666665
26,42,22.0,0.4888888888888889,0.275,22.0,3.6666666666666665
26,43,19.0,0.4222222222222222,0.2375,19.0,3.1666666666666665
26,44,21.0,0.4666666666666667,0.2625,21.0,3.5
26,45,10.0,0.2222222222222222,0.125,10.0,1.6666666666666667
26,46,14.0,0.3111111111111111,0.175,14.0,2.3333333333333335
26,47,12.0,0.26666666666666666,0.15,12.0,2.0
26,48,12.0,0.26666666666666666,0.15,12.0,2.0
26,49,1.0,0.022222222222222223,0.0125,1.0,0.16666666666666666
26,50,9.0,0.2,0.1125,9.0,1.5
26,51,17.0,0.37777777777777777,0.2125,17.0,2.8333333333333335
27,1,14.0,0.3111111111111111,0.175,14.0,2.3333333333333335
27,2,13.0,0.28888888888888886,0.1625,13.0,2.1666666666666665
27,3,8.0,0.17777777777777778,0.1,8.0,1.3333333333333333
27,4,3.0,0.06666666666666667,0.0375,3.0,0.5
27,5,10.0,0.2222222222222222,0.125,10.0,1.6666666666666667
27,6,1.0,0.022222222222222223,0.0125,1.0,0.16666666666666666
27,7,14.0,0.3111111111111111,0.175,14.0,2.3333333333333335
27,8,14.0,0.3111111111111111,0.175,14.0,2.3333333333333335
27,9,3.0,0.06666666666666667,0.0375,3.0,0.5
27,10,7.0,0.15555555555555556,0.0875,7.0,1.1666666666666667
27,11,15.0,0.3333333333333333,0.1875,15.0,2.5
27,12,9.0,0.2,0.1125,9.0,1.5
27,13,6.0,0.13333333333333333,0.075,6.0,1.0
27,14,7.0,0.15555555555555556,0.0875,7.0,1.1666666666666667
27,15,8.0,0.17777777777777778,0.1,8.0,1.3333333333333333
27,16,9.0,0.2,0.1125,9.0,1.5
27,17,6.0,0.13333333333333333,0.075,6.0,1.0
27,18,14.0,0.3111111111111111,0.175,14.0,2.3333333333333335
27,19,15.0,0.3333333333333333,0.1875,15.0,2.5
27,20,10.0,0.2222222222222222,0.125,10.0,1.6666666666666667
27,21,3.0,0.06666666666666667,0.0375,3.0,0.5
27,22,7.0,0.15555555555555556,0.0875,7.0,1.1666666666666667
27,23,2.0,0.044444444444444446,0.025,2.0,0.3333333333333333
27,24,4.0,0.08888888888888889,0.05,4.0,0.6666666666666666
27,25,2.0,0.044444444444444446,0.025,2.0,0.3333333333333333
27,26,14.0,0.3111111111111111,0.175,14.0,2.3333333333333335
27,28,11.0,0.24444444444444444,0.1375,11.0,1.8333333333333333
27,29,10.0,0.2222222222222222,0.125,10.0,1.6666666666666667
27,30,8.0,0.17777777777777778,0.1,8.0,1.3333333333333333
27,31,9.0,0.2,0.1125,9.0,1.5
27,32,4.0,0.08888888888888889,0.05,4.0,0.6666666666666666
27,33,12.0,0.26666666666666666,0.15,12.0,2.0
27,34,12.0,0.26666666666666666,0.15,12.0,2.0
27,35,8.0,0.17777777777777778,0.1,8.0,1.3333333333333333
27,36,5.0,0.1111111111111111,0.0625,5.0,0.8333333333333334
27,37,10.0,0.2222222222222222,0.125,10.0,1.6666666666666667
27,38,11.0,0.24444444444444444,0.1375,11.0,1.8333333333333333
27,39,6.0,0.13333333333333333,0.075,6.0,1.0
27,40,13.0,0.28888888888888886,0.1625,13.0,2.1666666666666665
27,41,9.0,0.2,0.1125,9.0,1.5
27,42,9.0,0.2,0.1125,9.0,1.5
27,43,5.0,0.1111111111111111,0.0625,5.0,0.8333333333333334
27,44,11.0,0.24444444444444444,0.1375,11.0,1.8333333333333333
27,45,10.0,0.2222222222222222,0.125,10.0,1.6666666666666667
27,46,4.0,0.08888888888888889,0.05,4.0,0.6666666666666666
27,47,10.0,0.2222222222222222,0.125,10.0,1.6666666666666667
27,48,12.0,0.26666666666666666,0.15,12.0,2.0
27,49,15.0,0.3333333333333333,0.1875,15.0,2.5
27,50,8.0,0.17777777777777778,0.1,8.0,1.3333333333333333
27,51,4.0,0.08888888888888889,0.05,4.0,0.6666666666666666
28,1,25.0,0.5555555555555556,0.3125,25.0,4.166666666666667
28,2,24.0,0.5333333333333333,0.3,24.0,4.0
28,3,17.0,0.37777777777777777,0.2125,17.0,2.8333333333333335
28,4,10.0,0.2222222222222222,0.125,10.0,1.6666666666666667
28,5,21.0,0.4666666666666667,0.2625,21.0,3.5
28,6,11.0,0.24444444444444444,0.1375,11.0,1.8333333333333333
28,7,13.0,0.28888888888888886,0.1625,13.0,2.1666666666666665
28,8,25.0,0.5555555555555556,0.3125,25.0,4.166666666666667
28,9,12.0,0.26666666666666666,0.15,12.0,2.0
28,10,18.0,0.4,0.225,18.0,3.0
28,11,14.0,0.3111111111111111,0.175,14.0,2.3333333333333335
28,12,3.0,0.06666666666666667,0.0375,3.0,0.5
28,13,17.0,0.37777777777777777,0.2125,17.0,2.8333333333333335
28,14,16.0,0.35555555555555557,0.2,16.0,2.6666666666666665
28,15,16.0,0.35555555555555557,0.2,16.0,2.6666666666666665
28,16,2.0,0.044444444444444446,0.025,2.0,0.3333333333333333
28,17,17.0,0.37777777777777777,0.2125,17.0,2.8333333333333335
28,18,13.0,0.28888888888888886,0.1625,13.0,2.1666666666666665
28,19,14.0,0.3111111111111111,0.175,14.0,2.3333333333333335
28,20,1.0,0.022222222222222223,0.0125,1.0,0.16666666666666666
28,21,13.0,0.28888888888888886,0.1625,13.0,2.1666666666666665
28,22,4.0,0.08888888888888889,0.05,4.0,0.6666666666666666
28,23,13.0,0.28888888888888886,0.1625,13.0,2.1666666666666665
28,24,12.0,0.26666666666666666,0.15,12.0,2.0
28,25,11.0,0.24444444444444444,0.1375,11.0,1.8333333333333333
28,26,13.0,0.28888888888888886,0.1625,13.0,2.1666666666666665
28,27,11.0,0.24444444444444444,0.1375,11.0,1.8333333333333333
28,29,21.0,0.4666666666666667,0.2625,21.0,3.5
28,30,19.0,0.4222222222222222,0.2375,19.0,3.1666666666666665
28,31,3.0,0.06666666666666667,0.0375,3.0,0.5
28,32,11.0,0.24444444444444444,0.1375,11.0,1.8333333333333333
28,33,23.0,0.5111111111111111,0.2875,23.0,3.8333333333333335
28,34,23.0,0.5111111111111111,0.2875,23.0,3.8333333333333335
28,35,19.0,0.4222222222222222,0.2375,19.0,3.1666666666666665
28,36,13.0,0.28888888888888886,0.1625,13.0,2.1666666666666665
28,37,2.0,0.044444444444444446,0.025,2.0,0.3333333333333333
28,38,10.0,0.2222222222222222,0.125,10.0,1.6666666666666667
28,39,15.0,0.3333333333333333,0.1875,15.0,2.5
28,40,12.0,0.26666666666666666,0.15,12.0,2.0
28,41,20.0,0.4444444444444444,0.25,20.0,3.3333333333333335
28,42,16.0,0.35555555555555557,0.2,16.0,2.6666666666666665
28,43,16.0,0.35555555555555557,0.2,16.0,2.6666666666666665
28,44,22.0,0.4888888888888889,0.275,22.0,3.6666666666666665
28,45,3.0,0.06666666666666667,0.0375,3.0,0.5
28,46,15.0,0.3333333333333333,0.1875,15.0,2.5
28,47,2.0,0.044444444444444446,0.025,2.0,0.3333333333333333
28,48,1.0,0.022222222222222223,0.0125,1.0,0.16666666666666666
28,49,14.0,0.3111111111111111,0.175,14.0,2.3333333333333335
28,50,4.0,0.08888888888888889,0.05,4.0,0.6666666666666666
28,51,8.0,0.17777777777777778,0.1,8.0,1.3333333333333333
29,1,4.0,0.08888888888888889,0.05,4.0,0.6666666666666666
29,2,3.0,0.06666666666666667,0.0375,3.0,0.5
29,3,14.0,0.3111111111111111,0.175,14.0,2.3333333333333335
29,4,11.0,0.24444444444444444,0.1375,11.0,1.8333333333333333
29,5,4.0,0.08888888888888889,0.05,4.0,0.6666666666666666
29,6,11.0,0.24444444444444444,0.1375,11.0,1.8333333333333333
29,7,17.0,0.37777777777777777,0.2125,17.0,2.8333333333333335
29,8,4.0,0.08888888888888889,0.05,4.0,0.6666666666666666
29,9,9.0,0.2,0.1125,9.0,1.5
29,10,14.0,0.3111111111111111,0.175,14.0,2.3333333333333335
29,11,19.0,0.4222222222222222,0.2375,19.0,3.1666666666666665
29,12,19.0,0.4222222222222222,0.2375,19.0,3.1666666666666665
29,13,11.0,0.24444444444444444,0.1375,11.0,1.8333333333333333
29,14,14.0,0.3111111111111111,0.175,14.0,2.3333333333333335
29,15,15.0,0.3333333333333333,0.1875,15.0,2.5
29,16,19.0,0.4222222222222222,0.2375,19.0,3.1666666666666665
29,17,13.0,0.28888888888888886,0.1625,13.0,2.1666666666666665
29,18,14.0,0.3111111111111111,0.175,14.0,2.3333333333333335
29,19,15.0,0.3333333333333333,0.1875,15.0,2.5
29,20,20.0,0.4444444444444444,0.25,20.0,3.3333333333333335
29,21,9.0,0.2,0.1125,9.0,1.5
29,22,17.0,0.37777777777777777,0.2125,17.0,2.8333333333333335
29,23,9.0,0.2,0.1125,9.0,1.5
29,24,10.0,0.2222222222222222,0.125,10.0,1.6666666666666667
29,25,10.0,0.2222222222222222,0.125,10.0,1.6666666666666667
29,26,20.0,0.4444444444444444,0.25,20.0,3.3333333333333335
29,27,10.0,0.2222222222222222,0.125,10.0,1.6666666666666667
29,28,21.0,0.4666666666666667,0.2625,21.0,3.5
29,30,12.0,0.26666666666666666,0.15,12.0,2.0
29,31,19.0,0.4222222222222222,0.2375,19.0,3.1666666666666665
29,32,10.0,0.2222222222222222,0.125,10.0,1.6666666666666667
29,33,5.0,0.1111111111111111,0.0625,5.0,0.8333333333333334
29,34,2.0,0.044444444444444446,0.025,2.0,0.3333333333333333
29,35,13.0,0.28888888888888886,0.1625,13.0,2.1666666666666665
29,36,9.0,0.2,0.1125,9.0,1.5
29,37,20.0,0.4444444444444444,0.25,20.0,3.3333333333333335
29,38,16.0,0.35555555555555557,0.2,16.0,2.6666666666666665
29,39,13.0,0.28888888888888886,0.1625,13.0,2.1666666666666665
29,40,15.0,0.3333333333333333,0.1875,15.0,2.5
29,41,1.0,0.022222222222222223,0.0125,1.0,0.16666666666666666
29,42,15.0,0.3333333333333333,0.1875,15.0,2.5
29,43,12.0,0.26666666666666666,0.15,12.0,2.0
29,44,3.0,0.06666666666666667,0.0375,3.0,0.5
29,45,20.0,0.4444444444444444,0.25,20.0,3.3333333333333335
29,46,7.0,0.15555555555555556,0.0875,7.0,1.1666666666666667
29,47,20.0,0.4444444444444444,0.25,20.0,3.3333333333333335
29,48,22.0,0.4888888888888889,0.275,22.0,3.6666666666666665
29,49,19.0,0.4222222222222222,0.2375,19.0,3.1666666666666665
29,50,18.0,0.4,0.225,18.0,3.0
29,51,14.0,0.3111111111111111,0.175,14.0,2.3333333333333335
30,1,12.0,0.26666666666666666,0.15,12.0,2.0
30,2,11.0,0.24444444444444444,0.1375,11.0,1.8333333333333333
30,3,3.0,0.06666666666666667,0.0375,3.0,0.5
30,4,9.0,0.2,0.1125,9.0,1.5
30,5,8.0,0.17777777777777778,0.1,8.0,1.3333333333333333
30,6,8.0,0.17777777777777778,0.1,8.0,1.3333333333333333
30,7,18.0,0.4,0.225,18.0,3.0
30,8,8.0,0.17777777777777778,0.1,8.0,1.3333333333333333
30,9,7.0,0.15555555555555556,0.0875,7.0,1.1666666666666667
30,10,2.0,0.044444444444444446,0.025,2.0,0.3333333333333333
30,11,20.0,0.4444444444444444,0.25,20.0,3.3333333333333335
30,12,16.0,0.35555555555555557,0.2,16.0,2.6666666666666665
30,13,2.0,0.044444444444444446,0.025,2.0,0.3333333333333333
30,14,3.0,0.06666666666666667,0.0375,3.0,0.5
30,15,3.0,0.06666666666666667,0.0375,3.0,0.5
30,16,17.0,0.37777777777777777,0.2125,17.0,2.8333333333333335
30,17,2.0,0.044444444444444446,0.025,2.0,0.3333333333333333
30,18,18.0,0.4,0.225,18.0,3.0
30,19,20.0,0.4444444444444444,0.25,20.0,3.3333333333333335
30,20,18.0,0.4,0.225,18.0,3.0
30,21,8.0,0.17777777777777778,0.1,8.0,1.3333333333333333
30,22,15.0,0.3333333333333333,0.1875,15.0,2.5
30,23,7.0,0.15555555555555556,0.0875,7.0,1.1666666666666667
30,24,9.0,0.2,0.1125,9.0,1.5
30,25,8.0,0.17777777777777778,0.1,8.0,1.3333333333333333
30,26,18.0,0.4,0.225,18.0,3.0
30,27,8.0,0.17777777777777778,0.1,8.0,1.3333333333333333
30,28,19.0,0.4222222222222222,0.2375,19.0,3.1666666666666665
30,29,12.0,0.26666666666666666,0.15,12.0,2.0
30,31,16.0,0.35555555555555557,0.2,16.0,2.6666666666666665
30,32,8.0,0.17777777777777778,0.1,8.0,1.3333333333333333
30,33,7.0,0.15555555555555556,0.0875,7.0,1.1666666666666667
30,34,13.0,0.28888888888888886,0.1625,13.0,2.1666666666666665
30,35,2.0,0.044444444444444446,0.025,2.0,0.3333333333333333
30,36,10.0,0.2222222222222222,0.125,10.0,1.6666666666666667
30,37,17.0,0.37777777777777777,0.2125,17.0,2.8333333333333335
30,38,16.0,0.35555555555555557,0.2,16.0,2.6666666666666665
30,39,4.0,0.08888888888888889,0.05,4.0,0.6666666666666666
30,40,17.0,0.37777777777777777,0.2125,17.0,2.8333333333333335
30,41,11.0,0.24444444444444444,0.1375,11.0,1.8333333333333333
30,42,4.0,0.08888888888888889,0.05,4.0,0.6666666666666666
30,43,3.0,0.06666666666666667,0.0375,3.0,0.5
30,44,9.0,0.2,0.1125,9.0,1.5
30,45,17.0,0.37777777777777777,0.2125,17.0,2.8333333333333335
30,46,8.0,0.17777777777777778,0.1,8.0,1.3333333333333333
30,47,17.0,0.37777777777777777,0.2125,17.0,2.8333333333333335
30,48,19.0,0.4222222222222222,0.2375,19.0,3.1666666666666665
30,49,19.0,0.4222222222222222,0.2375,19.0,3.1666666666666665
30,50,16.0,0.35555555555555557,0.2,16.0,2.6666666666666665
30,51,11.0,0.24444444444444444,0.1375,11.0,1.8333333333333333
31,1,22.0,0.4888888888888889,0.275,22.0,3.6666666666666665
31,2,22.0,0.4888888888888889,0.275,22.0,3.6666666666666665
31,3,15.0,0.3333333333333333,0.1875,15.0,2.5
31,4,8.0,0.17777777777777778,0.1,8.0,1.3333333333333333
31,5,19.0,0.4222222222222222,0.2375,19.0,3.1666666666666665
31,6,8.0,0.17777777777777778,0.1,8.0,1.3333333333333333
31,7,10.0,0.2222222222222222,0.125,10.0,1.6666666666666667
31,8,22.0,0.4888888888888889,0.275,22.0,3.6666666666666665
31,9,10.0,0.2222222222222222,0.125,10.0,1.6666666666666667
31,10,16.0,0.35555555555555557,0.2,16.0,2.6666666666666665
31,11,12.0,0.26666666666666666,0.15,12.0,2.0
31,12,2.0,0.044444444444444446,0.025,2.0,0.3333333333333333
31,13,15.0,0.3333333333333333,0.1875,15.0,2.5
31,14,14.0,0.3111111111111111,0.175,14.0,2.3333333333333335
31,15,13.0,0.28888888888888886,0.1625,13.0,2.1666666666666665
31,16,3.0,0.06666666666666667,0.0375,3.0,0.5
31,17,15.0,0.3333333333333333,0.1875,15.0,2.5
31,18,10.0,0.2222222222222222,0.125,10.0,1.6666666666666667
31,19,12.0,0.26666666666666666,0.15,12.0,2.0
31,20,2.0,0.044444444444444446,0.025,2.0,0.3333333333333333
31,21,11.0,0.24444444444444444,0.1375,11.0,1.8333333333333333
31,22,2.0,0.044444444444444446,0.025,2.0,0.3333333333333333
31,23,11.0,0.24444444444444444,0.1375,11.0,1.8333333333333333
31,24,10.0,0.2222222222222222,0.125,10.0,1.6666666666666667
31,25,9.0,0.2,0.1125,9.0,1.5
31,26,10.0,0.2222222222222222,0.125,10.0,1.6666666666666667
31,27,9.0,0.2,0.1125,9.0,1.5
31,28,3.0,0.06666666666666667,0.0375,3.0,0.5
31,29,19.0,0.4222222222222222,0.2375,19.0,3.1666666666666665
31,30,16.0,0.35555555555555557,0.2,16.0,2.6666666666666665
31,32,9.0,0.2,0.1125,9.0,1.5
31,33,21.0,0.4666666666666667,0.2625,21.0,3.5
31,34,21.0,0.4666666666666667,0.2625,21.0,3.5
31,35,16.0,0.35555555555555557,0.2,16.0,2.6666666666666665
31,36,11.0,0.24444444444444444,0.1375,11.0,1.8333333333333333
31,37,1.0,0.022222222222222223,0.0125,1.0,0.16666666666666666
31,38,8.0,0.17777777777777778,0.1,8.0,1.3333333333333333
31,39,13.0,0.28888888888888886,0.1625,13.0,2.1666666666666665
31,40,9.0,0.2,0.1125,9.0,1.5
31,41,18.0,0.4,0.225,18.0,3.0
31,42,14.0,0.3111111111111111,0.175,14.0,2.3333333333333335
31,43,14.0,0.3111111111111111,0.175,14.0,2.3333333333333335
31,44,20.0,0.4444444444444444,0.25,20.0,3.3333333333333335
31,45,1.0,0.022222222222222223,0.0125,1.0,0.16666666666666666
31,46,12.0,0.26666666666666666,0.15,12.0,2.0
31,47,2.0,0.044444444444444446,0.025,2.0,0.3333333333333333
31,48,3.0,0.06666666666666667,0.0375,3.0,0.5
31,49,11.0,0.24444444444444444,0.1375,11.0,1.8333333333333333
31,50,2.0,0.044444444444444446,0.025,2.0,0.3333333333333333
31,51,7.0,0.15555555555555556,0.0875,7.0,1.1666666666666667
32,1,14.0,0.3111111111111111,0.175,14.0,2.3333333333333335
32,2,13.0,0.28888888888888886,0.1625,13.0,2.1666666666666665
32,3,11.0,0.24444444444444444,0.1375,11.0,1.8333333333333333
32,4,1.0,0.022222222222222223,0.0125,1.0,0.16666666666666666
32,5,10.0,0.2222222222222222,0.125,10.0,1.6666666666666667
32,6,3.0,0.06666666666666667,0.0375,3.0,0.5
32,7,10.0,0.2222222222222222,0.125,10.0,1.6666666666666667
32,8,14.0,0.3111111111111111,0.175,14.0,2.3333333333333335
32,9,1.0,0.022222222222222223,0.0125,1.0,0.16666666666666666
32,10,10.0,0.2222222222222222,0.125,10.0,1.6666666666666667
32,11,12.0,0.26666666666666666,0.15,12.0,2.0
32,12,9.0,0.2,0.1125,9.0,1.5
32,13,8.0,0.17777777777777778,0.1,8.0,1.3333333333333333
32,14,11.0,0.24444444444444444,0.1375,11.0,1.8333333333333333
32,15,11.0,0.24444444444444444,0.1375,11.0,1.8333333333333333
32,16,9.0,0.2,0.1125,9.0,1.5
32,17,10.0,0.2222222222222222,0.125,10.0,1.6666666666666667
32,18,10.0,0.2222222222222222,0.125,10.0,1.6666666666666667
32,19,12.0,0.26666666666666666,0.15,12.0,2.0
32,20,10.0,0.2222222222222222,0.125,10.0,1.6666666666666667
32,21,2.0,0.044444444444444446,0.025,2.0,0.3333333333333333
32,22,7.0,0.15555555555555556,0.0875,7.0,1.1666666666666667
32,23,2.0,0.044444444444444446,0.025,2.0,0.3333333333333333
32,24,1.0,0.022222222222222223,0.0125,1.0,0.16666666666666666
32,25,2.0,0.044444444444444446,0.025,2.0,0.3333333333333333
32,26,10.0,0.2222222222222222,0.125,10.0,1.6666666666666667
32,27,4.0,0.08888888888888889,0.05,4.0,0.6666666666666666
32,28,11.0,0.24444444444444444,0.1375,11.0,1.8333333333333333
32,29,10.0,0.2222222222222222,0.125,10.0,1.6666666666666667
32,30,8.0,0.17777777777777778,0.1,8.0,1.3333333333333333
32,31,9.0,0.2,0.1125,9.0,1.5
32,33,12.0,0.26666666666666666,0.15,12.0,2.0
32,34,12.0,0.26666666666666666,0.15,12.0,2.0
32,35,10.0,0.2222222222222222,0.125,10.0,1.6666666666666667
32,36,2.0,0.044444444444444446,0.025,2.0,0.3333333333333333
32,37,10.0,0.2222222222222222,0.125,10.0,1.6666666666666667
32,38,8.0,0.17777777777777778,0.1,8.0,1.3333333333333333
32,39,10.0,0.2222222222222222,0.125,10.0,1.6666666666666667
32,40,9.0,0.2,0.1125,9.0,1.5
32,41,9.0,0.2,0.1125,9.0,1.5
32,42,12.0,0.26666666666666666,0.15,12.0,2.0
32,43,9.0,0.2,0.1125,9.0,1.5
32,44,11.0,0.24444444444444444,0.1375,11.0,1.8333333333333333
32,45,10.0,0.2222222222222222,0.125,10.0,1.6666666666666667
32,46,4.0,0.08888888888888889,0.05,4.0,0.6666666666666666
32,47,10.0,0.2222222222222222,0.125,10.0,1.6666666666666667
32,48,12.0,0.26666666666666666,0.15,12.0,2.0
32,49,11.0,0.24444444444444444,0.1375,11.0,1.8333333333333333
32,50,8.0,0.17777777777777778,0.1,8.0,1.3333333333333333
32,51,7.0,0.15555555555555556,0.0875,7.0,1.1666666666666667
33,1,5.0,0.1111111111111111,0.0625,5.0,0.8333333333333334
33,2,5.0,0.1111111111111111,0.0625,5.0,0.8333333333333334
33,3,9.0,0.2,0.1125,9.0,1.5
33,4,13.0,0.28888888888888886,0.1625,13.0,2.1666666666666665
33,5,2.0,0.044444444444444446,0.025,2.0,0.3333333333333333
33,6,13.0,0.28888888888888886,0.1625,13.0,2.1666666666666665
33,7,19.0,0.4222222222222222,0.2375,19.0,3.1666666666666665
33,8,2.0,0.044444444444444446,0.025,2.0,0.3333333333333333
33,9,11.0,0.24444444444444444,0.1375,11.0,1.8333333333333333
33,10,9.0,0.2,0.1125,9.0,1.5
33,11,20.0,0.4444444444444444,0.25,20.0,3.3333333333333335
33,12,21.0,0.4666666666666667,0.2625,21.0,3.5
33,13,6.0,0.13333333333333333,0.075,6.0,1.0
33,14,9.0,0.2,0.1125,9.0,1.5
33,15,10.0,0.2222222222222222,0.125,10.0,1.6666666666666667
33,16,21.0,0.4666666666666667,0.2625,21.0,3.5
33,17,8.0,0.17777777777777778,0.1,8.0,1.3333333333333333
33,18,15.0,0.3333333333333333,0.1875,15.0,2.5
33,19,17.0,0.37777777777777777,0.2125,17.0,2.8333333333333335
33,20,22.0,0.4888888888888889,0.275,22.0,3.6666666666666665
33,21,10.0,0.2222222222222222,0.125,10.0,1.6666666666666667
33,22,19.0,0.4222222222222222,0.2375,19.0,3.1666666666666665
33,23,10.0,0.2222222222222222,0.125,10.0,1.6666666666666667
33,24,11.0,0.24444444444444444,0.1375,11.0,1.8333333333333333
33,25,12.0,0.26666666666666666,0.15,12.0,2.0
33,26,22.0,0.4888888888888889,0.275,22.0,3.6666666666666665
33,27,12.0,0.26666666666666666,0.15,12.0,2.0
33,28,23.0,0.5111111111111111,0.2875,23.0,3.8333333333333335
33,29,5.0,0.1111111111111111,0.0625,5.0,0.8333333333333334
33,30,7.0,0.15555555555555556,0.0875,7.0,1.1666666666666667
33,31,21.0,0.4666666666666667,0.2625,21.0,3.5
33,32,12.0,0.26666666666666666,0.15,12.0,2.0
33,34,7.0,0.15555555555555556,0.0875,7.0,1.1666666666666667
33,35,8.0,0.17777777777777778,0.1,8.0,1.3333333333333333
33,36,10.0,0.2222222222222222,0.125,10.0,1.6666666666666667
33,37,22.0,0.4888888888888889,0.275,22.0,3.6666666666666665
33,38,18.0,0.4,0.225,18.0,3.0
33,39,8.0,0.17777777777777778,0.1,8.0,1.3333333333333333
33,40,16.0,0.35555555555555557,0.2,16.0,2.6666666666666665
33,41,4.0,0.08888888888888889,0.05,4.0,0.6666666666666666
33,42,10.0,0.2222222222222222,0.125,10.0,1.6666666666666667
33,43,7.0,0.15555555555555556,0.0875,7.0,1.1666666666666667
33,44,3.0,0.06666666666666667,0.0375,3.0,0.5
33,45,21.0,0.4666666666666667,0.2625,21.0,3.5
33,46,9.0,0.2,0.1125,9.0,1.5
33,47,21.0,0.4666666666666667,0.2625,21.0,3.5
33,48,24.0,0.5333333333333333,0.3,24.0,4.0
33,49,21.0,0.4666666666666667,0.2625,21.0,3.5
33,50,20.0,0.4444444444444444,0.25,20.0,3.3333333333333335
33,51,15.0,0.3333333333333333,0.1875,15.0,2.5
34,1,2.0,0.044444444444444446,0.025,2.0,0.3333333333333333
34,2,3.0,0.06666666666666667,0.0375,3.0,0.5
34,3,16.0,0.35555555555555557,0.2,16.0,2.6666666666666665
34,4,13.0,0.28888888888888886,0.1625,13.0,2.1666666666666665
34,5,5.0,0.1111111111111111,0.0625,5.0,0.8333333333333334
34,6,13.0,0.28888888888888886,0.1625,13.0,2.1666666666666665
34,7,19.0,0.4222222222222222,0.2375,19.0,3.1666666666666665
34,8,5.0,0.1111111111111111,0.0625,5.0,0.8333333333333334
34,9,11.0,0.24444444444444444,0.1375,11.0,1.8333333333333333
34,10,15.0,0.3333333333333333,0.1875,15.0,2.5
34,11,20.0,0.4444444444444444,0.25,20.0,3.3333333333333335
34,12,21.0,0.4666666666666667,0.2625,21.0,3.5
34,13,13.0,0.28888888888888886,0.1625,13.0,2.1666666666666665
34,14,16.0,0.35555555555555557,0.2,16.0,2.6666666666666665
34,15,16.0,0.35555555555555557,0.2,16.0,2.6666666666666665
34,16,21.0,0.4666666666666667,0.2625,21.0,3.5
34,17,15.0,0.3333333333333333,0.1875,15.0,2.5
34,18,15.0,0.3333333333333333,0.1875,15.0,2.5
34,19,17.0,0.37777777777777777,0.2125,17.0,2.8333333333333335
34,20,22.0,0.4888888888888889,0.275,22.0,3.6666666666666665
34,21,10.0,0.2222222222222222,0.125,10.0,1.6666666666666667
34,22,19.0,0.4222222222222222,0.2375,19.0,3.1666666666666665
34,23,10.0,0.2222222222222222,0.125,10.0,1.6666666666666667
34,24,11.0,0.24444444444444444,0.1375,11.0,1.8333333333333333
34,25,12.0,0.26666666666666666,0.15,12.0,2.0
34,26,22.0,0.4888888888888889,0.275,22.0,3.6666666666666665
34,27,12.0,0.26666666666666666,0.15,12.0,2.0
34,28,23.0,0.5111111111111111,0.2875,23.0,3.8333333333333335
34,29,2.0,0.044444444444444446,0.025,2.0,0.3333333333333333
34,30,13.0,0.28888888888888886,0.1625,13.0,2.1666666666666665
34,31,21.0,0.4666666666666667,0.2625,21.0,3.5
34,32,12.0,0.26666666666666666,0.15,12.0,2.0
34,33,7.0,0.15555555555555556,0.0875,7.0,1.1666666666666667
34,35,15.0,0.3333333333333333,0.1875,15.0,2.5
34,36,10.0,0.2222222222222222,0.125,10.0,1.6666666666666667
34,37,22.0,0.4888888888888889,0.275,22.0,3.6666666666666665
34,38,18.0,0.4,0.225,18.0,3.0
34,39,15.0,0.3333333333333333,0.1875,15.0,2.5
34,40,16.0,0.35555555555555557,0.2,16.0,2.6666666666666665
34,41,3.0,0.06666666666666667,0.0375,3.0,0.5
34,42,17.0,0.37777777777777777,0.2125,17.0,2.8333333333333335
34,43,14.0,0.3111111111111111,0.175,14.0,2.3333333333333335
34,44,5.0,0.1111111111111111,0.0625,5.0,0.8333333333333334
34,45,21.0,0.4666666666666667,0.2625,21.0,3.5
34,46,9.0,0.2,0.1125,9.0,1.5
34,47,21.0,0.4666666666666667,0.2625,21.0,3.5
34,48,24.0,0.5333333333333333,0.3,24.0,4.0
34,49,21.0,0.4666666666666667,0.2625,21.0,3.5
34,50,20.0,0.4444444444444444,0.25,20.0,3.3333333333333335
34,51,15.0,0.3333333333333333,0.1875,15.0,2.5
35,1,13.0,0.28888888888888886,0.1625,13.0,2.1666666666666665
35,2,12.0,0.26666666666666666,0.15,12.0,2.0
35,3,2.0,0.044444444444444446,0.025,2.0,0.3333333333333333
35,4,9.0,0.2,0.1125,9.0,1.5
35,5,10.0,0.2222222222222222,0.125,10.0,1.6666666666666667
35,6,8.0,0.17777777777777778,0.1,8.0,1.3333333333333333
35,7,20.0,0.4444444444444444,0.25,20.0,3.3333333333333335
35,8,10.0,0.2222222222222222,0.125,10.0,1.6666666666666667
35,9,9.0,0.2,0.1125,9.0,1.5
35,10,1.0,0.022222222222222223,0.0125,1.0,0.16666666666666666
35,11,21.0,0.4666666666666667,0.2625,21.0,3.5
35,12,16.0,0.35555555555555557,0.2,16.0,2.6666666666666665
35,13,2.0,0.044444444444444446,0.025,2.0,0.3333333333333333
35,14,3.0,0.06666666666666667,0.0375,3.0,0.5
35,15,3.0,0.06666666666666667,0.0375,3.0,0.5
35,16,17.0,0.37777777777777777,0.2125,17.0,2.8333333333333335
35,17,2.0,0.044444444444444446,0.025,2.0,0.3333333333333333
35,18,20.0,0.4444444444444444,0.25,20.0,3.3333333333333335
35,19,21.0,0.4666666666666667,0.2625,21.0,3.5
35,20,18.0,0.4,0.225,18.0,3.0
35,21,9.0,0.2,0.1125,9.0,1.5
35,22,15.0,0.3333333333333333,0.1875,15.0,2.5
35,23,8.0,0.17777777777777778,0.1,8.0,1.3333333333333333
35,24,10.0,0.2222222222222222,0.125,10.0,1.6666666666666667
35,25,8.0,0.17777777777777778,0.1,8.0,1.3333333333333333
35,26,20.0,0.4444444444444444,0.25,20.0,3.3333333333333335
35,27,8.0,0.17777777777777778,0.1,8.0,1.3333333333333333
35,28,19.0,0.4222222222222222,0.2375,19.0,3.1666666666666665
35,29,13.0,0.28888888888888886,0.1625,13.0,2.1666666666666665
35,30,2.0,0.044444444444444446,0.025,2.0,0.3333333333333333
35,31,16.0,0.35555555555555557,0.2,16.0,2.6666666666666665
35,32,10.0,0.2222222222222222,0.125,10.0,1.6666666666666667
35,33,8.0,0.17777777777777778,0.1,8.0,1.3333333333333333
35,34,15.0,0.3333333333333333,0.1875,15.0,2.5
35,36,11.0,0.24444444444444444,0.1375,11.0,1.8333333333333333
35,37,17.0,0.37777777777777777,0.2125,17.0,2.8333333333333335
35,38,17.0,0.37777777777777777,0.2125,17.0,2.8333333333333335
35,39,4.0,0.08888888888888889,0.05,4.0,0.6666666666666666
35,40,19.0,0.4222222222222222,0.2375,19.0,3.1666666666666665
35,41,12.0,0.26666666666666666,0.15,12.0,2.0
35,42,3.0,0.06666666666666667,0.0375,3.0,0.5
35,43,3.0,0.06666666666666667,0.0375,3.0,0.5
35,44,10.0,0.2222222222222222,0.125,10.0,1.6666666666666667
35,45,17.0,0.37777777777777777,0.2125,17.0,2.8333333333333335
35,46,10.0,0.2222222222222222,0.125,10.0,1.6666666666666667
35,47,17.0,0.37777777777777777,0.2125,17.0,2.8333333333333335
35,48,19.0,0.4222222222222222,0.2375,19.0,3.1666666666666665
35,49,21.0,0.4666666666666667,0.2625,21.0,3.5
35,50,16.0,0.35555555555555557,0.2,16.0,2.6666666666666665
35,51,11.0,0.24444444444444444,0.1375,11.0,1.8333333333333333
36,1,12.0,0.26666666666666666,0.15,12.0,2.0
36,2,11.0,0.24444444444444444,0.1375,11.0,1.8333333333333333
36,3,13.0,0.28888888888888886,0.1625,13.0,2.1666666666666665
36,4,3.0,0.06666666666666667,0.0375,3.0,0.5
36,5,9.0,0.2,0.1125,9.0,1.5
36,6,5.0,0.1111111111111111,0.0625,5.0,0.8333333333333334
36,7,9.0,0.2,0.1125,9.0,1.5
36,8,12.0,0.26666666666666666,0.15,12.0,2.0
36,9,3.0,0.06666666666666667,0.0375,3.0,0.5
36,10,12.0,0.26666666666666666,0.15,12.0,2.0
36,11,10.0,0.2222222222222222,0.125,10.0,1.6666666666666667
36,12,11.0,0.24444444444444444,0.1375,11.0,1.8333333333333333
36,13,10.0,0.2222222222222222,0.125,10.0,1.6666666666666667
36,14,12.0,0.26666666666666666,0.15,12.0,2.0
36,15,13.0,0.28888888888888886,0.1625,13.0,2.1666666666666665
36,16,11.0,0.24444444444444444,0.1375,11.0,1.8333333333333333
36,17,11.0,0.24444444444444444,0.1375,11.0,1.8333333333333333
36,18,9.0,0.2,0.1125,9.0,1.5
36,19,10.0,0.2222222222222222,0.125,10.0,1.6666666666666667
36,20,12.0,0.26666666666666666,0.15,12.0,2.0
36,21,2.0,0.044444444444444446,0.025,2.0,0.3333333333333333
36,22,9.0,0.2,0.1125,9.0,1.5
36,23,4.0,0.08888888888888889,0.05,4.0,0.6666666666666666
36,24,1.0,0.022222222222222223,0.0125,1.0,0.16666666666666666
36,25,4.0,0.08888888888888889,0.05,4.0,0.6666666666666666
36,26,12.0,0.26666666666666666,0.15,12.0,2.0
36,27,5.0,0.1111111111111111,0.0625,5.0,0.8333333333333334
36,28,13.0,0.28888888888888886,0.1625,13.0,2.1666666666666665
36,29,9.0,0.2,0.1125,9.0,1.5
36,30,10.0,0.2222222222222222,0.125,10.0,1.6666666666666667
36,31,11.0,0.24444444444444444,0.1375,11.0,1.8333333333333333
36,32,2.0,0.044444444444444446,0.025,2.0,0.3333333333333333
36,33,10.0,0.2222222222222222,0.125,10.0,1.6666666666666667
36,34,10.0,0.2222222222222222,0.125,10.0,1.6666666666666667
36,35,11.0,0.24444444444444444,0.1375,11.0,1.8333333333333333
36,37,12.0,0.26666666666666666,0.15,12.0,2.0
36,38,8.0,0.17777777777777778,0.1,8.0,1.3333333333333333
36,39,11.0,0.24444444444444444,0.1375,11.0,1.8333333333333333
36,40,8.0,0.17777777777777778,0.1,8.0,1.3333333333333333
36,41,8.0,0.17777777777777778,0.1,8.0,1.3333333333333333
36,42,14.0,0.3111111111111111,0.175,14.0,2.3333333333333335
36,43,10.0,0.2222222222222222,0.125,10.0,1.6666666666666667
36,44,9.0,0.2,0.1125,9.0,1.5
36,45,11.0,0.24444444444444444,0.1375,11.0,1.8333333333333333
36,46,2.0,0.044444444444444446,0.025,2.0,0.3333333333333333
36,47,11.0,0.24444444444444444,0.1375,11.0,1.8333333333333333
36,48,14.0,0.3111111111111111,0.175,14.0,2.3333333333333335
36,49,11.0,0.24444444444444444,0.1375,11.0,1.8333333333333333
36,50,10.0,0.2222222222222222,0.125,10.0,1.6666666666666667
36,51,9.0,0.2,0.1125,9.0,1.5
37,1,23.0,0.5111111111111111,0.2875,23.0,3.8333333333333335
37,2,23.0,0.5111111111111111,0.2875,23.0,3.8333333333333335
37,3,16.0,0.35555555555555557,0.2,16.0,2.6666666666666665
37,4,9.0,0.2,0.1125,9.0,1.5
37,5,20.0,0.4444444444444444,0.25,20.0,3.3333333333333335
37,6,9.0,0.2,0.1125,9.0,1.5
37,7,11.0,0.24444444444444444,0.1375,11.0,1.8333333333333333
37,8,23.0,0.5111111111111111,0.2875,23.0,3.8333333333333335
37,9,11.0,0.24444444444444444,0.1375,11.0,1.8333333333333333
37,10,17.0,0.37777777777777777,0.2125,17.0,2.8333333333333335
37,11,12.0,0.26666666666666666,0.15,12.0,2.0
37,12,1.0,0.022222222222222223,0.0125,1.0,0.16666666666666666
37,13,16.0,0.35555555555555557,0.2,16.0,2.6666666666666665
37,14,15.0,0.3333333333333333,0.1875,15.0,2.5
37,15,14.0,0.3111111111111111,0.175,14.0,2.3333333333333335
37,16,2.0,0.044444444444444446,0.025,2.0,0.3333333333333333
37,17,16.0,0.35555555555555557,0.2,16.0,2.6666666666666665
37,18,11.0,0.24444444444444444,0.1375,11.0,1.8333333333333333
37,19,12.0,0.26666666666666666,0.15,12.0,2.0
37,20,1.0,0.022222222222222223,0.0125,1.0,0.16666666666666666
37,21,12.0,0.26666666666666666,0.15,12.0,2.0
37,22,3.0,0.06666666666666667,0.0375,3.0,0.5
37,23,12.0,0.26666666666666666,0.15,12.0,2.0
37,24,11.0,0.24444444444444444,0.1375,11.0,1.8333333333333333
37,25,10.0,0.2222222222222222,0.125,10.0,1.6666666666666667
37,26,11.0,0.24444444444444444,0.1375,11.0,1.8333333333333333
37,27,10.0,0.2222222222222222,0.125,10.0,1.6666666666666667
37,28,2.0,0.044444444444444446,0.025,2.0,0.3333333333333333
37,29,20.0,0.4444444444444444,0.25,20.0,3.3333333333333335
37,30,17.0,0.37777777777777777,0.2125,17.0,2.8333333333333335
37,31,1.0,0.022222222222222223,0.0125,1.0,0.16666666666666666
37,32,10.0,0.2222222222222222,0.125,10.0,1.6666666666666667
37,33,22.0,0.4888888888888889,0.275,22.0,3.6666666666666665
37,34,22.0,0.4888888888888889,0.275,22.0,3.6666666666666665
37,35,17.0,0.37777777777777777,0.2125,17.0,2.8333333333333335
37,36,12.0,0.26666666666666666,0.15,12.0,2.0
37,38,8.0,0.17777777777777778,0.1,8.0,1.3333333333333333
37,39,14.0,0.3111111111111111,0.175,14.0,2.3333333333333335
37,40,10.0,0.2222222222222222,0.125,10.0,1.6666666666666667
37,41,19.0,0.4222222222222222,0.2375,19.0,3.1666666666666665
37,42,15.0,0.3333333333333333,0.1875,15.0,2.5
37,43,15.0,0.3333333333333333,0.1875,15.0,2.5
37,44,21.0,0.4666666666666667,0.2625,21.0,3.5
37,45,1.0,0.022222222222222223,0.0125,1.0,0.16666666666666666
37,46,13.0,0.28888888888888886,0.1625,13.0,2.1666666666666665
37,47,2.0,0.044444444444444446,0.025,2.0,0.3333333333333333
37,48,2.0,0.044444444444444446,0.025,2.0,0.3333333333333333
37,49,12.0,0.26666666666666666,0.15,12.0,2.0
37,50,2.0,0.044444444444444446,0.025,2.0,0.3333333333333333
37,51,7.0,0.15555555555555556,0.0875,7.0,1.1666666666666667
38,1,19.0,0.4222222222222222,0.2375,19.0,3.1666666666666665
38,2,19.0,0.4222222222222222,0.2375,19.0,3.1666666666666665
38,3,19.0,0.4222222222222222,0.2375,19.0,3.1666666666666665
38,4,9.0,0.2,0.1125,9.0,1.5
38,5,16.0,0.35555555555555557,0.2,16.0,2.6666666666666665
38,6,11.0,0.24444444444444444,0.1375,11.0,1.8333333333333333
38,7,3.0,0.06666666666666667,0.0375,3.0,0.5
38,8,19.0,0.4222222222222222,0.2375,19.0,3.1666666666666665
38,9,9.0,0.2,0.1125,9.0,1.5
38,10,18.0,0.4,0.225,18.0,3.0
38,11,4.0,0.08888888888888889,0.05,4.0,0.6666666666666666
38,12,9.0,0.2,0.1125,9.0,1.5
38,13,16.0,0.35555555555555557,0.2,16.0,2.6666666666666665
38,14,18.0,0.4,0.225,18.0,3.0
38,15,19.0,0.4222222222222222,0.2375,19.0,3.1666666666666665
38,16,10.0,0.2222222222222222,0.125,10.0,1.6666666666666667
38,17,17.0,0.37777777777777777,0.2125,17.0,2.8333333333333335
38,18,3.0,0.06666666666666667,0.0375,3.0,0.5
38,19,4.0,0.08888888888888889,0.05,4.0,0.6666666666666666
38,20,9.0,0.2,0.1125,9.0,1.5
38,21,8.0,0.17777777777777778,0.1,8.0,1.3333333333333333
38,22,8.0,0.17777777777777778,0.1,8.0,1.3333333333333333
38,23,10.0,0.2222222222222222,0.125,10.0,1.6666666666666667
38,24,7.0,0.15555555555555556,0.0875,7.0,1.1666666666666667
38,25,10.0,0.2222222222222222,0.125,10.0,1.6666666666666667
38,26,5.0,0.1111111111111111,0.0625,5.0,0.8333333333333334
38,27,11.0,0.24444444444444444,0.1375,11.0,1.8333333333333333
38,28,10.0,0.2222222222222222,0.125,10.0,1.6666666666666667
38,29,16.0,0.35555555555555557,0.2,16.0,2.6666666666666665
38,30,16.0,0.35555555555555557,0.2,16.0,2.6666666666666665
38,31,8.0,0.17777777777777778,0.1,8.0,1.3333333333333333
38,32,8.0,0.17777777777777778,0.1,8.0,1.3333333333333333
38,33,18.0,0.4,0.225,18.0,3.0
38,34,18.0,0.4,0.225,18.0,3.0
38,35,17.0,0.37777777777777777,0.2125,17.0,2.8333333333333335
38,36,8.0,0.17777777777777778,0.1,8.0,1.3333333333333333
38,37,8.0,0.17777777777777778,0.1,8.0,1.3333333333333333
38,39,17.0,0.37777777777777777,0.2125,17.0,2.8333333333333335
38,40,2.0,0.044444444444444446,0.025,2.0,0.3333333333333333
38,41,15.0,0.3333333333333333,0.1875,15.0,2.5
38,42,20.0,0.4444444444444444,0.25,20.0,3.3333333333333335
38,43,16.0,0.35555555555555557,0.2,16.0,2.6666666666666665
38,44,17.0,0.37777777777777777,0.2125,17.0,2.8333333333333335
38,45,7.0,0.15555555555555556,0.0875,7.0,1.1666666666666667
38,46,9.0,0.2,0.1125,9.0,1.5
38,47,10.0,0.2222222222222222,0.125,10.0,1.6666666666666667
38,48,10.0,0.2222222222222222,0.125,10.0,1.6666666666666667
38,49,4.0,0.08888888888888889,0.05,4.0,0.6666666666666666
38,50,7.0,0.15555555555555556,0.0875,7.0,1.1666666666666667
38,51,15.0,0.3333333333333333,0.1875,15.0,2.5
39,1,13.0,0.28888888888888886,0.1625,13.0,2.1666666666666665
39,2,12.0,0.26666666666666666,0.15,12.0,2.0
39,3,2.0,0.044444444444444446,0.025,2.0,0.3333333333333333
39,4,9.0,0.2,0.1125,9.0,1.5
39,5,10.0,0.2222222222222222,0.125,10.0,1.6666666666666667
39,6,7.0,0.15555555555555556,0.0875,7.0,1.1666666666666667
39,7,20.0,0.4444444444444444,0.25,20.0,3.3333333333333335
39,8,10.0,0.2222222222222222,0.125,10.0,1.6666666666666667
39,9,9.0,0.2,0.1125,9.0,1.5
39,10,3.0,0.06666666666666667,0.0375,3.0,0.5
39,11,21.0,0.4666666666666667,0.2625,21.0,3.5
39,12,13.0,0.28888888888888886,0.1625,13.0,2.1666666666666665
39,13,2.0,0.044444444444444446,0.025,2.0,0.3333333333333333
39,14,1.0,0.022222222222222223,0.0125,1.0,0.16666666666666666
39,15,2.0,0.044444444444444446,0.025,2.0,0.3333333333333333
39,16,13.0,0.28888888888888886,0.1625,13.0,2.1666666666666665
39,17,2.0,0.044444444444444446,0.025,2.0,0.3333333333333333
39,18,20.0,0.4444444444444444,0.25,20.0,3.3333333333333335
39,19,21.0,0.4666666666666667,0.2625,21.0,3.5
39,20,14.0,0.3111111111111111,0.175,14.0,2.3333333333333335
39,21,9.0,0.2,0.1125,9.0,1.5
39,22,11.0,0.24444444444444444,0.1375,11.0,1.8333333333333333
39,23,8.0,0.17777777777777778,0.1,8.0,1.3333333333333333
39,24,10.0,0.2222222222222222,0.125,10.0,1.6666666666666667
39,25,8.0,0.17777777777777778,0.1,8.0,1.3333333333333333
39,26,20.0,0.4444444444444444,0.25,20.0,3.3333333333333335
39,27,6.0,0.13333333333333333,0.075,6.0,1.0
39,28,15.0,0.3333333333333333,0.1875,15.0,2.5
39,29,13.0,0.28888888888888886,0.1625,13.0,2.1666666666666665
39,30,4.0,0.08888888888888889,0.05,4.0,0.6666666666666666
39,31,13.0,0.28888888888888886,0.1625,13.0,2.1666666666666665
39,32,10.0,0.2222222222222222,0.125,10.0,1.6666666666666667
39,33,8.0,0.17777777777777778,0.1,8.0,1.3333333333333333
39,34,15.0,0.3333333333333333,0.1875,15.0,2.5
39,35,4.0,0.08888888888888889,0.05,4.0,0.6666666666666666
39,36,11.0,0.24444444444444444,0.1375,11.0,1.8333333333333333
39,37,14.0,0.3111111111111111,0.175,14.0,2.3333333333333335
39,38,17.0,0.37777777777777777,0.2125,17.0,2.8333333333333335
39,40,19.0,0.4222222222222222,0.2375,19.0,3.1666666666666665
39,41,12.0,0.26666666666666666,0.15,12.0,2.0
39,42,3.0,0.06666666666666667,0.0375,3.0,0.5
39,43,1.0,0.022222222222222223,0.0125,1.0,0.16666666666666666
39,44,10.0,0.2222222222222222,0.125,10.0,1.6666666666666667
39,45,14.0,0.3111111111111111,0.175,14.0,2.3333333333333335
39,46,10.0,0.2222222222222222,0.125,10.0,1.6666666666666667
39,47,14.0,0.3111111111111111,0.175,14.0,2.3333333333333335
39,48,16.0,0.35555555555555557,0.2,16.0,2.6666666666666665
39,49,21.0,0.4666666666666667,0.2625,21.0,3.5
39,50,12.0,0.26666666666666666,0.15,12.0,2.0
39,51,8.0,0.17777777777777778,0.1,8.0,1.3333333333333333
40,1,18.0,0.4,0.225,18.0,3.0
40,2,17.0,0.37777777777777777,0.2125,17.0,2.8333333333333335
40,3,20.0,0.4444444444444444,0.25,20.0,3.3333333333333335
40,4,10.0,0.2222222222222222,0.125,10.0,1.6666666666666667
40,5,15.0,0.3333333333333333,0.1875,15.0,2.5
40,6,12.0,0.26666666666666666,0.15,12.0,2.0
40,7,3.0,0.06666666666666667,0.0375,3.0,0.5
40,8,18.0,0.4,0.225,18.0,3.0
40,9,10.0,0.2222222222222222,0.125,10.0,1.6666666666666667
40,10,19.0,0.4222222222222222,0.2375,19.0,3.1666666666666665
40,11,4.0,0.08888888888888889,0.05,4.0,0.6666666666666666
40,12,11.0,0.24444444444444444,0.1375,11.0,1.8333333333333333
40,13,17.0,0.37777777777777777,0.2125,17.0,2.8333333333333335
40,14,20.0,0.4444444444444444,0.25,20.0,3.3333333333333335
40,15,20.0,0.4444444444444444,0.25,20.0,3.3333333333333335
40,16,12.0,0.26666666666666666,0.15,12.0,2.0
40,17,19.0,0.4222222222222222,0.2375,19.0,3.1666666666666665
40,18,1.0,0.022222222222222223,0.0125,1.0,0.16666666666666666
40,19,3.0,0.06666666666666667,0.0375,3.0,0.5
40,20,11.0,0.24444444444444444,0.1375,11.0,1.8333333333333333
40,21,10.0,0.2222222222222222,0.125,10.0,1.6666666666666667
40,22,9.0,0.2,0.1125,9.0,1.5
40,23,11.0,0.24444444444444444,0.1375,11.0,1.8333333333333333
40,24,9.0,0.2,0.1125,9.0,1.5
40,25,11.0,0.24444444444444444,0.1375,11.0,1.8333333333333333
40,26,6.0,0.13333333333333333,0.075,6.0,1.0
40,27,13.0,0.28888888888888886,0.1625,13.0,2.1666666666666665
40,28,12.0,0.26666666666666666,0.15,12.0,2.0
40,29,15.0,0.3333333333333333,0.1875,15.0,2.5
40,30,17.0,0.37777777777777777,0.2125,17.0,2.8333333333333335
40,31,9.0,0.2,0.1125,9.0,1.5
40,32,9.0,0.2,0.1125,9.0,1.5
40,33,16.0,0.35555555555555557,0.2,16.0,2.6666666666666665
40,34,16.0,0.35555555555555557,0.2,16.0,2.6666666666666665
40,35,19.0,0.4222222222222222,0.2375,19.0,3.1666666666666665
40,36,8.0,0.17777777777777778,0.1,8.0,1.3333333333333333
40,37,10.0,0.2222222222222222,0.125,10.0,1.6666666666666667
40,38,2.0,0.044444444444444446,0.025,2.0,0.3333333333333333
40,39,19.0,0.4222222222222222,0.2375,19.0,3.1666666666666665
40,41,14.0,0.3111111111111111,0.175,14.0,2.3333333333333335
40,42,21.0,0.4666666666666667,0.2625,21.0,3.5
40,43,18.0,0.4,0.225,18.0,3.0
40,44,15.0,0.3333333333333333,0.1875,15.0,2.5
40,45,9.0,0.2,0.1125,9.0,1.5
40,46,9.0,0.2,0.1125,9.0,1.5
40,47,11.0,0.24444444444444444,0.1375,11.0,1.8333333333333333
40,48,11.0,0.24444444444444444,0.1375,11.0,1.8333333333333333
40,49,5.0,0.1111111111111111,0.0625,5.0,0.8333333333333334
40,50,8.0,0.17777777777777778,0.1,8.0,1.3333333333333333
40,51,16.0,0.35555555555555557,0.2,16.0,2.6666666666666665
41,1,5.0,0.1111111111111111,0.0625,5.0,0.8333333333333334
41,2,4.0,0.08888888888888889,0.05,4.0,0.6666666666666666
41,3,13.0,0.28888888888888886,0.1625,13.0,2.1666666666666665
41,4,10.0,0.2222222222222222,0.125,10.0,1.6666666666666667
41,5,3.0,0.06666666666666667,0.0375,3.0,0.5
41,6,10.0,0.2222222222222222,0.125,10.0,1.6666666666666667
41,7,16.0,0.35555555555555557,0.2,16.0,2.6666666666666665
41,8,5.0,0.1111111111111111,0.0625,5.0,0.8333333333333334
41,9,8.0,0.17777777777777778,0.1,8.0,1.3333333333333333
41,10,13.0,0.28888888888888886,0.1625,13.0,2.1666666666666665
41,11,18.0,0.4,0.225,18.0,3.0
41,12,18.0,0.4,0.225,18.0,3.0
41,13,10.0,0.2222222222222222,0.125,10.0,1.6666666666666667
41,14,13.0,0.28888888888888886,0.1625,13.0,2.1666666666666665
41,15,14.0,0.3111111111111111,0.175,14.0,2.3333333333333335
41,16,18.0,0.4,0.225,18.0,3.0
41,17,12.0,0.26666666666666666,0.15,12.0,2.0
41,18,13.0,0.28888888888888886,0.1625,13.0,2.1666666666666665
41,19,14.0,0.3111111111111111,0.175,14.0,2.3333333333333335
41,20,19.0,0.4222222222222222,0.2375,19.0,3.1666666666666665
41,21,8.0,0.17777777777777778,0.1,8.0,1.3333333333333333
41,22,16.0,0.35555555555555557,0.2,16.0,2.6666666666666665
41,23,8.0,0.17777777777777778,0.1,8.0,1.3333333333333333
41,24,9.0,0.2,0.1125,9.0,1.5
41,25,9.0,0.2,0.1125,9.0,1.5
41,26,19.0,0.4222222222222222,0.2375,19.0,3.1666666666666665
41,27,9.0,0.2,0.1125,9.0,1.5
41,28,20.0,0.4444444444444444,0.25,20.0,3.3333333333333335
41,29,1.0,0.022222222222222223,0.0125,1.0,0.16666666666666666
41,30,11.0,0.24444444444444444,0.1375,11.0,1.8333333333333333
41,31,18.0,0.4,0.225,18.0,3.0
41,32,9.0,0.2,0.1125,9.0,1.5
41,33,4.0,0.08888888888888889,0.05,4.0,0.6666666666666666
41,34,3.0,0.06666666666666667,0.0375,3.0,0.5
41,35,12.0,0.26666666666666666,0.15,12.0,2.0
41,36,8.0,0.17777777777777778,0.1,8.0,1.3333333333333333
41,37,19.0,0.4222222222222222,0.2375,19.0,3.1666666666666665
41,38,15.0,0.3333333333333333,0.1875,15.0,2.5
41,39,12.0,0.26666666666666666,0.15,12.0,2.0
41,40,14.0,0.3111111111111111,0.175,14.0,2.3333333333333335
41,42,14.0,0.3111111111111111,0.175,14.0,2.3333333333333335
41,43,11.0,0.24444444444444444,0.1375,11.0,1.8333333333333333
41,44,2.0,0.044444444444444446,0.025,2.0,0.3333333333333333
41,45,19.0,0.4222222222222222,0.2375,19.0,3.1666666666666665
41,46,6.0,0.13333333333333333,0.075,6.0,1.0
41,47,19.0,0.4222222222222222,0.2375,19.0,3.1666666666666665
41,48,21.0,0.4666666666666667,0.2625,21.0,3.5
41,49,18.0,0.4,0.225,18.0,3.0
41,50,17.0,0.37777777777777777,0.2125,17.0,2.8333333333333335
41,51,13.0,0.28888888888888886,0.1625,13.0,2.1666666666666665
42,1,15.0,0.3333333333333333,0.1875,15.0,2.5
42,2,15.0,0.3333333333333333,0.1875,15.0,2.5
42,3,1.0,0.022222222222222223,0.0125,1.0,0.16666666666666666
42,4,11.0,0.24444444444444444,0.1375,11.0,1.8333333333333333
42,5,12.0,0.26666666666666666,0.15,12.0,2.0
42,6,9.0,0.2,0.1125,9.0,1.5
42,7,22.0,0.4888888888888889,0.275,22.0,3.6666666666666665
42,8,12.0,0.26666666666666666,0.15,12.0,2.0
42,9,11.0,0.24444444444444444,0.1375,11.0,1.8333333333333333
42,10,2.0,0.044444444444444446,0.025,2.0,0.3333333333333333
42,11,24.0,0.5333333333333333,0.3,24.0,4.0
42,12,14.0,0.3111111111111111,0.175,14.0,2.3333333333333335
42,13,4.0,0.08888888888888889,0.05,4.0,0.6666666666666666
42,14,2.0,0.044444444444444446,0.025,2.0,0.3333333333333333
42,15,1.0,0.022222222222222223,0.0125,1.0,0.16666666666666666
42,16,14.0,0.3111111111111111,0.175,14.0,2.3333333333333335
42,17,3.0,0.06666666666666667,0.0375,3.0,0.5
42,18,22.0,0.4888888888888889,0.275,22.0,3.6666666666666665
42,19,24.0,0.5333333333333333,0.3,24.0,4.0
42,20,15.0,0.3333333333333333,0.1875,15.0,2.5
42,21,12.0,0.26666666666666666,0.15,12.0,2.0
42,22,12.0,0.26666666666666666,0.15,12.0,2.0
42,23,10.0,0.2222222222222222,0.125,10.0,1.6666666666666667
42,24,13.0,0.28888888888888886,0.1625,13.0,2.1666666666666665
42,25,10.0,0.2222222222222222,0.125,10.0,1.6666666666666667
42,26,22.0,0.4888888888888889,0.275,22.0,3.6666666666666665
42,27,9.0,0.2,0.1125,9.0,1.5
42,28,16.0,0.35555555555555557,0.2,16.0,2.6666666666666665
42,29,15.0,0.3333333333333333,0.1875,15.0,2.5
42,30,4.0,0.08888888888888889,0.05,4.0,0.6666666666666666
42,31,14.0,0.3111111111111111,0.175,14.0,2.3333333333333335
42,32,12.0,0.26666666666666666,0.15,12.0,2.0
42,33,10.0,0.2222222222222222,0.125,10.0,1.6666666666666667
42,34,17.0,0.37777777777777777,0.2125,17.0,2.8333333333333335
42,35,3.0,0.06666666666666667,0.0375,3.0,0.5
42,36,14.0,0.3111111111111111,0.175,14.0,2.3333333333333335
42,37,15.0,0.3333333333333333,0.1875,15.0,2.5
42,38,20.0,0.4444444444444444,0.25,20.0,3.3333333333333335
42,39,3.0,0.06666666666666667,0.0375,3.0,0.5
42,40,21.0,0.4666666666666667,0.2625,21.0,3.5
42,41,14.0,0.3111111111111111,0.175,14.0,2.3333333333333335
42,43,4.0,0.08888888888888889,0.05,4.0,0.6666666666666666
42,44,13.0,0.28888888888888886,0.1625,13.0,2.1666666666666665
42,45,15.0,0.3333333333333333,0.1875,15.0,2.5
42,46,12.0,0.26666666666666666,0.15,12.0,2.0
42,47,15.0,0.3333333333333333,0.1875,15.0,2.5
42,48,17.0,0.37777777777777777,0.2125,17.0,2.8333333333333335
42,49,23.0,0.5111111111111111,0.2875,23.0,3.8333333333333335
42,50,13.0,0.28888888888888886,0.1625,13.0,2.1666666666666665
42,51,9.0,0.2,0.1125,9.0,1.5
43,1,12.0,0.26666666666666666,0.15,12.0,2.0
43,2,11.0,0.24444444444444444,0.1375,11.0,1.8333333333333333
43,3,3.0,0.06666666666666667,0.0375,3.0,0.5
43,4,8.0,0.17777777777777778,0.1,8.0,1.3333333333333333
43,5,9.0,0.2,0.1125,9.0,1.5
43,6,6.0,0.13333333333333333,0.075,6.0,1.0
43,7,19.0,0.4222222222222222,0.2375,19.0,3.1666666666666665
43,8,9.0,0.2,0.1125,9.0,1.5
43,9,8.0,0.17777777777777778,0.1,8.0,1.3333333333333333
43,10,2.0,0.044444444444444446,0.025,2.0,0.3333333333333333
43,11,20.0,0.4444444444444444,0.25,20.0,3.3333333333333335
43,12,14.0,0.3111111111111111,0.175,14.0,2.3333333333333335
43,13,1.0,0.022222222222222223,0.0125,1.0,0.16666666666666666
43,14,2.0,0.044444444444444446,0.025,2.0,0.3333333333333333
43,15,3.0,0.06666666666666667,0.0375,3.0,0.5
43,16,14.0,0.3111111111111111,0.175,14.0,2.3333333333333335
43,17,1.0,0.022222222222222223,0.0125,1.0,0.16666666666666666
43,18,19.0,0.4222222222222222,0.2375,19.0,3.1666666666666665
43,19,20.0,0.4444444444444444,0.25,20.0,3.3333333333333335
43,20,15.0,0.3333333333333333,0.1875,15.0,2.5
43,21,8.0,0.17777777777777778,0.1,8.0,1.3333333333333333
43,22,12.0,0.26666666666666666,0.15,12.0,2.0
43,23,7.0,0.15555555555555556,0.0875,7.0,1.1666666666666667
43,24,9.0,0.2,0.1125,9.0,1.5
43,25,7.0,0.15555555555555556,0.0875,7.0,1.1666666666666667
43,26,19.0,0.4222222222222222,0.2375,19.0,3.1666666666666665
43,27,5.0,0.1111111111111111,0.0625,5.0,0.8333333333333334
43,28,16.0,0.35555555555555557,0.2,16.0,2.6666666666666665
43,29,12.0,0.26666666666666666,0.15,12.0,2.0
43,30,3.0,0.06666666666666667,0.0375,3.0,0.5
43,31,14.0,0.3111111111111111,0.175,14.0,2.3333333333333335
43,32,9.0,0.2,0.1125,9.0,1.5
43,33,7.0,0.15555555555555556,0.0875,7.0,1.1666666666666667
43,34,14.0,0.3111111111111111,0.175,14.0,2.3333333333333335
43,35,3.0,0.06666666666666667,0.0375,3.0,0.5
43,36,10.0,0.2222222222222222,0.125,10.0,1.6666666666666667
43,37,15.0,0.3333333333333333,0.1875,15.0,2.5
43,38,16.0,0.35555555555555557,0.2,16.0,2.6666666666666665
43,39,1.0,0.022222222222222223,0.0125,1.0,0.16666666666666666
43,40,18.0,0.4,0.225,18.0,3.0
43,41,11.0,0.24444444444444444,0.1375,11.0,1.8333333333333333
43,42,4.0,0.08888888888888889,0.05,4.0,0.6666666666666666
43,44,9.0,0.2,0.1125,9.0,1.5
43,45,15.0,0.3333333333333333,0.1875,15.0,2.5
43,46,9.0,0.2,0.1125,9.0,1.5
43,47,15.0,0.3333333333333333,0.1875,15.0,2.5
43,48,17.0,0.37777777777777777,0.2125,17.0,2.8333333333333335
43,49,20.0,0.4444444444444444,0.25,20.0,3.3333333333333335
43,50,13.0,0.28888888888888886,0.1625,13.0,2.1666666666666665
43,51,9.0,0.2,0.1125,9.0,1.5
44,1,3.0,0.06666666666666667,0.0375,3.0,0.5
44,2,2.0,0.044444444444444446,0.025,2.0,0.3333333333333333
44,3,12.0,0.26666666666666666,0.15,12.0,2.0
44,4,12.0,0.26666666666666666,0.15,12.0,2.0
44,5,1.0,0.022222222222222223,0.0125,1.0,0.16666666666666666
44,6,12.0,0.26666666666666666,0.15,12.0,2.0
44,7,18.0,0.4,0.225,18.0,3.0
44,8,3.0,0.06666666666666667,0.0375,3.0,0.5
44,9,10.0,0.2222222222222222,0.125,10.0,1.6666666666666667
44,10,11.0,0.24444444444444444,0.1375,11.0,1.8333333333333333
44,11,19.0,0.4222222222222222,0.2375,19.0,3.1666666666666665
44,12,20.0,0.4444444444444444,0.25,20.0,3.3333333333333335
44,13,9.0,0.2,0.1125,9.0,1.5
44,14,11.0,0.24444444444444444,0.1375,11.0,1.8333333333333333
44,15,12.0,0.26666666666666666,0.15,12.0,2.0
44,16,20.0,0.4444444444444444,0.25,20.0,3.3333333333333335
44,17,10.0,0.2222222222222222,0.125,10.0,1.6666666666666667
44,18,14.0,0.3111111111111111,0.175,14.0,2.3333333333333335
44,19,16.0,0.35555555555555557,0.2,16.0,2.6666666666666665
44,20,21.0,0.4666666666666667,0.2625,21.0,3.5
44,21,9.0,0.2,0.1125,9.0,1.5
44,22,18.0,0.4,0.225,18.0,3.0
44,23,9.0,0.2,0.1125,9.0,1.5
44,24,10.0,0.2222222222222222,0.125,10.0,1.6666666666666667
44,25,11.0,0.24444444444444444,0.1375,11.0,1.8333333333333333
44,26,21.0,0.4666666666666667,0.2625,21.0,3.5
44,27,11.0,0.24444444444444444,0.1375,11.0,1.8333333333333333
44,28,22.0,0.4888888888888889,0.275,22.0,3.6666666666666665
44,29,3.0,0.06666666666666667,0.0375,3.0,0.5
44,30,9.0,0.2,0.1125,9.0,1.5
44,31,20.0,0.4444444444444444,0.25,20.0,3.3333333333333335
44,32,11.0,0.24444444444444444,0.1375,11.0,1.8333333333333333
44,33,3.0,0.06666666666666667,0.0375,3.0,0.5
44,34,5.0,0.1111111111111111,0.0625,5.0,0.8333333333333334
44,35,10.0,0.2222222222222222,0.125,10.0,1.6666666666666667
44,36,9.0,0.2,0.1125,9.0,1.5
44,37,21.0,0.4666666666666667,0.2625,21.0,3.5
44,38,17.0,0.37777777777777777,0.2125,17.0,2.8333333333333335
44,39,10.0,0.2222222222222222,0.125,10.0,1.6666666666666667
44,40,15.0,0.3333333333333333,0.1875,15.0,2.5
44,41,2.0,0.044444444444444446,0.025,2.0,0.3333333333333333
44,42,13.0,0.28888888888888886,0.1625,13.0,2.1666666666666665
44,43,9.0,0.2,0.1125,9.0,1.5
44,45,20.0,0.4444444444444444,0.25,20.0,3.3333333333333335
44,46,8.0,0.17777777777777778,0.1,8.0,1.3333333333333333
44,47,20.0,0.4444444444444444,0.25,20.0,3.3333333333333335
44,48,23.0,0.5111111111111111,0.2875,23.0,3.8333333333333335
44,49,20.0,0.4444444444444444,0.25,20.0,3.3333333333333335
44,50,19.0,0.4222222222222222,0.2375,19.0,3.1666666666666665
44,51,14.0,0.3111111111111111,0.175,14.0,2.3333333333333335
45,1,23.0,0.5111111111111111,0.2875,23.0,3.8333333333333335
45,2,22.0,0.4888888888888889,0.275,22.0,3.6666666666666665
45,3,16.0,0.35555555555555557,0.2,16.0,2.6666666666666665
45,4,9.0,0.2,0.1125,9.0,1.5
45,5,20.0,0.4444444444444444,0.25,20.0,3.3333333333333335
45,6,9.0,0.2,0.1125,9.0,1.5
45,7,10.0,0.2222222222222222,0.125,10.0,1.6666666666666667
45,8,23.0,0.5111111111111111,0.2875,23.0,3.8333333333333335
45,9,11.0,0.24444444444444444,0.1375,11.0,1.8333333333333333
45,10,16.0,0.35555555555555557,0.2,16.0,2.6666666666666665
45,11,11.0,0.24444444444444444,0.1375,11.0,1.8333333333333333
45,12,2.0,0.044444444444444446,0.025,2.0,0.3333333333333333
45,13,15.0,0.3333333333333333,0.1875,15.0,2.5
45,14,15.0,0.3333333333333333,0.1875,15.0,2.5
45,15,14.0,0.3111111111111111,0.175,14.0,2.3333333333333335
45,16,3.0,0.06666666666666667,0.0375,3.0,0.5
45,17,16.0,0.35555555555555557,0.2,16.0,2.6666666666666665
45,18,10.0,0.2222222222222222,0.125,10.0,1.6666666666666667
45,19,11.0,0.24444444444444444,0.1375,11.0,1.8333333333333333
45,20,2.0,0.044444444444444446,0.025,2.0,0.3333333333333333
45,21,11.0,0.24444444444444444,0.1375,11.0,1.8333333333333333
45,22,3.0,0.06666666666666667,0.0375,3.0,0.5
45,23,11.0,0.24444444444444444,0.1375,11.0,1.8333333333333333
45,24,10.0,0.2222222222222222,0.125,10.0,1.6666666666666667
45,25,10.0,0.2222222222222222,0.125,10.0,1.6666666666666667
45,26,10.0,0.2222222222222222,0.125,10.0,1.6666666666666667
45,27,10.0,0.2222222222222222,0.125,10.0,1.6666666666666667
45,28,3.0,0.06666666666666667,0.0375,3.0,0.5
45,29,20.0,0.4444444444444444,0.25,20.0,3.3333333333333335
45,30,17.0,0.37777777777777777,0.2125,17.0,2.8333333333333335
45,31,1.0,0.022222222222222223,0.0125,1.0,0.16666666666666666
45,32,10.0,0.2222222222222222,0.125,10.0,1.6666666666666667
45,33,21.0,0.4666666666666667,0.2625,21.0,3.5
45,34,21.0,0.4666666666666667,0.2625,21.0,3.5
45,35,17.0,0.37777777777777777,0.2125,17.0,2.8333333333333335
45,36,11.0,0.24444444444444444,0.1375,11.0,1.8333333333333333
45,37,1.0,0.022222222222222223,0.0125,1.0,0.16666666666666666
45,38,7.0,0.15555555555555556,0.0875,7.0,1.1666666666666667
45,39,14.0,0.3111111111111111,0.175,14.0,2.3333333333333335
45,40,9.0,0.2,0.1125,9.0,1.5
45,41,19.0,0.4222222222222222,0.2375,19.0,3.1666666666666665
45,42,15.0,0.3333333333333333,0.1875,15.0,2.5
45,43,15.0,0.3333333333333333,0.1875,15.0,2.5
45,44,20.0,0.4444444444444444,0.25,20.0,3.3333333333333335
45,46,13.0,0.28888888888888886,0.1625,13.0,2.1666666666666665
45,47,3.0,0.06666666666666667,0.0375,3.0,0.5
45,48,3.0,0.06666666666666667,0.0375,3.0,0.5
45,49,11.0,0.24444444444444444,0.1375,11.0,1.8333333333333333
45,50,2.0,0.044444444444444446,0.025,2.0,0.3333333333333333
45,51,8.0,0.17777777777777778,0.1,8.0,1.3333333333333333
46,1,10.0,0.2222222222222222,0.125,10.0,1.6666666666666667
46,2,10.0,0.2222222222222222,0.125,10.0,1.6666666666666667
46,3,11.0,0.24444444444444444,0.1375,11.0,1.8333333333333333
46,4,5.0,0.1111111111111111,0.0625,5.0,0.8333333333333334
46,5,7.0,0.15555555555555556,0.0875,7.0,1.1666666666666667
46,6,4.0,0.08888888888888889,0.05,4.0,0.6666666666666666
46,7,10.0,0.2222222222222222,0.125,10.0,1.6666666666666667
46,8,10.0,0.2222222222222222,0.125,10.0,1.6666666666666667
46,9,3.0,0.06666666666666667,0.0375,3.0,0.5
46,10,10.0,0.2222222222222222,0.125,10.0,1.6666666666666667
46,11,12.0,0.26666666666666666,0.15,12.0,2.0
46,12,12.0,0.26666666666666666,0.15,12.0,2.0
46,13,8.0,0.17777777777777778,0.1,8.0,1.3333333333333333
46,14,11.0,0.24444444444444444,0.1375,11.0,1.8333333333333333
46,15,11.0,0.24444444444444444,0.1375,11.0,1.8333333333333333
46,16,13.0,0.28888888888888886,0.1625,13.0,2.1666666666666665
46,17,10.0,0.2222222222222222,0.125,10.0,1.6666666666666667
46,18,10.0,0.2222222222222222,0.125,10.0,1.6666666666666667
46,19,12.0,0.26666666666666666,0.15,12.0,2.0
46,20,14.0,0.3111111111111111,0.175,14.0,2.3333333333333335
46,21,2.0,0.044444444444444446,0.025,2.0,0.3333333333333333
46,22,11.0,0.24444444444444444,0.1375,11.0,1.8333333333333333
46,23,2.0,0.044444444444444446,0.025,2.0,0.3333333333333333
46,24,3.0,0.06666666666666667,0.0375,3.0,0.5
46,25,4.0,0.08888888888888889,0.05,4.0,0.6666666666666666
46,26,14.0,0.3111111111111111,0.175,14.0,2.3333333333333335
46,27,4.0,0.08888888888888889,0.05,4.0,0.6666666666666666
46,28,15.0,0.3333333333333333,0.1875,15.0,2.5
46,29,7.0,0.15555555555555556,0.0875,7.0,1.1666666666666667
46,30,8.0,0.17777777777777778,0.1,8.0,1.3333333333333333
46,31,12.0,0.26666666666666666,0.15,12.0,2.0
46,32,4.0,0.08888888888888889,0.05,4.0,0.6666666666666666
46,33,9.0,0.2,0.1125,9.0,1.5
46,34,9.0,0.2,0.1125,9.0,1.5
46,35,10.0,0.2222222222222222,0.125,10.0,1.6666666666666667
46,36,2.0,0.044444444444444446,0.025,2.0,0.3333333333333333
46,37,13.0,0.28888888888888886,0.1625,13.0,2.1666666666666665
46,38,9.0,0.2,0.1125,9.0,1.5
46,39,10.0,0.2222222222222222,0.125,10.0,1.6666666666666667
46,40,9.0,0.2,0.1125,9.0,1.5
46,41,6.0,0.13333333333333333,0.075,6.0,1.0
46,42,12.0,0.26666666666666666,0.15,12.0,2.0
46,43,9.0,0.2,0.1125,9.0,1.5
46,44,8.0,0.17777777777777778,0.1,8.0,1.3333333333333333
46,45,13.0,0.28888888888888886,0.1625,13.0,2.1666666666666665
46,47,13.0,0.28888888888888886,0.1625,13.0,2.1666666666666665
46,48,15.0,0.3333333333333333,0.1875,15.0,2.5
46,49,13.0,0.28888888888888886,0.1625,13.0,2.1666666666666665
46,50,12.0,0.26666666666666666,0.15,12.0,2.0
46,51,7.0,0.15555555555555556,0.0875,7.0,1.1666666666666667
47,1,23.0,0.5111111111111111,0.2875,23.0,3.8333333333333335
47,2,22.0,0.4888888888888889,0.275,22.0,3.6666666666666665
47,3,16.0,0.35555555555555557,0.2,16.0,2.6666666666666665
47,4,9.0,0.2,0.1125,9.0,1.5
47,5,20.0,0.4444444444444444,0.25,20.0,3.3333333333333335
47,6,9.0,0.2,0.1125,9.0,1.5
47,7,12.0,0.26666666666666666,0.15,12.0,2.0
47,8,23.0,0.5111111111111111,0.2875,23.0,3.8333333333333335
47,9,11.0,0.24444444444444444,0.1375,11.0,1.8333333333333333
47,10,16.0,0.35555555555555557,0.2,16.0,2.6666666666666665
47,11,14.0,0.3111111111111111,0.175,14.0,2.3333333333333335
47,12,1.0,0.022222222222222223,0.0125,1.0,0.16666666666666666
47,13,15.0,0.3333333333333333,0.1875,15.0,2.5
47,14,15.0,0.3333333333333333,0.1875,15.0,2.5
47,15,14.0,0.3111111111111111,0.175,14.0,2.3333333333333335
47,16,1.0,0.022222222222222223,0.0125,1.0,0.16666666666666666
47,17,16.0,0.35555555555555557,0.2,16.0,2.6666666666666665
47,18,12.0,0.26666666666666666,0.15,12.0,2.0
47,19,14.0,0.3111111111111111,0.175,14.0,2.3333333333333335
47,20,1.0,0.022222222222222223,0.0125,1.0,0.16666666666666666
47,21,11.0,0.24444444444444444,0.1375,11.0,1.8333333333333333
47,22,3.0,0.06666666666666667,0.0375,3.0,0.5
47,23,11.0,0.24444444444444444,0.1375,11.0,1.8333333333333333
47,24,10.0,0.2222222222222222,0.125,10.0,1.6666666666666667
47,25,10.0,0.2222222222222222,0.125,10.0,1.6666666666666667
47,26,12.0,0.26666666666666666,0.15,12.0,2.0
47,27,10.0,0.2222222222222222,0.125,10.0,1.6666666666666667
47,28,2.0,0.044444444444444446,0.025,2.0,0.3333333333333333
47,29,20.0,0.4444444444444444,0.25,20.0,3.3333333333333335
47,30,17.0,0.37777777777777777,0.2125,17.0,2.8333333333333335
47,31,2.0,0.044444444444444446,0.025,2.0,0.3333333333333333
47,32,10.0,0.2222222222222222,0.125,10.0,1.6666666666666667
47,33,21.0,0.4666666666666667,0.2625,21.0,3.5
47,34,21.0,0.4666666666666667,0.2625,21.0,3.5
47,35,17.0,0.37777777777777777,0.2125,17.0,2.8333333333333335
47,36,11.0,0.24444444444444444,0.1375,11.0,1.8333333333333333
47,37,2.0,0.044444444444444446,0.025,2.0,0.3333333333333333
47,38,10.0,0.2222222222222222,0.125,10.0,1.6666666666666667
47,39,14.0,0.3111111111111111,0.175,14.0,2.3333333333333335
47,40,11.0,0.24444444444444444,0.1375,11.0,1.8333333333333333
47,41,19.0,0.4222222222222222,0.2375,19.0,3.1666666666666665
47,42,15.0,0.3333333333333333,0.1875,15.0,2.5
47,43,15.0,0.3333333333333333,0.1875,15.0,2.5
47,44,20.0,0.4444444444444444,0.25,20.0,3.3333333333333335
47,45,3.0,0.06666666666666667,0.0375,3.0,0.5
47,46,13.0,0.28888888888888886,0.1625,13.0,2.1666666666666665
47,48,3.0,0.06666666666666667,0.0375,3.0,0.5
47,49,13.0,0.28888888888888886,0.1625,13.0,2.1666666666666665
47,50,4.0,0.08888888888888889,0.05,4.0,0.6666666666666666
47,51,6.0,0.13333333333333333,0.075,6.0,1.0
48,1,25.0,0.5555555555555556,0.3125,25.0,4.166666666666667
48,2,25.0,0.5555555555555556,0.3125,25.0,4.166666666666667
48,3,18.0,0.4,0.225,18.0,3.0
48,4,11.0,0.24444444444444444,0.1375,11.0,1.8333333333333333
48,5,22.0,0.4888888888888889,0.275,22.0,3.6666666666666665
48,6,11.0,0.24444444444444444,0.1375,11.0,1.8333333333333333
48,7,12.0,0.26666666666666666,0.15,12.0,2.0
48,8,25.0,0.5555555555555556,0.3125,25.0,4.166666666666667
48,9,13.0,0.28888888888888886,0.1625,13.0,2.1666666666666665
48,10,19.0,0.4222222222222222,0.2375,19.0,3.1666666666666665
48,11,14.0,0.3111111111111111,0.175,14.0,2.3333333333333335
48,12,3.0,0.06666666666666667,0.0375,3.0,0.5
48,13,18.0,0.4,0.225,18.0,3.0
48,14,17.0,0.37777777777777777,0.2125,17.0,2.8333333333333335
48,15,16.0,0.35555555555555557,0.2,16.0,2.6666666666666665
48,16,3.0,0.06666666666666667,0.0375,3.0,0.5
48,17,18.0,0.4,0.225,18.0,3.0
48,18,12.0,0.26666666666666666,0.15,12.0,2.0
48,19,14.0,0.3111111111111111,0.175,14.0,2.3333333333333335
48,20,2.0,0.044444444444444446,0.025,2.0,0.3333333333333333
48,21,14.0,0.3111111111111111,0.175,14.0,2.3333333333333335
48,22,5.0,0.1111111111111111,0.0625,5.0,0.8333333333333334
48,23,14.0,0.3111111111111111,0.175,14.0,2.3333333333333335
48,24,13.0,0.28888888888888886,0.1625,13.0,2.1666666666666665
48,25,12.0,0.26666666666666666,0.15,12.0,2.0
48,26,12.0,0.26666666666666666,0.15,12.0,2.0
48,27,12.0,0.26666666666666666,0.15,12.0,2.0
48,28,1.0,0.022222222222222223,0.0125,1.0,0.16666666666666666
48,29,22.0,0.4888888888888889,0.275,22.0,3.6666666666666665
48,30,19.0,0.4222222222222222,0.2375,19.0,3.1666666666666665
48,31,3.0,0.06666666666666667,0.0375,3.0,0.5
48,32,12.0,0.26666666666666666,0.15,12.0,2.0
48,33,24.0,0.5333333333333333,0.3,24.0,4.0
48,34,24.0,0.5333333333333333,0.3,24.0,4.0
48,35,19.0,0.4222222222222222,0.2375,19.0,3.1666666666666665
48,36,14.0,0.3111111111111111,0.175,14.0,2.3333333333333335
48,37,2.0,0.044444444444444446,0.025,2.0,0.3333333333333333
48,38,10.0,0.2222222222222222,0.125,10.0,1.6666666666666667
48,39,16.0,0.35555555555555557,0.2,16.0,2.6666666666666665
48,40,11.0,0.24444444444444444,0.1375,11.0,1.8333333333333333
48,41,21.0,0.4666666666666667,0.2625,21.0,3.5
48,42,17.0,0.37777777777777777,0.2125,17.0,2.8333333333333335
48,43,17.0,0.37777777777777777,0.2125,17.0,2.8333333333333335
48,44,23.0,0.5111111111111111,0.2875,23.0,3.8333333333333335
48,45,3.0,0.06666666666666667,0.0375,3.0,0.5
48,46,15.0,0.3333333333333333,0.1875,15.0,2.5
48,47,3.0,0.06666666666666667,0.0375,3.0,0.5
48,49,13.0,0.28888888888888886,0.1625,13.0,2.1666666666666665
48,50,4.0,0.08888888888888889,0.05,4.0,0.6666666666666666
48,51,9.0,0.2,0.1125,9.0,1.5
49,1,23.0,0.5111111111111111,0.2875,23.0,3.8333333333333335
49,2,22.0,0.4888888888888889,0.275,22.0,3.6666666666666665
49,3,22.0,0.4888888888888889,0.275,22.0,3.6666666666666665
49,4,12.0,0.26666666666666666,0.15,12.0,2.0
49,5,19.0,0.4222222222222222,0.2375,19.0,3.1666666666666665
49,6,14.0,0.3111111111111111,0.175,14.0,2.3333333333333335
49,7,3.0,0.06666666666666667,0.0375,3.0,0.5
49,8,23.0,0.5111111111111111,0.2875,23.0,3.8333333333333335
49,9,12.0,0.26666666666666666,0.15,12.0,2.0
49,10,21.0,0.4666666666666667,0.2625,21.0,3.5
49,11,1.0,0.022222222222222223,0.0125,1.0,0.16666666666666666
49,12,13.0,0.28888888888888886,0.1625,13.0,2.1666666666666665
49,13,19.0,0.4222222222222222,0.2375,19.0,3.1666666666666665
49,14,22.0,0.4888888888888889,0.275,22.0,3.6666666666666665
49,15,22.0,0.4888888888888889,0.275,22.0,3.6666666666666665
49,16,14.0,0.3111111111111111,0.175,14.0,2.3333333333333335
49,17,21.0,0.4666666666666667,0.2625,21.0,3.5
49,18,6.0,0.13333333333333333,0.075,6.0,1.0
49,19,4.0,0.08888888888888889,0.05,4.0,0.6666666666666666
49,20,13.0,0.28888888888888886,0.1625,13.0,2.1666666666666665
49,21,12.0,0.26666666666666666,0.15,12.0,2.0
49,22,11.0,0.24444444444444444,0.1375,11.0,1.8333333333333333
49,23,13.0,0.28888888888888886,0.1625,13.0,2.1666666666666665
49,24,11.0,0.24444444444444444,0.1375,11.0,1.8333333333333333
49,25,13.0,0.28888888888888886,0.1625,13.0,2.1666666666666665
49,26,1.0,0.022222222222222223,0.0125,1.0,0.16666666666666666
49,27,15.0,0.3333333333333333,0.1875,15.0,2.5
49,28,14.0,0.3111111111111111,0.175,14.0,2.3333333333333335
49,29,19.0,0.4222222222222222,0.2375,19.0,3.1666666666666665
49,30,19.0,0.4222222222222222,0.2375,19.0,3.1666666666666665
49,31,11.0,0.24444444444444444,0.1375,11.0,1.8333333333333333
49,32,11.0,0.24444444444444444,0.1375,11.0,1.8333333333333333
49,33,21.0,0.4666666666666667,0.2625,21.0,3.5
49,34,21.0,0.4666666666666667,0.2625,21.0,3.5
49,35,21.0,0.4666666666666667,0.2625,21.0,3.5
49,36,11.0,0.24444444444444444,0.1375,11.0,1.8333333333333333
49,37,12.0,0.26666666666666666,0.15,12.0,2.0
49,38,4.0,0.08888888888888889,0.05,4.0,0.6666666666666666
49,39,21.0,0.4666666666666667,0.2625,21.0,3.5
49,40,5.0,0.1111111111111111,0.0625,5.0,0.8333333333333334
49,41,18.0,0.4,0.225,18.0,3.0
49,42,23.0,0.5111111111111111,0.2875,23.0,3.8333333333333335
49,43,20.0,0.4444444444444444,0.25,20.0,3.3333333333333335
49,44,20.0,0.4444444444444444,0.25,20.0,3.3333333333333335
49,45,11.0,0.24444444444444444,0.1375,11.0,1.8333333333333333
49,46,13.0,0.28888888888888886,0.1625,13.0,2.1666666666666665
49,47,13.0,0.28888888888888886,0.1625,13.0,2.1666666666666665
49,48,13.0,0.28888888888888886,0.1625,13.0,2.1666666666666665
49,50,10.0,0.2222222222222222,0.125,10.0,1.6666666666666667
49,51,18.0,0.4,0.225,18.0,3.0
50,1,22.0,0.4888888888888889,0.275,22.0,3.6666666666666665
50,2,21.0,0.4666666666666667,0.2625,21.0,3.5
50,3,14.0,0.3111111111111111,0.175,14.0,2.3333333333333335
50,4,7.0,0.15555555555555556,0.0875,7.0,1.1666666666666667
50,5,18.0,0.4,0.225,18.0,3.0
50,6,8.0,0.17777777777777778,0.1,8.0,1.3333333333333333
50,7,9.0,0.2,0.1125,9.0,1.5
50,8,22.0,0.4888888888888889,0.275,22.0,3.6666666666666665
50,9,9.0,0.2,0.1125,9.0,1.5
50,10,15.0,0.3333333333333333,0.1875,15.0,2.5
50,11,11.0,0.24444444444444444,0.1375,11.0,1.8333333333333333
50,12,3.0,0.06666666666666667,0.0375,3.0,0.5
50,13,14.0,0.3111111111111111,0.175,14.0,2.3333333333333335
50,14,13.0,0.28888888888888886,0.1625,13.0,2.1666666666666665
50,15,13.0,0.28888888888888886,0.1625,13.0,2.1666666666666665
50,16,4.0,0.08888888888888889,0.05,4.0,0.6666666666666666
50,17,14.0,0.3111111111111111,0.175,14.0,2.3333333333333335
50,18,9.0,0.2,0.1125,9.0,1.5
50,19,11.0,0.24444444444444444,0.1375,11.0,1.8333333333333333
50,20,3.0,0.06666666666666667,0.0375,3.0,0.5
50,21,10.0,0.2222222222222222,0.125,10.0,1.6666666666666667
50,22,1.0,0.022222222222222223,0.0125,1.0,0.16666666666666666
50,23,10.0,0.2222222222222222,0.125,10.0,1.6666666666666667
50,24,9.0,0.2,0.1125,9.0,1.5
50,25,8.0,0.17777777777777778,0.1,8.0,1.3333333333333333
50,26,9.0,0.2,0.1125,9.0,1.5
50,27,8.0,0.17777777777777778,0.1,8.0,1.3333333333333333
50,28,4.0,0.08888888888888889,0.05,4.0,0.6666666666666666
50,29,18.0,0.4,0.225,18.0,3.0
50,30,16.0,0.35555555555555557,0.2,16.0,2.6666666666666665
50,31,2.0,0.044444444444444446,0.025,2.0,0.3333333333333333
50,32,8.0,0.17777777777777778,0.1,8.0,1.3333333333333333
50,33,20.0,0.4444444444444444,0.25,20.0,3.3333333333333335
50,34,20.0,0.4444444444444444,0.25,20.0,3.3333333333333335
50,35,16.0,0.35555555555555557,0.2,16.0,2.6666666666666665
50,36,10.0,0.2222222222222222,0.125,10.0,1.6666666666666667
50,37,2.0,0.044444444444444446,0.025,2.0,0.3333333333333333
50,38,7.0,0.15555555555555556,0.0875,7.0,1.1666666666666667
50,39,12.0,0.26666666666666666,0.15,12.0,2.0
50,40,8.0,0.17777777777777778,0.1,8.0,1.3333333333333333
50,41,17.0,0.37777777777777777,0.2125,17.0,2.8333333333333335
50,42,13.0,0.28888888888888886,0.1625,13.0,2.1666666666666665
50,43,13.0,0.28888888888888886,0.1625,13.0,2.1666666666666665
50,44,19.0,0.4222222222222222,0.2375,19.0,3.1666666666666665
50,45,2.0,0.044444444444444446,0.025,2.0,0.3333333333333333
50,46,12.0,0.26666666666666666,0.15,12.0,2.0
50,47,4.0,0.08888888888888889,0.05,4.0,0.6666666666666666
50,48,4.0,0.08888888888888889,0.05,4.0,0.6666666666666666
50,49,10.0,0.2222222222222222,0.125,10.0,1.6666666666666667
50,51,8.0,0.17777777777777778,0.1,8.0,1.3333333333333333
