i,j,distance,truck_time,drone_time,robot_distance,robot_time
0,1,8.0,0.17777777777777778,0.1,8.0,1.3333333333333333
0,2,11.0,0.24444444444444444,0.1375,11.0,1.8333333333333333
0,3,9.0,0.2,0.1125,9.0,1.5
0,4,8.0,0.17777777777777778,0.1,8.0,1.3333333333333333
0,5,9.0,0.2,0.1125,9.0,1.5
0,6,7.0,0.15555555555555556,0.0875,7.0,1.1666666666666667
0,7,9.0,0.2,0.1125,9.0,1.5
0,8,17.0,0.37777777777777777,0.2125,17.0,2.8333333333333335
0,9,8.0,0.17777777777777778,0.1,8.0,1.3333333333333333
0,10,5.0,0.1111111111111111,0.0625,5.0,0.8333333333333334
0,11,7.0,0.15555555555555556,0.0875,7.0,1.1666666666666667
0,12,4.0,0.08888888888888889,0.05,4.0,0.6666666666666666
0,13,8.0,0.17777777777777778,0.1,8.0,1.3333333333333333
0,14,7.0,0.15555555555555556,0.0875,7.0,1.1666666666666667
0,15,7.0,0.15555555555555556,0.0875,7.0,1.1666666666666667
0,16,14.0,0.3111111111111111,0.175,14.0,2.3333333333333335
0,17,10.0,0.2222222222222222,0.125,10.0,1.6666666666666667
0,18,9.0,0.2,0.1125,9.0,1.5
0,19,8.0,0.17777777777777778,0.1,8.0,1.3333333333333333
0,20,17.0,0.37777777777777777,0.2125,17.0,2.8333333333333335
0,21,16.0,0.35555555555555557,0.2,16.0,2.6666666666666665
0,22,10.0,0.2222222222222222,0.125,10.0,1.6666666666666667
0,23,19.0,0.4222222222222222,0.2375,19.0,3.1666666666666665
0,24,8.0,0.17777777777777778,0.1,8.0,1.3333333333333333
0,25,16.0,0.35555555555555557,0.2,16.0,2.6666666666666665
0,26,17.0,0.37777777777777777,0.2125,17.0,2.8333333333333335
0,27,10.0,0.2222222222222222,0.125,10.0,1.6666666666666667
0,28,7.0,0.15555555555555556,0.0875,7.0,1.1666666666666667
0,29,17.0,0.37777777777777777,0.2125,17.0,2.8333333333333335
0,30,6.0,0.13333333333333333,0.075,6.0,1.0
0,31,6.0,0.13333333333333333,0.075,6.0,1.0
0,32,7.0,0.15555555555555556,0.0875,7.0,1.1666666666666667
0,33,14.0,0.3111111111111111,0.175,14.0,2.3333333333333335
0,34,7.0,0.15555555555555556,0.0875,7.0,1.1666666666666667
0,35,6.0,0.13333333333333333,0.075,6.0,1.0
0,36,13.0,0.28888888888888886,0.1625,13.0,2.1666666666666665
0,37,15.0,0.3333333333333333,0.1875,15.0,2.5
0,38,9.0,0.2,0.1125,9.0,1.5
0,39,4.0,0.08888888888888889,0.05,4.0,0.6666666666666666
0,40,6.0,0.13333333333333333,0.075,6.0,1.0
0,41,18.0,0.4,0.225,18.0,3.0
0,42,14.0,0.3111111111111111,0.175,14.0,2.3333333333333335
0,43,19.0,0.4222222222222222,0.2375,19.0,3.1666666666666665
0,44,11.0,0.24444444444444444,0.1375,11.0,1.8333333333333333
0,45,17.0,0.37777777777777777,0.2125,17.0,2.8333333333333335
0,46,15.0,0.3333333333333333,0.1875,15.0,2.5
0,47,6.0,0.13333333333333333,0.075,6.0,1.0
0,48,15.0,0.3333333333333333,0.1875,15.0,2.5
0,49,9.0,0.2,0.1125,9.0,1.5
0,50,5.0,0.1111111111111111,0.0625,5.0,0.8333333333333334
0,51,0.0,0.0,0.0,0.0,0.0
1,2,4.0,0.08888888888888889,0.05,4.0,0.6666666666666666
1,3,2.0,0.044444444444444446,0.025,2.0,0.3333333333333333
1,4,15.0,0.3333333333333333,0.1875,15.0,2.5
1,5,1.0,0.022222222222222223,0.0125,1.0,0.16666666666666666
1,6,10.0,0.2222222222222222,0.125,10.0,1.6666666666666667
1,7,16.0,0.35555555555555557,0.2,16.0,2.6666666666666665
1,8,13.0,0.28888888888888886,0.1625,13.0,2.1666666666666665
1,9,2.0,0.044444444444444446,0.025,2.0,0.3333333333333333
1,10,8.0,0.17777777777777778,0.1,8.0,1.3333333333333333
1,11,11.0,0.24444444444444444,0.1375,11.0,1.8333333333333333
1,12,7.0,0.15555555555555556,0.0875,7.0,1.1666666666666667
1,13,12.0,0.26666666666666666,0.15,12.0,2.0
1,14,9.0,0.2,0.1125,9.0,1.5
1,15,10.0,0.2222222222222222,0.125,10.0,1.6666666666666667
1,16,10.0,0.2222222222222222,0.125,10.0,1.6666666666666667
1,17,3.0,0.06666666666666667,0.0375,3.0,0.5
1,18,3.0,0.06666666666666667,0.0375,3.0,0.5
1,19,10.0,0.2222222222222222,0.125,10.0,1.6666666666666667
1,20,20.0,0.4444444444444444,0.25,20.0,3.3333333333333335
1,21,12.0,0.26666666666666666,0.15,12.0,2.0
1,22,2.0,0.044444444444444446,0.025,2.0,0.3333333333333333
1,23,21.0,0.4666666666666667,0.2625,21.0,3.5
1,24,14.0,0.3111111111111111,0.175,14.0,2.3333333333333335
1,25,19.0,0.4222222222222222,0.2375,19.0,3.1666666666666665
1,26,10.0,0.2222222222222222,0.125,10.0,1.6666666666666667
1,27,2.0,0.044444444444444446,0.025,2.0,0.3333333333333333
1,28,13.0,0.28888888888888886,0.1625,13.0,2.1666666666666665
1,29,20.0,0.4444444444444444,0.25,20.0,3.3333333333333335
1,30,9.0,0.2,0.1125,9.0,1.5
1,31,13.0,0.28888888888888886,0.1625,13.0,2.1666666666666665
1,32,14.0,0.3111111111111111,0.175,14.0,2.3333333333333335
1,33,10.0,0.2222222222222222,0.125,10.0,1.6666666666666667
1,34,14.0,0.3111111111111111,0.175,14.0,2.3333333333333335
1,35,13.0,0.28888888888888886,0.1625,13.0,2.1666666666666665
1,36,12.0,0.26666666666666666,0.15,12.0,2.0
1,37,17.0,0.37777777777777777,0.2125,17.0,2.8333333333333335
1,38,1.0,0.022222222222222223,0.0125,1.0,0.16666666666666666
1,39,6.0,0.13333333333333333,0.075,6.0,1.0
1,40,9.0,0.2,0.1125,9.0,1.5
1,41,21.0,0.4666666666666667,0.2625,21.0,3.5
1,42,13.0,0.28888888888888886,0.1625,13.0,2.1666666666666665
1,43,21.0,0.4666666666666667,0.2625,21.0,3.5
1,44,4.0,0.08888888888888889,0.05,4.0,0.6666666666666666
1,45,20.0,0.4444444444444444,0.25,20.0,3.3333333333333335
1,46,8.0,0.17777777777777778,0.1,8.0,1.3333333333333333
1,47,14.0,0.3111111111111111,0.175,14.0,2.3333333333333335
1,48,15.0,0.3333333333333333,0.1875,15.0,2.5
1,49,11.0,0.24444444444444444,0.1375,11.0,1.8333333333333333
1,50,8.0,0.17777777777777778,0.1,8.0,1.3333333333333333
1,51,8.0,0.17777777777777778,0.1,8.0,1.3333333333333333
2,1,4.0,0.08888888888888889,0.05,4.0,0.6666666666666666
2,3,2.0,0.044444444444444446,0.025,2.0,0.3333333333333333
2,4,19.0,0.4222222222222222,0.2375,19.0,3.1666666666666665
2,5,3.0,0.06666666666666667,0.0375,3.0,0.5
2,6,10.0,0.2222222222222222,0.125,10.0,1.6666666666666667
2,7,19.0,0.4222222222222222,0.2375,19.0,3.1666666666666665
2,8,13.0,0.28888888888888886,0.1625,13.0,2.1666666666666665
2,9,3.0,0.06666666666666667,0.0375,3.0,0.5
2,10,8.0,0.17777777777777778,0.1,8.0,1.3333333333333333
2,11,15.0,0.3333333333333333,0.1875,15.0,2.5
2,12,8.0,0.17777777777777778,0.1,8.0,1.3333333333333333
2,13,16.0,0.35555555555555557,0.2,16.0,2.6666666666666665
2,14,9.0,0.2,0.1125,9.0,1.5
2,15,10.0,0.2222222222222222,0.125,10.0,1.6666666666666667
2,16,10.0,0.2222222222222222,0.125,10.0,1.6666666666666667
2,17,1.0,0.022222222222222223,0.0125,1.0,0.16666666666666666
2,18,3.0,0.06666666666666667,0.0375,3.0,0.5
2,19,10.0,0.2222222222222222,0.125,10.0,1.6666666666666667
2,20,20.0,0.4444444444444444,0.25,20.0,3.3333333333333335
2,21,12.0,0.26666666666666666,0.15,12.0,2.0
2,22,2.0,0.044444444444444446,0.025,2.0,0.3333333333333333
2,23,21.0,0.4666666666666667,0.2625,21.0,3.5
2,24,17.0,0.37777777777777777,0.2125,17.0,2.8333333333333335
2,25,19.0,0.4222222222222222,0.2375,19.0,3.1666666666666665
2,26,10.0,0.2222222222222222,0.125,10.0,1.6666666666666667
2,27,2.0,0.044444444444444446,0.025,2.0,0.3333333333333333
2,28,16.0,0.35555555555555557,0.2,16.0,2.6666666666666665
2,29,20.0,0.4444444444444444,0.25,20.0,3.3333333333333335
2,30,9.0,0.2,0.1125,9.0,1.5
2,31,17.0,0.37777777777777777,0.2125,17.0,2.8333333333333335
2,32,18.0,0.4,0.225,18.0,3.0
2,33,10.0,0.2222222222222222,0.125,10.0,1.6666666666666667
2,34,17.0,0.37777777777777777,0.2125,17.0,2.8333333333333335
2,35,16.0,0.35555555555555557,0.2,16.0,2.6666666666666665
2,36,12.0,0.26666666666666666,0.15,12.0,2.0
2,37,17.0,0.37777777777777777,0.2125,17.0,2.8333333333333335
2,38,3.0,0.06666666666666667,0.0375,3.0,0.5
2,39,8.0,0.17777777777777778,0.1,8.0,1.3333333333333333
2,40,9.0,0.2,0.1125,9.0,1.5
2,41,21.0,0.4666666666666667,0.2625,21.0,3.5
2,42,13.0,0.28888888888888886,0.1625,13.0,2.1666666666666665
2,43,21.0,0.4666666666666667,0.2625,21.0,3.5
2,44,2.0,0.044444444444444446,0.025,2.0,0.3333333333333333
2,45,20.0,0.4444444444444444,0.25,20.0,3.3333333333333335
2,46,8.0,0.17777777777777778,0.1,8.0,1.3333333333333333
2,47,17.0,0.37777777777777777,0.2125,17.0,2.8333333333333335
2,48,15.0,0.3333333333333333,0.1875,15.0,2.5
2,49,11.0,0.24444444444444444,0.1375,11.0,1.8333333333333333
2,50,8.0,0.17777777777777778,0.1,8.0,1.3333333333333333
2,51,11.0,0.24444444444444444,0.1375,11.0,1.8333333333333333
3,1,2.0,0.044444444444444446,0.025,2.0,0.3333333333333333
3,2,2.0,0.044444444444444446,0.025,2.0,0.3333333333333333
3,4,17.0,0.37777777777777777,0.2125,17.0,2.8333333333333335
3,5,3.0,0.06666666666666667,0.0375,3.0,0.5
3,6,8.0,0.17777777777777778,0.1,8.0,1.3333333333333333
3,7,18.0,0.4,0.225,18.0,3.0
3,8,11.0,0.24444444444444444,0.1375,11.0,1.8333333333333333
3,9,4.0,0.08888888888888889,0.05,4.0,0.6666666666666666
3,10,6.0,0.13333333333333333,0.075,6.0,1.0
3,11,13.0,0.28888888888888886,0.1625,13.0,2.1666666666666665
3,12,7.0,0.15555555555555556,0.0875,7.0,1.1666666666666667
3,13,14.0,0.3111111111111111,0.175,14.0,2.3333333333333335
3,14,8.0,0.17777777777777778,0.1,8.0,1.3333333333333333
3,15,8.0,0.17777777777777778,0.1,8.0,1.3333333333333333
3,16,9.0,0.2,0.1125,9.0,1.5
3,17,3.0,0.06666666666666667,0.0375,3.0,0.5
3,18,4.0,0.08888888888888889,0.05,4.0,0.6666666666666666
3,19,9.0,0.2,0.1125,9.0,1.5
3,20,18.0,0.4,0.225,18.0,3.0
3,21,11.0,0.24444444444444444,0.1375,11.0,1.8333333333333333
3,22,3.0,0.06666666666666667,0.0375,3.0,0.5
3,23,20.0,0.4444444444444444,0.25,20.0,3.3333333333333335
3,24,15.0,0.3333333333333333,0.1875,15.0,2.5
3,25,17.0,0.37777777777777777,0.2125,17.0,2.8333333333333335
3,26,8.0,0.17777777777777778,0.1,8.0,1.3333333333333333
3,27,2.0,0.044444444444444446,0.025,2.0,0.3333333333333333
3,28,15.0,0.3333333333333333,0.1875,15.0,2.5
3,29,18.0,0.4,0.225,18.0,3.0
3,30,7.0,0.15555555555555556,0.0875,7.0,1.1666666666666667
3,31,15.0,0.3333333333333333,0.1875,15.0,2.5
3,32,16.0,0.35555555555555557,0.2,16.0,2.6666666666666665
3,33,8.0,0.17777777777777778,0.1,8.0,1.3333333333333333
3,34,16.0,0.35555555555555557,0.2,16.0,2.6666666666666665
3,35,15.0,0.3333333333333333,0.1875,15.0,2.5
3,36,10.0,0.2222222222222222,0.125,10.0,1.6666666666666667
3,37,16.0,0.35555555555555557,0.2,16.0,2.6666666666666665
3,38,1.0,0.022222222222222223,0.0125,1.0,0.16666666666666666
3,39,6.0,0.13333333333333333,0.075,6.0,1.0
3,40,7.0,0.15555555555555556,0.0875,7.0,1.1666666666666667
3,41,19.0,0.4222222222222222,0.2375,19.0,3.1666666666666665
3,42,11.0,0.24444444444444444,0.1375,11.0,1.8333333333333333
3,43,20.0,0.4444444444444444,0.25,20.0,3.3333333333333335
3,44,2.0,0.044444444444444446,0.025,2.0,0.3333333333333333
3,45,18.0,0.4,0.225,18.0,3.0
3,46,6.0,0.13333333333333333,0.075,6.0,1.0
3,47,15.0,0.3333333333333333,0.1875,15.0,2.5
3,48,13.0,0.28888888888888886,0.1625,13.0,2.1666666666666665
3,49,10.0,0.2222222222222222,0.125,10.0,1.6666666666666667
3,50,6.0,0.13333333333333333,0.075,6.0,1.0
3,51,9.0,0.2,0.1125,9.0,1.5
4,1,15.0,0.3333333333333333,0.1875,15.0,2.5
4,2,19.0,0.4222222222222222,0.2375,19.0,3.1666666666666665
4,3,17.0,0.37777777777777777,0.2125,17.0,2.8333333333333335
4,5,16.0,0.35555555555555557,0.2,16.0,2.6666666666666665
4,6,11.0,0.24444444444444444,0.1375,11.0,1.8333333333333333
4,7,1.0,0.022222222222222223,0.0125,1.0,0.16666666666666666
4,8,25.0,0.5555555555555556,0.3125,25.0,4.166666666666667
4,9,16.0,0.35555555555555557,0.2,16.0,2.6666666666666665
4,10,11.0,0.24444444444444444,0.1375,11.0,1.8333333333333333
4,11,4.0,0.08888888888888889,0.05,4.0,0.6666666666666666
4,12,11.0,0.24444444444444444,0.1375,11.0,1.8333333333333333
4,13,4.0,0.08888888888888889,0.05,4.0,0.6666666666666666
4,14,13.0,0.28888888888888886,0.1625,13.0,2.1666666666666665
4,15,15.0,0.3333333333333333,0.1875,15.0,2.5
4,16,22.0,0.4888888888888889,0.275,22.0,3.6666666666666665
4,17,18.0,0.4,0.225,18.0,3.0
4,18,16.0,0.35555555555555557,0.2,16.0,2.6666666666666665
4,19,12.0,0.26666666666666666,0.15,12.0,2.0
4,20,13.0,0.28888888888888886,0.1625,13.0,2.1666666666666665
4,21,24.0,0.5333333333333333,0.3,24.0,4.0
4,22,17.0,0.37777777777777777,0.2125,17.0,2.8333333333333335
4,23,14.0,0.3111111111111111,0.175,14.0,2.3333333333333335
4,24,3.0,0.06666666666666667,0.0375,3.0,0.5
4,25,12.0,0.26666666666666666,0.15,12.0,2.0
4,26,25.0,0.5555555555555556,0.3125,25.0,4.166666666666667
4,27,17.0,0.37777777777777777,0.2125,17.0,2.8333333333333335
4,28,3.0,0.06666666666666667,0.0375,3.0,0.5
4,29,13.0,0.28888888888888886,0.1625,13.0,2.1666666666666665
4,30,12.0,0.26666666666666666,0.15,12.0,2.0
4,31,2.0,0.044444444444444446,0.025,2.0,0.3333333333333333
4,32,1.0,0.022222222222222223,0.0125,1.0,0.16666666666666666
4,33,21.0,0.4666666666666667,0.2625,21.0,3.5
4,34,2.0,0.044444444444444446,0.025,2.0,0.3333333333333333
4,35,3.0,0.06666666666666667,0.0375,3.0,0.5
4,36,20.0,0.4444444444444444,0.25,20.0,3.3333333333333335
4,37,10.0,0.2222222222222222,0.125,10.0,1.6666666666666667
4,38,16.0,0.35555555555555557,0.2,16.0,2.6666666666666665
4,39,11.0,0.24444444444444444,0.1375,11.0,1.8333333333333333
4,40,10.0,0.2222222222222222,0.125,10.0,1.6666666666666667
4,41,14.0,0.3111111111111111,0.175,14.0,2.3333333333333335
4,42,21.0,0.4666666666666667,0.2625,21.0,3.5
4,43,14.0,0.3111111111111111,0.175,14.0,2.3333333333333335
4,44,19.0,0.4222222222222222,0.2375,19.0,3.1666666666666665
4,45,13.0,0.28888888888888886,0.1625,13.0,2.1666666666666665
4,46,23.0,0.5111111111111111,0.2875,23.0,3.8333333333333335
4,47,2.0,0.044444444444444446,0.025,2.0,0.3333333333333333
4,48,23.0,0.5111111111111111,0.2875,23.0,3.8333333333333335
4,49,13.0,0.28888888888888886,0.1625,13.0,2.1666666666666665
4,50,13.0,0.28888888888888886,0.1625,13.0,2.1666666666666665
4,51,8.0,0.17777777777777778,0.1,8.0,1.3333333333333333
5,1,1.0,0.022222222222222223,0.0125,1.0,0.16666666666666666
5,2,3.0,0.06666666666666667,0.0375,3.0,0.5
5,3,3.0,0.06666666666666667,0.0375,3.0,0.5
5,4,16.0,0.35555555555555557,0.2,16.0,2.6666666666666665
5,6,11.0,0.24444444444444444,0.1375,11.0,1.8333333333333333
5,7,17.0,0.37777777777777777,0.2125,17.0,2.8333333333333335
5,8,14.0,0.3111111111111111,0.175,14.0,2.3333333333333335
5,9,1.0,0.022222222222222223,0.0125,1.0,0.16666666666666666
5,10,9.0,0.2,0.1125,9.0,1.5
5,11,12.0,0.26666666666666666,0.15,12.0,2.0
5,12,8.0,0.17777777777777778,0.1,8.0,1.3333333333333333
5,13,13.0,0.28888888888888886,0.1625,13.0,2.1666666666666665
5,14,10.0,0.2222222222222222,0.125,10.0,1.6666666666666667
5,15,11.0,0.24444444444444444,0.1375,11.0,1.8333333333333333
5,16,11.0,0.24444444444444444,0.1375,11.0,1.8333333333333333
5,17,2.0,0.044444444444444446,0.025,2.0,0.3333333333333333
5,18,2.0,0.044444444444444446,0.025,2.0,0.3333333333333333
5,19,11.0,0.24444444444444444,0.1375,11.0,1.8333333333333333
5,20,21.0,0.4666666666666667,0.2625,21.0,3.5
5,21,13.0,0.28888888888888886,0.1625,13.0,2.1666666666666665
5,22,1.0,0.022222222222222223,0.0125,1.0,0.16666666666666666
5,23,22.0,0.4888888888888889,0.275,22.0,3.6666666666666665
5,24,15.0,0.3333333333333333,0.1875,15.0,2.5
5,25,20.0,0.4444444444444444,0.25,20.0,3.3333333333333335
5,26,11.0,0.24444444444444444,0.1375,11.0,1.8333333333333333
5,27,1.0,0.022222222222222223,0.0125,1.0,0.16666666666666666
5,28,14.0,0.3111111111111111,0.175,14.0,2.3333333333333335
5,29,21.0,0.4666666666666667,0.2625,21.0,3.5
5,30,10.0,0.2222222222222222,0.125,10.0,1.6666666666666667
5,31,14.0,0.3111111111111111,0.175,14.0,2.3333333333333335
5,32,15.0,0.3333333333333333,0.1875,15.0,2.5
5,33,11.0,0.24444444444444444,0.1375,11.0,1.8333333333333333
5,34,15.0,0.3333333333333333,0.1875,15.0,2.5
5,35,14.0,0.3111111111111111,0.175,14.0,2.3333333333333335
5,36,13.0,0.28888888888888886,0.1625,13.0,2.1666666666666665
5,37,18.0,0.4,0.225,18.0,3.0
5,38,2.0,0.044444444444444446,0.025,2.0,0.3333333333333333
5,39,7.0,0.15555555555555556,0.0875,7.0,1.1666666666666667
5,40,10.0,0.2222222222222222,0.125,10.0,1.6666666666666667
5,41,22.0,0.4888888888888889,0.275,22.0,3.6666666666666665
5,42,14.0,0.3111111111111111,0.175,14.0,2.3333333333333335
5,43,22.0,0.4888888888888889,0.275,22.0,3.6666666666666665
5,44,3.0,0.06666666666666667,0.0375,3.0,0.5
5,45,21.0,0.4666666666666667,0.2625,21.0,3.5
5,46,9.0,0.2,0.1125,9.0,1.5
5,47,15.0,0.3333333333333333,0.1875,15.0,2.5
5,48,16.0,0.35555555555555557,0.2,16.0,2.6666666666666665
5,49,12.0,0.26666666666666666,0.15,12.0,2.0
5,50,9.0,0.2,0.1125,9.0,1.5
5,51,9.0,0.2,0.1125,9.0,1.5
6,1,10.0,0.2222222222222222,0.125,10.0,1.6666666666666667
6,2,10.0,0.2222222222222222,0.125,10.0,1.6666666666666667
6,3,8.0,0.17777777777777778,0.1,8.0,1.3333333333333333
6,4,11.0,0.24444444444444444,0.1375,11.0,1.8333333333333333
6,5,11.0,0.24444444444444444,0.1375,11.0,1.8333333333333333
6,7,12.0,0.26666666666666666,0.15,12.0,2.0
6,8,14.0,0.3111111111111111,0.175,14.0,2.3333333333333335
6,9,11.0,0.24444444444444444,0.1375,11.0,1.8333333333333333
6,10,2.0,0.044444444444444446,0.025,2.0,0.3333333333333333
6,11,7.0,0.15555555555555556,0.0875,7.0,1.1666666666666667
6,12,3.0,0.06666666666666667,0.0375,3.0,0.5
6,13,8.0,0.17777777777777778,0.1,8.0,1.3333333333333333
6,14,2.0,0.044444444444444446,0.025,2.0,0.3333333333333333
6,15,4.0,0.08888888888888889,0.05,4.0,0.6666666666666666
6,16,11.0,0.24444444444444444,0.1375,11.0,1.8333333333333333
6,17,10.0,0.2222222222222222,0.125,10.0,1.6666666666666667
6,18,12.0,0.26666666666666666,0.15,12.0,2.0
6,19,1.0,0.022222222222222223,0.0125,1.0,0.16666666666666666
6,20,10.0,0.2222222222222222,0.125,10.0,1.6666666666666667
6,21,13.0,0.28888888888888886,0.1625,13.0,2.1666666666666665
6,22,11.0,0.24444444444444444,0.1375,11.0,1.8333333333333333
6,23,12.0,0.26666666666666666,0.15,12.0,2.0
6,24,10.0,0.2222222222222222,0.125,10.0,1.6666666666666667
6,25,9.0,0.2,0.1125,9.0,1.5
6,26,14.0,0.3111111111111111,0.175,14.0,2.3333333333333335
6,27,10.0,0.2222222222222222,0.125,10.0,1.6666666666666667
6,28,9.0,0.2,0.1125,9.0,1.5
6,29,10.0,0.2222222222222222,0.125,10.0,1.6666666666666667
6,30,1.0,0.022222222222222223,0.0125,1.0,0.16666666666666666
6,31,9.0,0.2,0.1125,9.0,1.5
6,32,10.0,0.2222222222222222,0.125,10.0,1.6666666666666667
6,33,10.0,0.2222222222222222,0.125,10.0,1.6666666666666667
6,34,10.0,0.2222222222222222,0.125,10.0,1.6666666666666667
6,35,9.0,0.2,0.1125,9.0,1.5
6,36,9.0,0.2,0.1125,9.0,1.5
6,37,8.0,0.17777777777777778,0.1,8.0,1.3333333333333333
6,38,9.0,0.2,0.1125,9.0,1.5
6,39,4.0,0.08888888888888889,0.05,4.0,0.6666666666666666
6,40,1.0,0.022222222222222223,0.0125,1.0,0.16666666666666666
6,41,11.0,0.24444444444444444,0.1375,11.0,1.8333333333333333
6,42,10.0,0.2222222222222222,0.125,10.0,1.6666666666666667
6,43,12.0,0.26666666666666666,0.15,12.0,2.0
6,44,8.0,0.17777777777777778,0.1,8.0,1.3333333333333333
6,45,10.0,0.2222222222222222,0.125,10.0,1.6666666666666667
6,46,12.0,0.26666666666666666,0.15,12.0,2.0
6,47,10.0,0.2222222222222222,0.125,10.0,1.6666666666666667
6,48,12.0,0.26666666666666666,0.15,12.0,2.0
6,49,2.0,0.044444444444444446,0.025,2.0,0.3333333333333333
6,50,2.0,0.044444444444444446,0.025,2.0,0.3333333333333333
6,51,7.0,0.15555555555555556,0.0875,7.0,1.1666666666666667
7,1,16.0,0.35555555555555557,0.2,16.0,2.6666666666666665
7,2,19.0,0.4222222222222222,0.2375,19.0,3.1666666666666665
7,3,18.0,0.4,0.225,18.0,3.0
7,4,1.0,0.022222222222222223,0.0125,1.0,0.16666666666666666
7,5,17.0,0.37777777777777777,0.2125,17.0,2.8333333333333335
7,6,12.0,0.26666666666666666,0.15,12.0,2.0
7,8,25.0,0.5555555555555556,0.3125,25.0,4.166666666666667
7,9,16.0,0.35555555555555557,0.2,16.0,2.6666666666666665
7,10,12.0,0.26666666666666666,0.15,12.0,2.0
7,11,5.0,0.1111111111111111,0.0625,5.0,0.8333333333333334
7,12,11.0,0.24444444444444444,0.1375,11.0,1.8333333333333333
7,13,4.0,0.08888888888888889,0.05,4.0,0.6666666666666666
7,14,14.0,0.3111111111111111,0.175,14.0,2.3333333333333335
7,15,15.0,0.3333333333333333,0.1875,15.0,2.5
7,16,23.0,0.5111111111111111,0.2875,23.0,3.8333333333333335
7,17,19.0,0.4222222222222222,0.2375,19.0,3.1666666666666665
7,18,17.0,0.37777777777777777,0.2125,17.0,2.8333333333333335
7,19,13.0,0.28888888888888886,0.1625,13.0,2.1666666666666665
7,20,12.0,0.26666666666666666,0.15,12.0,2.0
7,21,25.0,0.5555555555555556,0.3125,25.0,4.166666666666667
7,22,18.0,0.4,0.225,18.0,3.0
7,23,14.0,0.3111111111111111,0.175,14.0,2.3333333333333335
7,24,3.0,0.06666666666666667,0.0375,3.0,0.5
7,25,11.0,0.24444444444444444,0.1375,11.0,1.8333333333333333
7,26,25.0,0.5555555555555556,0.3125,25.0,4.166666666666667
7,27,18.0,0.4,0.225,18.0,3.0
7,28,3.0,0.06666666666666667,0.0375,3.0,0.5
7,29,12.0,0.26666666666666666,0.15,12.0,2.0
7,30,13.0,0.28888888888888886,0.1625,13.0,2.1666666666666665
7,31,3.0,0.06666666666666667,0.0375,3.0,0.5
7,32,2.0,0.044444444444444446,0.025,2.0,0.3333333333333333
7,33,22.0,0.4888888888888889,0.275,22.0,3.6666666666666665
7,34,2.0,0.044444444444444446,0.025,2.0,0.3333333333333333
7,35,3.0,0.06666666666666667,0.0375,3.0,0.5
7,36,21.0,0.4666666666666667,0.2625,21.0,3.5
7,37,10.0,0.2222222222222222,0.125,10.0,1.6666666666666667
7,38,17.0,0.37777777777777777,0.2125,17.0,2.8333333333333335
7,39,12.0,0.26666666666666666,0.15,12.0,2.0
7,40,11.0,0.24444444444444444,0.1375,11.0,1.8333333333333333
7,41,13.0,0.28888888888888886,0.1625,13.0,2.1666666666666665
7,42,22.0,0.4888888888888889,0.275,22.0,3.6666666666666665
7,43,14.0,0.3111111111111111,0.175,14.0,2.3333333333333335
7,44,19.0,0.4222222222222222,0.2375,19.0,3.1666666666666665
7,45,12.0,0.26666666666666666,0.15,12.0,2.0
7,46,24.0,0.5333333333333333,0.3,24.0,4.0
7,47,3.0,0.06666666666666667,0.0375,3.0,0.5
7,48,24.0,0.5333333333333333,0.3,24.0,4.0
7,49,14.0,0.3111111111111111,0.175,14.0,2.3333333333333335
7,50,14.0,0.3111111111111111,0.175,14.0,2.3333333333333335
7,51,9.0,0.2,0.1125,9.0,1.5
8,1,13.0,0.28888888888888886,0.1625,13.0,2.1666666666666665
8,2,13.0,0.28888888888888886,0.1625,13.0,2.1666666666666665
8,3,11.0,0.24444444444444444,0.1375,11.0,1.8333333333333333
8,4,25.0,0.5555555555555556,0.3125,25.0,4.166666666666667
8,5,14.0,0.3111111111111111,0.175,14.0,2.3333333333333335
8,6,14.0,0.3111111111111111,0.175,14.0,2.3333333333333335
8,7,25.0,0.5555555555555556,0.3125,25.0,4.166666666666667
8,9,15.0,0.3333333333333333,0.1875,15.0,2.5
8,10,14.0,0.3111111111111111,0.175,14.0,2.3333333333333335
8,11,21.0,0.4666666666666667,0.2625,21.0,3.5
8,12,14.0,0.3111111111111111,0.175,14.0,2.3333333333333335
8,13,22.0,0.4888888888888889,0.275,22.0,3.6666666666666665
8,14,12.0,0.26666666666666666,0.15,12.0,2.0
8,15,10.0,0.2222222222222222,0.125,10.0,1.6666666666666667
8,16,3.0,0.06666666666666667,0.0375,3.0,0.5
8,17,14.0,0.3111111111111111,0.175,14.0,2.3333333333333335
8,18,15.0,0.3333333333333333,0.1875,15.0,2.5
8,19,13.0,0.28888888888888886,0.1625,13.0,2.1666666666666665
8,20,20.0,0.4444444444444444,0.25,20.0,3.3333333333333335
8,21,1.0,0.022222222222222223,0.0125,1.0,0.16666666666666666
8,22,14.0,0.3111111111111111,0.175,14.0,2.3333333333333335
8,23,22.0,0.4888888888888889,0.275,22.0,3.6666666666666665
8,24,23.0,0.5111111111111111,0.2875,23.0,3.8333333333333335
8,25,18.0,0.4,0.225,18.0,3.0
8,26,4.0,0.08888888888888889,0.05,4.0,0.6666666666666666
8,27,13.0,0.28888888888888886,0.1625,13.0,2.1666666666666665
8,28,22.0,0.4888888888888889,0.275,22.0,3.6666666666666665
8,29,24.0,0.5333333333333333,0.3,24.0,4.0
8,30,13.0,0.28888888888888886,0.1625,13.0,2.1666666666666665
8,31,23.0,0.5111111111111111,0.2875,23.0,3.8333333333333335
8,32,24.0,0.5333333333333333,0.3,24.0,4.0
8,33,4.0,0.08888888888888889,0.05,4.0,0.6666666666666666
8,34,23.0,0.5111111111111111,0.2875,23.0,3.8333333333333335
8,35,22.0,0.4888888888888889,0.275,22.0,3.6666666666666665
8,36,5.0,0.1111111111111111,0.0625,5.0,0.8333333333333334
8,37,19.0,0.4222222222222222,0.2375,19.0,3.1666666666666665
8,38,12.0,0.26666666666666666,0.15,12.0,2.0
8,39,14.0,0.3111111111111111,0.175,14.0,2.3333333333333335
8,40,15.0,0.3333333333333333,0.1875,15.0,2.5
8,41,23.0,0.5111111111111111,0.2875,23.0,3.8333333333333335
8,42,4.0,0.08888888888888889,0.05,4.0,0.6666666666666666
8,43,19.0,0.4222222222222222,0.2375,19.0,3.1666666666666665
8,44,12.0,0.26666666666666666,0.15,12.0,2.0
8,45,17.0,0.37777777777777777,0.2125,17.0,2.8333333333333335
8,46,5.0,0.1111111111111111,0.0625,5.0,0.8333333333333334
8,47,23.0,0.5111111111111111,0.2875,23.0,3.8333333333333335
8,48,2.0,0.044444444444444446,0.025,2.0,0.3333333333333333
8,49,12.0,0.26666666666666666,0.15,12.0,2.0
8,50,12.0,0.26666666666666666,0.15,12.0,2.0
8,51,17.0,0.37777777777777777,0.2125,17.0,2.8333333333333335
9,1,2.0,0.044444444444444446,0.025,2.0,0.3333333333333333
9,2,3.0,0.06666666666666667,0.0375,3.0,0.5
9,3,4.0,0.08888888888888889,0.05,4.0,0.6666666666666666
9,4,16.0,0.35555555555555557,0.2,16.0,2.6666666666666665
9,5,1.0,0.022222222222222223,0.0125,1.0,0.16666666666666666
9,6,11.0,0.24444444444444444,0.1375,11.0,1.8333333333333333
9,7,16.0,0.35555555555555557,0.2,16.0,2.6666666666666665
9,8,15.0,0.3333333333333333,0.1875,15.0,2.5
9,10,9.0,0.2,0.1125,9.0,1.5
9,11,12.0,0.26666666666666666,0.15,12.0,2.0
9,12,9.0,0.2,0.1125,9.0,1.5
9,13,13.0,0.28888888888888886,0.1625,13.0,2.1666666666666665
9,14,11.0,0.24444444444444444,0.1375,11.0,1.8333333333333333
9,15,11.0,0.24444444444444444,0.1375,11.0,1.8333333333333333
9,16,12.0,0.26666666666666666,0.15,12.0,2.0
9,17,3.0,0.06666666666666667,0.0375,3.0,0.5
9,18,1.0,0.022222222222222223,0.0125,1.0,0.16666666666666666
9,19,12.0,0.26666666666666666,0.15,12.0,2.0
9,20,21.0,0.4666666666666667,0.2625,21.0,3.5
9,21,14.0,0.3111111111111111,0.175,14.0,2.3333333333333335
9,22,2.0,0.044444444444444446,0.025,2.0,0.3333333333333333
9,23,23.0,0.5111111111111111,0.2875,23.0,3.8333333333333335
9,24,14.0,0.3111111111111111,0.175,14.0,2.3333333333333335
9,25,20.0,0.4444444444444444,0.25,20.0,3.3333333333333335
9,26,11.0,0.24444444444444444,0.1375,11.0,1.8333333333333333
9,27,2.0,0.044444444444444446,0.025,2.0,0.3333333333333333
9,28,13.0,0.28888888888888886,0.1625,13.0,2.1666666666666665
9,29,21.0,0.4666666666666667,0.2625,21.0,3.5
9,30,10.0,0.2222222222222222,0.125,10.0,1.6666666666666667
9,31,14.0,0.3111111111111111,0.175,14.0,2.3333333333333335
9,32,15.0,0.3333333333333333,0.1875,15.0,2.5
9,33,11.0,0.24444444444444444,0.1375,11.0,1.8333333333333333
9,34,14.0,0.3111111111111111,0.175,14.0,2.3333333333333335
9,35,13.0,0.28888888888888886,0.1625,13.0,2.1666666666666665
9,36,14.0,0.3111111111111111,0.175,14.0,2.3333333333333335
9,37,19.0,0.4222222222222222,0.2375,19.0,3.1666666666666665
9,38,3.0,0.06666666666666667,0.0375,3.0,0.5
9,39,8.0,0.17777777777777778,0.1,8.0,1.3333333333333333
9,40,10.0,0.2222222222222222,0.125,10.0,1.6666666666666667
9,41,22.0,0.4888888888888889,0.275,22.0,3.6666666666666665
9,42,15.0,0.3333333333333333,0.1875,15.0,2.5
9,43,23.0,0.5111111111111111,0.2875,23.0,3.8333333333333335
9,44,3.0,0.06666666666666667,0.0375,3.0,0.5
9,45,21.0,0.4666666666666667,0.2625,21.0,3.5
9,46,10.0,0.2222222222222222,0.125,10.0,1.6666666666666667
9,47,14.0,0.3111111111111111,0.175,14.0,2.3333333333333335
9,48,16.0,0.35555555555555557,0.2,16.0,2.6666666666666665
9,49,13.0,0.28888888888888886,0.1625,13.0,2.1666666666666665
9,50,10.0,0.2222222222222222,0.125,10.0,1.6666666666666667
9,51,8.0,0.17777777777777778,0.1,8.0,1.3333333333333333
10,1,8.0,0.17777777777777778,0.1,8.0,1.3333333333333333
10,2,8.0,0.17777777777777778,0.1,8.0,1.3333333333333333
10,3,6.0,0.13333333333333333,0.075,6.0,1.0
10,4,11.0,0.24444444444444444,0.1375,11.0,1.8333333333333333
10,5,9.0,0.2,0.1125,9.0,1.5
10,6,2.0,0.044444444444444446,0.025,2.0,0.3333333333333333
10,7,12.0,0.26666666666666666,0.15,12.0,2.0
10,8,14.0,0.3111111111111111,0.175,14.0,2.3333333333333335
10,9,9.0,0.2,0.1125,9.0,1.5
10,11,7.0,0.15555555555555556,0.0875,7.0,1.1666666666666667
10,12,1.0,0.022222222222222223,0.0125,1.0,0.16666666666666666
10,13,8.0,0.17777777777777778,0.1,8.0,1.3333333333333333
10,14,2.0,0.044444444444444446,0.025,2.0,0.3333333333333333
10,15,4.0,0.08888888888888889,0.05,4.0,0.6666666666666666
10,16,11.0,0.24444444444444444,0.1375,11.0,1.8333333333333333
10,17,8.0,0.17777777777777778,0.1,8.0,1.3333333333333333
10,18,10.0,0.2222222222222222,0.125,10.0,1.6666666666666667
10,19,3.0,0.06666666666666667,0.0375,3.0,0.5
10,20,12.0,0.26666666666666666,0.15,12.0,2.0
10,21,13.0,0.28888888888888886,0.1625,13.0,2.1666666666666665
10,22,9.0,0.2,0.1125,9.0,1.5
10,23,14.0,0.3111111111111111,0.175,14.0,2.3333333333333335
10,24,10.0,0.2222222222222222,0.125,10.0,1.6666666666666667
10,25,11.0,0.24444444444444444,0.1375,11.0,1.8333333333333333
10,26,14.0,0.3111111111111111,0.175,14.0,2.3333333333333335
10,27,8.0,0.17777777777777778,0.1,8.0,1.3333333333333333
10,28,9.0,0.2,0.1125,9.0,1.5
10,29,12.0,0.26666666666666666,0.15,12.0,2.0
10,30,1.0,0.022222222222222223,0.0125,1.0,0.16666666666666666
10,31,9.0,0.2,0.1125,9.0,1.5
10,32,10.0,0.2222222222222222,0.125,10.0,1.6666666666666667
10,33,10.0,0.2222222222222222,0.125,10.0,1.6666666666666667
10,34,10.0,0.2222222222222222,0.125,10.0,1.6666666666666667
10,35,9.0,0.2,0.1125,9.0,1.5
10,36,9.0,0.2,0.1125,9.0,1.5
10,37,10.0,0.2222222222222222,0.125,10.0,1.6666666666666667
10,38,7.0,0.15555555555555556,0.0875,7.0,1.1666666666666667
10,39,2.0,0.044444444444444446,0.025,2.0,0.3333333333333333
10,40,1.0,0.022222222222222223,0.0125,1.0,0.16666666666666666
10,41,13.0,0.28888888888888886,0.1625,13.0,2.1666666666666665
10,42,10.0,0.2222222222222222,0.125,10.0,1.6666666666666667
10,43,14.0,0.3111111111111111,0.175,14.0,2.3333333333333335
10,44,8.0,0.17777777777777778,0.1,8.0,1.3333333333333333
10,45,12.0,0.26666666666666666,0.15,12.0,2.0
10,46,12.0,0.26666666666666666,0.15,12.0,2.0
10,47,10.0,0.2222222222222222,0.125,10.0,1.6666666666666667
10,48,12.0,0.26666666666666666,0.15,12.0,2.0
10,49,4.0,0.08888888888888889,0.05,4.0,0.6666666666666666
10,50,2.0,0.044444444444444446,0.025,2.0,0.3333333333333333
10,51,5.0,0.1111111111111111,0.0625,5.0,0.8333333333333334
11,1,11.0,0.24444444444444444,0.1375,11.0,1.8333333333333333
11,2,15.0,0.3333333333333333,0.1875,15.0,2.5
11,3,13.0,0.28888888888888886,0.1625,13.0,2.1666666666666665
11,4,4.0,0.08888888888888889,0.05,4.0,0.6666666666666666
11,5,12.0,0.26666666666666666,0.15,12.0,2.0
11,6,7.0,0.15555555555555556,0.0875,7.0,1.1666666666666667
11,7,5.0,0.1111111111111111,0.0625,5.0,0.8333333333333334
11,8,21.0,0.4666666666666667,0.2625,21.0,3.5
11,9,12.0,0.26666666666666666,0.15,12.0,2.0
11,10,7.0,0.15555555555555556,0.0875,7.0,1.1666666666666667
11,12,7.0,0.15555555555555556,0.0875,7.0,1.1666666666666667
11,13,1.0,0.022222222222222223,0.0125,1.0,0.16666666666666666
11,14,9.0,0.2,0.1125,9.0,1.5
11,15,11.0,0.24444444444444444,0.1375,11.0,1.8333333333333333
11,16,18.0,0.4,0.225,18.0,3.0
11,17,14.0,0.3111111111111111,0.175,14.0,2.3333333333333335
11,18,12.0,0.26666666666666666,0.15,12.0,2.0
11,19,8.0,0.17777777777777778,0.1,8.0,1.3333333333333333
11,20,10.0,0.2222222222222222,0.125,10.0,1.6666666666666667
11,21,20.0,0.4444444444444444,0.25,20.0,3.3333333333333335
11,22,13.0,0.28888888888888886,0.1625,13.0,2.1666666666666665
11,23,12.0,0.26666666666666666,0.15,12.0,2.0
11,24,3.0,0.06666666666666667,0.0375,3.0,0.5
11,25,9.0,0.2,0.1125,9.0,1.5
11,26,21.0,0.4666666666666667,0.2625,21.0,3.5
11,27,13.0,0.28888888888888886,0.1625,13.0,2.1666666666666665
11,28,2.0,0.044444444444444446,0.025,2.0,0.3333333333333333
11,29,10.0,0.2222222222222222,0.125,10.0,1.6666666666666667
11,30,8.0,0.17777777777777778,0.1,8.0,1.3333333333333333
11,31,3.0,0.06666666666666667,0.0375,3.0,0.5
11,32,3.0,0.06666666666666667,0.0375,3.0,0.5
11,33,17.0,0.37777777777777777,0.2125,17.0,2.8333333333333335
11,34,3.0,0.06666666666666667,0.0375,3.0,0.5
11,35,2.0,0.044444444444444446,0.025,2.0,0.3333333333333333
11,36,16.0,0.35555555555555557,0.2,16.0,2.6666666666666665
11,37,8.0,0.17777777777777778,0.1,8.0,1.3333333333333333
11,38,12.0,0.26666666666666666,0.15,12.0,2.0
11,39,7.0,0.15555555555555556,0.0875,7.0,1.1666666666666667
11,40,6.0,0.13333333333333333,0.075,6.0,1.0
11,41,11.0,0.24444444444444444,0.1375,11.0,1.8333333333333333
11,42,17.0,0.37777777777777777,0.2125,17.0,2.8333333333333335
11,43,12.0,0.26666666666666666,0.15,12.0,2.0
11,44,15.0,0.3333333333333333,0.1875,15.0,2.5
11,45,10.0,0.2222222222222222,0.125,10.0,1.6666666666666667
11,46,19.0,0.4222222222222222,0.2375,19.0,3.1666666666666665
11,47,3.0,0.06666666666666667,0.0375,3.0,0.5
11,48,19.0,0.4222222222222222,0.2375,19.0,3.1666666666666665
11,49,9.0,0.2,0.1125,9.0,1.5
11,50,9.0,0.2,0.1125,9.0,1.5
11,51,7.0,0.15555555555555556,0.0875,7.0,1.1666666666666667
12,1,7.0,0.15555555555555556,0.0875,7.0,1.1666666666666667
12,2,8.0,0.17777777777777778,0.1,8.0,1.3333333333333333
12,3,7.0,0.15555555555555556,0.0875,7.0,1.1666666666666667
12,4,11.0,0.24444444444444444,0.1375,11.0,1.8333333333333333
12,5,8.0,0.17777777777777778,0.1,8.0,1.3333333333333333
12,6,3.0,0.06666666666666667,0.0375,3.0,0.5
12,7,11.0,0.24444444444444444,0.1375,11.0,1.8333333333333333
12,8,14.0,0.3111111111111111,0.175,14.0,2.3333333333333335
12,9,9.0,0.2,0.1125,9.0,1.5
12,10,1.0,0.022222222222222223,0.0125,1.0,0.16666666666666666
12,11,7.0,0.15555555555555556,0.0875,7.0,1.1666666666666667
12,13,8.0,0.17777777777777778,0.1,8.0,1.3333333333333333
12,14,3.0,0.06666666666666667,0.0375,3.0,0.5
12,15,4.0,0.08888888888888889,0.05,4.0,0.6666666666666666
12,16,12.0,0.26666666666666666,0.15,12.0,2.0
12,17,8.0,0.17777777777777778,0.1,8.0,1.3333333333333333
12,18,9.0,0.2,0.1125,9.0,1.5
12,19,4.0,0.08888888888888889,0.05,4.0,0.6666666666666666
12,20,13.0,0.28888888888888886,0.1625,13.0,2.1666666666666665
12,21,14.0,0.3111111111111111,0.175,14.0,2.3333333333333335
12,22,8.0,0.17777777777777778,0.1,8.0,1.3333333333333333
12,23,15.0,0.3333333333333333,0.1875,15.0,2.5
12,24,9.0,0.2,0.1125,9.0,1.5
12,25,12.0,0.26666666666666666,0.15,12.0,2.0
12,26,14.0,0.3111111111111111,0.175,14.0,2.3333333333333335
12,27,7.0,0.15555555555555556,0.0875,7.0,1.1666666666666667
12,28,8.0,0.17777777777777778,0.1,8.0,1.3333333333333333
12,29,13.0,0.28888888888888886,0.1625,13.0,2.1666666666666665
12,30,2.0,0.044444444444444446,0.025,2.0,0.3333333333333333
12,31,9.0,0.2,0.1125,9.0,1.5
12,32,10.0,0.2222222222222222,0.125,10.0,1.6666666666666667
12,33,11.0,0.24444444444444444,0.1375,11.0,1.8333333333333333
12,34,9.0,0.2,0.1125,9.0,1.5
12,35,8.0,0.17777777777777778,0.1,8.0,1.3333333333333333
12,36,10.0,0.2222222222222222,0.125,10.0,1.6666666666666667
12,37,11.0,0.24444444444444444,0.1375,11.0,1.8333333333333333
12,38,6.0,0.13333333333333333,0.075,6.0,1.0
12,39,1.0,0.022222222222222223,0.0125,1.0,0.16666666666666666
12,40,2.0,0.044444444444444446,0.025,2.0,0.3333333333333333
12,41,14.0,0.3111111111111111,0.175,14.0,2.3333333333333335
12,42,11.0,0.24444444444444444,0.1375,11.0,1.8333333333333333
12,43,15.0,0.3333333333333333,0.1875,15.0,2.5
12,44,8.0,0.17777777777777778,0.1,8.0,1.3333333333333333
12,45,13.0,0.28888888888888886,0.1625,13.0,2.1666666666666665
12,46,13.0,0.28888888888888886,0.1625,13.0,2.1666666666666665
12,47,9.0,0.2,0.1125,9.0,1.5
12,48,13.0,0.28888888888888886,0.1625,13.0,2.1666666666666665
12,49,5.0,0.1111111111111111,0.0625,5.0,0.8333333333333334
12,50,3.0,0.06666666666666667,0.0375,3.0,0.5
12,51,4.0,0.08888888888888889,0.05,4.0,0.6666666666666666
13,1,12.0,0.26666666666666666,0.15,12.0,2.0
13,2,16.0,0.35555555555555557,0.2,16.0,2.6666666666666665
13,3,14.0,0.3111111111111111,0.175,14.0,2.3333333333333335
13,4,4.0,0.08888888888888889,0.05,4.0,0.6666666666666666
13,5,13.0,0.28888888888888886,0.1625,13.0,2.1666666666666665
13,6,8.0,0.17777777777777778,0.1,8.0,1.3333333333333333
13,7,4.0,0.08888888888888889,0.05,4.0,0.6666666666666666
13,8,22.0,0.4888888888888889,0.275,22.0,3.6666666666666665
13,9,13.0,0.28888888888888886,0.1625,13.0,2.1666666666666665
13,10,8.0,0.17777777777777778,0.1,8.0,1.3333333333333333
13,11,1.0,0.022222222222222223,0.0125,1.0,0.16666666666666666
13,12,8.0,0.17777777777777778,0.1,8.0,1.3333333333333333
13,14,10.0,0.2222222222222222,0.125,10.0,1.6666666666666667
13,15,12.0,0.26666666666666666,0.15,12.0,2.0
13,16,19.0,0.4222222222222222,0.2375,19.0,3.1666666666666665
13,17,15.0,0.3333333333333333,0.1875,15.0,2.5
13,18,13.0,0.28888888888888886,0.1625,13.0,2.1666666666666665
13,19,9.0,0.2,0.1125,9.0,1.5
13,20,9.0,0.2,0.1125,9.0,1.5
13,21,21.0,0.4666666666666667,0.2625,21.0,3.5
13,22,14.0,0.3111111111111111,0.175,14.0,2.3333333333333335
13,23,11.0,0.24444444444444444,0.1375,11.0,1.8333333333333333
13,24,2.0,0.044444444444444446,0.025,2.0,0.3333333333333333
13,25,8.0,0.17777777777777778,0.1,8.0,1.3333333333333333
13,26,22.0,0.4888888888888889,0.275,22.0,3.6666666666666665
13,27,14.0,0.3111111111111111,0.175,14.0,2.3333333333333335
13,28,2.0,0.044444444444444446,0.025,2.0,0.3333333333333333
13,29,9.0,0.2,0.1125,9.0,1.5
13,30,9.0,0.2,0.1125,9.0,1.5
13,31,4.0,0.08888888888888889,0.05,4.0,0.6666666666666666
13,32,3.0,0.06666666666666667,0.0375,3.0,0.5
13,33,18.0,0.4,0.225,18.0,3.0
13,34,2.0,0.044444444444444446,0.025,2.0,0.3333333333333333
13,35,3.0,0.06666666666666667,0.0375,3.0,0.5
13,36,17.0,0.37777777777777777,0.2125,17.0,2.8333333333333335
13,37,7.0,0.15555555555555556,0.0875,7.0,1.1666666666666667
13,38,13.0,0.28888888888888886,0.1625,13.0,2.1666666666666665
13,39,8.0,0.17777777777777778,0.1,8.0,1.3333333333333333
13,40,7.0,0.15555555555555556,0.0875,7.0,1.1666666666666667
13,41,10.0,0.2222222222222222,0.125,10.0,1.6666666666666667
13,42,18.0,0.4,0.225,18.0,3.0
13,43,11.0,0.24444444444444444,0.1375,11.0,1.8333333333333333
13,44,16.0,0.35555555555555557,0.2,16.0,2.6666666666666665
13,45,9.0,0.2,0.1125,9.0,1.5
13,46,20.0,0.4444444444444444,0.25,20.0,3.3333333333333335
13,47,4.0,0.08888888888888889,0.05,4.0,0.6666666666666666
13,48,20.0,0.4444444444444444,0.25,20.0,3.3333333333333335
13,49,10.0,0.2222222222222222,0.125,10.0,1.6666666666666667
13,50,10.0,0.2222222222222222,0.125,10.0,1.6666666666666667
13,51,8.0,0.17777777777777778,0.1,8.0,1.3333333333333333
14,1,9.0,0.2,0.1125,9.0,1.5
14,2,9.0,0.2,0.1125,9.0,1.5
14,3,8.0,0.17777777777777778,0.1,8.0,1.3333333333333333
14,4,13.0,0.28888888888888886,0.1625,13.0,2.1666666666666665
14,5,10.0,0.2222222222222222,0.125,10.0,1.6666666666666667
14,6,2.0,0.044444444444444446,0.025,2.0,0.3333333333333333
14,7,14.0,0.3111111111111111,0.175,14.0,2.3333333333333335
14,8,12.0,0.26666666666666666,0.15,12.0,2.0
14,9,11.0,0.24444444444444444,0.1375,11.0,1.8333333333333333
14,10,2.0,0.044444444444444446,0.025,2.0,0.3333333333333333
14,11,9.0,0.2,0.1125,9.0,1.5
14,12,3.0,0.06666666666666667,0.0375,3.0,0.5
14,13,10.0,0.2222222222222222,0.125,10.0,1.6666666666666667
14,15,2.0,0.044444444444444446,0.025,2.0,0.3333333333333333
14,16,9.0,0.2,0.1125,9.0,1.5
14,17,10.0,0.2222222222222222,0.125,10.0,1.6666666666666667
14,18,12.0,0.26666666666666666,0.15,12.0,2.0
14,19,1.0,0.022222222222222223,0.0125,1.0,0.16666666666666666
14,20,11.0,0.24444444444444444,0.1375,11.0,1.8333333333333333
14,21,11.0,0.24444444444444444,0.1375,11.0,1.8333333333333333
14,22,11.0,0.24444444444444444,0.1375,11.0,1.8333333333333333
14,23,12.0,0.26666666666666666,0.15,12.0,2.0
14,24,11.0,0.24444444444444444,0.1375,11.0,1.8333333333333333
14,25,10.0,0.2222222222222222,0.125,10.0,1.6666666666666667
14,26,12.0,0.26666666666666666,0.15,12.0,2.0
14,27,9.0,0.2,0.1125,9.0,1.5
14,28,11.0,0.24444444444444444,0.1375,11.0,1.8333333333333333
14,29,12.0,0.26666666666666666,0.15,12.0,2.0
14,30,1.0,0.022222222222222223,0.0125,1.0,0.16666666666666666
14,31,11.0,0.24444444444444444,0.1375,11.0,1.8333333333333333
14,32,12.0,0.26666666666666666,0.15,12.0,2.0
14,33,9.0,0.2,0.1125,9.0,1.5
14,34,12.0,0.26666666666666666,0.15,12.0,2.0
14,35,11.0,0.24444444444444444,0.1375,11.0,1.8333333333333333
14,36,8.0,0.17777777777777778,0.1,8.0,1.3333333333333333
14,37,8.0,0.17777777777777778,0.1,8.0,1.3333333333333333
14,38,8.0,0.17777777777777778,0.1,8.0,1.3333333333333333
14,39,3.0,0.06666666666666667,0.0375,3.0,0.5
14,40,3.0,0.06666666666666667,0.0375,3.0,0.5
14,41,12.0,0.26666666666666666,0.15,12.0,2.0
14,42,9.0,0.2,0.1125,9.0,1.5
14,43,12.0,0.26666666666666666,0.15,12.0,2.0
14,44,8.0,0.17777777777777778,0.1,8.0,1.3333333333333333
14,45,11.0,0.24444444444444444,0.1375,11.0,1.8333333333333333
14,46,10.0,0.2222222222222222,0.125,10.0,1.6666666666666667
14,47,11.0,0.24444444444444444,0.1375,11.0,1.8333333333333333
14,48,10.0,0.2222222222222222,0.125,10.0,1.6666666666666667
14,49,2.0,0.044444444444444446,0.025,2.0,0.3333333333333333
14,50,2.0,0.044444444444444446,0.025,2.0,0.3333333333333333
14,51,7.0,0.15555555555555556,0.0875,7.0,1.1666666666666667
15,1,10.0,0.2222222222222222,0.125,10.0,1.6666666666666667
15,2,10.0,0.2222222222222222,0.125,10.0,1.6666666666666667
15,3,8.0,0.17777777777777778,0.1,8.0,1.3333333333333333
15,4,15.0,0.3333333333333333,0.1875,15.0,2.5
15,5,11.0,0.24444444444444444,0.1375,11.0,1.8333333333333333
15,6,4.0,0.08888888888888889,0.05,4.0,0.6666666666666666
15,7,15.0,0.3333333333333333,0.1875,15.0,2.5
15,8,10.0,0.2222222222222222,0.125,10.0,1.6666666666666667
15,9,11.0,0.24444444444444444,0.1375,11.0,1.8333333333333333
15,10,4.0,0.08888888888888889,0.05,4.0,0.6666666666666666
15,11,11.0,0.24444444444444444,0.1375,11.0,1.8333333333333333
15,12,4.0,0.08888888888888889,0.05,4.0,0.6666666666666666
15,13,12.0,0.26666666666666666,0.15,12.0,2.0
15,14,2.0,0.044444444444444446,0.025,2.0,0.3333333333333333
15,16,8.0,0.17777777777777778,0.1,8.0,1.3333333333333333
15,17,10.0,0.2222222222222222,0.125,10.0,1.6666666666666667
15,18,12.0,0.26666666666666666,0.15,12.0,2.0
15,19,3.0,0.06666666666666667,0.0375,3.0,0.5
15,20,10.0,0.2222222222222222,0.125,10.0,1.6666666666666667
15,21,10.0,0.2222222222222222,0.125,10.0,1.6666666666666667
15,22,11.0,0.24444444444444444,0.1375,11.0,1.8333333333333333
15,23,12.0,0.26666666666666666,0.15,12.0,2.0
15,24,13.0,0.28888888888888886,0.1625,13.0,2.1666666666666665
15,25,9.0,0.2,0.1125,9.0,1.5
15,26,10.0,0.2222222222222222,0.125,10.0,1.6666666666666667
15,27,10.0,0.2222222222222222,0.125,10.0,1.6666666666666667
15,28,12.0,0.26666666666666666,0.15,12.0,2.0
15,29,14.0,0.3111111111111111,0.175,14.0,2.3333333333333335
15,30,3.0,0.06666666666666667,0.0375,3.0,0.5
15,31,13.0,0.28888888888888886,0.1625,13.0,2.1666666666666665
15,32,14.0,0.3111111111111111,0.175,14.0,2.3333333333333335
15,33,7.0,0.15555555555555556,0.0875,7.0,1.1666666666666667
15,34,13.0,0.28888888888888886,0.1625,13.0,2.1666666666666665
15,35,12.0,0.26666666666666666,0.15,12.0,2.0
15,36,6.0,0.13333333333333333,0.075,6.0,1.0
15,37,9.0,0.2,0.1125,9.0,1.5
15,38,9.0,0.2,0.1125,9.0,1.5
15,39,4.0,0.08888888888888889,0.05,4.0,0.6666666666666666
15,40,5.0,0.1111111111111111,0.0625,5.0,0.8333333333333334
15,41,13.0,0.28888888888888886,0.1625,13.0,2.1666666666666665
15,42,7.0,0.15555555555555556,0.0875,7.0,1.1666666666666667
15,43,12.0,0.26666666666666666,0.15,12.0,2.0
15,44,8.0,0.17777777777777778,0.1,8.0,1.3333333333333333
15,45,10.0,0.2222222222222222,0.125,10.0,1.6666666666666667
15,46,9.0,0.2,0.1125,9.0,1.5
15,47,13.0,0.28888888888888886,0.1625,13.0,2.1666666666666665
15,48,9.0,0.2,0.1125,9.0,1.5
15,49,2.0,0.044444444444444446,0.025,2.0,0.3333333333333333
15,50,2.0,0.044444444444444446,0.025,2.0,0.3333333333333333
15,51,7.0,0.15555555555555556,0.0875,7.0,1.1666666666666667
16,1,10.0,0.2222222222222222,0.125,10.0,1.6666666666666667
16,2,10.0,0.2222222222222222,0.125,10.0,1.6666666666666667
16,3,9.0,0.2,0.1125,9.0,1.5
16,4,22.0,0.4888888888888889,0.275,22.0,3.6666666666666665
16,5,11.0,0.24444444444444444,0.1375,11.0,1.8333333333333333
16,6,11.0,0.24444444444444444,0.1375,11.0,1.8333333333333333
16,7,23.0,0.5111111111111111,0.2875,23.0,3.8333333333333335
16,8,3.0,0.06666666666666667,0.0375,3.0,0.5
16,9,12.0,0.26666666666666666,0.15,12.0,2.0
16,10,11.0,0.24444444444444444,0.1375,11.0,1.8333333333333333
16,11,18.0,0.4,0.225,18.0,3.0
16,12,12.0,0.26666666666666666,0.15,12.0,2.0
16,13,19.0,0.4222222222222222,0.2375,19.0,3.1666666666666665
16,14,9.0,0.2,0.1125,9.0,1.5
16,15,8.0,0.17777777777777778,0.1,8.0,1.3333333333333333
16,17,11.0,0.24444444444444444,0.1375,11.0,1.8333333333333333
16,18,13.0,0.28888888888888886,0.1625,13.0,2.1666666666666665
16,19,10.0,0.2222222222222222,0.125,10.0,1.6666666666666667
16,20,18.0,0.4,0.225,18.0,3.0
16,21,2.0,0.044444444444444446,0.025,2.0,0.3333333333333333
16,22,12.0,0.26666666666666666,0.15,12.0,2.0
16,23,19.0,0.4222222222222222,0.2375,19.0,3.1666666666666665
16,24,20.0,0.4444444444444444,0.25,20.0,3.3333333333333335
16,25,15.0,0.3333333333333333,0.1875,15.0,2.5
16,26,3.0,0.06666666666666667,0.0375,3.0,0.5
16,27,10.0,0.2222222222222222,0.125,10.0,1.6666666666666667
16,28,20.0,0.4444444444444444,0.25,20.0,3.3333333333333335
16,29,21.0,0.4666666666666667,0.2625,21.0,3.5
16,30,10.0,0.2222222222222222,0.125,10.0,1.6666666666666667
16,31,20.0,0.4444444444444444,0.25,20.0,3.3333333333333335
16,32,21.0,0.4666666666666667,0.2625,21.0,3.5
16,33,1.0,0.022222222222222223,0.0125,1.0,0.16666666666666666
16,34,21.0,0.4666666666666667,0.2625,21.0,3.5
16,35,20.0,0.4444444444444444,0.25,20.0,3.3333333333333335
16,36,2.0,0.044444444444444446,0.025,2.0,0.3333333333333333
16,37,17.0,0.37777777777777777,0.2125,17.0,2.8333333333333335
16,38,9.0,0.2,0.1125,9.0,1.5
16,39,11.0,0.24444444444444444,0.1375,11.0,1.8333333333333333
16,40,12.0,0.26666666666666666,0.15,12.0,2.0
16,41,20.0,0.4444444444444444,0.25,20.0,3.3333333333333335
16,42,3.0,0.06666666666666667,0.0375,3.0,0.5
16,43,16.0,0.35555555555555557,0.2,16.0,2.6666666666666665
16,44,9.0,0.2,0.1125,9.0,1.5
16,45,14.0,0.3111111111111111,0.175,14.0,2.3333333333333335
16,46,3.0,0.06666666666666667,0.0375,3.0,0.5
16,47,20.0,0.4444444444444444,0.25,20.0,3.3333333333333335
16,48,5.0,0.1111111111111111,0.0625,5.0,0.8333333333333334
16,49,9.0,0.2,0.1125,9.0,1.5
16,50,9.0,0.2,0.1125,9.0,1.5
16,51,14.0,0.3111111111111111,0.175,14.0,2.3333333333333335
17,1,3.0,0.06666666666666667,0.0375,3.0,0.5
17,2,1.0,0.022222222222222223,0.0125,1.0,0.16666666666666666
17,3,3.0,0.06666666666666667,0.0375,3.0,0.5
17,4,18.0,0.4,0.225,18.0,3.0
17,5,2.0,0.044444444444444446,0.025,2.0,0.3333333333333333
17,6,10.0,0.2222222222222222,0.125,10.0,1.6666666666666667
17,7,19.0,0.4222222222222222,0.2375,19.0,3.1666666666666665
17,8,14.0,0.3111111111111111,0.175,14.0,2.3333333333333335
17,9,3.0,0.06666666666666667,0.0375,3.0,0.5
17,10,8.0,0.17777777777777778,0.1,8.0,1.3333333333333333
17,11,14.0,0.3111111111111111,0.175,14.0,2.3333333333333335
17,12,8.0,0.17777777777777778,0.1,8.0,1.3333333333333333
17,13,15.0,0.3333333333333333,0.1875,15.0,2.5
17,14,10.0,0.2222222222222222,0.125,10.0,1.6666666666666667
17,15,10.0,0.2222222222222222,0.125,10.0,1.6666666666666667
17,16,11.0,0.24444444444444444,0.1375,11.0,1.8333333333333333
17,18,2.0,0.044444444444444446,0.025,2.0,0.3333333333333333
17,19,11.0,0.24444444444444444,0.1375,11.0,1.8333333333333333
17,20,20.0,0.4444444444444444,0.25,20.0,3.3333333333333335
17,21,13.0,0.28888888888888886,0.1625,13.0,2.1666666666666665
17,22,1.0,0.022222222222222223,0.0125,1.0,0.16666666666666666
17,23,22.0,0.4888888888888889,0.275,22.0,3.6666666666666665
17,24,16.0,0.35555555555555557,0.2,16.0,2.6666666666666665
17,25,19.0,0.4222222222222222,0.2375,19.0,3.1666666666666665
17,26,10.0,0.2222222222222222,0.125,10.0,1.6666666666666667
17,27,1.0,0.022222222222222223,0.0125,1.0,0.16666666666666666
17,28,16.0,0.35555555555555557,0.2,16.0,2.6666666666666665
17,29,20.0,0.4444444444444444,0.25,20.0,3.3333333333333335
17,30,9.0,0.2,0.1125,9.0,1.5
17,31,16.0,0.35555555555555557,0.2,16.0,2.6666666666666665
17,32,17.0,0.37777777777777777,0.2125,17.0,2.8333333333333335
17,33,10.0,0.2222222222222222,0.125,10.0,1.6666666666666667
17,34,17.0,0.37777777777777777,0.2125,17.0,2.8333333333333335
17,35,16.0,0.35555555555555557,0.2,16.0,2.6666666666666665
17,36,13.0,0.28888888888888886,0.1625,13.0,2.1666666666666665
17,37,18.0,0.4,0.225,18.0,3.0
17,38,2.0,0.044444444444444446,0.025,2.0,0.3333333333333333
17,39,7.0,0.15555555555555556,0.0875,7.0,1.1666666666666667
17,40,9.0,0.2,0.1125,9.0,1.5
17,41,21.0,0.4666666666666667,0.2625,21.0,3.5
17,42,14.0,0.3111111111111111,0.175,14.0,2.3333333333333335
17,43,22.0,0.4888888888888889,0.275,22.0,3.6666666666666665
17,44,2.0,0.044444444444444446,0.025,2.0,0.3333333333333333
17,45,20.0,0.4444444444444444,0.25,20.0,3.3333333333333335
17,46,9.0,0.2,0.1125,9.0,1.5
17,47,16.0,0.35555555555555557,0.2,16.0,2.6666666666666665
17,48,15.0,0.3333333333333333,0.1875,15.0,2.5
17,49,12.0,0.26666666666666666,0.15,12.0,2.0
17,50,9.0,0.2,0.1125,9.0,1.5
17,51,10.0,0.2222222222222222,0.125,10.0,1.6666666666666667
18,1,3.0,0.06666666666666667,0.0375,3.0,0.5
18,2,3.0,0.06666666666666667,0.0375,3.0,0.5
18,3,4.0,0.08888888888888889,0.05,4.0,0.6666666666666666
18,4,16.0,0.35555555555555557,0.2,16.0,2.6666666666666665
18,5,2.0,0.044444444444444446,0.025,2.0,0.3333333333333333
18,6,12.0,0.26666666666666666,0.15,12.0,2.0
18,7,17.0,0.37777777777777777,0.2125,17.0,2.8333333333333335
18,8,15.0,0.3333333333333333,0.1875,15.0,2.5
18,9,1.0,0.022222222222222223,0.0125,1.0,0.16666666666666666
18,10,10.0,0.2222222222222222,0.125,10.0,1.6666666666666667
18,11,12.0,0.26666666666666666,0.15,12.0,2.0
18,12,9.0,0.2,0.1125,9.0,1.5
18,13,13.0,0.28888888888888886,0.1625,13.0,2.1666666666666665
18,14,12.0,0.26666666666666666,0.15,12.0,2.0
18,15,12.0,0.26666666666666666,0.15,12.0,2.0
18,16,13.0,0.28888888888888886,0.1625,13.0,2.1666666666666665
18,17,2.0,0.044444444444444446,0.025,2.0,0.3333333333333333
18,19,13.0,0.28888888888888886,0.1625,13.0,2.1666666666666665
18,20,22.0,0.4888888888888889,0.275,22.0,3.6666666666666665
18,21,15.0,0.3333333333333333,0.1875,15.0,2.5
18,22,1.0,0.022222222222222223,0.0125,1.0,0.16666666666666666
18,23,24.0,0.5333333333333333,0.3,24.0,4.0
18,24,15.0,0.3333333333333333,0.1875,15.0,2.5
18,25,21.0,0.4666666666666667,0.2625,21.0,3.5
18,26,12.0,0.26666666666666666,0.15,12.0,2.0
18,27,3.0,0.06666666666666667,0.0375,3.0,0.5
18,28,14.0,0.3111111111111111,0.175,14.0,2.3333333333333335
18,29,22.0,0.4888888888888889,0.275,22.0,3.6666666666666665
18,30,11.0,0.24444444444444444,0.1375,11.0,1.8333333333333333
18,31,14.0,0.3111111111111111,0.175,14.0,2.3333333333333335
18,32,15.0,0.3333333333333333,0.1875,15.0,2.5
18,33,12.0,0.26666666666666666,0.15,12.0,2.0
18,34,15.0,0.3333333333333333,0.1875,15.0,2.5
18,35,14.0,0.3111111111111111,0.175,14.0,2.3333333333333335
18,36,14.0,0.3111111111111111,0.175,14.0,2.3333333333333335
18,37,20.0,0.4444444444444444,0.25,20.0,3.3333333333333335
18,38,4.0,0.08888888888888889,0.05,4.0,0.6666666666666666
18,39,9.0,0.2,0.1125,9.0,1.5
18,40,11.0,0.24444444444444444,0.1375,11.0,1.8333333333333333
18,41,23.0,0.5111111111111111,0.2875,23.0,3.8333333333333335
18,42,15.0,0.3333333333333333,0.1875,15.0,2.5
18,43,24.0,0.5333333333333333,0.3,24.0,4.0
18,44,4.0,0.08888888888888889,0.05,4.0,0.6666666666666666
18,45,22.0,0.4888888888888889,0.275,22.0,3.6666666666666665
18,46,10.0,0.2222222222222222,0.125,10.0,1.6666666666666667
18,47,15.0,0.3333333333333333,0.1875,15.0,2.5
18,48,17.0,0.37777777777777777,0.2125,17.0,2.8333333333333335
18,49,14.0,0.3111111111111111,0.175,14.0,2.3333333333333335
18,50,10.0,0.2222222222222222,0.125,10.0,1.6666666666666667
18,51,9.0,0.2,0.1125,9.0,1.5
19,1,10.0,0.2222222222222222,0.125,10.0,1.6666666666666667
19,2,10.0,0.2222222222222222,0.125,10.0,1.6666666666666667
19,3,9.0,0.2,0.1125,9.0,1.5
19,4,12.0,0.26666666666666666,0.15,12.0,2.0
19,5,11.0,0.24444444444444444,0.1375,11.0,1.8333333333333333
19,6,1.0,0.022222222222222223,0.0125,1.0,0.16666666666666666
19,7,13.0,0.28888888888888886,0.1625,13.0,2.1666666666666665
19,8,13.0,0.28888888888888886,0.1625,13.0,2.1666666666666665
19,9,12.0,0.26666666666666666,0.15,12.0,2.0
19,10,3.0,0.06666666666666667,0.0375,3.0,0.5
19,11,8.0,0.17777777777777778,0.1,8.0,1.3333333333333333
19,12,4.0,0.08888888888888889,0.05,4.0,0.6666666666666666
19,13,9.0,0.2,0.1125,9.0,1.5
19,14,1.0,0.022222222222222223,0.0125,1.0,0.16666666666666666
19,15,3.0,0.06666666666666667,0.0375,3.0,0.5
19,16,10.0,0.2222222222222222,0.125,10.0,1.6666666666666667
19,17,11.0,0.24444444444444444,0.1375,11.0,1.8333333333333333
19,18,13.0,0.28888888888888886,0.1625,13.0,2.1666666666666665
19,20,10.0,0.2222222222222222,0.125,10.0,1.6666666666666667
19,21,12.0,0.26666666666666666,0.15,12.0,2.0
19,22,12.0,0.26666666666666666,0.15,12.0,2.0
19,23,11.0,0.24444444444444444,0.1375,11.0,1.8333333333333333
19,24,10.0,0.2222222222222222,0.125,10.0,1.6666666666666667
19,25,9.0,0.2,0.1125,9.0,1.5
19,26,13.0,0.28888888888888886,0.1625,13.0,2.1666666666666665
19,27,10.0,0.2222222222222222,0.125,10.0,1.6666666666666667
19,28,10.0,0.2222222222222222,0.125,10.0,1.6666666666666667
19,29,11.0,0.24444444444444444,0.1375,11.0,1.8333333333333333
19,30,2.0,0.044444444444444446,0.025,2.0,0.3333333333333333
19,31,10.0,0.2222222222222222,0.125,10.0,1.6666666666666667
19,32,11.0,0.24444444444444444,0.1375,11.0,1.8333333333333333
19,33,10.0,0.2222222222222222,0.125,10.0,1.6666666666666667
19,34,11.0,0.24444444444444444,0.1375,11.0,1.8333333333333333
19,35,10.0,0.2222222222222222,0.125,10.0,1.6666666666666667
19,36,9.0,0.2,0.1125,9.0,1.5
19,37,7.0,0.15555555555555556,0.0875,7.0,1.1666666666666667
19,38,9.0,0.2,0.1125,9.0,1.5
19,39,4.0,0.08888888888888889,0.05,4.0,0.6666666666666666
19,40,2.0,0.044444444444444446,0.025,2.0,0.3333333333333333
19,41,11.0,0.24444444444444444,0.1375,11.0,1.8333333333333333
19,42,10.0,0.2222222222222222,0.125,10.0,1.6666666666666667
19,43,11.0,0.24444444444444444,0.1375,11.0,1.8333333333333333
19,44,9.0,0.2,0.1125,9.0,1.5
19,45,10.0,0.2222222222222222,0.125,10.0,1.6666666666666667
19,46,11.0,0.24444444444444444,0.1375,11.0,1.8333333333333333
19,47,10.0,0.2222222222222222,0.125,10.0,1.6666666666666667
19,48,11.0,0.24444444444444444,0.1375,11.0,1.8333333333333333
19,49,1.0,0.022222222222222223,0.0125,1.0,0.16666666666666666
19,50,3.0,0.06666666666666667,0.0375,3.0,0.5
19,51,8.0,0.17777777777777778,0.1,8.0,1.3333333333333333
20,1,20.0,0.4444444444444444,0.25,20.0,3.3333333333333335
20,2,20.0,0.4444444444444444,0.25,20.0,3.3333333333333335
20,3,18.0,0.4,0.225,18.0,3.0
20,4,13.0,0.28888888888888886,0.1625,13.0,2.1666666666666665
20,5,21.0,0.4666666666666667,0.2625,21.0,3.5
20,6,10.0,0.2222222222222222,0.125,10.0,1.6666666666666667
20,7,12.0,0.26666666666666666,0.15,12.0,2.0
20,8,20.0,0.4444444444444444,0.25,20.0,3.3333333333333335
20,9,21.0,0.4666666666666667,0.2625,21.0,3.5
20,10,12.0,0.26666666666666666,0.15,12.0,2.0
20,11,10.0,0.2222222222222222,0.125,10.0,1.6666666666666667
20,12,13.0,0.28888888888888886,0.1625,13.0,2.1666666666666665
20,13,9.0,0.2,0.1125,9.0,1.5
20,14,11.0,0.24444444444444444,0.1375,11.0,1.8333333333333333
20,15,10.0,0.2222222222222222,0.125,10.0,1.6666666666666667
20,16,18.0,0.4,0.225,18.0,3.0
20,17,20.0,0.4444444444444444,0.25,20.0,3.3333333333333335
20,18,22.0,0.4888888888888889,0.275,22.0,3.6666666666666665
20,19,10.0,0.2222222222222222,0.125,10.0,1.6666666666666667
20,21,20.0,0.4444444444444444,0.25,20.0,3.3333333333333335
20,22,21.0,0.4666666666666667,0.2625,21.0,3.5
20,23,2.0,0.044444444444444446,0.025,2.0,0.3333333333333333
20,24,10.0,0.2222222222222222,0.125,10.0,1.6666666666666667
20,25,3.0,0.06666666666666667,0.0375,3.0,0.5
20,26,20.0,0.4444444444444444,0.25,20.0,3.3333333333333335
20,27,20.0,0.4444444444444444,0.25,20.0,3.3333333333333335
20,28,10.0,0.2222222222222222,0.125,10.0,1.6666666666666667
20,29,4.0,0.08888888888888889,0.05,4.0,0.6666666666666666
20,30,11.0,0.24444444444444444,0.1375,11.0,1.8333333333333333
20,31,13.0,0.28888888888888886,0.1625,13.0,2.1666666666666665
20,32,12.0,0.26666666666666666,0.15,12.0,2.0
20,33,17.0,0.37777777777777777,0.2125,17.0,2.8333333333333335
20,34,11.0,0.24444444444444444,0.1375,11.0,1.8333333333333333
20,35,12.0,0.26666666666666666,0.15,12.0,2.0
20,36,16.0,0.35555555555555557,0.2,16.0,2.6666666666666665
20,37,3.0,0.06666666666666667,0.0375,3.0,0.5
20,38,19.0,0.4222222222222222,0.2375,19.0,3.1666666666666665
20,39,14.0,0.3111111111111111,0.175,14.0,2.3333333333333335
20,40,11.0,0.24444444444444444,0.1375,11.0,1.8333333333333333
20,41,3.0,0.06666666666666667,0.0375,3.0,0.5
20,42,17.0,0.37777777777777777,0.2125,17.0,2.8333333333333335
20,43,2.0,0.044444444444444446,0.025,2.0,0.3333333333333333
20,44,18.0,0.4,0.225,18.0,3.0
20,45,4.0,0.08888888888888889,0.05,4.0,0.6666666666666666
20,46,19.0,0.4222222222222222,0.2375,19.0,3.1666666666666665
20,47,12.0,0.26666666666666666,0.15,12.0,2.0
20,48,19.0,0.4222222222222222,0.2375,19.0,3.1666666666666665
20,49,9.0,0.2,0.1125,9.0,1.5
20,50,12.0,0.26666666666666666,0.15,12.0,2.0
20,51,17.0,0.37777777777777777,0.2125,17.0,2.8333333333333335
21,1,12.0,0.26666666666666666,0.15,12.0,2.0
21,2,12.0,0.26666666666666666,0.15,12.0,2.0
21,3,11.0,0.24444444444444444,0.1375,11.0,1.8333333333333333
21,4,24.0,0.5333333333333333,0.3,24.0,4.0
21,5,13.0,0.28888888888888886,0.1625,13.0,2.1666666666666665
21,6,13.0,0.28888888888888886,0.1625,13.0,2.1666666666666665
21,7,25.0,0.5555555555555556,0.3125,25.0,4.166666666666667
21,8,1.0,0.022222222222222223,0.0125,1.0,0.16666666666666666
21,9,14.0,0.3111111111111111,0.175,14.0,2.3333333333333335
21,10,13.0,0.28888888888888886,0.1625,13.0,2.1666666666666665
21,11,20.0,0.4444444444444444,0.25,20.0,3.3333333333333335
21,12,14.0,0.3111111111111111,0.175,14.0,2.3333333333333335
21,13,21.0,0.4666666666666667,0.2625,21.0,3.5
21,14,11.0,0.24444444444444444,0.1375,11.0,1.8333333333333333
21,15,10.0,0.2222222222222222,0.125,10.0,1.6666666666666667
21,16,2.0,0.044444444444444446,0.025,2.0,0.3333333333333333
21,17,13.0,0.28888888888888886,0.1625,13.0,2.1666666666666665
21,18,15.0,0.3333333333333333,0.1875,15.0,2.5
21,19,12.0,0.26666666666666666,0.15,12.0,2.0
21,20,20.0,0.4444444444444444,0.25,20.0,3.3333333333333335
21,22,14.0,0.3111111111111111,0.175,14.0,2.3333333333333335
21,23,21.0,0.4666666666666667,0.2625,21.0,3.5
21,24,22.0,0.4888888888888889,0.275,22.0,3.6666666666666665
21,25,17.0,0.37777777777777777,0.2125,17.0,2.8333333333333335
21,26,3.0,0.06666666666666667,0.0375,3.0,0.5
21,27,12.0,0.26666666666666666,0.15,12.0,2.0
21,28,22.0,0.4888888888888889,0.275,22.0,3.6666666666666665
21,29,23.0,0.5111111111111111,0.2875,23.0,3.8333333333333335
21,30,12.0,0.26666666666666666,0.15,12.0,2.0
21,31,22.0,0.4888888888888889,0.275,22.0,3.6666666666666665
21,32,23.0,0.5111111111111111,0.2875,23.0,3.8333333333333335
21,33,3.0,0.06666666666666667,0.0375,3.0,0.5
21,34,23.0,0.5111111111111111,0.2875,23.0,3.8333333333333335
21,35,22.0,0.4888888888888889,0.275,22.0,3.6666666666666665
21,36,4.0,0.08888888888888889,0.05,4.0,0.6666666666666666
21,37,19.0,0.4222222222222222,0.2375,19.0,3.1666666666666665
21,38,11.0,0.24444444444444444,0.1375,11.0,1.8333333333333333
21,39,13.0,0.28888888888888886,0.1625,13.0,2.1666666666666665
21,40,14.0,0.3111111111111111,0.175,14.0,2.3333333333333335
21,41,22.0,0.4888888888888889,0.275,22.0,3.6666666666666665
21,42,3.0,0.06666666666666667,0.0375,3.0,0.5
21,43,18.0,0.4,0.225,18.0,3.0
21,44,11.0,0.24444444444444444,0.1375,11.0,1.8333333333333333
21,45,16.0,0.35555555555555557,0.2,16.0,2.6666666666666665
21,46,5.0,0.1111111111111111,0.0625,5.0,0.8333333333333334
21,47,22.0,0.4888888888888889,0.275,22.0,3.6666666666666665
21,48,3.0,0.06666666666666667,0.0375,3.0,0.5
21,49,11.0,0.24444444444444444,0.1375,11.0,1.8333333333333333
21,50,11.0,0.24444444444444444,0.1375,11.0,1.8333333333333333
21,51,16.0,0.35555555555555557,0.2,16.0,2.6666666666666665
22,1,2.0,0.044444444444444446,0.025,2.0,0.3333333333333333
22,2,2.0,0.044444444444444446,0.025,2.0,0.3333333333333333
22,3,3.0,0.06666666666666667,0.0375,3.0,0.5
22,4,17.0,0.37777777777777777,0.2125,17.0,2.8333333333333335
22,5,1.0,0.022222222222222223,0.0125,1.0,0.16666666666666666
22,6,11.0,0.24444444444444444,0.1375,11.0,1.8333333333333333
22,7,18.0,0.4,0.225,18.0,3.0
22,8,14.0,0.3111111111111111,0.175,14.0,2.3333333333333335
22,9,2.0,0.044444444444444446,0.025,2.0,0.3333333333333333
22,10,9.0,0.2,0.1125,9.0,1.5
22,11,13.0,0.28888888888888886,0.1625,13.0,2.1666666666666665
22,12,8.0,0.17777777777777778,0.1,8.0,1.3333333333333333
22,13,14.0,0.3111111111111111,0.175,14.0,2.3333333333333335
22,14,11.0,0.24444444444444444,0.1375,11.0,1.8333333333333333
22,15,11.0,0.24444444444444444,0.1375,11.0,1.8333333333333333
22,16,12.0,0.26666666666666666,0.15,12.0,2.0
22,17,1.0,0.022222222222222223,0.0125,1.0,0.16666666666666666
22,18,1.0,0.022222222222222223,0.0125,1.0,0.16666666666666666
22,19,12.0,0.26666666666666666,0.15,12.0,2.0
22,20,21.0,0.4666666666666667,0.2625,21.0,3.5
22,21,14.0,0.3111111111111111,0.175,14.0,2.3333333333333335
22,23,23.0,0.5111111111111111,0.2875,23.0,3.8333333333333335
22,24,16.0,0.35555555555555557,0.2,16.0,2.6666666666666665
22,25,20.0,0.4444444444444444,0.25,20.0,3.3333333333333335
22,26,11.0,0.24444444444444444,0.1375,11.0,1.8333333333333333
22,27,2.0,0.044444444444444446,0.025,2.0,0.3333333333333333
22,28,15.0,0.3333333333333333,0.1875,15.0,2.5
22,29,21.0,0.4666666666666667,0.2625,21.0,3.5
22,30,10.0,0.2222222222222222,0.125,10.0,1.6666666666666667
22,31,15.0,0.3333333333333333,0.1875,15.0,2.5
22,32,16.0,0.35555555555555557,0.2,16.0,2.6666666666666665
22,33,11.0,0.24444444444444444,0.1375,11.0,1.8333333333333333
22,34,16.0,0.35555555555555557,0.2,16.0,2.6666666666666665
22,35,15.0,0.3333333333333333,0.1875,15.0,2.5
22,36,13.0,0.28888888888888886,0.1625,13.0,2.1666666666666665
22,37,19.0,0.4222222222222222,0.2375,19.0,3.1666666666666665
22,38,3.0,0.06666666666666667,0.0375,3.0,0.5
22,39,8.0,0.17777777777777778,0.1,8.0,1.3333333333333333
22,40,10.0,0.2222222222222222,0.125,10.0,1.6666666666666667
22,41,22.0,0.4888888888888889,0.275,22.0,3.6666666666666665
22,42,14.0,0.3111111111111111,0.175,14.0,2.3333333333333335
22,43,23.0,0.5111111111111111,0.2875,23.0,3.8333333333333335
22,44,3.0,0.06666666666666667,0.0375,3.0,0.5
22,45,21.0,0.4666666666666667,0.2625,21.0,3.5
22,46,9.0,0.2,0.1125,9.0,1.5
22,47,16.0,0.35555555555555557,0.2,16.0,2.6666666666666665
22,48,16.0,0.35555555555555557,0.2,16.0,2.6666666666666665
22,49,13.0,0.28888888888888886,0.1625,13.0,2.1666666666666665
22,50,9.0,0.2,0.1125,9.0,1.5
22,51,10.0,0.2222222222222222,0.125,10.0,1.6666666666666667
23,1,21.0,0.4666666666666667,0.2625,21.0,3.5
23,2,21.0,0.4666666666666667,0.2625,21.0,3.5
23,3,20.0,0.4444444444444444,0.25,20.0,3.3333333333333335
23,4,14.0,0.3111111111111111,0.175,14.0,2.3333333333333335
23,5,22.0,0.4888888888888889,0.275,22.0,3.6666666666666665
23,6,12.0,0.26666666666666666,0.15,12.0,2.0
23,7,14.0,0.3111111111111111,0.175,14.0,2.3333333333333335
23,8,22.0,0.4888888888888889,0.275,22.0,3.6666666666666665
23,9,23.0,0.5111111111111111,0.2875,23.0,3.8333333333333335
23,10,14.0,0.3111111111111111,0.175,14.0,2.3333333333333335
23,11,12.0,0.26666666666666666,0.15,12.0,2.0
23,12,15.0,0.3333333333333333,0.1875,15.0,2.5
23,13,11.0,0.24444444444444444,0.1375,11.0,1.8333333333333333
23,14,12.0,0.26666666666666666,0.15,12.0,2.0
23,15,12.0,0.26666666666666666,0.15,12.0,2.0
23,16,19.0,0.4222222222222222,0.2375,19.0,3.1666666666666665
23,17,22.0,0.4888888888888889,0.275,22.0,3.6666666666666665
23,18,24.0,0.5333333333333333,0.3,24.0,4.0
23,19,11.0,0.24444444444444444,0.1375,11.0,1.8333333333333333
23,20,2.0,0.044444444444444446,0.025,2.0,0.3333333333333333
23,21,21.0,0.4666666666666667,0.2625,21.0,3.5
23,22,23.0,0.5111111111111111,0.2875,23.0,3.8333333333333335
23,24,11.0,0.24444444444444444,0.1375,11.0,1.8333333333333333
23,25,4.0,0.08888888888888889,0.05,4.0,0.6666666666666666
23,26,22.0,0.4888888888888889,0.275,22.0,3.6666666666666665
23,27,21.0,0.4666666666666667,0.2625,21.0,3.5
23,28,12.0,0.26666666666666666,0.15,12.0,2.0
23,29,2.0,0.044444444444444446,0.025,2.0,0.3333333333333333
23,30,13.0,0.28888888888888886,0.1625,13.0,2.1666666666666665
23,31,14.0,0.3111111111111111,0.175,14.0,2.3333333333333335
23,32,13.0,0.28888888888888886,0.1625,13.0,2.1666666666666665
23,33,19.0,0.4222222222222222,0.2375,19.0,3.1666666666666665
23,34,12.0,0.26666666666666666,0.15,12.0,2.0
23,35,13.0,0.28888888888888886,0.1625,13.0,2.1666666666666665
23,36,18.0,0.4,0.225,18.0,3.0
23,37,4.0,0.08888888888888889,0.05,4.0,0.6666666666666666
23,38,20.0,0.4444444444444444,0.25,20.0,3.3333333333333335
23,39,15.0,0.3333333333333333,0.1875,15.0,2.5
23,40,13.0,0.28888888888888886,0.1625,13.0,2.1666666666666665
23,41,1.0,0.022222222222222223,0.0125,1.0,0.16666666666666666
23,42,19.0,0.4222222222222222,0.2375,19.0,3.1666666666666665
23,43,4.0,0.08888888888888889,0.05,4.0,0.6666666666666666
23,44,20.0,0.4444444444444444,0.25,20.0,3.3333333333333335
23,45,5.0,0.1111111111111111,0.0625,5.0,0.8333333333333334
23,46,20.0,0.4444444444444444,0.25,20.0,3.3333333333333335
23,47,14.0,0.3111111111111111,0.175,14.0,2.3333333333333335
23,48,20.0,0.4444444444444444,0.25,20.0,3.3333333333333335
23,49,10.0,0.2222222222222222,0.125,10.0,1.6666666666666667
23,50,14.0,0.3111111111111111,0.175,14.0,2.3333333333333335
23,51,19.0,0.4222222222222222,0.2375,19.0,3.1666666666666665
24,1,14.0,0.3111111111111111,0.175,14.0,2.3333333333333335
24,2,17.0,0.37777777777777777,0.2125,17.0,2.8333333333333335
24,3,15.0,0.3333333333333333,0.1875,15.0,2.5
24,4,3.0,0.06666666666666667,0.0375,3.0,0.5
24,5,15.0,0.3333333333333333,0.1875,15.0,2.5
24,6,10.0,0.2222222222222222,0.125,10.0,1.6666666666666667
24,7,3.0,0.06666666666666667,0.0375,3.0,0.5
24,8,23.0,0.5111111111111111,0.2875,23.0,3.8333333333333335
24,9,14.0,0.3111111111111111,0.175,14.0,2.3333333333333335
24,10,10.0,0.2222222222222222,0.125,10.0,1.6666666666666667
24,11,3.0,0.06666666666666667,0.0375,3.0,0.5
24,12,9.0,0.2,0.1125,9.0,1.5
24,13,2.0,0.044444444444444446,0.025,2.0,0.3333333333333333
24,14,11.0,0.24444444444444444,0.1375,11.0,1.8333333333333333
24,15,13.0,0.28888888888888886,0.1625,13.0,2.1666666666666665
24,16,20.0,0.4444444444444444,0.25,20.0,3.3333333333333335
24,17,16.0,0.35555555555555557,0.2,16.0,2.6666666666666665
24,18,15.0,0.3333333333333333,0.1875,15.0,2.5
24,19,10.0,0.2222222222222222,0.125,10.0,1.6666666666666667
24,20,10.0,0.2222222222222222,0.125,10.0,1.6666666666666667
24,21,22.0,0.4888888888888889,0.275,22.0,3.6666666666666665
24,22,16.0,0.35555555555555557,0.2,16.0,2.6666666666666665
24,23,11.0,0.24444444444444444,0.1375,11.0,1.8333333333333333
24,25,9.0,0.2,0.1125,9.0,1.5
24,26,23.0,0.5111111111111111,0.2875,23.0,3.8333333333333335
24,27,16.0,0.35555555555555557,0.2,16.0,2.6666666666666665
24,28,1.0,0.022222222222222223,0.0125,1.0,0.16666666666666666
24,29,10.0,0.2222222222222222,0.125,10.0,1.6666666666666667
24,30,11.0,0.24444444444444444,0.1375,11.0,1.8333333333333333
24,31,3.0,0.06666666666666667,0.0375,3.0,0.5
24,32,2.0,0.044444444444444446,0.025,2.0,0.3333333333333333
24,33,20.0,0.4444444444444444,0.25,20.0,3.3333333333333335
24,34,1.0,0.022222222222222223,0.0125,1.0,0.16666666666666666
24,35,2.0,0.044444444444444446,0.025,2.0,0.3333333333333333
24,36,19.0,0.4222222222222222,0.2375,19.0,3.1666666666666665
24,37,7.0,0.15555555555555556,0.0875,7.0,1.1666666666666667
24,38,15.0,0.3333333333333333,0.1875,15.0,2.5
24,39,10.0,0.2222222222222222,0.125,10.0,1.6666666666666667
24,40,9.0,0.2,0.1125,9.0,1.5
24,41,11.0,0.24444444444444444,0.1375,11.0,1.8333333333333333
24,42,20.0,0.4444444444444444,0.25,20.0,3.3333333333333335
24,43,11.0,0.24444444444444444,0.1375,11.0,1.8333333333333333
24,44,17.0,0.37777777777777777,0.2125,17.0,2.8333333333333335
24,45,10.0,0.2222222222222222,0.125,10.0,1.6666666666666667
24,46,21.0,0.4666666666666667,0.2625,21.0,3.5
24,47,3.0,0.06666666666666667,0.0375,3.0,0.5
24,48,21.0,0.4666666666666667,0.2625,21.0,3.5
24,49,11.0,0.24444444444444444,0.1375,11.0,1.8333333333333333
24,50,11.0,0.24444444444444444,0.1375,11.0,1.8333333333333333
24,51,8.0,0.17777777777777778,0.1,8.0,1.3333333333333333
25,1,19.0,0.4222222222222222,0.2375,19.0,3.1666666666666665
25,2,19.0,0.4222222222222222,0.2375,19.0,3.1666666666666665
25,3,17.0,0.37777777777777777,0.2125,17.0,2.8333333333333335
25,4,12.0,0.26666666666666666,0.15,12.0,2.0
25,5,20.0,0.4444444444444444,0.25,20.0,3.3333333333333335
25,6,9.0,0.2,0.1125,9.0,1.5
25,7,11.0,0.24444444444444444,0.1375,11.0,1.8333333333333333
25,8,18.0,0.4,0.225,18.0,3.0
25,9,20.0,0.4444444444444444,0.25,20.0,3.3333333333333335
25,10,11.0,0.24444444444444444,0.1375,11.0,1.8333333333333333
25,11,9.0,0.2,0.1125,9.0,1.5
25,12,12.0,0.26666666666666666,0.15,12.0,2.0
25,13,8.0,0.17777777777777778,0.1,8.0,1.3333333333333333
25,14,10.0,0.2222222222222222,0.125,10.0,1.6666666666666667
25,15,9.0,0.2,0.1125,9.0,1.5
25,16,15.0,0.3333333333333333,0.1875,15.0,2.5
25,17,19.0,0.4222222222222222,0.2375,19.0,3.1666666666666665
25,18,21.0,0.4666666666666667,0.2625,21.0,3.5
25,19,9.0,0.2,0.1125,9.0,1.5
25,20,3.0,0.06666666666666667,0.0375,3.0,0.5
25,21,17.0,0.37777777777777777,0.2125,17.0,2.8333333333333335
25,22,20.0,0.4444444444444444,0.25,20.0,3.3333333333333335
25,23,4.0,0.08888888888888889,0.05,4.0,0.6666666666666666
25,24,9.0,0.2,0.1125,9.0,1.5
25,26,18.0,0.4,0.225,18.0,3.0
25,27,19.0,0.4222222222222222,0.2375,19.0,3.1666666666666665
25,28,9.0,0.2,0.1125,9.0,1.5
25,29,6.0,0.13333333333333333,0.075,6.0,1.0
25,30,10.0,0.2222222222222222,0.125,10.0,1.6666666666666667
25,31,12.0,0.26666666666666666,0.15,12.0,2.0
25,32,11.0,0.24444444444444444,0.1375,11.0,1.8333333333333333
25,33,15.0,0.3333333333333333,0.1875,15.0,2.5
25,34,10.0,0.2222222222222222,0.125,10.0,1.6666666666666667
25,35,11.0,0.24444444444444444,0.1375,11.0,1.8333333333333333
25,36,14.0,0.3111111111111111,0.175,14.0,2.3333333333333335
25,37,2.0,0.044444444444444446,0.025,2.0,0.3333333333333333
25,38,18.0,0.4,0.225,18.0,3.0
25,39,13.0,0.28888888888888886,0.1625,13.0,2.1666666666666665
25,40,10.0,0.2222222222222222,0.125,10.0,1.6666666666666667
25,41,5.0,0.1111111111111111,0.0625,5.0,0.8333333333333334
25,42,15.0,0.3333333333333333,0.1875,15.0,2.5
25,43,3.0,0.06666666666666667,0.0375,3.0,0.5
25,44,17.0,0.37777777777777777,0.2125,17.0,2.8333333333333335
25,45,1.0,0.022222222222222223,0.0125,1.0,0.16666666666666666
25,46,16.0,0.35555555555555557,0.2,16.0,2.6666666666666665
25,47,11.0,0.24444444444444444,0.1375,11.0,1.8333333333333333
25,48,16.0,0.35555555555555557,0.2,16.0,2.6666666666666665
25,49,8.0,0.17777777777777778,0.1,8.0,1.3333333333333333
25,50,11.0,0.24444444444444444,0.1375,11.0,1.8333333333333333
25,51,16.0,0.35555555555555557,0.2,16.0,2.6666666666666665
26,1,10.0,0.2222222222222222,0.125,10.0,1.6666666666666667
26,2,10.0,0.2222222222222222,0.125,10.0,1.6666666666666667
26,3,8.0,0.17777777777777778,0.1,8.0,1.3333333333333333
26,4,25.0,0.5555555555555556,0.3125,25.0,4.166666666666667
26,5,11.0,0.24444444444444444,0.1375,11.0,1.8333333333333333
26,6,14.0,0.3111111111111111,0.175,14.0,2.3333333333333335
26,7,25.0,0.5555555555555556,0.3125,25.0,4.166666666666667
26,8,4.0,0.08888888888888889,0.05,4.0,0.6666666666666666
26,9,11.0,0.24444444444444444,0.1375,11.0,1.8333333333333333
26,10,14.0,0.3111111111111111,0.175,14.0,2.3333333333333335
26,11,21.0,0.4666666666666667,0.2625,21.0,3.5
26,12,14.0,0.3111111111111111,0.175,14.0,2.3333333333333335
26,13,22.0,0.4888888888888889,0.275,22.0,3.6666666666666665
26,14,12.0,0.26666666666666666,0.15,12.0,2.0
26,15,10.0,0.2222222222222222,0.125,10.0,1.6666666666666667
26,16,3.0,0.06666666666666667,0.0375,3.0,0.5
26,17,10.0,0.2222222222222222,0.125,10.0,1.6666666666666667
26,18,12.0,0.26666666666666666,0.15,12.0,2.0
26,19,13.0,0.28888888888888886,0.1625,13.0,2.1666666666666665
26,20,20.0,0.4444444444444444,0.25,20.0,3.3333333333333335
26,21,3.0,0.06666666666666667,0.0375,3.0,0.5
26,22,11.0,0.24444444444444444,0.1375,11.0,1.8333333333333333
26,23,22.0,0.4888888888888889,0.275,22.0,3.6666666666666665
26,24,23.0,0.5111111111111111,0.2875,23.0,3.8333333333333335
26,25,18.0,0.4,0.225,18.0,3.0
26,27,10.0,0.2222222222222222,0.125,10.0,1.6666666666666667
26,28,22.0,0.4888888888888889,0.275,22.0,3.6666666666666665
26,29,24.0,0.5333333333333333,0.3,24.0,4.0
26,30,13.0,0.28888888888888886,0.1625,13.0,2.1666666666666665
26,31,23.0,0.5111111111111111,0.2875,23.0,3.8333333333333335
26,32,24.0,0.5333333333333333,0.3,24.0,4.0
26,33,4.0,0.08888888888888889,0.05,4.0,0.6666666666666666
26,34,23.0,0.5111111111111111,0.2875,23.0,3.8333333333333335
26,35,22.0,0.4888888888888889,0.275,22.0,3.6666666666666665
26,36,5.0,0.1111111111111111,0.0625,5.0,0.8333333333333334
26,37,19.0,0.4222222222222222,0.2375,19.0,3.1666666666666665
26,38,9.0,0.2,0.1125,9.0,1.5
26,39,14.0,0.3111111111111111,0.175,14.0,2.3333333333333335
26,40,15.0,0.3333333333333333,0.1875,15.0,2.5
26,41,23.0,0.5111111111111111,0.2875,23.0,3.8333333333333335
26,42,4.0,0.08888888888888889,0.05,4.0,0.6666666666666666
26,43,19.0,0.4222222222222222,0.2375,19.0,3.1666666666666665
26,44,8.0,0.17777777777777778,0.1,8.0,1.3333333333333333
26,45,17.0,0.37777777777777777,0.2125,17.0,2.8333333333333335
26,46,2.0,0.044444444444444446,0.025,2.0,0.3333333333333333
26,47,23.0,0.5111111111111111,0.2875,23.0,3.8333333333333335
26,48,5.0,0.1111111111111111,0.0625,5.0,0.8333333333333334
26,49,12.0,0.26666666666666666,0.15,12.0,2.0
26,50,12.0,0.26666666666666666,0.15,12.0,2.0
26,51,17.0,0.37777777777777777,0.2125,17.0,2.8333333333333335
27,1,2.0,0.044444444444444446,0.025,2.0,0.3333333333333333
27,2,2.0,0.044444444444444446,0.025,2.0,0.3333333333333333
27,3,2.0,0.044444444444444446,0.025,2.0,0.3333333333333333
27,4,17.0,0.37777777777777777,0.2125,17.0,2.8333333333333335
27,5,1.0,0.022222222222222223,0.0125,1.0,0.16666666666666666
27,6,10.0,0.2222222222222222,0.125,10.0,1.6666666666666667
27,7,18.0,0.4,0.225,18.0,3.0
27,8,13.0,0.28888888888888886,0.1625,13.0,2.1666666666666665
27,9,2.0,0.044444444444444446,0.025,2.0,0.3333333333333333
27,10,8.0,0.17777777777777778,0.1,8.0,1.3333333333333333
27,11,13.0,0.28888888888888886,0.1625,13.0,2.1666666666666665
27,12,7.0,0.15555555555555556,0.0875,7.0,1.1666666666666667
27,13,14.0,0.3111111111111111,0.175,14.0,2.3333333333333335
27,14,9.0,0.2,0.1125,9.0,1.5
27,15,10.0,0.2222222222222222,0.125,10.0,1.6666666666666667
27,16,10.0,0.2222222222222222,0.125,10.0,1.6666666666666667
27,17,1.0,0.022222222222222223,0.0125,1.0,0.16666666666666666
27,18,3.0,0.06666666666666667,0.0375,3.0,0.5
27,19,10.0,0.2222222222222222,0.125,10.0,1.6666666666666667
27,20,20.0,0.4444444444444444,0.25,20.0,3.3333333333333335
27,21,12.0,0.26666666666666666,0.15,12.0,2.0
27,22,2.0,0.044444444444444446,0.025,2.0,0.3333333333333333
27,23,21.0,0.4666666666666667,0.2625,21.0,3.5
27,24,16.0,0.35555555555555557,0.2,16.0,2.6666666666666665
27,25,19.0,0.4222222222222222,0.2375,19.0,3.1666666666666665
27,26,10.0,0.2222222222222222,0.125,10.0,1.6666666666666667
27,28,15.0,0.3333333333333333,0.1875,15.0,2.5
27,29,20.0,0.4444444444444444,0.25,20.0,3.3333333333333335
27,30,9.0,0.2,0.1125,9.0,1.5
27,31,15.0,0.3333333333333333,0.1875,15.0,2.5
27,32,16.0,0.35555555555555557,0.2,16.0,2.6666666666666665
27,33,10.0,0.2222222222222222,0.125,10.0,1.6666666666666667
27,34,16.0,0.35555555555555557,0.2,16.0,2.6666666666666665
27,35,15.0,0.3333333333333333,0.1875,15.0,2.5
27,36,12.0,0.26666666666666666,0.15,12.0,2.0
27,37,17.0,0.37777777777777777,0.2125,17.0,2.8333333333333335
27,38,1.0,0.022222222222222223,0.0125,1.0,0.16666666666666666
27,39,6.0,0.13333333333333333,0.075,6.0,1.0
27,40,9.0,0.2,0.1125,9.0,1.5
27,41,21.0,0.4666666666666667,0.2625,21.0,3.5
27,42,13.0,0.28888888888888886,0.1625,13.0,2.1666666666666665
27,43,21.0,0.4666666666666667,0.2625,21.0,3.5
27,44,2.0,0.044444444444444446,0.025,2.0,0.3333333333333333
27,45,20.0,0.4444444444444444,0.25,20.0,3.3333333333333335
27,46,8.0,0.17777777777777778,0.1,8.0,1.3333333333333333
27,47,16.0,0.35555555555555557,0.2,16.0,2.6666666666666665
27,48,15.0,0.3333333333333333,0.1875,15.0,2.5
27,49,11.0,0.24444444444444444,0.1375,11.0,1.8333333333333333
27,50,8.0,0.17777777777777778,0.1,8.0,1.3333333333333333
27,51,10.0,0.2222222222222222,0.125,10.0,1.6666666666666667
28,1,13.0,0.28888888888888886,0.1625,13.0,2.1666666666666665
28,2,16.0,0.35555555555555557,0.2,16.0,2.6666666666666665
28,3,15.0,0.3333333333333333,0.1875,15.0,2.5
28,4,3.0,0.06666666666666667,0.0375,3.0,0.5
28,5,14.0,0.3111111111111111,0.175,14.0,2.3333333333333335
28,6,9.0,0.2,0.1125,9.0,1.5
28,7,3.0,0.06666666666666667,0.0375,3.0,0.5
28,8,22.0,0.4888888888888889,0.275,22.0,3.6666666666666665
28,9,13.0,0.28888888888888886,0.1625,13.0,2.1666666666666665
28,10,9.0,0.2,0.1125,9.0,1.5
28,11,2.0,0.044444444444444446,0.025,2.0,0.3333333333333333
28,12,8.0,0.17777777777777778,0.1,8.0,1.3333333333333333
28,13,2.0,0.044444444444444446,0.025,2.0,0.3333333333333333
28,14,11.0,0.24444444444444444,0.1375,11.0,1.8333333333333333
28,15,12.0,0.26666666666666666,0.15,12.0,2.0
28,16,20.0,0.4444444444444444,0.25,20.0,3.3333333333333335
28,17,16.0,0.35555555555555557,0.2,16.0,2.6666666666666665
28,18,14.0,0.3111111111111111,0.175,14.0,2.3333333333333335
28,19,10.0,0.2222222222222222,0.125,10.0,1.6666666666666667
28,20,10.0,0.2222222222222222,0.125,10.0,1.6666666666666667
28,21,22.0,0.4888888888888889,0.275,22.0,3.6666666666666665
28,22,15.0,0.3333333333333333,0.1875,15.0,2.5
28,23,12.0,0.26666666666666666,0.15,12.0,2.0
28,24,1.0,0.022222222222222223,0.0125,1.0,0.16666666666666666
28,25,9.0,0.2,0.1125,9.0,1.5
28,26,22.0,0.4888888888888889,0.275,22.0,3.6666666666666665
28,27,15.0,0.3333333333333333,0.1875,15.0,2.5
28,29,10.0,0.2222222222222222,0.125,10.0,1.6666666666666667
28,30,10.0,0.2222222222222222,0.125,10.0,1.6666666666666667
28,31,3.0,0.06666666666666667,0.0375,3.0,0.5
28,32,2.0,0.044444444444444446,0.025,2.0,0.3333333333333333
28,33,19.0,0.4222222222222222,0.2375,19.0,3.1666666666666665
28,34,1.0,0.022222222222222223,0.0125,1.0,0.16666666666666666
28,35,2.0,0.044444444444444446,0.025,2.0,0.3333333333333333
28,36,18.0,0.4,0.225,18.0,3.0
28,37,8.0,0.17777777777777778,0.1,8.0,1.3333333333333333
28,38,14.0,0.3111111111111111,0.175,14.0,2.3333333333333335
28,39,9.0,0.2,0.1125,9.0,1.5
28,40,8.0,0.17777777777777778,0.1,8.0,1.3333333333333333
28,41,11.0,0.24444444444444444,0.1375,11.0,1.8333333333333333
28,42,19.0,0.4222222222222222,0.2375,19.0,3.1666666666666665
28,43,12.0,0.26666666666666666,0.15,12.0,2.0
28,44,16.0,0.35555555555555557,0.2,16.0,2.6666666666666665
28,45,10.0,0.2222222222222222,0.125,10.0,1.6666666666666667
28,46,21.0,0.4666666666666667,0.2625,21.0,3.5
28,47,2.0,0.044444444444444446,0.025,2.0,0.3333333333333333
28,48,21.0,0.4666666666666667,0.2625,21.0,3.5
28,49,11.0,0.24444444444444444,0.1375,11.0,1.8333333333333333
28,50,11.0,0.24444444444444444,0.1375,11.0,1.8333333333333333
28,51,7.0,0.15555555555555556,0.0875,7.0,1.1666666666666667
29,1,20.0,0.4444444444444444,0.25,20.0,3.3333333333333335
29,2,20.0,0.4444444444444444,0.25,20.0,3.3333333333333335
29,3,18.0,0.4,0.225,18.0,3.0
29,4,13.0,0.28888888888888886,0.1625,13.0,2.1666666666666665
29,5,21.0,0.4666666666666667,0.2625,21.0,3.5
29,6,10.0,0.2222222222222222,0.125,10.0,1.6666666666666667
29,7,12.0,0.26666666666666666,0.15,12.0,2.0
29,8,24.0,0.5333333333333333,0.3,24.0,4.0
29,9,21.0,0.4666666666666667,0.2625,21.0,3.5
29,10,12.0,0.26666666666666666,0.15,12.0,2.0
29,11,10.0,0.2222222222222222,0.125,10.0,1.6666666666666667
29,12,13.0,0.28888888888888886,0.1625,13.0,2.1666666666666665
29,13,9.0,0.2,0.1125,9.0,1.5
29,14,12.0,0.26666666666666666,0.15,12.0,2.0
29,15,14.0,0.3111111111111111,0.175,14.0,2.3333333333333335
29,16,21.0,0.4666666666666667,0.2625,21.0,3.5
29,17,20.0,0.4444444444444444,0.25,20.0,3.3333333333333335
29,18,22.0,0.4888888888888889,0.275,22.0,3.6666666666666665
29,19,11.0,0.24444444444444444,0.1375,11.0,1.8333333333333333
29,20,4.0,0.08888888888888889,0.05,4.0,0.6666666666666666
29,21,23.0,0.5111111111111111,0.2875,23.0,3.8333333333333335
29,22,21.0,0.4666666666666667,0.2625,21.0,3.5
29,23,2.0,0.044444444444444446,0.025,2.0,0.3333333333333333
29,24,10.0,0.2222222222222222,0.125,10.0,1.6666666666666667
29,25,6.0,0.13333333333333333,0.075,6.0,1.0
29,26,24.0,0.5333333333333333,0.3,24.0,4.0
29,27,20.0,0.4444444444444444,0.25,20.0,3.3333333333333335
29,28,10.0,0.2222222222222222,0.125,10.0,1.6666666666666667
29,30,11.0,0.24444444444444444,0.1375,11.0,1.8333333333333333
29,31,13.0,0.28888888888888886,0.1625,13.0,2.1666666666666665
29,32,12.0,0.26666666666666666,0.15,12.0,2.0
29,33,20.0,0.4444444444444444,0.25,20.0,3.3333333333333335
29,34,11.0,0.24444444444444444,0.1375,11.0,1.8333333333333333
29,35,12.0,0.26666666666666666,0.15,12.0,2.0
29,36,19.0,0.4222222222222222,0.2375,19.0,3.1666666666666665
29,37,5.0,0.1111111111111111,0.0625,5.0,0.8333333333333334
29,38,19.0,0.4222222222222222,0.2375,19.0,3.1666666666666665
29,39,14.0,0.3111111111111111,0.175,14.0,2.3333333333333335
29,40,11.0,0.24444444444444444,0.1375,11.0,1.8333333333333333
29,41,1.0,0.022222222222222223,0.0125,1.0,0.16666666666666666
29,42,20.0,0.4444444444444444,0.25,20.0,3.3333333333333335
29,43,5.0,0.1111111111111111,0.0625,5.0,0.8333333333333334
29,44,18.0,0.4,0.225,18.0,3.0
29,45,7.0,0.15555555555555556,0.0875,7.0,1.1666666666666667
29,46,22.0,0.4888888888888889,0.275,22.0,3.6666666666666665
29,47,12.0,0.26666666666666666,0.15,12.0,2.0
29,48,22.0,0.4888888888888889,0.275,22.0,3.6666666666666665
29,49,12.0,0.26666666666666666,0.15,12.0,2.0
29,50,12.0,0.26666666666666666,0.15,12.0,2.0
29,51,17.0,0.37777777777777777,0.2125,17.0,2.8333333333333335
30,1,9.0,0.2,0.1125,9.0,1.5
30,2,9.0,0.2,0.1125,9.0,1.5
30,3,7.0,0.15555555555555556,0.0875,7.0,1.1666666666666667
30,4,12.0,0.26666666666666666,0.15,12.0,2.0
30,5,10.0,0.2222222222222222,0.125,10.0,1.6666666666666667
30,6,1.0,0.022222222222222223,0.0125,1.0,0.16666666666666666
30,7,13.0,0.28888888888888886,0.1625,13.0,2.1666666666666665
30,8,13.0,0.28888888888888886,0.1625,13.0,2.1666666666666665
30,9,10.0,0.2222222222222222,0.125,10.0,1.6666666666666667
30,10,1.0,0.022222222222222223,0.0125,1.0,0.16666666666666666
30,11,8.0,0.17777777777777778,0.1,8.0,1.3333333333333333
30,12,2.0,0.044444444444444446,0.025,2.0,0.3333333333333333
30,13,9.0,0.2,0.1125,9.0,1.5
30,14,1.0,0.022222222222222223,0.0125,1.0,0.16666666666666666
30,15,3.0,0.06666666666666667,0.0375,3.0,0.5
30,16,10.0,0.2222222222222222,0.125,10.0,1.6666666666666667
30,17,9.0,0.2,0.1125,9.0,1.5
30,18,11.0,0.24444444444444444,0.1375,11.0,1.8333333333333333
30,19,2.0,0.044444444444444446,0.025,2.0,0.3333333333333333
30,20,11.0,0.24444444444444444,0.1375,11.0,1.8333333333333333
30,21,12.0,0.26666666666666666,0.15,12.0,2.0
30,22,10.0,0.2222222222222222,0.125,10.0,1.6666666666666667
30,23,13.0,0.28888888888888886,0.1625,13.0,2.1666666666666665
30,24,11.0,0.24444444444444444,0.1375,11.0,1.8333333333333333
30,25,10.0,0.2222222222222222,0.125,10.0,1.6666666666666667
30,26,13.0,0.28888888888888886,0.1625,13.0,2.1666666666666665
30,27,9.0,0.2,0.1125,9.0,1.5
30,28,10.0,0.2222222222222222,0.125,10.0,1.6666666666666667
30,29,11.0,0.24444444444444444,0.1375,11.0,1.8333333333333333
30,31,10.0,0.2222222222222222,0.125,10.0,1.6666666666666667
30,32,11.0,0.24444444444444444,0.1375,11.0,1.8333333333333333
30,33,9.0,0.2,0.1125,9.0,1.5
30,34,11.0,0.24444444444444444,0.1375,11.0,1.8333333333333333
30,35,10.0,0.2222222222222222,0.125,10.0,1.6666666666666667
30,36,8.0,0.17777777777777778,0.1,8.0,1.3333333333333333
30,37,9.0,0.2,0.1125,9.0,1.5
30,38,8.0,0.17777777777777778,0.1,8.0,1.3333333333333333
30,39,3.0,0.06666666666666667,0.0375,3.0,0.5
30,40,2.0,0.044444444444444446,0.025,2.0,0.3333333333333333
30,41,12.0,0.26666666666666666,0.15,12.0,2.0
30,42,9.0,0.2,0.1125,9.0,1.5
30,43,13.0,0.28888888888888886,0.1625,13.0,2.1666666666666665
30,44,7.0,0.15555555555555556,0.0875,7.0,1.1666666666666667
30,45,11.0,0.24444444444444444,0.1375,11.0,1.8333333333333333
30,46,11.0,0.24444444444444444,0.1375,11.0,1.8333333333333333
30,47,11.0,0.24444444444444444,0.1375,11.0,1.8333333333333333
30,48,11.0,0.24444444444444444,0.1375,11.0,1.8333333333333333
30,49,3.0,0.06666666666666667,0.0375,3.0,0.5
30,50,1.0,0.022222222222222223,0.0125,1.0,0.16666666666666666
30,51,6.0,0.13333333333333333,0.075,6.0,1.0
31,1,13.0,0.28888888888888886,0.1625,13.0,2.1666666666666665
31,2,17.0,0.37777777777777777,0.2125,17.0,2.8333333333333335
31,3,15.0,0.3333333333333333,0.1875,15.0,2.5
31,4,2.0,0.044444444444444446,0.025,2.0,0.3333333333333333
31,5,14.0,0.3111111111111111,0.175,14.0,2.3333333333333335
31,6,9.0,0.2,0.1125,9.0,1.5
31,7,3.0,0.06666666666666667,0.0375,3.0,0.5
31,8,23.0,0.5111111111111111,0.2875,23.0,3.8333333333333335
31,9,14.0,0.3111111111111111,0.175,14.0,2.3333333333333335
31,10,9.0,0.2,0.1125,9.0,1.5
31,11,3.0,0.06666666666666667,0.0375,3.0,0.5
31,12,9.0,0.2,0.1125,9.0,1.5
31,13,4.0,0.08888888888888889,0.05,4.0,0.6666666666666666
31,14,11.0,0.24444444444444444,0.1375,11.0,1.8333333333333333
31,15,13.0,0.28888888888888886,0.1625,13.0,2.1666666666666665
31,16,20.0,0.4444444444444444,0.25,20.0,3.3333333333333335
31,17,16.0,0.35555555555555557,0.2,16.0,2.6666666666666665
31,18,14.0,0.3111111111111111,0.175,14.0,2.3333333333333335
31,19,10.0,0.2222222222222222,0.125,10.0,1.6666666666666667
31,20,13.0,0.28888888888888886,0.1625,13.0,2.1666666666666665
31,21,22.0,0.4888888888888889,0.275,22.0,3.6666666666666665
31,22,15.0,0.3333333333333333,0.1875,15.0,2.5
31,23,14.0,0.3111111111111111,0.175,14.0,2.3333333333333335
31,24,3.0,0.06666666666666667,0.0375,3.0,0.5
31,25,12.0,0.26666666666666666,0.15,12.0,2.0
31,26,23.0,0.5111111111111111,0.2875,23.0,3.8333333333333335
31,27,15.0,0.3333333333333333,0.1875,15.0,2.5
31,28,3.0,0.06666666666666667,0.0375,3.0,0.5
31,29,13.0,0.28888888888888886,0.1625,13.0,2.1666666666666665
31,30,10.0,0.2222222222222222,0.125,10.0,1.6666666666666667
31,32,1.0,0.022222222222222223,0.0125,1.0,0.16666666666666666
31,33,19.0,0.4222222222222222,0.2375,19.0,3.1666666666666665
31,34,2.0,0.044444444444444446,0.025,2.0,0.3333333333333333
31,35,1.0,0.022222222222222223,0.0125,1.0,0.16666666666666666
31,36,18.0,0.4,0.225,18.0,3.0
31,37,10.0,0.2222222222222222,0.125,10.0,1.6666666666666667
31,38,14.0,0.3111111111111111,0.175,14.0,2.3333333333333335
31,39,9.0,0.2,0.1125,9.0,1.5
31,40,8.0,0.17777777777777778,0.1,8.0,1.3333333333333333
31,41,14.0,0.3111111111111111,0.175,14.0,2.3333333333333335
31,42,19.0,0.4222222222222222,0.2375,19.0,3.1666666666666665
31,43,14.0,0.3111111111111111,0.175,14.0,2.3333333333333335
31,44,17.0,0.37777777777777777,0.2125,17.0,2.8333333333333335
31,45,13.0,0.28888888888888886,0.1625,13.0,2.1666666666666665
31,46,21.0,0.4666666666666667,0.2625,21.0,3.5
31,47,1.0,0.022222222222222223,0.0125,1.0,0.16666666666666666
31,48,21.0,0.4666666666666667,0.2625,21.0,3.5
31,49,11.0,0.24444444444444444,0.1375,11.0,1.8333333333333333
31,50,11.0,0.24444444444444444,0.1375,11.0,1.8333333333333333
31,51,6.0,0.13333333333333333,0.075,6.0,1.0
32,1,14.0,0.3111111111111111,0.175,14.0,2.3333333333333335
32,2,18.0,0.4,0.225,18.0,3.0
32,3,16.0,0.35555555555555557,0.2,16.0,2.6666666666666665
32,4,1.0,0.022222222222222223,0.0125,1.0,0.16666666666666666
32,5,15.0,0.3333333333333333,0.1875,15.0,2.5
32,6,10.0,0.2222222222222222,0.125,10.0,1.6666666666666667
32,7,2.0,0.044444444444444446,0.025,2.0,0.3333333333333333
32,8,24.0,0.5333333333333333,0.3,24.0,4.0
32,9,15.0,0.3333333333333333,0.1875,15.0,2.5
32,10,10.0,0.2222222222222222,0.125,10.0,1.6666666666666667
32,11,3.0,0.06666666666666667,0.0375,3.0,0.5
32,12,10.0,0.2222222222222222,0.125,10.0,1.6666666666666667
32,13,3.0,0.06666666666666667,0.0375,3.0,0.5
32,14,12.0,0.26666666666666666,0.15,12.0,2.0
32,15,14.0,0.3111111111111111,0.175,14.0,2.3333333333333335
32,16,21.0,0.4666666666666667,0.2625,21.0,3.5
32,17,17.0,0.37777777777777777,0.2125,17.0,2.8333333333333335
32,18,15.0,0.3333333333333333,0.1875,15.0,2.5
32,19,11.0,0.24444444444444444,0.1375,11.0,1.8333333333333333
32,20,12.0,0.26666666666666666,0.15,12.0,2.0
32,21,23.0,0.5111111111111111,0.2875,23.0,3.8333333333333335
32,22,16.0,0.35555555555555557,0.2,16.0,2.6666666666666665
32,23,13.0,0.28888888888888886,0.1625,13.0,2.1666666666666665
32,24,2.0,0.044444444444444446,0.025,2.0,0.3333333333333333
32,25,11.0,0.24444444444444444,0.1375,11.0,1.8333333333333333
32,26,24.0,0.5333333333333333,0.3,24.0,4.0
32,27,16.0,0.35555555555555557,0.2,16.0,2.6666666666666665
32,28,2.0,0.044444444444444446,0.025,2.0,0.3333333333333333
32,29,12.0,0.26666666666666666,0.15,12.0,2.0
32,30,11.0,0.24444444444444444,0.1375,11.0,1.8333333333333333
32,31,1.0,0.022222222222222223,0.0125,1.0,0.16666666666666666
32,33,20.0,0.4444444444444444,0.25,20.0,3.3333333333333335
32,34,1.0,0.022222222222222223,0.0125,1.0,0.16666666666666666
32,35,2.0,0.044444444444444446,0.025,2.0,0.3333333333333333
32,36,19.0,0.4222222222222222,0.2375,19.0,3.1666666666666665
32,37,9.0,0.2,0.1125,9.0,1.5
32,38,15.0,0.3333333333333333,0.1875,15.0,2.5
32,39,10.0,0.2222222222222222,0.125,10.0,1.6666666666666667
32,40,9.0,0.2,0.1125,9.0,1.5
32,41,13.0,0.28888888888888886,0.1625,13.0,2.1666666666666665
32,42,20.0,0.4444444444444444,0.25,20.0,3.3333333333333335
32,43,13.0,0.28888888888888886,0.1625,13.0,2.1666666666666665
32,44,18.0,0.4,0.225,18.0,3.0
32,45,12.0,0.26666666666666666,0.15,12.0,2.0
32,46,22.0,0.4888888888888889,0.275,22.0,3.6666666666666665
32,47,1.0,0.022222222222222223,0.0125,1.0,0.16666666666666666
32,48,22.0,0.4888888888888889,0.275,22.0,3.6666666666666665
32,49,12.0,0.26666666666666666,0.15,12.0,2.0
32,50,12.0,0.26666666666666666,0.15,12.0,2.0
32,51,7.0,0.15555555555555556,0.0875,7.0,1.1666666666666667
33,1,10.0,0.2222222222222222,0.125,10.0,1.6666666666666667
33,2,10.0,0.2222222222222222,0.125,10.0,1.6666666666666667
33,3,8.0,0.17777777777777778,0.1,8.0,1.3333333333333333
33,4,21.0,0.4666666666666667,0.2625,21.0,3.5
33,5,11.0,0.24444444444444444,0.1375,11.0,1.8333333333333333
33,6,10.0,0.2222222222222222,0.125,10.0,1.6666666666666667
33,7,22.0,0.4888888888888889,0.275,22.0,3.6666666666666665
33,8,4.0,0.08888888888888889,0.05,4.0,0.6666666666666666
33,9,11.0,0.24444444444444444,0.1375,11.0,1.8333333333333333
33,10,10.0,0.2222222222222222,0.125,10.0,1.6666666666666667
33,11,17.0,0.37777777777777777,0.2125,17.0,2.8333333333333335
33,12,11.0,0.24444444444444444,0.1375,11.0,1.8333333333333333
33,13,18.0,0.4,0.225,18.0,3.0
33,14,9.0,0.2,0.1125,9.0,1.5
33,15,7.0,0.15555555555555556,0.0875,7.0,1.1666666666666667
33,16,1.0,0.022222222222222223,0.0125,1.0,0.16666666666666666
33,17,10.0,0.2222222222222222,0.125,10.0,1.6666666666666667
33,18,12.0,0.26666666666666666,0.15,12.0,2.0
33,19,10.0,0.2222222222222222,0.125,10.0,1.6666666666666667
33,20,17.0,0.37777777777777777,0.2125,17.0,2.8333333333333335
33,21,3.0,0.06666666666666667,0.0375,3.0,0.5
33,22,11.0,0.24444444444444444,0.1375,11.0,1.8333333333333333
33,23,19.0,0.4222222222222222,0.2375,19.0,3.1666666666666665
33,24,20.0,0.4444444444444444,0.25,20.0,3.3333333333333335
33,25,15.0,0.3333333333333333,0.1875,15.0,2.5
33,26,4.0,0.08888888888888889,0.05,4.0,0.6666666666666666
33,27,10.0,0.2222222222222222,0.125,10.0,1.6666666666666667
33,28,19.0,0.4222222222222222,0.2375,19.0,3.1666666666666665
33,29,20.0,0.4444444444444444,0.25,20.0,3.3333333333333335
33,30,9.0,0.2,0.1125,9.0,1.5
33,31,19.0,0.4222222222222222,0.2375,19.0,3.1666666666666665
33,32,20.0,0.4444444444444444,0.25,20.0,3.3333333333333335
33,34,20.0,0.4444444444444444,0.25,20.0,3.3333333333333335
33,35,19.0,0.4222222222222222,0.2375,19.0,3.1666666666666665
33,36,3.0,0.06666666666666667,0.0375,3.0,0.5
33,37,16.0,0.35555555555555557,0.2,16.0,2.6666666666666665
33,38,9.0,0.2,0.1125,9.0,1.5
33,39,10.0,0.2222222222222222,0.125,10.0,1.6666666666666667
33,40,11.0,0.24444444444444444,0.1375,11.0,1.8333333333333333
33,41,19.0,0.4222222222222222,0.2375,19.0,3.1666666666666665
33,42,4.0,0.08888888888888889,0.05,4.0,0.6666666666666666
33,43,15.0,0.3333333333333333,0.1875,15.0,2.5
33,44,8.0,0.17777777777777778,0.1,8.0,1.3333333333333333
33,45,14.0,0.3111111111111111,0.175,14.0,2.3333333333333335
33,46,2.0,0.044444444444444446,0.025,2.0,0.3333333333333333
33,47,20.0,0.4444444444444444,0.25,20.0,3.3333333333333335
33,48,5.0,0.1111111111111111,0.0625,5.0,0.8333333333333334
33,49,9.0,0.2,0.1125,9.0,1.5
33,50,9.0,0.2,0.1125,9.0,1.5
33,51,14.0,0.3111111111111111,0.175,14.0,2.3333333333333335
34,1,14.0,0.3111111111111111,0.175,14.0,2.3333333333333335
34,2,17.0,0.37777777777777777,0.2125,17.0,2.8333333333333335
34,3,16.0,0.35555555555555557,0.2,16.0,2.6666666666666665
34,4,2.0,0.044444444444444446,0.025,2.0,0.3333333333333333
34,5,15.0,0.3333333333333333,0.1875,15.0,2.5
34,6,10.0,0.2222222222222222,0.125,10.0,1.6666666666666667
34,7,2.0,0.044444444444444446,0.025,2.0,0.3333333333333333
34,8,23.0,0.5111111111111111,0.2875,23.0,3.8333333333333335
34,9,14.0,0.3111111111111111,0.175,14.0,2.3333333333333335
34,10,10.0,0.2222222222222222,0.125,10.0,1.6666666666666667
34,11,3.0,0.06666666666666667,0.0375,3.0,0.5
34,12,9.0,0.2,0.1125,9.0,1.5
34,13,2.0,0.044444444444444446,0.025,2.0,0.3333333333333333
34,14,12.0,0.26666666666666666,0.15,12.0,2.0
34,15,13.0,0.28888888888888886,0.1625,13.0,2.1666666666666665
34,16,21.0,0.4666666666666667,0.2625,21.0,3.5
34,17,17.0,0.37777777777777777,0.2125,17.0,2.8333333333333335
34,18,15.0,0.3333333333333333,0.1875,15.0,2.5
34,19,11.0,0.24444444444444444,0.1375,11.0,1.8333333333333333
34,20,11.0,0.24444444444444444,0.1375,11.0,1.8333333333333333
34,21,23.0,0.5111111111111111,0.2875,23.0,3.8333333333333335
34,22,16.0,0.35555555555555557,0.2,16.0,2.6666666666666665
34,23,12.0,0.26666666666666666,0.15,12.0,2.0
34,24,1.0,0.022222222222222223,0.0125,1.0,0.16666666666666666
34,25,10.0,0.2222222222222222,0.125,10.0,1.6666666666666667
34,26,23.0,0.5111111111111111,0.2875,23.0,3.8333333333333335
34,27,16.0,0.35555555555555557,0.2,16.0,2.6666666666666665
34,28,1.0,0.022222222222222223,0.0125,1.0,0.16666666666666666
34,29,11.0,0.24444444444444444,0.1375,11.0,1.8333333333333333
34,30,11.0,0.24444444444444444,0.1375,11.0,1.8333333333333333
34,31,2.0,0.044444444444444446,0.025,2.0,0.3333333333333333
34,32,1.0,0.022222222222222223,0.0125,1.0,0.16666666666666666
34,33,20.0,0.4444444444444444,0.25,20.0,3.3333333333333335
34,35,1.0,0.022222222222222223,0.0125,1.0,0.16666666666666666
34,36,19.0,0.4222222222222222,0.2375,19.0,3.1666666666666665
34,37,8.0,0.17777777777777778,0.1,8.0,1.3333333333333333
34,38,15.0,0.3333333333333333,0.1875,15.0,2.5
34,39,10.0,0.2222222222222222,0.125,10.0,1.6666666666666667
34,40,9.0,0.2,0.1125,9.0,1.5
34,41,12.0,0.26666666666666666,0.15,12.0,2.0
34,42,20.0,0.4444444444444444,0.25,20.0,3.3333333333333335
34,43,12.0,0.26666666666666666,0.15,12.0,2.0
34,44,17.0,0.37777777777777777,0.2125,17.0,2.8333333333333335
34,45,11.0,0.24444444444444444,0.1375,11.0,1.8333333333333333
34,46,22.0,0.4888888888888889,0.275,22.0,3.6666666666666665
34,47,2.0,0.044444444444444446,0.025,2.0,0.3333333333333333
34,48,22.0,0.4888888888888889,0.275,22.0,3.6666666666666665
34,49,12.0,0.26666666666666666,0.15,12.0,2.0
34,50,12.0,0.26666666666666666,0.15,12.0,2.0
34,51,7.0,0.15555555555555556,0.0875,7.0,1.1666666666666667
35,1,13.0,0.28888888888888886,0.1625,13.0,2.1666666666666665
35,2,16.0,0.35555555555555557,0.2,16.0,2.6666666666666665
35,3,15.0,0.3333333333333333,0.1875,15.0,2.5
35,4,3.0,0.06666666666666667,0.0375,3.0,0.5
35,5,14.0,0.3111111111111111,0.175,14.0,2.3333333333333335
35,6,9.0,0.2,0.1125,9.0,1.5
35,7,3.0,0.06666666666666667,0.0375,3.0,0.5
35,8,22.0,0.4888888888888889,0.275,22.0,3.6666666666666665
35,9,13.0,0.28888888888888886,0.1625,13.0,2.1666666666666665
35,10,9.0,0.2,0.1125,9.0,1.5
35,11,2.0,0.044444444444444446,0.025,2.0,0.3333333333333333
35,12,8.0,0.17777777777777778,0.1,8.0,1.3333333333333333
35,13,3.0,0.06666666666666667,0.0375,3.0,0.5
35,14,11.0,0.24444444444444444,0.1375,11.0,1.8333333333333333
35,15,12.0,0.26666666666666666,0.15,12.0,2.0
35,16,20.0,0.4444444444444444,0.25,20.0,3.3333333333333335
35,17,16.0,0.35555555555555557,0.2,16.0,2.6666666666666665
35,18,14.0,0.3111111111111111,0.175,14.0,2.3333333333333335
35,19,10.0,0.2222222222222222,0.125,10.0,1.6666666666666667
35,20,12.0,0.26666666666666666,0.15,12.0,2.0
35,21,22.0,0.4888888888888889,0.275,22.0,3.6666666666666665
35,22,15.0,0.3333333333333333,0.1875,15.0,2.5
35,23,13.0,0.28888888888888886,0.1625,13.0,2.1666666666666665
35,24,2.0,0.044444444444444446,0.025,2.0,0.3333333333333333
35,25,11.0,0.24444444444444444,0.1375,11.0,1.8333333333333333
35,26,22.0,0.4888888888888889,0.275,22.0,3.6666666666666665
35,27,15.0,0.3333333333333333,0.1875,15.0,2.5
35,28,2.0,0.044444444444444446,0.025,2.0,0.3333333333333333
35,29,12.0,0.26666666666666666,0.15,12.0,2.0
35,30,10.0,0.2222222222222222,0.125,10.0,1.6666666666666667
35,31,1.0,0.022222222222222223,0.0125,1.0,0.16666666666666666
35,32,2.0,0.044444444444444446,0.025,2.0,0.3333333333333333
35,33,19.0,0.4222222222222222,0.2375,19.0,3.1666666666666665
35,34,1.0,0.022222222222222223,0.0125,1.0,0.16666666666666666
35,36,18.0,0.4,0.225,18.0,3.0
35,37,9.0,0.2,0.1125,9.0,1.5
35,38,14.0,0.3111111111111111,0.175,14.0,2.3333333333333335
35,39,9.0,0.2,0.1125,9.0,1.5
35,40,8.0,0.17777777777777778,0.1,8.0,1.3333333333333333
35,41,13.0,0.28888888888888886,0.1625,13.0,2.1666666666666665
35,42,19.0,0.4222222222222222,0.2375,19.0,3.1666666666666665
35,43,13.0,0.28888888888888886,0.1625,13.0,2.1666666666666665
35,44,16.0,0.35555555555555557,0.2,16.0,2.6666666666666665
35,45,12.0,0.26666666666666666,0.15,12.0,2.0
35,46,21.0,0.4666666666666667,0.2625,21.0,3.5
35,47,1.0,0.022222222222222223,0.0125,1.0,0.16666666666666666
35,48,21.0,0.4666666666666667,0.2625,21.0,3.5
35,49,11.0,0.24444444444444444,0.1375,11.0,1.8333333333333333
35,50,11.0,0.24444444444444444,0.1375,11.0,1.8333333333333333
35,51,6.0,0.13333333333333333,0.075,6.0,1.0
36,1,12.0,0.26666666666666666,0.15,12.0,2.0
36,2,12.0,0.26666666666666666,0.15,12.0,2.0
36,3,10.0,0.2222222222222222,0.125,10.0,1.6666666666666667
36,4,20.0,0.4444444444444444,0.25,20.0,3.3333333333333335
36,5,13.0,0.28888888888888886,0.1625,13.0,2.1666666666666665
36,6,9.0,0.2,0.1125,9.0,1.5
36,7,21.0,0.4666666666666667,0.2625,21.0,3.5
36,8,5.0,0.1111111111111111,0.0625,5.0,0.8333333333333334
36,9,14.0,0.3111111111111111,0.175,14.0,2.3333333333333335
36,10,9.0,0.2,0.1125,9.0,1.5
36,11,16.0,0.35555555555555557,0.2,16.0,2.6666666666666665
36,12,10.0,0.2222222222222222,0.125,10.0,1.6666666666666667
36,13,17.0,0.37777777777777777,0.2125,17.0,2.8333333333333335
36,14,8.0,0.17777777777777778,0.1,8.0,1.3333333333333333
36,15,6.0,0.13333333333333333,0.075,6.0,1.0
36,16,2.0,0.044444444444444446,0.025,2.0,0.3333333333333333
36,17,13.0,0.28888888888888886,0.1625,13.0,2.1666666666666665
36,18,14.0,0.3111111111111111,0.175,14.0,2.3333333333333335
36,19,9.0,0.2,0.1125,9.0,1.5
36,20,16.0,0.35555555555555557,0.2,16.0,2.6666666666666665
36,21,4.0,0.08888888888888889,0.05,4.0,0.6666666666666666
36,22,13.0,0.28888888888888886,0.1625,13.0,2.1666666666666665
36,23,18.0,0.4,0.225,18.0,3.0
36,24,19.0,0.4222222222222222,0.2375,19.0,3.1666666666666665
36,25,14.0,0.3111111111111111,0.175,14.0,2.3333333333333335
36,26,5.0,0.1111111111111111,0.0625,5.0,0.8333333333333334
36,27,12.0,0.26666666666666666,0.15,12.0,2.0
36,28,18.0,0.4,0.225,18.0,3.0
36,29,19.0,0.4222222222222222,0.2375,19.0,3.1666666666666665
36,30,8.0,0.17777777777777778,0.1,8.0,1.3333333333333333
36,31,18.0,0.4,0.225,18.0,3.0
36,32,19.0,0.4222222222222222,0.2375,19.0,3.1666666666666665
36,33,3.0,0.06666666666666667,0.0375,3.0,0.5
36,34,19.0,0.4222222222222222,0.2375,19.0,3.1666666666666665
36,35,18.0,0.4,0.225,18.0,3.0
36,37,15.0,0.3333333333333333,0.1875,15.0,2.5
36,38,11.0,0.24444444444444444,0.1375,11.0,1.8333333333333333
36,39,9.0,0.2,0.1125,9.0,1.5
36,40,10.0,0.2222222222222222,0.125,10.0,1.6666666666666667
36,41,18.0,0.4,0.225,18.0,3.0
36,42,1.0,0.022222222222222223,0.0125,1.0,0.16666666666666666
36,43,14.0,0.3111111111111111,0.175,14.0,2.3333333333333335
36,44,11.0,0.24444444444444444,0.1375,11.0,1.8333333333333333
36,45,13.0,0.28888888888888886,0.1625,13.0,2.1666666666666665
36,46,4.0,0.08888888888888889,0.05,4.0,0.6666666666666666
36,47,19.0,0.4222222222222222,0.2375,19.0,3.1666666666666665
36,48,3.0,0.06666666666666667,0.0375,3.0,0.5
36,49,8.0,0.17777777777777778,0.1,8.0,1.3333333333333333
36,50,8.0,0.17777777777777778,0.1,8.0,1.3333333333333333
36,51,13.0,0.28888888888888886,0.1625,13.0,2.1666666666666665
37,1,17.0,0.37777777777777777,0.2125,17.0,2.8333333333333335
37,2,17.0,0.37777777777777777,0.2125,17.0,2.8333333333333335
37,3,16.0,0.35555555555555557,0.2,16.0,2.6666666666666665
37,4,10.0,0.2222222222222222,0.125,10.0,1.6666666666666667
37,5,18.0,0.4,0.225,18.0,3.0
37,6,8.0,0.17777777777777778,0.1,8.0,1.3333333333333333
37,7,10.0,0.2222222222222222,0.125,10.0,1.6666666666666667
37,8,19.0,0.4222222222222222,0.2375,19.0,3.1666666666666665
37,9,19.0,0.4222222222222222,0.2375,19.0,3.1666666666666665
37,10,10.0,0.2222222222222222,0.125,10.0,1.6666666666666667
37,11,8.0,0.17777777777777778,0.1,8.0,1.3333333333333333
37,12,11.0,0.24444444444444444,0.1375,11.0,1.8333333333333333
37,13,7.0,0.15555555555555556,0.0875,7.0,1.1666666666666667
37,14,8.0,0.17777777777777778,0.1,8.0,1.3333333333333333
37,15,9.0,0.2,0.1125,9.0,1.5
37,16,17.0,0.37777777777777777,0.2125,17.0,2.8333333333333335
37,17,18.0,0.4,0.225,18.0,3.0
37,18,20.0,0.4444444444444444,0.25,20.0,3.3333333333333335
37,19,7.0,0.15555555555555556,0.0875,7.0,1.1666666666666667
37,20,3.0,0.06666666666666667,0.0375,3.0,0.5
37,21,19.0,0.4222222222222222,0.2375,19.0,3.1666666666666665
37,22,19.0,0.4222222222222222,0.2375,19.0,3.1666666666666665
37,23,4.0,0.08888888888888889,0.05,4.0,0.6666666666666666
37,24,7.0,0.15555555555555556,0.0875,7.0,1.1666666666666667
37,25,2.0,0.044444444444444446,0.025,2.0,0.3333333333333333
37,26,19.0,0.4222222222222222,0.2375,19.0,3.1666666666666665
37,27,17.0,0.37777777777777777,0.2125,17.0,2.8333333333333335
37,28,8.0,0.17777777777777778,0.1,8.0,1.3333333333333333
37,29,5.0,0.1111111111111111,0.0625,5.0,0.8333333333333334
37,30,9.0,0.2,0.1125,9.0,1.5
37,31,10.0,0.2222222222222222,0.125,10.0,1.6666666666666667
37,32,9.0,0.2,0.1125,9.0,1.5
37,33,16.0,0.35555555555555557,0.2,16.0,2.6666666666666665
37,34,8.0,0.17777777777777778,0.1,8.0,1.3333333333333333
37,35,9.0,0.2,0.1125,9.0,1.5
37,36,15.0,0.3333333333333333,0.1875,15.0,2.5
37,38,16.0,0.35555555555555557,0.2,16.0,2.6666666666666665
37,39,11.0,0.24444444444444444,0.1375,11.0,1.8333333333333333
37,40,9.0,0.2,0.1125,9.0,1.5
37,41,4.0,0.08888888888888889,0.05,4.0,0.6666666666666666
37,42,16.0,0.35555555555555557,0.2,16.0,2.6666666666666665
37,43,4.0,0.08888888888888889,0.05,4.0,0.6666666666666666
37,44,16.0,0.35555555555555557,0.2,16.0,2.6666666666666665
37,45,3.0,0.06666666666666667,0.0375,3.0,0.5
37,46,18.0,0.4,0.225,18.0,3.0
37,47,10.0,0.2222222222222222,0.125,10.0,1.6666666666666667
37,48,18.0,0.4,0.225,18.0,3.0
37,49,8.0,0.17777777777777778,0.1,8.0,1.3333333333333333
37,50,10.0,0.2222222222222222,0.125,10.0,1.6666666666666667
37,51,15.0,0.3333333333333333,0.1875,15.0,2.5
38,1,1.0,0.022222222222222223,0.0125,1.0,0.16666666666666666
38,2,3.0,0.06666666666666667,0.0375,3.0,0.5
38,3,1.0,0.022222222222222223,0.0125,1.0,0.16666666666666666
38,4,16.0,0.35555555555555557,0.2,16.0,2.6666666666666665
38,5,2.0,0.044444444444444446,0.025,2.0,0.3333333333333333
38,6,9.0,0.2,0.1125,9.0,1.5
38,7,17.0,0.37777777777777777,0.2125,17.0,2.8333333333333335
38,8,12.0,0.26666666666666666,0.15,12.0,2.0
38,9,3.0,0.06666666666666667,0.0375,3.0,0.5
38,10,7.0,0.15555555555555556,0.0875,7.0,1.1666666666666667
38,11,12.0,0.26666666666666666,0.15,12.0,2.0
38,12,6.0,0.13333333333333333,0.075,6.0,1.0
38,13,13.0,0.28888888888888886,0.1625,13.0,2.1666666666666665
38,14,8.0,0.17777777777777778,0.1,8.0,1.3333333333333333
38,15,9.0,0.2,0.1125,9.0,1.5
38,16,9.0,0.2,0.1125,9.0,1.5
38,17,2.0,0.044444444444444446,0.025,2.0,0.3333333333333333
38,18,4.0,0.08888888888888889,0.05,4.0,0.6666666666666666
38,19,9.0,0.2,0.1125,9.0,1.5
38,20,19.0,0.4222222222222222,0.2375,19.0,3.1666666666666665
38,21,11.0,0.24444444444444444,0.1375,11.0,1.8333333333333333
38,22,3.0,0.06666666666666667,0.0375,3.0,0.5
38,23,20.0,0.4444444444444444,0.25,20.0,3.3333333333333335
38,24,15.0,0.3333333333333333,0.1875,15.0,2.5
38,25,18.0,0.4,0.225,18.0,3.0
38,26,9.0,0.2,0.1125,9.0,1.5
38,27,1.0,0.022222222222222223,0.0125,1.0,0.16666666666666666
38,28,14.0,0.3111111111111111,0.175,14.0,2.3333333333333335
38,29,19.0,0.4222222222222222,0.2375,19.0,3.1666666666666665
38,30,8.0,0.17777777777777778,0.1,8.0,1.3333333333333333
38,31,14.0,0.3111111111111111,0.175,14.0,2.3333333333333335
38,32,15.0,0.3333333333333333,0.1875,15.0,2.5
38,33,9.0,0.2,0.1125,9.0,1.5
38,34,15.0,0.3333333333333333,0.1875,15.0,2.5
38,35,14.0,0.3111111111111111,0.175,14.0,2.3333333333333335
38,36,11.0,0.24444444444444444,0.1375,11.0,1.8333333333333333
38,37,16.0,0.35555555555555557,0.2,16.0,2.6666666666666665
38,39,5.0,0.1111111111111111,0.0625,5.0,0.8333333333333334
38,40,8.0,0.17777777777777778,0.1,8.0,1.3333333333333333
38,41,20.0,0.4444444444444444,0.25,20.0,3.3333333333333335
38,42,12.0,0.26666666666666666,0.15,12.0,2.0
38,43,20.0,0.4444444444444444,0.25,20.0,3.3333333333333335
38,44,3.0,0.06666666666666667,0.0375,3.0,0.5
38,45,19.0,0.4222222222222222,0.2375,19.0,3.1666666666666665
38,46,7.0,0.15555555555555556,0.0875,7.0,1.1666666666666667
38,47,15.0,0.3333333333333333,0.1875,15.0,2.5
38,48,14.0,0.3111111111111111,0.175,14.0,2.3333333333333335
38,49,10.0,0.2222222222222222,0.125,10.0,1.6666666666666667
38,50,7.0,0.15555555555555556,0.0875,7.0,1.1666666666666667
38,51,9.0,0.2,0.1125,9.0,1.5
39,1,6.0,0.13333333333333333,0.075,6.0,1.0
39,2,8.0,0.17777777777777778,0.1,8.0,1.3333333333333333
39,3,6.0,0.13333333333333333,0.075,6.0,1.0
39,4,11.0,0.24444444444444444,0.1375,11.0,1.8333333333333333
39,5,7.0,0.15555555555555556,0.0875,7.0,1.1666666666666667
39,6,4.0,0.08888888888888889,0.05,4.0,0.6666666666666666
39,7,12.0,0.26666666666666666,0.15,12.0,2.0
39,8,14.0,0.3111111111111111,0.175,14.0,2.3333333333333335
39,9,8.0,0.17777777777777778,0.1,8.0,1.3333333333333333
39,10,2.0,0.044444444444444446,0.025,2.0,0.3333333333333333
39,11,7.0,0.15555555555555556,0.0875,7.0,1.1666666666666667
39,12,1.0,0.022222222222222223,0.0125,1.0,0.16666666666666666
39,13,8.0,0.17777777777777778,0.1,8.0,1.3333333333333333
39,14,3.0,0.06666666666666667,0.0375,3.0,0.5
39,15,4.0,0.08888888888888889,0.05,4.0,0.6666666666666666
39,16,11.0,0.24444444444444444,0.1375,11.0,1.8333333333333333
39,17,7.0,0.15555555555555556,0.0875,7.0,1.1666666666666667
39,18,9.0,0.2,0.1125,9.0,1.5
39,19,4.0,0.08888888888888889,0.05,4.0,0.6666666666666666
39,20,14.0,0.3111111111111111,0.175,14.0,2.3333333333333335
39,21,13.0,0.28888888888888886,0.1625,13.0,2.1666666666666665
39,22,8.0,0.17777777777777778,0.1,8.0,1.3333333333333333
39,23,15.0,0.3333333333333333,0.1875,15.0,2.5
39,24,10.0,0.2222222222222222,0.125,10.0,1.6666666666666667
39,25,13.0,0.28888888888888886,0.1625,13.0,2.1666666666666665
39,26,14.0,0.3111111111111111,0.175,14.0,2.3333333333333335
39,27,6.0,0.13333333333333333,0.075,6.0,1.0
39,28,9.0,0.2,0.1125,9.0,1.5
39,29,14.0,0.3111111111111111,0.175,14.0,2.3333333333333335
39,30,3.0,0.06666666666666667,0.0375,3.0,0.5
39,31,9.0,0.2,0.1125,9.0,1.5
39,32,10.0,0.2222222222222222,0.125,10.0,1.6666666666666667
39,33,10.0,0.2222222222222222,0.125,10.0,1.6666666666666667
39,34,10.0,0.2222222222222222,0.125,10.0,1.6666666666666667
39,35,9.0,0.2,0.1125,9.0,1.5
39,36,9.0,0.2,0.1125,9.0,1.5
39,37,11.0,0.24444444444444444,0.1375,11.0,1.8333333333333333
39,38,5.0,0.1111111111111111,0.0625,5.0,0.8333333333333334
39,40,3.0,0.06666666666666667,0.0375,3.0,0.5
39,41,15.0,0.3333333333333333,0.1875,15.0,2.5
39,42,10.0,0.2222222222222222,0.125,10.0,1.6666666666666667
39,43,15.0,0.3333333333333333,0.1875,15.0,2.5
39,44,8.0,0.17777777777777778,0.1,8.0,1.3333333333333333
39,45,14.0,0.3111111111111111,0.175,14.0,2.3333333333333335
39,46,12.0,0.26666666666666666,0.15,12.0,2.0
39,47,10.0,0.2222222222222222,0.125,10.0,1.6666666666666667
39,48,12.0,0.26666666666666666,0.15,12.0,2.0
39,49,5.0,0.1111111111111111,0.0625,5.0,0.8333333333333334
39,50,2.0,0.044444444444444446,0.025,2.0,0.3333333333333333
39,51,4.0,0.08888888888888889,0.05,4.0,0.6666666666666666
40,1,9.0,0.2,0.1125,9.0,1.5
40,2,9.0,0.2,0.1125,9.0,1.5
40,3,7.0,0.15555555555555556,0.0875,7.0,1.1666666666666667
40,4,10.0,0.2222222222222222,0.125,10.0,1.6666666666666667
40,5,10.0,0.2222222222222222,0.125,10.0,1.6666666666666667
40,6,1.0,0.022222222222222223,0.0125,1.0,0.16666666666666666
40,7,11.0,0.24444444444444444,0.1375,11.0,1.8333333333333333
40,8,15.0,0.3333333333333333,0.1875,15.0,2.5
40,9,10.0,0.2222222222222222,0.125,10.0,1.6666666666666667
40,10,1.0,0.022222222222222223,0.0125,1.0,0.16666666666666666
40,11,6.0,0.13333333333333333,0.075,6.0,1.0
40,12,2.0,0.044444444444444446,0.025,2.0,0.3333333333333333
40,13,7.0,0.15555555555555556,0.0875,7.0,1.1666666666666667
40,14,3.0,0.06666666666666667,0.0375,3.0,0.5
40,15,5.0,0.1111111111111111,0.0625,5.0,0.8333333333333334
40,16,12.0,0.26666666666666666,0.15,12.0,2.0
40,17,9.0,0.2,0.1125,9.0,1.5
40,18,11.0,0.24444444444444444,0.1375,11.0,1.8333333333333333
40,19,2.0,0.044444444444444446,0.025,2.0,0.3333333333333333
40,20,11.0,0.24444444444444444,0.1375,11.0,1.8333333333333333
40,21,14.0,0.3111111111111111,0.175,14.0,2.3333333333333335
40,22,10.0,0.2222222222222222,0.125,10.0,1.6666666666666667
40,23,13.0,0.28888888888888886,0.1625,13.0,2.1666666666666665
40,24,9.0,0.2,0.1125,9.0,1.5
40,25,10.0,0.2222222222222222,0.125,10.0,1.6666666666666667
40,26,15.0,0.3333333333333333,0.1875,15.0,2.5
40,27,9.0,0.2,0.1125,9.0,1.5
40,28,8.0,0.17777777777777778,0.1,8.0,1.3333333333333333
40,29,11.0,0.24444444444444444,0.1375,11.0,1.8333333333333333
40,30,2.0,0.044444444444444446,0.025,2.0,0.3333333333333333
40,31,8.0,0.17777777777777778,0.1,8.0,1.3333333333333333
40,32,9.0,0.2,0.1125,9.0,1.5
40,33,11.0,0.24444444444444444,0.1375,11.0,1.8333333333333333
40,34,9.0,0.2,0.1125,9.0,1.5
40,35,8.0,0.17777777777777778,0.1,8.0,1.3333333333333333
40,36,10.0,0.2222222222222222,0.125,10.0,1.6666666666666667
40,37,9.0,0.2,0.1125,9.0,1.5
40,38,8.0,0.17777777777777778,0.1,8.0,1.3333333333333333
40,39,3.0,0.06666666666666667,0.0375,3.0,0.5
40,41,12.0,0.26666666666666666,0.15,12.0,2.0
40,42,11.0,0.24444444444444444,0.1375,11.0,1.8333333333333333
40,43,13.0,0.28888888888888886,0.1625,13.0,2.1666666666666665
40,44,9.0,0.2,0.1125,9.0,1.5
40,45,11.0,0.24444444444444444,0.1375,11.0,1.8333333333333333
40,46,13.0,0.28888888888888886,0.1625,13.0,2.1666666666666665
40,47,9.0,0.2,0.1125,9.0,1.5
40,48,13.0,0.28888888888888886,0.1625,13.0,2.1666666666666665
40,49,3.0,0.06666666666666667,0.0375,3.0,0.5
40,50,3.0,0.06666666666666667,0.0375,3.0,0.5
40,51,6.0,0.13333333333333333,0.075,6.0,1.0
41,1,21.0,0.4666666666666667,0.2625,21.0,3.5
41,2,21.0,0.4666666666666667,0.2625,21.0,3.5
41,3,19.0,0.4222222222222222,0.2375,19.0,3.1666666666666665
41,4,14.0,0.3111111111111111,0.175,14.0,2.3333333333333335
41,5,22.0,0.4888888888888889,0.275,22.0,3.6666666666666665
41,6,11.0,0.24444444444444444,0.1375,11.0,1.8333333333333333
41,7,13.0,0.28888888888888886,0.1625,13.0,2.1666666666666665
41,8,23.0,0.5111111111111111,0.2875,23.0,3.8333333333333335
41,9,22.0,0.4888888888888889,0.275,22.0,3.6666666666666665
41,10,13.0,0.28888888888888886,0.1625,13.0,2.1666666666666665
41,11,11.0,0.24444444444444444,0.1375,11.0,1.8333333333333333
41,12,14.0,0.3111111111111111,0.175,14.0,2.3333333333333335
41,13,10.0,0.2222222222222222,0.125,10.0,1.6666666666666667
41,14,12.0,0.26666666666666666,0.15,12.0,2.0
41,15,13.0,0.28888888888888886,0.1625,13.0,2.1666666666666665
41,16,20.0,0.4444444444444444,0.25,20.0,3.3333333333333335
41,17,21.0,0.4666666666666667,0.2625,21.0,3.5
41,18,23.0,0.5111111111111111,0.2875,23.0,3.8333333333333335
41,19,11.0,0.24444444444444444,0.1375,11.0,1.8333333333333333
41,20,3.0,0.06666666666666667,0.0375,3.0,0.5
41,21,22.0,0.4888888888888889,0.275,22.0,3.6666666666666665
41,22,22.0,0.4888888888888889,0.275,22.0,3.6666666666666665
41,23,1.0,0.022222222222222223,0.0125,1.0,0.16666666666666666
41,24,11.0,0.24444444444444444,0.1375,11.0,1.8333333333333333
41,25,5.0,0.1111111111111111,0.0625,5.0,0.8333333333333334
41,26,23.0,0.5111111111111111,0.2875,23.0,3.8333333333333335
41,27,21.0,0.4666666666666667,0.2625,21.0,3.5
41,28,11.0,0.24444444444444444,0.1375,11.0,1.8333333333333333
41,29,1.0,0.022222222222222223,0.0125,1.0,0.16666666666666666
41,30,12.0,0.26666666666666666,0.15,12.0,2.0
41,31,14.0,0.3111111111111111,0.175,14.0,2.3333333333333335
41,32,13.0,0.28888888888888886,0.1625,13.0,2.1666666666666665
41,33,19.0,0.4222222222222222,0.2375,19.0,3.1666666666666665
41,34,12.0,0.26666666666666666,0.15,12.0,2.0
41,35,13.0,0.28888888888888886,0.1625,13.0,2.1666666666666665
41,36,18.0,0.4,0.225,18.0,3.0
41,37,4.0,0.08888888888888889,0.05,4.0,0.6666666666666666
41,38,20.0,0.4444444444444444,0.25,20.0,3.3333333333333335
41,39,15.0,0.3333333333333333,0.1875,15.0,2.5
41,40,12.0,0.26666666666666666,0.15,12.0,2.0
41,42,19.0,0.4222222222222222,0.2375,19.0,3.1666666666666665
41,43,4.0,0.08888888888888889,0.05,4.0,0.6666666666666666
41,44,19.0,0.4222222222222222,0.2375,19.0,3.1666666666666665
41,45,6.0,0.13333333333333333,0.075,6.0,1.0
41,46,21.0,0.4666666666666667,0.2625,21.0,3.5
41,47,13.0,0.28888888888888886,0.1625,13.0,2.1666666666666665
41,48,21.0,0.4666666666666667,0.2625,21.0,3.5
41,49,11.0,0.24444444444444444,0.1375,11.0,1.8333333333333333
41,50,13.0,0.28888888888888886,0.1625,13.0,2.1666666666666665
41,51,18.0,0.4,0.225,18.0,3.0
42,1,13.0,0.28888888888888886,0.1625,13.0,2.1666666666666665
42,2,13.0,0.28888888888888886,0.1625,13.0,2.1666666666666665
42,3,11.0,0.24444444444444444,0.1375,11.0,1.8333333333333333
42,4,21.0,0.4666666666666667,0.2625,21.0,3.5
42,5,14.0,0.3111111111111111,0.175,14.0,2.3333333333333335
42,6,10.0,0.2222222222222222,0.125,10.0,1.6666666666666667
42,7,22.0,0.4888888888888889,0.275,22.0,3.6666666666666665
42,8,4.0,0.08888888888888889,0.05,4.0,0.6666666666666666
42,9,15.0,0.3333333333333333,0.1875,15.0,2.5
42,10,10.0,0.2222222222222222,0.125,10.0,1.6666666666666667
42,11,17.0,0.37777777777777777,0.2125,17.0,2.8333333333333335
42,12,11.0,0.24444444444444444,0.1375,11.0,1.8333333333333333
42,13,18.0,0.4,0.225,18.0,3.0
42,14,9.0,0.2,0.1125,9.0,1.5
42,15,7.0,0.15555555555555556,0.0875,7.0,1.1666666666666667
42,16,3.0,0.06666666666666667,0.0375,3.0,0.5
42,17,14.0,0.3111111111111111,0.175,14.0,2.3333333333333335
42,18,15.0,0.3333333333333333,0.1875,15.0,2.5
42,19,10.0,0.2222222222222222,0.125,10.0,1.6666666666666667
42,20,17.0,0.37777777777777777,0.2125,17.0,2.8333333333333335
42,21,3.0,0.06666666666666667,0.0375,3.0,0.5
42,22,14.0,0.3111111111111111,0.175,14.0,2.3333333333333335
42,23,19.0,0.4222222222222222,0.2375,19.0,3.1666666666666665
42,24,20.0,0.4444444444444444,0.25,20.0,3.3333333333333335
42,25,15.0,0.3333333333333333,0.1875,15.0,2.5
42,26,4.0,0.08888888888888889,0.05,4.0,0.6666666666666666
42,27,13.0,0.28888888888888886,0.1625,13.0,2.1666666666666665
42,28,19.0,0.4222222222222222,0.2375,19.0,3.1666666666666665
42,29,20.0,0.4444444444444444,0.25,20.0,3.3333333333333335
42,30,9.0,0.2,0.1125,9.0,1.5
42,31,19.0,0.4222222222222222,0.2375,19.0,3.1666666666666665
42,32,20.0,0.4444444444444444,0.25,20.0,3.3333333333333335
42,33,4.0,0.08888888888888889,0.05,4.0,0.6666666666666666
42,34,20.0,0.4444444444444444,0.25,20.0,3.3333333333333335
42,35,19.0,0.4222222222222222,0.2375,19.0,3.1666666666666665
42,36,1.0,0.022222222222222223,0.0125,1.0,0.16666666666666666
42,37,16.0,0.35555555555555557,0.2,16.0,2.6666666666666665
42,38,12.0,0.26666666666666666,0.15,12.0,2.0
42,39,10.0,0.2222222222222222,0.125,10.0,1.6666666666666667
42,40,11.0,0.24444444444444444,0.1375,11.0,1.8333333333333333
42,41,19.0,0.4222222222222222,0.2375,19.0,3.1666666666666665
42,43,15.0,0.3333333333333333,0.1875,15.0,2.5
42,44,12.0,0.26666666666666666,0.15,12.0,2.0
42,45,14.0,0.3111111111111111,0.175,14.0,2.3333333333333335
42,46,5.0,0.1111111111111111,0.0625,5.0,0.8333333333333334
42,47,20.0,0.4444444444444444,0.25,20.0,3.3333333333333335
42,48,2.0,0.044444444444444446,0.025,2.0,0.3333333333333333
42,49,9.0,0.2,0.1125,9.0,1.5
42,50,9.0,0.2,0.1125,9.0,1.5
42,51,14.0,0.3111111111111111,0.175,14.0,2.3333333333333335
43,1,21.0,0.4666666666666667,0.2625,21.0,3.5
43,2,21.0,0.4666666666666667,0.2625,21.0,3.5
43,3,20.0,0.4444444444444444,0.25,20.0,3.3333333333333335
43,4,14.0,0.3111111111111111,0.175,14.0,2.3333333333333335
43,5,22.0,0.4888888888888889,0.275,22.0,3.6666666666666665
43,6,12.0,0.26666666666666666,0.15,12.0,2.0
43,7,14.0,0.3111111111111111,0.175,14.0,2.3333333333333335
43,8,19.0,0.4222222222222222,0.2375,19.0,3.1666666666666665
43,9,23.0,0.5111111111111111,0.2875,23.0,3.8333333333333335
43,10,14.0,0.3111111111111111,0.175,14.0,2.3333333333333335
43,11,12.0,0.26666666666666666,0.15,12.0,2.0
43,12,15.0,0.3333333333333333,0.1875,15.0,2.5
43,13,11.0,0.24444444444444444,0.1375,11.0,1.8333333333333333
43,14,12.0,0.26666666666666666,0.15,12.0,2.0
43,15,12.0,0.26666666666666666,0.15,12.0,2.0
43,16,16.0,0.35555555555555557,0.2,16.0,2.6666666666666665
43,17,22.0,0.4888888888888889,0.275,22.0,3.6666666666666665
43,18,24.0,0.5333333333333333,0.3,24.0,4.0
43,19,11.0,0.24444444444444444,0.1375,11.0,1.8333333333333333
43,20,2.0,0.044444444444444446,0.025,2.0,0.3333333333333333
43,21,18.0,0.4,0.225,18.0,3.0
43,22,23.0,0.5111111111111111,0.2875,23.0,3.8333333333333335
43,23,4.0,0.08888888888888889,0.05,4.0,0.6666666666666666
43,24,11.0,0.24444444444444444,0.1375,11.0,1.8333333333333333
43,25,3.0,0.06666666666666667,0.0375,3.0,0.5
43,26,19.0,0.4222222222222222,0.2375,19.0,3.1666666666666665
43,27,21.0,0.4666666666666667,0.2625,21.0,3.5
43,28,12.0,0.26666666666666666,0.15,12.0,2.0
43,29,5.0,0.1111111111111111,0.0625,5.0,0.8333333333333334
43,30,13.0,0.28888888888888886,0.1625,13.0,2.1666666666666665
43,31,14.0,0.3111111111111111,0.175,14.0,2.3333333333333335
43,32,13.0,0.28888888888888886,0.1625,13.0,2.1666666666666665
43,33,15.0,0.3333333333333333,0.1875,15.0,2.5
43,34,12.0,0.26666666666666666,0.15,12.0,2.0
43,35,13.0,0.28888888888888886,0.1625,13.0,2.1666666666666665
43,36,14.0,0.3111111111111111,0.175,14.0,2.3333333333333335
43,37,4.0,0.08888888888888889,0.05,4.0,0.6666666666666666
43,38,20.0,0.4444444444444444,0.25,20.0,3.3333333333333335
43,39,15.0,0.3333333333333333,0.1875,15.0,2.5
43,40,13.0,0.28888888888888886,0.1625,13.0,2.1666666666666665
43,41,4.0,0.08888888888888889,0.05,4.0,0.6666666666666666
43,42,15.0,0.3333333333333333,0.1875,15.0,2.5
43,44,20.0,0.4444444444444444,0.25,20.0,3.3333333333333335
43,45,2.0,0.044444444444444446,0.025,2.0,0.3333333333333333
43,46,17.0,0.37777777777777777,0.2125,17.0,2.8333333333333335
43,47,14.0,0.3111111111111111,0.175,14.0,2.3333333333333335
43,48,17.0,0.37777777777777777,0.2125,17.0,2.8333333333333335
43,49,10.0,0.2222222222222222,0.125,10.0,1.6666666666666667
43,50,14.0,0.3111111111111111,0.175,14.0,2.3333333333333335
43,51,19.0,0.4222222222222222,0.2375,19.0,3.1666666666666665
44,1,4.0,0.08888888888888889,0.05,4.0,0.6666666666666666
44,2,2.0,0.044444444444444446,0.025,2.0,0.3333333333333333
44,3,2.0,0.044444444444444446,0.025,2.0,0.3333333333333333
44,4,19.0,0.4222222222222222,0.2375,19.0,3.1666666666666665
44,5,3.0,0.06666666666666667,0.0375,3.0,0.5
44,6,8.0,0.17777777777777778,0.1,8.0,1.3333333333333333
44,7,19.0,0.4222222222222222,0.2375,19.0,3.1666666666666665
44,8,12.0,0.26666666666666666,0.15,12.0,2.0
44,9,3.0,0.06666666666666667,0.0375,3.0,0.5
44,10,8.0,0.17777777777777778,0.1,8.0,1.3333333333333333
44,11,15.0,0.3333333333333333,0.1875,15.0,2.5
44,12,8.0,0.17777777777777778,0.1,8.0,1.3333333333333333
44,13,16.0,0.35555555555555557,0.2,16.0,2.6666666666666665
44,14,8.0,0.17777777777777778,0.1,8.0,1.3333333333333333
44,15,8.0,0.17777777777777778,0.1,8.0,1.3333333333333333
44,16,9.0,0.2,0.1125,9.0,1.5
44,17,2.0,0.044444444444444446,0.025,2.0,0.3333333333333333
44,18,4.0,0.08888888888888889,0.05,4.0,0.6666666666666666
44,19,9.0,0.2,0.1125,9.0,1.5
44,20,18.0,0.4,0.225,18.0,3.0
44,21,11.0,0.24444444444444444,0.1375,11.0,1.8333333333333333
44,22,3.0,0.06666666666666667,0.0375,3.0,0.5
44,23,20.0,0.4444444444444444,0.25,20.0,3.3333333333333335
44,24,17.0,0.37777777777777777,0.2125,17.0,2.8333333333333335
44,25,17.0,0.37777777777777777,0.2125,17.0,2.8333333333333335
44,26,8.0,0.17777777777777778,0.1,8.0,1.3333333333333333
44,27,2.0,0.044444444444444446,0.025,2.0,0.3333333333333333
44,28,16.0,0.35555555555555557,0.2,16.0,2.6666666666666665
44,29,18.0,0.4,0.225,18.0,3.0
44,30,7.0,0.15555555555555556,0.0875,7.0,1.1666666666666667
44,31,17.0,0.37777777777777777,0.2125,17.0,2.8333333333333335
44,32,18.0,0.4,0.225,18.0,3.0
44,33,8.0,0.17777777777777778,0.1,8.0,1.3333333333333333
44,34,17.0,0.37777777777777777,0.2125,17.0,2.8333333333333335
44,35,16.0,0.35555555555555557,0.2,16.0,2.6666666666666665
44,36,11.0,0.24444444444444444,0.1375,11.0,1.8333333333333333
44,37,16.0,0.35555555555555557,0.2,16.0,2.6666666666666665
44,38,3.0,0.06666666666666667,0.0375,3.0,0.5
44,39,8.0,0.17777777777777778,0.1,8.0,1.3333333333333333
44,40,9.0,0.2,0.1125,9.0,1.5
44,41,19.0,0.4222222222222222,0.2375,19.0,3.1666666666666665
44,42,12.0,0.26666666666666666,0.15,12.0,2.0
44,43,20.0,0.4444444444444444,0.25,20.0,3.3333333333333335
44,45,18.0,0.4,0.225,18.0,3.0
44,46,7.0,0.15555555555555556,0.0875,7.0,1.1666666666666667
44,47,17.0,0.37777777777777777,0.2125,17.0,2.8333333333333335
44,48,13.0,0.28888888888888886,0.1625,13.0,2.1666666666666665
44,49,10.0,0.2222222222222222,0.125,10.0,1.6666666666666667
44,50,7.0,0.15555555555555556,0.0875,7.0,1.1666666666666667
44,51,11.0,0.24444444444444444,0.1375,11.0,1.8333333333333333
45,1,20.0,0.4444444444444444,0.25,20.0,3.3333333333333335
45,2,20.0,0.4444444444444444,0.25,20.0,3.3333333333333335
45,3,18.0,0.4,0.225,18.0,3.0
45,4,13.0,0.28888888888888886,0.1625,13.0,2.1666666666666665
45,5,21.0,0.4666666666666667,0.2625,21.0,3.5
45,6,10.0,0.2222222222222222,0.125,10.0,1.6666666666666667
45,7,12.0,0.26666666666666666,0.15,12.0,2.0
45,8,17.0,0.37777777777777777,0.2125,17.0,2.8333333333333335
45,9,21.0,0.4666666666666667,0.2625,21.0,3.5
45,10,12.0,0.26666666666666666,0.15,12.0,2.0
45,11,10.0,0.2222222222222222,0.125,10.0,1.6666666666666667
45,12,13.0,0.28888888888888886,0.1625,13.0,2.1666666666666665
45,13,9.0,0.2,0.1125,9.0,1.5
45,14,11.0,0.24444444444444444,0.1375,11.0,1.8333333333333333
45,15,10.0,0.2222222222222222,0.125,10.0,1.6666666666666667
45,16,14.0,0.3111111111111111,0.175,14.0,2.3333333333333335
45,17,20.0,0.4444444444444444,0.25,20.0,3.3333333333333335
45,18,22.0,0.4888888888888889,0.275,22.0,3.6666666666666665
45,19,10.0,0.2222222222222222,0.125,10.0,1.6666666666666667
45,20,4.0,0.08888888888888889,0.05,4.0,0.6666666666666666
45,21,16.0,0.35555555555555557,0.2,16.0,2.6666666666666665
45,22,21.0,0.4666666666666667,0.2625,21.0,3.5
45,23,5.0,0.1111111111111111,0.0625,5.0,0.8333333333333334
45,24,10.0,0.2222222222222222,0.125,10.0,1.6666666666666667
45,25,1.0,0.022222222222222223,0.0125,1.0,0.16666666666666666
45,26,17.0,0.37777777777777777,0.2125,17.0,2.8333333333333335
45,27,20.0,0.4444444444444444,0.25,20.0,3.3333333333333335
45,28,10.0,0.2222222222222222,0.125,10.0,1.6666666666666667
45,29,7.0,0.15555555555555556,0.0875,7.0,1.1666666666666667
45,30,11.0,0.24444444444444444,0.1375,11.0,1.8333333333333333
45,31,13.0,0.28888888888888886,0.1625,13.0,2.1666666666666665
45,32,12.0,0.26666666666666666,0.15,12.0,2.0
45,33,14.0,0.3111111111111111,0.175,14.0,2.3333333333333335
45,34,11.0,0.24444444444444444,0.1375,11.0,1.8333333333333333
45,35,12.0,0.26666666666666666,0.15,12.0,2.0
45,36,13.0,0.28888888888888886,0.1625,13.0,2.1666666666666665
45,37,3.0,0.06666666666666667,0.0375,3.0,0.5
45,38,19.0,0.4222222222222222,0.2375,19.0,3.1666666666666665
45,39,14.0,0.3111111111111111,0.175,14.0,2.3333333333333335
45,40,11.0,0.24444444444444444,0.1375,11.0,1.8333333333333333
45,41,6.0,0.13333333333333333,0.075,6.0,1.0
45,42,14.0,0.3111111111111111,0.175,14.0,2.3333333333333335
45,43,2.0,0.044444444444444446,0.025,2.0,0.3333333333333333
45,44,18.0,0.4,0.225,18.0,3.0
45,46,15.0,0.3333333333333333,0.1875,15.0,2.5
45,47,12.0,0.26666666666666666,0.15,12.0,2.0
45,48,15.0,0.3333333333333333,0.1875,15.0,2.5
45,49,9.0,0.2,0.1125,9.0,1.5
45,50,12.0,0.26666666666666666,0.15,12.0,2.0
45,51,17.0,0.37777777777777777,0.2125,17.0,2.8333333333333335
46,1,8.0,0.17777777777777778,0.1,8.0,1.3333333333333333
46,2,8.0,0.17777777777777778,0.1,8.0,1.3333333333333333
46,3,6.0,0.13333333333333333,0.075,6.0,1.0
46,4,23.0,0.5111111111111111,0.2875,23.0,3.8333333333333335
46,5,9.0,0.2,0.1125,9.0,1.5
46,6,12.0,0.26666666666666666,0.15,12.0,2.0
46,7,24.0,0.5333333333333333,0.3,24.0,4.0
46,8,5.0,0.1111111111111111,0.0625,5.0,0.8333333333333334
46,9,10.0,0.2222222222222222,0.125,10.0,1.6666666666666667
46,10,12.0,0.26666666666666666,0.15,12.0,2.0
46,11,19.0,0.4222222222222222,0.2375,19.0,3.1666666666666665
46,12,13.0,0.28888888888888886,0.1625,13.0,2.1666666666666665
46,13,20.0,0.4444444444444444,0.25,20.0,3.3333333333333335
46,14,10.0,0.2222222222222222,0.125,10.0,1.6666666666666667
46,15,9.0,0.2,0.1125,9.0,1.5
46,16,3.0,0.06666666666666667,0.0375,3.0,0.5
46,17,9.0,0.2,0.1125,9.0,1.5
46,18,10.0,0.2222222222222222,0.125,10.0,1.6666666666666667
46,19,11.0,0.24444444444444444,0.1375,11.0,1.8333333333333333
46,20,19.0,0.4222222222222222,0.2375,19.0,3.1666666666666665
46,21,5.0,0.1111111111111111,0.0625,5.0,0.8333333333333334
46,22,9.0,0.2,0.1125,9.0,1.5
46,23,20.0,0.4444444444444444,0.25,20.0,3.3333333333333335
46,24,21.0,0.4666666666666667,0.2625,21.0,3.5
46,25,16.0,0.35555555555555557,0.2,16.0,2.6666666666666665
46,26,2.0,0.044444444444444446,0.025,2.0,0.3333333333333333
46,27,8.0,0.17777777777777778,0.1,8.0,1.3333333333333333
46,28,21.0,0.4666666666666667,0.2625,21.0,3.5
46,29,22.0,0.4888888888888889,0.275,22.0,3.6666666666666665
46,30,11.0,0.24444444444444444,0.1375,11.0,1.8333333333333333
46,31,21.0,0.4666666666666667,0.2625,21.0,3.5
46,32,22.0,0.4888888888888889,0.275,22.0,3.6666666666666665
46,33,2.0,0.044444444444444446,0.025,2.0,0.3333333333333333
46,34,22.0,0.4888888888888889,0.275,22.0,3.6666666666666665
46,35,21.0,0.4666666666666667,0.2625,21.0,3.5
46,36,4.0,0.08888888888888889,0.05,4.0,0.6666666666666666
46,37,18.0,0.4,0.225,18.0,3.0
46,38,7.0,0.15555555555555556,0.0875,7.0,1.1666666666666667
46,39,12.0,0.26666666666666666,0.15,12.0,2.0
46,40,13.0,0.28888888888888886,0.1625,13.0,2.1666666666666665
46,41,21.0,0.4666666666666667,0.2625,21.0,3.5
46,42,5.0,0.1111111111111111,0.0625,5.0,0.8333333333333334
46,43,17.0,0.37777777777777777,0.2125,17.0,2.8333333333333335
46,44,7.0,0.15555555555555556,0.0875,7.0,1.1666666666666667
46,45,15.0,0.3333333333333333,0.1875,15.0,2.5
46,47,21.0,0.4666666666666667,0.2625,21.0,3.5
46,48,7.0,0.15555555555555556,0.0875,7.0,1.1666666666666667
46,49,10.0,0.2222222222222222,0.125,10.0,1.6666666666666667
46,50,10.0,0.2222222222222222,0.125,10.0,1.6666666666666667
46,51,15.0,0.3333333333333333,0.1875,15.0,2.5
47,1,14.0,0.3111111111111111,0.175,14.0,2.3333333333333335
47,2,17.0,0.37777777777777777,0.2125,17.0,2.8333333333333335
47,3,15.0,0.3333333333333333,0.1875,15.0,2.5
47,4,2.0,0.044444444444444446,0.025,2.0,0.3333333333333333
47,5,15.0,0.3333333333333333,0.1875,15.0,2.5
47,6,10.0,0.2222222222222222,0.125,10.0,1.6666666666666667
47,7,3.0,0.06666666666666667,0.0375,3.0,0.5
47,8,23.0,0.5111111111111111,0.2875,23.0,3.8333333333333335
47,9,14.0,0.3111111111111111,0.175,14.0,2.3333333333333335
47,10,10.0,0.2222222222222222,0.125,10.0,1.6666666666666667
47,11,3.0,0.06666666666666667,0.0375,3.0,0.5
47,12,9.0,0.2,0.1125,9.0,1.5
47,13,4.0,0.08888888888888889,0.05,4.0,0.6666666666666666
47,14,11.0,0.24444444444444444,0.1375,11.0,1.8333333333333333
47,15,13.0,0.28888888888888886,0.1625,13.0,2.1666666666666665
47,16,20.0,0.4444444444444444,0.25,20.0,3.3333333333333335
47,17,16.0,0.35555555555555557,0.2,16.0,2.6666666666666665
47,18,15.0,0.3333333333333333,0.1875,15.0,2.5
47,19,10.0,0.2222222222222222,0.125,10.0,1.6666666666666667
47,20,12.0,0.26666666666666666,0.15,12.0,2.0
47,21,22.0,0.4888888888888889,0.275,22.0,3.6666666666666665
47,22,16.0,0.35555555555555557,0.2,16.0,2.6666666666666665
47,23,14.0,0.3111111111111111,0.175,14.0,2.3333333333333335
47,24,3.0,0.06666666666666667,0.0375,3.0,0.5
47,25,11.0,0.24444444444444444,0.1375,11.0,1.8333333333333333
47,26,23.0,0.5111111111111111,0.2875,23.0,3.8333333333333335
47,27,16.0,0.35555555555555557,0.2,16.0,2.6666666666666665
47,28,2.0,0.044444444444444446,0.025,2.0,0.3333333333333333
47,29,12.0,0.26666666666666666,0.15,12.0,2.0
47,30,11.0,0.24444444444444444,0.1375,11.0,1.8333333333333333
47,31,1.0,0.022222222222222223,0.0125,1.0,0.16666666666666666
47,32,1.0,0.022222222222222223,0.0125,1.0,0.16666666666666666
47,33,20.0,0.4444444444444444,0.25,20.0,3.3333333333333335
47,34,2.0,0.044444444444444446,0.025,2.0,0.3333333333333333
47,35,1.0,0.022222222222222223,0.0125,1.0,0.16666666666666666
47,36,19.0,0.4222222222222222,0.2375,19.0,3.1666666666666665
47,37,10.0,0.2222222222222222,0.125,10.0,1.6666666666666667
47,38,15.0,0.3333333333333333,0.1875,15.0,2.5
47,39,10.0,0.2222222222222222,0.125,10.0,1.6666666666666667
47,40,9.0,0.2,0.1125,9.0,1.5
47,41,13.0,0.28888888888888886,0.1625,13.0,2.1666666666666665
47,42,20.0,0.4444444444444444,0.25,20.0,3.3333333333333335
47,43,14.0,0.3111111111111111,0.175,14.0,2.3333333333333335
47,44,17.0,0.37777777777777777,0.2125,17.0,2.8333333333333335
47,45,12.0,0.26666666666666666,0.15,12.0,2.0
47,46,21.0,0.4666666666666667,0.2625,21.0,3.5
47,48,21.0,0.4666666666666667,0.2625,21.0,3.5
47,49,11.0,0.24444444444444444,0.1375,11.0,1.8333333333333333
47,50,11.0,0.24444444444444444,0.1375,11.0,1.8333333333333333
47,51,6.0,0.13333333333333333,0.075,6.0,1.0
48,1,15.0,0.3333333333333333,0.1875,15.0,2.5
48,2,15.0,0.3333333333333333,0.1875,15.0,2.5
48,3,13.0,0.28888888888888886,0.1625,13.0,2.1666666666666665
48,4,23.0,0.5111111111111111,0.2875,23.0,3.8333333333333335
48,5,16.0,0.35555555555555557,0.2,16.0,2.6666666666666665
48,6,12.0,0.26666666666666666,0.15,12.0,2.0
48,7,24.0,0.5333333333333333,0.3,24.0,4.0
48,8,2.0,0.044444444444444446,0.025,2.0,0.3333333333333333
48,9,16.0,0.35555555555555557,0.2,16.0,2.6666666666666665
48,10,12.0,0.26666666666666666,0.15,12.0,2.0
48,11,19.0,0.4222222222222222,0.2375,19.0,3.1666666666666665
48,12,13.0,0.28888888888888886,0.1625,13.0,2.1666666666666665
48,13,20.0,0.4444444444444444,0.25,20.0,3.3333333333333335
48,14,10.0,0.2222222222222222,0.125,10.0,1.6666666666666667
48,15,9.0,0.2,0.1125,9.0,1.5
48,16,5.0,0.1111111111111111,0.0625,5.0,0.8333333333333334
48,17,15.0,0.3333333333333333,0.1875,15.0,2.5
48,18,17.0,0.37777777777777777,0.2125,17.0,2.8333333333333335
48,19,11.0,0.24444444444444444,0.1375,11.0,1.8333333333333333
48,20,19.0,0.4222222222222222,0.2375,19.0,3.1666666666666665
48,21,3.0,0.06666666666666667,0.0375,3.0,0.5
48,22,16.0,0.35555555555555557,0.2,16.0,2.6666666666666665
48,23,20.0,0.4444444444444444,0.25,20.0,3.3333333333333335
48,24,21.0,0.4666666666666667,0.2625,21.0,3.5
48,25,16.0,0.35555555555555557,0.2,16.0,2.6666666666666665
48,26,5.0,0.1111111111111111,0.0625,5.0,0.8333333333333334
48,27,15.0,0.3333333333333333,0.1875,15.0,2.5
48,28,21.0,0.4666666666666667,0.2625,21.0,3.5
48,29,22.0,0.4888888888888889,0.275,22.0,3.6666666666666665
48,30,11.0,0.24444444444444444,0.1375,11.0,1.8333333333333333
48,31,21.0,0.4666666666666667,0.2625,21.0,3.5
48,32,22.0,0.4888888888888889,0.275,22.0,3.6666666666666665
48,33,5.0,0.1111111111111111,0.0625,5.0,0.8333333333333334
48,34,22.0,0.4888888888888889,0.275,22.0,3.6666666666666665
48,35,21.0,0.4666666666666667,0.2625,21.0,3.5
48,36,3.0,0.06666666666666667,0.0375,3.0,0.5
48,37,18.0,0.4,0.225,18.0,3.0
48,38,14.0,0.3111111111111111,0.175,14.0,2.3333333333333335
48,39,12.0,0.26666666666666666,0.15,12.0,2.0
48,40,13.0,0.28888888888888886,0.1625,13.0,2.1666666666666665
48,41,21.0,0.4666666666666667,0.2625,21.0,3.5
48,42,2.0,0.044444444444444446,0.025,2.0,0.3333333333333333
48,43,17.0,0.37777777777777777,0.2125,17.0,2.8333333333333335
48,44,13.0,0.28888888888888886,0.1625,13.0,2.1666666666666665
48,45,15.0,0.3333333333333333,0.1875,15.0,2.5
48,46,7.0,0.15555555555555556,0.0875,7.0,1.1666666666666667
48,47,21.0,0.4666666666666667,0.2625,21.0,3.5
48,49,10.0,0.2222222222222222,0.125,10.0,1.6666666666666667
48,50,10.0,0.2222222222222222,0.125,10.0,1.6666666666666667
48,51,15.0,0.3333333333333333,0.1875,15.0,2.5
49,1,11.0,0.24444444444444444,0.1375,11.0,1.8333333333333333
49,2,11.0,0.24444444444444444,0.1375,11.0,1.8333333333333333
49,3,10.0,0.2222222222222222,0.125,10.0,1.6666666666666667
49,4,13.0,0.28888888888888886,0.1625,13.0,2.1666666666666665
49,5,12.0,0.26666666666666666,0.15,12.0,2.0
49,6,2.0,0.044444444444444446,0.025,2.0,0.3333333333333333
49,7,14.0,0.3111111111111111,0.175,14.0,2.3333333333333335
49,8,12.0,0.26666666666666666,0.15,12.0,2.0
49,9,13.0,0.28888888888888886,0.1625,13.0,2.1666666666666665
49,10,4.0,0.08888888888888889,0.05,4.0,0.6666666666666666
49,11,9.0,0.2,0.1125,9.0,1.5
49,12,5.0,0.1111111111111111,0.0625,5.0,0.8333333333333334
49,13,10.0,0.2222222222222222,0.125,10.0,1.6666666666666667
49,14,2.0,0.044444444444444446,0.025,2.0,0.3333333333333333
49,15,2.0,0.044444444444444446,0.025,2.0,0.3333333333333333
49,16,9.0,0.2,0.1125,9.0,1.5
49,17,12.0,0.26666666666666666,0.15,12.0,2.0
49,18,14.0,0.3111111111111111,0.175,14.0,2.3333333333333335
49,19,1.0,0.022222222222222223,0.0125,1.0,0.16666666666666666
49,20,9.0,0.2,0.1125,9.0,1.5
49,21,11.0,0.24444444444444444,0.1375,11.0,1.8333333333333333
49,22,13.0,0.28888888888888886,0.1625,13.0,2.1666666666666665
49,23,10.0,0.2222222222222222,0.125,10.0,1.6666666666666667
49,24,11.0,0.24444444444444444,0.1375,11.0,1.8333333333333333
49,25,8.0,0.17777777777777778,0.1,8.0,1.3333333333333333
49,26,12.0,0.26666666666666666,0.15,12.0,2.0
49,27,11.0,0.24444444444444444,0.1375,11.0,1.8333333333333333
49,28,11.0,0.24444444444444444,0.1375,11.0,1.8333333333333333
49,29,12.0,0.26666666666666666,0.15,12.0,2.0
49,30,3.0,0.06666666666666667,0.0375,3.0,0.5
49,31,11.0,0.24444444444444444,0.1375,11.0,1.8333333333333333
49,32,12.0,0.26666666666666666,0.15,12.0,2.0
49,33,9.0,0.2,0.1125,9.0,1.5
49,34,12.0,0.26666666666666666,0.15,12.0,2.0
49,35,11.0,0.24444444444444444,0.1375,11.0,1.8333333333333333
49,36,8.0,0.17777777777777778,0.1,8.0,1.3333333333333333
49,37,8.0,0.17777777777777778,0.1,8.0,1.3333333333333333
49,38,10.0,0.2222222222222222,0.125,10.0,1.6666666666666667
49,39,5.0,0.1111111111111111,0.0625,5.0,0.8333333333333334
49,40,3.0,0.06666666666666667,0.0375,3.0,0.5
49,41,11.0,0.24444444444444444,0.1375,11.0,1.8333333333333333
49,42,9.0,0.2,0.1125,9.0,1.5
49,43,10.0,0.2222222222222222,0.125,10.0,1.6666666666666667
49,44,10.0,0.2222222222222222,0.125,10.0,1.6666666666666667
49,45,9.0,0.2,0.1125,9.0,1.5
49,46,10.0,0.2222222222222222,0.125,10.0,1.6666666666666667
49,47,11.0,0.24444444444444444,0.1375,11.0,1.8333333333333333
49,48,10.0,0.2222222222222222,0.125,10.0,1.6666666666666667
49,50,4.0,0.08888888888888889,0.05,4.0,0.6666666666666666
49,51,9.0,0.2,0.1125,9.0,1.5
50,1,8.0,0.17777777777777778,0.1,8.0,1.3333333333333333
50,2,8.0,0.17777777777777778,0.1,8.0,1.3333333333333333
50,3,6.0,0.13333333333333333,0.075,6.0,1.0
50,4,13.0,0.28888888888888886,0.1625,13.0,2.1666666666666665
50,5,9.0,0.2,0.1125,9.0,1.5
50,6,2.0,0.044444444444444446,0.025,2.0,0.3333333333333333
50,7,14.0,0.3111111111111111,0.175,14.0,2.3333333333333335
50,8,12.0,0.26666666666666666,0.15,12.0,2.0
50,9,10.0,0.2222222222222222,0.125,10.0,1.6666666666666667
50,10,2.0,0.044444444444444446,0.025,2.0,0.3333333333333333
50,11,9.0,0.2,0.1125,9.0,1.5
50,12,3.0,0.06666666666666667,0.0375,3.0,0.5
50,13,10.0,0.2222222222222222,0.125,10.0,1.6666666666666667
50,14,2.0,0.044444444444444446,0.025,2.0,0.3333333333333333
50,15,2.0,0.044444444444444446,0.025,2.0,0.3333333333333333
50,16,9.0,0.2,0.1125,9.0,1.5
50,17,9.0,0.2,0.1125,9.0,1.5
50,18,10.0,0.2222222222222222,0.125,10.0,1.6666666666666667
50,19,3.0,0.06666666666666667,0.0375,3.0,0.5
50,20,12.0,0.26666666666666666,0.15,12.0,2.0
50,21,11.0,0.24444444444444444,0.1375,11.0,1.8333333333333333
50,22,9.0,0.2,0.1125,9.0,1.5
50,23,14.0,0.3111111111111111,0.175,14.0,2.3333333333333335
50,24,11.0,0.24444444444444444,0.1375,11.0,1.8333333333333333
50,25,11.0,0.24444444444444444,0.1375,11.0,1.8333333333333333
50,26,12.0,0.26666666666666666,0.15,12.0,2.0
50,27,8.0,0.17777777777777778,0.1,8.0,1.3333333333333333
50,28,11.0,0.24444444444444444,0.1375,11.0,1.8333333333333333
50,29,12.0,0.26666666666666666,0.15,12.0,2.0
50,30,1.0,0.022222222222222223,0.0125,1.0,0.16666666666666666
50,31,11.0,0.24444444444444444,0.1375,11.0,1.8333333333333333
50,32,12.0,0.26666666666666666,0.15,12.0,2.0
50,33,9.0,0.2,0.1125,9.0,1.5
50,34,12.0,0.26666666666666666,0.15,12.0,2.0
50,35,11.0,0.24444444444444444,0.1375,11.0,1.8333333333333333
50,36,8.0,0.17777777777777778,0.1,8.0,1.3333333333333333
50,37,10.0,0.2222222222222222,0.125,10.0,1.6666666666666667
50,38,7.0,0.15555555555555556,0.0875,7.0,1.1666666666666667
50,39,2.0,0.044444444444444446,0.025,2.0,0.3333333333333333
50,40,3.0,0.06666666666666667,0.0375,3.0,0.5
50,41,13.0,0.28888888888888886,0.1625,13.0,2.1666666666666665
50,42,9.0,0.2,0.1125,9.0,1.5
50,43,14.0,0.3111111111111111,0.175,14.0,2.3333333333333335
50,44,7.0,0.15555555555555556,0.0875,7.0,1.1666666666666667
50,45,12.0,0.26666666666666666,0.15,12.0,2.0
50,46,10.0,0.2222222222222222,0.125,10.0,1.6666666666666667
50,47,11.0,0.24444444444444444,0.1375,11.0,1.8333333333333333
50,48,10.0,0.2222222222222222,0.125,10.0,1.6666666666666667
50,49,4.0,0.08888888888888889,0.05,4.0,0.6666666666666666
50,51,5.0,0.1111111111111111,0.0625,5.0,0.8333333333333334
