i,j,distance,truck_time,drone_time,robot_distance,robot_time
0,1,4.0,0.08888888888888889,0.05,4.0,0.6666666666666666
0,2,13.0,0.28888888888888886,0.1625,13.0,2.1666666666666665
0,3,20.0,0.4444444444444444,0.25,20.0,3.3333333333333335
0,4,12.0,0.26666666666666666,0.15,12.0,2.0
0,5,14.0,0.3111111111111111,0.175,14.0,2.3333333333333335
0,6,11.0,0.24444444444444444,0.1375,11.0,1.8333333333333333
0,7,12.0,0.26666666666666666,0.15,12.0,2.0
0,8,15.0,0.3333333333333333,0.1875,15.0,2.5
0,9,16.0,0.35555555555555557,0.2,16.0,2.6666666666666665
0,10,5.0,0.1111111111111111,0.0625,5.0,0.8333333333333334
0,11,9.0,0.2,0.1125,9.0,1.5
0,12,22.0,0.4888888888888889,0.275,22.0,3.6666666666666665
0,13,8.0,0.17777777777777778,0.1,8.0,1.3333333333333333
0,14,20.0,0.4444444444444444,0.25,20.0,3.3333333333333335
0,15,12.0,0.26666666666666666,0.15,12.0,2.0
0,16,5.0,0.1111111111111111,0.0625,5.0,0.8333333333333334
0,17,1.0,0.022222222222222223,0.0125,1.0,0.16666666666666666
0,18,9.0,0.2,0.1125,9.0,1.5
0,19,7.0,0.15555555555555556,0.0875,7.0,1.1666666666666667
0,20,14.0,0.3111111111111111,0.175,14.0,2.3333333333333335
0,21,22.0,0.4888888888888889,0.275,22.0,3.6666666666666665
0,22,10.0,0.2222222222222222,0.125,10.0,1.6666666666666667
0,23,10.0,0.2222222222222222,0.125,10.0,1.6666666666666667
0,24,7.0,0.15555555555555556,0.0875,7.0,1.1666666666666667
0,25,22.0,0.4888888888888889,0.275,22.0,3.6666666666666665
0,26,4.0,0.08888888888888889,0.05,4.0,0.6666666666666666
0,27,19.0,0.4222222222222222,0.2375,19.0,3.1666666666666665
0,28,27.0,0.6,0.3375,27.0,4.5
0,29,16.0,0.35555555555555557,0.2,16.0,2.6666666666666665
0,30,10.0,0.2222222222222222,0.125,10.0,1.6666666666666667
0,31,5.0,0.1111111111111111,0.0625,5.0,0.8333333333333334
0,32,17.0,0.37777777777777777,0.2125,17.0,2.8333333333333335
0,33,7.0,0.15555555555555556,0.0875,7.0,1.1666666666666667
0,34,9.0,0.2,0.1125,9.0,1.5
0,35,19.0,0.4222222222222222,0.2375,19.0,3.1666666666666665
0,36,15.0,0.3333333333333333,0.1875,15.0,2.5
0,37,19.0,0.4222222222222222,0.2375,19.0,3.1666666666666665
0,38,18.0,0.4,0.225,18.0,3.0
0,39,4.0,0.08888888888888889,0.05,4.0,0.6666666666666666
0,40,13.0,0.28888888888888886,0.1625,13.0,2.1666666666666665
0,41,13.0,0.28888888888888886,0.1625,13.0,2.1666666666666665
0,42,15.0,0.3333333333333333,0.1875,15.0,2.5
0,43,15.0,0.3333333333333333,0.1875,15.0,2.5
0,44,7.0,0.15555555555555556,0.0875,7.0,1.1666666666666667
0,45,13.0,0.28888888888888886,0.1625,13.0,2.1666666666666665
0,46,12.0,0.26666666666666666,0.15,12.0,2.0
0,47,12.0,0.26666666666666666,0.15,12.0,2.0
0,48,20.0,0.4444444444444444,0.25,20.0,3.3333333333333335
0,49,18.0,0.4,0.225,18.0,3.0
0,50,9.0,0.2,0.1125,9.0,1.5
0,51,0.0,0.0,0.0,0.0,0.0
1,2,14.0,0.3111111111111111,0.175,14.0,2.3333333333333335
1,3,17.0,0.37777777777777777,0.2125,17.0,2.8333333333333335
1,4,13.0,0.28888888888888886,0.1625,13.0,2.1666666666666665
1,5,10.0,0.2222222222222222,0.125,10.0,1.6666666666666667
1,6,8.0,0.17777777777777778,0.1,8.0,1.3333333333333333
1,7,13.0,0.28888888888888886,0.1625,13.0,2.1666666666666665
1,8,17.0,0.37777777777777777,0.2125,17.0,2.8333333333333335
1,9,20.0,0.4444444444444444,0.25,20.0,3.3333333333333335
1,10,6.0,0.13333333333333333,0.075,6.0,1.0
1,11,7.0,0.15555555555555556,0.0875,7.0,1.1666666666666667
1,12,23.0,0.5111111111111111,0.2875,23.0,3.8333333333333335
1,13,12.0,0.26666666666666666,0.15,12.0,2.0
1,14,22.0,0.4888888888888889,0.275,22.0,3.6666666666666665
1,15,15.0,0.3333333333333333,0.1875,15.0,2.5
1,16,4.0,0.08888888888888889,0.05,4.0,0.6666666666666666
1,17,3.0,0.06666666666666667,0.0375,3.0,0.5
1,18,7.0,0.15555555555555556,0.0875,7.0,1.1666666666666667
1,19,10.0,0.2222222222222222,0.125,10.0,1.6666666666666667
1,20,16.0,0.35555555555555557,0.2,16.0,2.6666666666666665
1,21,23.0,0.5111111111111111,0.2875,23.0,3.8333333333333335
1,22,9.0,0.2,0.1125,9.0,1.5
1,23,13.0,0.28888888888888886,0.1625,13.0,2.1666666666666665
1,24,7.0,0.15555555555555556,0.0875,7.0,1.1666666666666667
1,25,23.0,0.5111111111111111,0.2875,23.0,3.8333333333333335
1,26,7.0,0.15555555555555556,0.0875,7.0,1.1666666666666667
1,27,20.0,0.4444444444444444,0.25,20.0,3.3333333333333335
1,28,28.0,0.6222222222222222,0.35,28.0,4.666666666666667
1,29,17.0,0.37777777777777777,0.2125,17.0,2.8333333333333335
1,30,12.0,0.26666666666666666,0.15,12.0,2.0
1,31,7.0,0.15555555555555556,0.0875,7.0,1.1666666666666667
1,32,18.0,0.4,0.225,18.0,3.0
1,33,4.0,0.08888888888888889,0.05,4.0,0.6666666666666666
1,34,5.0,0.1111111111111111,0.0625,5.0,0.8333333333333334
1,35,15.0,0.3333333333333333,0.1875,15.0,2.5
1,36,13.0,0.28888888888888886,0.1625,13.0,2.1666666666666665
1,37,20.0,0.4444444444444444,0.25,20.0,3.3333333333333335
1,38,20.0,0.4444444444444444,0.25,20.0,3.3333333333333335
1,39,7.0,0.15555555555555556,0.0875,7.0,1.1666666666666667
1,40,12.0,0.26666666666666666,0.15,12.0,2.0
1,41,14.0,0.3111111111111111,0.175,14.0,2.3333333333333335
1,42,15.0,0.3333333333333333,0.1875,15.0,2.5
1,43,12.0,0.26666666666666666,0.15,12.0,2.0
1,44,10.0,0.2222222222222222,0.125,10.0,1.6666666666666667
1,45,16.0,0.35555555555555557,0.2,16.0,2.6666666666666665
1,46,10.0,0.2222222222222222,0.125,10.0,1.6666666666666667
1,47,15.0,0.3333333333333333,0.1875,15.0,2.5
1,48,16.0,0.35555555555555557,0.2,16.0,2.6666666666666665
1,49,21.0,0.4666666666666667,0.2625,21.0,3.5
1,50,10.0,0.2222222222222222,0.125,10.0,1.6666666666666667
1,51,4.0,0.08888888888888889,0.05,4.0,0.6666666666666666
2,1,14.0,0.3111111111111111,0.175,14.0,2.3333333333333335
2,3,11.0,0.24444444444444444,0.1375,11.0,1.8333333333333333
2,4,8.0,0.17777777777777778,0.1,8.0,1.3333333333333333
2,5,16.0,0.35555555555555557,0.2,16.0,2.6666666666666665
2,6,18.0,0.4,0.225,18.0,3.0
2,7,5.0,0.1111111111111111,0.0625,5.0,0.8333333333333334
2,8,11.0,0.24444444444444444,0.1375,11.0,1.8333333333333333
2,9,26.0,0.5777777777777777,0.325,26.0,4.333333333333333
2,10,9.0,0.2,0.1125,9.0,1.5
2,11,21.0,0.4666666666666667,0.2625,21.0,3.5
2,12,9.0,0.2,0.1125,9.0,1.5
2,13,18.0,0.4,0.225,18.0,3.0
2,14,10.0,0.2222222222222222,0.125,10.0,1.6666666666666667
2,15,21.0,0.4666666666666667,0.2625,21.0,3.5
2,16,18.0,0.4,0.225,18.0,3.0
2,17,13.0,0.28888888888888886,0.1625,13.0,2.1666666666666665
2,18,8.0,0.17777777777777778,0.1,8.0,1.3333333333333333
2,19,16.0,0.35555555555555557,0.2,16.0,2.6666666666666665
2,20,22.0,0.4888888888888889,0.275,22.0,3.6666666666666665
2,21,9.0,0.2,0.1125,9.0,1.5
2,22,23.0,0.5111111111111111,0.2875,23.0,3.8333333333333335
2,23,19.0,0.4222222222222222,0.2375,19.0,3.1666666666666665
2,24,20.0,0.4444444444444444,0.25,20.0,3.3333333333333335
2,25,9.0,0.2,0.1125,9.0,1.5
2,26,13.0,0.28888888888888886,0.1625,13.0,2.1666666666666665
2,27,15.0,0.3333333333333333,0.1875,15.0,2.5
2,28,14.0,0.3111111111111111,0.175,14.0,2.3333333333333335
2,29,17.0,0.37777777777777777,0.2125,17.0,2.8333333333333335
2,30,13.0,0.28888888888888886,0.1625,13.0,2.1666666666666665
2,31,8.0,0.17777777777777778,0.1,8.0,1.3333333333333333
2,32,6.0,0.13333333333333333,0.075,6.0,1.0
2,33,16.0,0.35555555555555557,0.2,16.0,2.6666666666666665
2,34,11.0,0.24444444444444444,0.1375,11.0,1.8333333333333333
2,35,11.0,0.24444444444444444,0.1375,11.0,1.8333333333333333
2,36,6.0,0.13333333333333333,0.075,6.0,1.0
2,37,6.0,0.13333333333333333,0.075,6.0,1.0
2,38,6.0,0.13333333333333333,0.075,6.0,1.0
2,39,16.0,0.35555555555555557,0.2,16.0,2.6666666666666665
2,40,26.0,0.5777777777777777,0.325,26.0,4.333333333333333
2,41,17.0,0.37777777777777777,0.2125,17.0,2.8333333333333335
2,42,6.0,0.13333333333333333,0.075,6.0,1.0
2,43,8.0,0.17777777777777778,0.1,8.0,1.3333333333333333
2,44,16.0,0.35555555555555557,0.2,16.0,2.6666666666666665
2,45,22.0,0.4888888888888889,0.275,22.0,3.6666666666666665
2,46,5.0,0.1111111111111111,0.0625,5.0,0.8333333333333334
2,47,21.0,0.4666666666666667,0.2625,21.0,3.5
2,48,10.0,0.2222222222222222,0.125,10.0,1.6666666666666667
2,49,27.0,0.6,0.3375,27.0,4.5
2,50,5.0,0.1111111111111111,0.0625,5.0,0.8333333333333334
2,51,13.0,0.28888888888888886,0.1625,13.0,2.1666666666666665
3,1,17.0,0.37777777777777777,0.2125,17.0,2.8333333333333335
3,2,11.0,0.24444444444444444,0.1375,11.0,1.8333333333333333
3,4,19.0,0.4222222222222222,0.2375,19.0,3.1666666666666665
3,5,14.0,0.3111111111111111,0.175,14.0,2.3333333333333335
3,6,16.0,0.35555555555555557,0.2,16.0,2.6666666666666665
3,7,15.0,0.3333333333333333,0.1875,15.0,2.5
3,8,22.0,0.4888888888888889,0.275,22.0,3.6666666666666665
3,9,36.0,0.8,0.45,36.0,6.0
3,10,16.0,0.35555555555555557,0.2,16.0,2.6666666666666665
3,11,19.0,0.4222222222222222,0.2375,19.0,3.1666666666666665
3,12,12.0,0.26666666666666666,0.15,12.0,2.0
3,13,28.0,0.6222222222222222,0.35,28.0,4.666666666666667
3,14,20.0,0.4444444444444444,0.25,20.0,3.3333333333333335
3,15,32.0,0.7111111111111111,0.4,32.0,5.333333333333333
3,16,17.0,0.37777777777777777,0.2125,17.0,2.8333333333333335
3,17,20.0,0.4444444444444444,0.25,20.0,3.3333333333333335
3,18,12.0,0.26666666666666666,0.15,12.0,2.0
3,19,27.0,0.6,0.3375,27.0,4.5
3,20,32.0,0.7111111111111111,0.4,32.0,5.333333333333333
3,21,15.0,0.3333333333333333,0.1875,15.0,2.5
3,22,20.0,0.4444444444444444,0.25,20.0,3.3333333333333335
3,23,30.0,0.6666666666666666,0.375,30.0,5.0
3,24,24.0,0.5333333333333333,0.3,24.0,4.0
3,25,18.0,0.4,0.225,18.0,3.0
3,26,24.0,0.5333333333333333,0.3,24.0,4.0
3,27,25.0,0.5555555555555556,0.3125,25.0,4.166666666666667
3,28,17.0,0.37777777777777777,0.2125,17.0,2.8333333333333335
3,29,28.0,0.6222222222222222,0.35,28.0,4.666666666666667
3,30,24.0,0.5333333333333333,0.3,24.0,4.0
3,31,19.0,0.4222222222222222,0.2375,19.0,3.1666666666666665
3,32,17.0,0.37777777777777777,0.2125,17.0,2.8333333333333335
3,33,14.0,0.3111111111111111,0.175,14.0,2.3333333333333335
3,34,12.0,0.26666666666666666,0.15,12.0,2.0
3,35,9.0,0.2,0.1125,9.0,1.5
3,36,5.0,0.1111111111111111,0.0625,5.0,0.8333333333333334
3,37,9.0,0.2,0.1125,9.0,1.5
3,38,13.0,0.28888888888888886,0.1625,13.0,2.1666666666666665
3,39,24.0,0.5333333333333333,0.3,24.0,4.0
3,40,23.0,0.5111111111111111,0.2875,23.0,3.8333333333333335
3,41,28.0,0.6222222222222222,0.35,28.0,4.666666666666667
3,42,5.0,0.1111111111111111,0.0625,5.0,0.8333333333333334
3,43,5.0,0.1111111111111111,0.0625,5.0,0.8333333333333334
3,44,27.0,0.6,0.3375,27.0,4.5
3,45,33.0,0.7333333333333333,0.4125,33.0,5.5
3,46,9.0,0.2,0.1125,9.0,1.5
3,47,32.0,0.7111111111111111,0.4,32.0,5.333333333333333
3,48,4.0,0.08888888888888889,0.05,4.0,0.6666666666666666
3,49,38.0,0.8444444444444444,0.475,38.0,6.333333333333333
3,50,12.0,0.26666666666666666,0.15,12.0,2.0
3,51,20.0,0.4444444444444444,0.25,20.0,3.3333333333333335
4,1,13.0,0.28888888888888886,0.1625,13.0,2.1666666666666665
4,2,8.0,0.17777777777777778,0.1,8.0,1.3333333333333333
4,3,19.0,0.4222222222222222,0.2375,19.0,3.1666666666666665
4,5,15.0,0.3333333333333333,0.1875,15.0,2.5
4,6,17.0,0.37777777777777777,0.2125,17.0,2.8333333333333335
4,7,4.0,0.08888888888888889,0.05,4.0,0.6666666666666666
4,8,4.0,0.08888888888888889,0.05,4.0,0.6666666666666666
4,9,18.0,0.4,0.225,18.0,3.0
4,10,8.0,0.17777777777777778,0.1,8.0,1.3333333333333333
4,11,20.0,0.4444444444444444,0.25,20.0,3.3333333333333335
4,12,10.0,0.2222222222222222,0.125,10.0,1.6666666666666667
4,13,17.0,0.37777777777777777,0.2125,17.0,2.8333333333333335
4,14,9.0,0.2,0.1125,9.0,1.5
4,15,14.0,0.3111111111111111,0.175,14.0,2.3333333333333335
4,16,17.0,0.37777777777777777,0.2125,17.0,2.8333333333333335
4,17,12.0,0.26666666666666666,0.15,12.0,2.0
4,18,7.0,0.15555555555555556,0.0875,7.0,1.1666666666666667
4,19,9.0,0.2,0.1125,9.0,1.5
4,20,14.0,0.3111111111111111,0.175,14.0,2.3333333333333335
4,21,10.0,0.2222222222222222,0.125,10.0,1.6666666666666667
4,22,22.0,0.4888888888888889,0.275,22.0,3.6666666666666665
4,23,12.0,0.26666666666666666,0.15,12.0,2.0
4,24,19.0,0.4222222222222222,0.2375,19.0,3.1666666666666665
4,25,10.0,0.2222222222222222,0.125,10.0,1.6666666666666667
4,26,10.0,0.2222222222222222,0.125,10.0,1.6666666666666667
4,27,7.0,0.15555555555555556,0.0875,7.0,1.1666666666666667
4,28,15.0,0.3333333333333333,0.1875,15.0,2.5
4,29,9.0,0.2,0.1125,9.0,1.5
4,30,5.0,0.1111111111111111,0.0625,5.0,0.8333333333333334
4,31,7.0,0.15555555555555556,0.0875,7.0,1.1666666666666667
4,32,5.0,0.1111111111111111,0.0625,5.0,0.8333333333333334
4,33,15.0,0.3333333333333333,0.1875,15.0,2.5
4,34,10.0,0.2222222222222222,0.125,10.0,1.6666666666666667
4,35,17.0,0.37777777777777777,0.2125,17.0,2.8333333333333335
4,36,14.0,0.3111111111111111,0.175,14.0,2.3333333333333335
4,37,10.0,0.2222222222222222,0.125,10.0,1.6666666666666667
4,38,7.0,0.15555555555555556,0.0875,7.0,1.1666666666666667
4,39,15.0,0.3333333333333333,0.1875,15.0,2.5
4,40,25.0,0.5555555555555556,0.3125,25.0,4.166666666666667
4,41,10.0,0.2222222222222222,0.125,10.0,1.6666666666666667
4,42,14.0,0.3111111111111111,0.175,14.0,2.3333333333333335
4,43,14.0,0.3111111111111111,0.175,14.0,2.3333333333333335
4,44,12.0,0.26666666666666666,0.15,12.0,2.0
4,45,15.0,0.3333333333333333,0.1875,15.0,2.5
4,46,10.0,0.2222222222222222,0.125,10.0,1.6666666666666667
4,47,14.0,0.3111111111111111,0.175,14.0,2.3333333333333335
4,48,18.0,0.4,0.225,18.0,3.0
4,49,19.0,0.4222222222222222,0.2375,19.0,3.1666666666666665
4,50,7.0,0.15555555555555556,0.0875,7.0,1.1666666666666667
4,51,12.0,0.26666666666666666,0.15,12.0,2.0
5,1,10.0,0.2222222222222222,0.125,10.0,1.6666666666666667
5,2,16.0,0.35555555555555557,0.2,16.0,2.6666666666666665
5,3,14.0,0.3111111111111111,0.175,14.0,2.3333333333333335
5,4,15.0,0.3333333333333333,0.1875,15.0,2.5
5,6,3.0,0.06666666666666667,0.0375,3.0,0.5
5,7,15.0,0.3333333333333333,0.1875,15.0,2.5
5,8,19.0,0.4222222222222222,0.2375,19.0,3.1666666666666665
5,9,30.0,0.6666666666666666,0.375,30.0,5.0
5,10,9.0,0.2,0.1125,9.0,1.5
5,11,12.0,0.26666666666666666,0.15,12.0,2.0
5,12,25.0,0.5555555555555556,0.3125,25.0,4.166666666666667
5,13,22.0,0.4888888888888889,0.275,22.0,3.6666666666666665
5,14,24.0,0.5333333333333333,0.3,24.0,4.0
5,15,25.0,0.5555555555555556,0.3125,25.0,4.166666666666667
5,16,10.0,0.2222222222222222,0.125,10.0,1.6666666666666667
5,17,13.0,0.28888888888888886,0.1625,13.0,2.1666666666666665
5,18,9.0,0.2,0.1125,9.0,1.5
5,19,20.0,0.4444444444444444,0.25,20.0,3.3333333333333335
5,20,26.0,0.5777777777777777,0.325,26.0,4.333333333333333
5,21,25.0,0.5555555555555556,0.3125,25.0,4.166666666666667
5,22,7.0,0.15555555555555556,0.0875,7.0,1.1666666666666667
5,23,23.0,0.5111111111111111,0.2875,23.0,3.8333333333333335
5,24,17.0,0.37777777777777777,0.2125,17.0,2.8333333333333335
5,25,25.0,0.5555555555555556,0.3125,25.0,4.166666666666667
5,26,17.0,0.37777777777777777,0.2125,17.0,2.8333333333333335
5,27,22.0,0.4888888888888889,0.275,22.0,3.6666666666666665
5,28,30.0,0.6666666666666666,0.375,30.0,5.0
5,29,21.0,0.4666666666666667,0.2625,21.0,3.5
5,30,17.0,0.37777777777777777,0.2125,17.0,2.8333333333333335
5,31,12.0,0.26666666666666666,0.15,12.0,2.0
5,32,20.0,0.4444444444444444,0.25,20.0,3.3333333333333335
5,33,7.0,0.15555555555555556,0.0875,7.0,1.1666666666666667
5,34,5.0,0.1111111111111111,0.0625,5.0,0.8333333333333334
5,35,5.0,0.1111111111111111,0.0625,5.0,0.8333333333333334
5,36,15.0,0.3333333333333333,0.1875,15.0,2.5
5,37,22.0,0.4888888888888889,0.275,22.0,3.6666666666666665
5,38,22.0,0.4888888888888889,0.275,22.0,3.6666666666666665
5,39,17.0,0.37777777777777777,0.2125,17.0,2.8333333333333335
5,40,11.0,0.24444444444444444,0.1375,11.0,1.8333333333333333
5,41,21.0,0.4666666666666667,0.2625,21.0,3.5
5,42,17.0,0.37777777777777777,0.2125,17.0,2.8333333333333335
5,43,9.0,0.2,0.1125,9.0,1.5
5,44,20.0,0.4444444444444444,0.25,20.0,3.3333333333333335
5,45,26.0,0.5777777777777777,0.325,26.0,4.333333333333333
5,46,12.0,0.26666666666666666,0.15,12.0,2.0
5,47,25.0,0.5555555555555556,0.3125,25.0,4.166666666666667
5,48,10.0,0.2222222222222222,0.125,10.0,1.6666666666666667
5,49,31.0,0.6888888888888889,0.3875,31.0,5.166666666666667
5,50,12.0,0.26666666666666666,0.15,12.0,2.0
5,51,14.0,0.3111111111111111,0.175,14.0,2.3333333333333335
6,1,8.0,0.17777777777777778,0.1,8.0,1.3333333333333333
6,2,18.0,0.4,0.225,18.0,3.0
6,3,16.0,0.35555555555555557,0.2,16.0,2.6666666666666665
6,4,17.0,0.37777777777777777,0.2125,17.0,2.8333333333333335
6,5,3.0,0.06666666666666667,0.0375,3.0,0.5
6,7,17.0,0.37777777777777777,0.2125,17.0,2.8333333333333335
6,8,21.0,0.4666666666666667,0.2625,21.0,3.5
6,9,27.0,0.6,0.3375,27.0,4.5
6,10,10.0,0.2222222222222222,0.125,10.0,1.6666666666666667
6,11,9.0,0.2,0.1125,9.0,1.5
6,12,27.0,0.6,0.3375,27.0,4.5
6,13,19.0,0.4222222222222222,0.2375,19.0,3.1666666666666665
6,14,26.0,0.5777777777777777,0.325,26.0,4.333333333333333
6,15,23.0,0.5111111111111111,0.2875,23.0,3.8333333333333335
6,16,7.0,0.15555555555555556,0.0875,7.0,1.1666666666666667
6,17,10.0,0.2222222222222222,0.125,10.0,1.6666666666666667
6,18,11.0,0.24444444444444444,0.1375,11.0,1.8333333333333333
6,19,18.0,0.4,0.225,18.0,3.0
6,20,23.0,0.5111111111111111,0.2875,23.0,3.8333333333333335
6,21,27.0,0.6,0.3375,27.0,4.5
6,22,5.0,0.1111111111111111,0.0625,5.0,0.8333333333333334
6,23,21.0,0.4666666666666667,0.2625,21.0,3.5
6,24,14.0,0.3111111111111111,0.175,14.0,2.3333333333333335
6,25,27.0,0.6,0.3375,27.0,4.5
6,26,15.0,0.3333333333333333,0.1875,15.0,2.5
6,27,24.0,0.5333333333333333,0.3,24.0,4.0
6,28,32.0,0.7111111111111111,0.4,32.0,5.333333333333333
6,29,21.0,0.4666666666666667,0.2625,21.0,3.5
6,30,16.0,0.35555555555555557,0.2,16.0,2.6666666666666665
6,31,11.0,0.24444444444444444,0.1375,11.0,1.8333333333333333
6,32,22.0,0.4888888888888889,0.275,22.0,3.6666666666666665
6,33,4.0,0.08888888888888889,0.05,4.0,0.6666666666666666
6,34,7.0,0.15555555555555556,0.0875,7.0,1.1666666666666667
6,35,8.0,0.17777777777777778,0.1,8.0,1.3333333333333333
6,36,17.0,0.37777777777777777,0.2125,17.0,2.8333333333333335
6,37,24.0,0.5333333333333333,0.3,24.0,4.0
6,38,24.0,0.5333333333333333,0.3,24.0,4.0
6,39,14.0,0.3111111111111111,0.175,14.0,2.3333333333333335
6,40,8.0,0.17777777777777778,0.1,8.0,1.3333333333333333
6,41,19.0,0.4222222222222222,0.2375,19.0,3.1666666666666665
6,42,19.0,0.4222222222222222,0.2375,19.0,3.1666666666666665
6,43,11.0,0.24444444444444444,0.1375,11.0,1.8333333333333333
6,44,18.0,0.4,0.225,18.0,3.0
6,45,24.0,0.5333333333333333,0.3,24.0,4.0
6,46,14.0,0.3111111111111111,0.175,14.0,2.3333333333333335
6,47,23.0,0.5111111111111111,0.2875,23.0,3.8333333333333335
6,48,12.0,0.26666666666666666,0.15,12.0,2.0
6,49,28.0,0.6222222222222222,0.35,28.0,4.666666666666667
6,50,14.0,0.3111111111111111,0.175,14.0,2.3333333333333335
6,51,11.0,0.24444444444444444,0.1375,11.0,1.8333333333333333
7,1,13.0,0.28888888888888886,0.1625,13.0,2.1666666666666665
7,2,5.0,0.1111111111111111,0.0625,5.0,0.8333333333333334
7,3,15.0,0.3333333333333333,0.1875,15.0,2.5
7,4,4.0,0.08888888888888889,0.05,4.0,0.6666666666666666
7,5,15.0,0.3333333333333333,0.1875,15.0,2.5
7,6,17.0,0.37777777777777777,0.2125,17.0,2.8333333333333335
7,8,7.0,0.15555555555555556,0.0875,7.0,1.1666666666666667
7,9,21.0,0.4666666666666667,0.2625,21.0,3.5
7,10,8.0,0.17777777777777778,0.1,8.0,1.3333333333333333
7,11,20.0,0.4444444444444444,0.25,20.0,3.3333333333333335
7,12,10.0,0.2222222222222222,0.125,10.0,1.6666666666666667
7,13,17.0,0.37777777777777777,0.2125,17.0,2.8333333333333335
7,14,9.0,0.2,0.1125,9.0,1.5
7,15,17.0,0.37777777777777777,0.2125,17.0,2.8333333333333335
7,16,17.0,0.37777777777777777,0.2125,17.0,2.8333333333333335
7,17,12.0,0.26666666666666666,0.15,12.0,2.0
7,18,7.0,0.15555555555555556,0.0875,7.0,1.1666666666666667
7,19,12.0,0.26666666666666666,0.15,12.0,2.0
7,20,17.0,0.37777777777777777,0.2125,17.0,2.8333333333333335
7,21,10.0,0.2222222222222222,0.125,10.0,1.6666666666666667
7,22,22.0,0.4888888888888889,0.275,22.0,3.6666666666666665
7,23,15.0,0.3333333333333333,0.1875,15.0,2.5
7,24,19.0,0.4222222222222222,0.2375,19.0,3.1666666666666665
7,25,10.0,0.2222222222222222,0.125,10.0,1.6666666666666667
7,26,10.0,0.2222222222222222,0.125,10.0,1.6666666666666667
7,27,10.0,0.2222222222222222,0.125,10.0,1.6666666666666667
7,28,15.0,0.3333333333333333,0.1875,15.0,2.5
7,29,13.0,0.28888888888888886,0.1625,13.0,2.1666666666666665
7,30,9.0,0.2,0.1125,9.0,1.5
7,31,7.0,0.15555555555555556,0.0875,7.0,1.1666666666666667
7,32,5.0,0.1111111111111111,0.0625,5.0,0.8333333333333334
7,33,15.0,0.3333333333333333,0.1875,15.0,2.5
7,34,10.0,0.2222222222222222,0.125,10.0,1.6666666666666667
7,35,14.0,0.3111111111111111,0.175,14.0,2.3333333333333335
7,36,10.0,0.2222222222222222,0.125,10.0,1.6666666666666667
7,37,7.0,0.15555555555555556,0.0875,7.0,1.1666666666666667
7,38,7.0,0.15555555555555556,0.0875,7.0,1.1666666666666667
7,39,15.0,0.3333333333333333,0.1875,15.0,2.5
7,40,25.0,0.5555555555555556,0.3125,25.0,4.166666666666667
7,41,13.0,0.28888888888888886,0.1625,13.0,2.1666666666666665
7,42,10.0,0.2222222222222222,0.125,10.0,1.6666666666666667
7,43,10.0,0.2222222222222222,0.125,10.0,1.6666666666666667
7,44,12.0,0.26666666666666666,0.15,12.0,2.0
7,45,18.0,0.4,0.225,18.0,3.0
7,46,7.0,0.15555555555555556,0.0875,7.0,1.1666666666666667
7,47,17.0,0.37777777777777777,0.2125,17.0,2.8333333333333335
7,48,15.0,0.3333333333333333,0.1875,15.0,2.5
7,49,23.0,0.5111111111111111,0.2875,23.0,3.8333333333333335
7,50,4.0,0.08888888888888889,0.05,4.0,0.6666666666666666
7,51,12.0,0.26666666666666666,0.15,12.0,2.0
8,1,17.0,0.37777777777777777,0.2125,17.0,2.8333333333333335
8,2,11.0,0.24444444444444444,0.1375,11.0,1.8333333333333333
8,3,22.0,0.4888888888888889,0.275,22.0,3.6666666666666665
8,4,4.0,0.08888888888888889,0.05,4.0,0.6666666666666666
8,5,19.0,0.4222222222222222,0.2375,19.0,3.1666666666666665
8,6,21.0,0.4666666666666667,0.2625,21.0,3.5
8,7,7.0,0.15555555555555556,0.0875,7.0,1.1666666666666667
8,9,15.0,0.3333333333333333,0.1875,15.0,2.5
8,10,11.0,0.24444444444444444,0.1375,11.0,1.8333333333333333
8,11,24.0,0.5333333333333333,0.3,24.0,4.0
8,12,12.0,0.26666666666666666,0.15,12.0,2.0
8,13,20.0,0.4444444444444444,0.25,20.0,3.3333333333333335
8,14,5.0,0.1111111111111111,0.0625,5.0,0.8333333333333334
8,15,10.0,0.2222222222222222,0.125,10.0,1.6666666666666667
8,16,20.0,0.4444444444444444,0.25,20.0,3.3333333333333335
8,17,15.0,0.3333333333333333,0.1875,15.0,2.5
8,18,10.0,0.2222222222222222,0.125,10.0,1.6666666666666667
8,19,9.0,0.2,0.1125,9.0,1.5
8,20,11.0,0.24444444444444444,0.1375,11.0,1.8333333333333333
8,21,7.0,0.15555555555555556,0.0875,7.0,1.1666666666666667
8,22,25.0,0.5555555555555556,0.3125,25.0,4.166666666666667
8,23,8.0,0.17777777777777778,0.1,8.0,1.3333333333333333
8,24,22.0,0.4888888888888889,0.275,22.0,3.6666666666666665
8,25,7.0,0.15555555555555556,0.0875,7.0,1.1666666666666667
8,26,13.0,0.28888888888888886,0.1625,13.0,2.1666666666666665
8,27,4.0,0.08888888888888889,0.05,4.0,0.6666666666666666
8,28,12.0,0.26666666666666666,0.15,12.0,2.0
8,29,6.0,0.13333333333333333,0.075,6.0,1.0
8,30,5.0,0.1111111111111111,0.0625,5.0,0.8333333333333334
8,31,10.0,0.2222222222222222,0.125,10.0,1.6666666666666667
8,32,5.0,0.1111111111111111,0.0625,5.0,0.8333333333333334
8,33,19.0,0.4222222222222222,0.2375,19.0,3.1666666666666665
8,34,14.0,0.3111111111111111,0.175,14.0,2.3333333333333335
8,35,20.0,0.4444444444444444,0.25,20.0,3.3333333333333335
8,36,17.0,0.37777777777777777,0.2125,17.0,2.8333333333333335
8,37,14.0,0.3111111111111111,0.175,14.0,2.3333333333333335
8,38,9.0,0.2,0.1125,9.0,1.5
8,39,19.0,0.4222222222222222,0.2375,19.0,3.1666666666666665
8,40,28.0,0.6222222222222222,0.35,28.0,4.666666666666667
8,41,6.0,0.13333333333333333,0.075,6.0,1.0
8,42,17.0,0.37777777777777777,0.2125,17.0,2.8333333333333335
8,43,17.0,0.37777777777777777,0.2125,17.0,2.8333333333333335
8,44,15.0,0.3333333333333333,0.1875,15.0,2.5
8,45,11.0,0.24444444444444444,0.1375,11.0,1.8333333333333333
8,46,14.0,0.3111111111111111,0.175,14.0,2.3333333333333335
8,47,14.0,0.3111111111111111,0.175,14.0,2.3333333333333335
8,48,21.0,0.4666666666666667,0.2625,21.0,3.5
8,49,16.0,0.35555555555555557,0.2,16.0,2.6666666666666665
8,50,10.0,0.2222222222222222,0.125,10.0,1.6666666666666667
8,51,15.0,0.3333333333333333,0.1875,15.0,2.5
9,1,20.0,0.4444444444444444,0.25,20.0,3.3333333333333335
9,2,26.0,0.5777777777777777,0.325,26.0,4.333333333333333
9,3,36.0,0.8,0.45,36.0,6.0
9,4,18.0,0.4,0.225,18.0,3.0
9,5,30.0,0.6666666666666666,0.375,30.0,5.0
9,6,27.0,0.6,0.3375,27.0,4.5
9,7,21.0,0.4666666666666667,0.2625,21.0,3.5
9,8,15.0,0.3333333333333333,0.1875,15.0,2.5
9,10,21.0,0.4666666666666667,0.2625,21.0,3.5
9,11,18.0,0.4,0.225,18.0,3.0
9,12,26.0,0.5777777777777777,0.325,26.0,4.333333333333333
9,13,14.0,0.3111111111111111,0.175,14.0,2.3333333333333335
9,14,16.0,0.35555555555555557,0.2,16.0,2.6666666666666665
9,15,5.0,0.1111111111111111,0.0625,5.0,0.8333333333333334
9,16,20.0,0.4444444444444444,0.25,20.0,3.3333333333333335
9,17,17.0,0.37777777777777777,0.2125,17.0,2.8333333333333335
9,18,25.0,0.5555555555555556,0.3125,25.0,4.166666666666667
9,19,10.0,0.2222222222222222,0.125,10.0,1.6666666666666667
9,20,4.0,0.08888888888888889,0.05,4.0,0.6666666666666666
9,21,21.0,0.4666666666666667,0.2625,21.0,3.5
9,22,23.0,0.5111111111111111,0.2875,23.0,3.8333333333333335
9,23,7.0,0.15555555555555556,0.0875,7.0,1.1666666666666667
9,24,16.0,0.35555555555555557,0.2,16.0,2.6666666666666665
9,25,19.0,0.4222222222222222,0.2375,19.0,3.1666666666666665
9,26,13.0,0.28888888888888886,0.1625,13.0,2.1666666666666665
9,27,11.0,0.24444444444444444,0.1375,11.0,1.8333333333333333
9,28,20.0,0.4444444444444444,0.25,20.0,3.3333333333333335
9,29,9.0,0.2,0.1125,9.0,1.5
9,30,13.0,0.28888888888888886,0.1625,13.0,2.1666666666666665
9,31,18.0,0.4,0.225,18.0,3.0
9,32,20.0,0.4444444444444444,0.25,20.0,3.3333333333333335
9,33,23.0,0.5111111111111111,0.2875,23.0,3.8333333333333335
9,34,25.0,0.5555555555555556,0.3125,25.0,4.166666666666667
9,35,35.0,0.7777777777777778,0.4375,35.0,5.833333333333333
9,36,31.0,0.6888888888888889,0.3875,31.0,5.166666666666667
9,37,28.0,0.6222222222222222,0.35,28.0,4.666666666666667
9,38,24.0,0.5333333333333333,0.3,24.0,4.0
9,39,13.0,0.28888888888888886,0.1625,13.0,2.1666666666666665
9,40,22.0,0.4888888888888889,0.275,22.0,3.6666666666666665
9,41,9.0,0.2,0.1125,9.0,1.5
9,42,31.0,0.6888888888888889,0.3875,31.0,5.166666666666667
9,43,31.0,0.6888888888888889,0.3875,31.0,5.166666666666667
9,44,10.0,0.2222222222222222,0.125,10.0,1.6666666666666667
9,45,4.0,0.08888888888888889,0.05,4.0,0.6666666666666666
9,46,28.0,0.6222222222222222,0.35,28.0,4.666666666666667
9,47,8.0,0.17777777777777778,0.1,8.0,1.3333333333333333
9,48,36.0,0.8,0.45,36.0,6.0
9,49,4.0,0.08888888888888889,0.05,4.0,0.6666666666666666
9,50,25.0,0.5555555555555556,0.3125,25.0,4.166666666666667
9,51,16.0,0.35555555555555557,0.2,16.0,2.6666666666666665
10,1,6.0,0.13333333333333333,0.075,6.0,1.0
10,2,9.0,0.2,0.1125,9.0,1.5
10,3,16.0,0.35555555555555557,0.2,16.0,2.6666666666666665
10,4,8.0,0.17777777777777778,0.1,8.0,1.3333333333333333
10,5,9.0,0.2,0.1125,9.0,1.5
10,6,10.0,0.2222222222222222,0.125,10.0,1.6666666666666667
10,7,8.0,0.17777777777777778,0.1,8.0,1.3333333333333333
10,8,11.0,0.24444444444444444,0.1375,11.0,1.8333333333333333
10,9,21.0,0.4666666666666667,0.2625,21.0,3.5
10,11,13.0,0.28888888888888886,0.1625,13.0,2.1666666666666665
10,12,18.0,0.4,0.225,18.0,3.0
10,13,13.0,0.28888888888888886,0.1625,13.0,2.1666666666666665
10,14,16.0,0.35555555555555557,0.2,16.0,2.6666666666666665
10,15,17.0,0.37777777777777777,0.2125,17.0,2.8333333333333335
10,16,9.0,0.2,0.1125,9.0,1.5
10,17,4.0,0.08888888888888889,0.05,4.0,0.6666666666666666
10,18,4.0,0.08888888888888889,0.05,4.0,0.6666666666666666
10,19,12.0,0.26666666666666666,0.15,12.0,2.0
10,20,17.0,0.37777777777777777,0.2125,17.0,2.8333333333333335
10,21,18.0,0.4,0.225,18.0,3.0
10,22,14.0,0.3111111111111111,0.175,14.0,2.3333333333333335
10,23,15.0,0.3333333333333333,0.1875,15.0,2.5
10,24,11.0,0.24444444444444444,0.1375,11.0,1.8333333333333333
10,25,18.0,0.4,0.225,18.0,3.0
10,26,9.0,0.2,0.1125,9.0,1.5
10,27,15.0,0.3333333333333333,0.1875,15.0,2.5
10,28,23.0,0.5111111111111111,0.2875,23.0,3.8333333333333335
10,29,12.0,0.26666666666666666,0.15,12.0,2.0
10,30,8.0,0.17777777777777778,0.1,8.0,1.3333333333333333
10,31,3.0,0.06666666666666667,0.0375,3.0,0.5
10,32,13.0,0.28888888888888886,0.1625,13.0,2.1666666666666665
10,33,8.0,0.17777777777777778,0.1,8.0,1.3333333333333333
10,34,4.0,0.08888888888888889,0.05,4.0,0.6666666666666666
10,35,14.0,0.3111111111111111,0.175,14.0,2.3333333333333335
10,36,11.0,0.24444444444444444,0.1375,11.0,1.8333333333333333
10,37,15.0,0.3333333333333333,0.1875,15.0,2.5
10,38,14.0,0.3111111111111111,0.175,14.0,2.3333333333333335
10,39,8.0,0.17777777777777778,0.1,8.0,1.3333333333333333
10,40,17.0,0.37777777777777777,0.2125,17.0,2.8333333333333335
10,41,13.0,0.28888888888888886,0.1625,13.0,2.1666666666666665
10,42,11.0,0.24444444444444444,0.1375,11.0,1.8333333333333333
10,43,11.0,0.24444444444444444,0.1375,11.0,1.8333333333333333
10,44,12.0,0.26666666666666666,0.15,12.0,2.0
10,45,18.0,0.4,0.225,18.0,3.0
10,46,7.0,0.15555555555555556,0.0875,7.0,1.1666666666666667
10,47,17.0,0.37777777777777777,0.2125,17.0,2.8333333333333335
10,48,15.0,0.3333333333333333,0.1875,15.0,2.5
10,49,22.0,0.4888888888888889,0.275,22.0,3.6666666666666665
10,50,5.0,0.1111111111111111,0.0625,5.0,0.8333333333333334
10,51,5.0,0.1111111111111111,0.0625,5.0,0.8333333333333334
11,1,7.0,0.15555555555555556,0.0875,7.0,1.1666666666666667
11,2,21.0,0.4666666666666667,0.2625,21.0,3.5
11,3,19.0,0.4222222222222222,0.2375,19.0,3.1666666666666665
11,4,20.0,0.4444444444444444,0.25,20.0,3.3333333333333335
11,5,12.0,0.26666666666666666,0.15,12.0,2.0
11,6,9.0,0.2,0.1125,9.0,1.5
11,7,20.0,0.4444444444444444,0.25,20.0,3.3333333333333335
11,8,24.0,0.5333333333333333,0.3,24.0,4.0
11,9,18.0,0.4,0.225,18.0,3.0
11,10,13.0,0.28888888888888886,0.1625,13.0,2.1666666666666665
11,12,30.0,0.6666666666666666,0.375,30.0,5.0
11,13,10.0,0.2222222222222222,0.125,10.0,1.6666666666666667
11,14,29.0,0.6444444444444445,0.3625,29.0,4.833333333333333
11,15,14.0,0.3111111111111111,0.175,14.0,2.3333333333333335
11,16,4.0,0.08888888888888889,0.05,4.0,0.6666666666666666
11,17,9.0,0.2,0.1125,9.0,1.5
11,18,14.0,0.3111111111111111,0.175,14.0,2.3333333333333335
11,19,15.0,0.3333333333333333,0.1875,15.0,2.5
11,20,22.0,0.4888888888888889,0.275,22.0,3.6666666666666665
11,21,30.0,0.6666666666666666,0.375,30.0,5.0
11,22,5.0,0.1111111111111111,0.0625,5.0,0.8333333333333334
11,23,17.0,0.37777777777777777,0.2125,17.0,2.8333333333333335
11,24,5.0,0.1111111111111111,0.0625,5.0,0.8333333333333334
11,25,30.0,0.6666666666666666,0.375,30.0,5.0
11,26,11.0,0.24444444444444444,0.1375,11.0,1.8333333333333333
11,27,27.0,0.6,0.3375,27.0,4.5
11,28,35.0,0.7777777777777778,0.4375,35.0,5.833333333333333
11,29,24.0,0.5333333333333333,0.3,24.0,4.0
11,30,19.0,0.4222222222222222,0.2375,19.0,3.1666666666666665
11,31,14.0,0.3111111111111111,0.175,14.0,2.3333333333333335
11,32,25.0,0.5555555555555556,0.3125,25.0,4.166666666666667
11,33,5.0,0.1111111111111111,0.0625,5.0,0.8333333333333334
11,34,10.0,0.2222222222222222,0.125,10.0,1.6666666666666667
11,35,17.0,0.37777777777777777,0.2125,17.0,2.8333333333333335
11,36,20.0,0.4444444444444444,0.25,20.0,3.3333333333333335
11,37,27.0,0.6,0.3375,27.0,4.5
11,38,27.0,0.6,0.3375,27.0,4.5
11,39,5.0,0.1111111111111111,0.0625,5.0,0.8333333333333334
11,40,5.0,0.1111111111111111,0.0625,5.0,0.8333333333333334
11,41,21.0,0.4666666666666667,0.2625,21.0,3.5
11,42,22.0,0.4888888888888889,0.275,22.0,3.6666666666666665
11,43,14.0,0.3111111111111111,0.175,14.0,2.3333333333333335
11,44,9.0,0.2,0.1125,9.0,1.5
11,45,17.0,0.37777777777777777,0.2125,17.0,2.8333333333333335
11,46,17.0,0.37777777777777777,0.2125,17.0,2.8333333333333335
11,47,14.0,0.3111111111111111,0.175,14.0,2.3333333333333335
11,48,18.0,0.4,0.225,18.0,3.0
11,49,19.0,0.4222222222222222,0.2375,19.0,3.1666666666666665
11,50,17.0,0.37777777777777777,0.2125,17.0,2.8333333333333335
11,51,9.0,0.2,0.1125,9.0,1.5
12,1,23.0,0.5111111111111111,0.2875,23.0,3.8333333333333335
12,2,9.0,0.2,0.1125,9.0,1.5
12,3,12.0,0.26666666666666666,0.15,12.0,2.0
12,4,10.0,0.2222222222222222,0.125,10.0,1.6666666666666667
12,5,25.0,0.5555555555555556,0.3125,25.0,4.166666666666667
12,6,27.0,0.6,0.3375,27.0,4.5
12,7,10.0,0.2222222222222222,0.125,10.0,1.6666666666666667
12,8,12.0,0.26666666666666666,0.15,12.0,2.0
12,9,26.0,0.5777777777777777,0.325,26.0,4.333333333333333
12,10,18.0,0.4,0.225,18.0,3.0
12,11,30.0,0.6666666666666666,0.375,30.0,5.0
12,13,26.0,0.5777777777777777,0.325,26.0,4.333333333333333
12,14,10.0,0.2222222222222222,0.125,10.0,1.6666666666666667
12,15,22.0,0.4888888888888889,0.275,22.0,3.6666666666666665
12,16,27.0,0.6,0.3375,27.0,4.5
12,17,22.0,0.4888888888888889,0.275,22.0,3.6666666666666665
12,18,17.0,0.37777777777777777,0.2125,17.0,2.8333333333333335
12,19,17.0,0.37777777777777777,0.2125,17.0,2.8333333333333335
12,20,22.0,0.4888888888888889,0.275,22.0,3.6666666666666665
12,21,5.0,0.1111111111111111,0.0625,5.0,0.8333333333333334
12,22,32.0,0.7111111111111111,0.4,32.0,5.333333333333333
12,23,20.0,0.4444444444444444,0.25,20.0,3.3333333333333335
12,24,28.0,0.6222222222222222,0.35,28.0,4.666666666666667
12,25,8.0,0.17777777777777778,0.1,8.0,1.3333333333333333
12,26,19.0,0.4222222222222222,0.2375,19.0,3.1666666666666665
12,27,15.0,0.3333333333333333,0.1875,15.0,2.5
12,28,7.0,0.15555555555555556,0.0875,7.0,1.1666666666666667
12,29,18.0,0.4,0.225,18.0,3.0
12,30,14.0,0.3111111111111111,0.175,14.0,2.3333333333333335
12,31,17.0,0.37777777777777777,0.2125,17.0,2.8333333333333335
12,32,7.0,0.15555555555555556,0.0875,7.0,1.1666666666666667
12,33,25.0,0.5555555555555556,0.3125,25.0,4.166666666666667
12,34,20.0,0.4444444444444444,0.25,20.0,3.3333333333333335
12,35,20.0,0.4444444444444444,0.25,20.0,3.3333333333333335
12,36,10.0,0.2222222222222222,0.125,10.0,1.6666666666666667
12,37,3.0,0.06666666666666667,0.0375,3.0,0.5
12,38,4.0,0.08888888888888889,0.05,4.0,0.6666666666666666
12,39,25.0,0.5555555555555556,0.3125,25.0,4.166666666666667
12,40,34.0,0.7555555555555555,0.425,34.0,5.666666666666667
12,41,18.0,0.4,0.225,18.0,3.0
12,42,8.0,0.17777777777777778,0.1,8.0,1.3333333333333333
12,43,17.0,0.37777777777777777,0.2125,17.0,2.8333333333333335
12,44,22.0,0.4888888888888889,0.275,22.0,3.6666666666666665
12,45,23.0,0.5111111111111111,0.2875,23.0,3.8333333333333335
12,46,13.0,0.28888888888888886,0.1625,13.0,2.1666666666666665
12,47,22.0,0.4888888888888889,0.275,22.0,3.6666666666666665
12,48,16.0,0.35555555555555557,0.2,16.0,2.6666666666666665
12,49,28.0,0.6222222222222222,0.35,28.0,4.666666666666667
12,50,13.0,0.28888888888888886,0.1625,13.0,2.1666666666666665
12,51,22.0,0.4888888888888889,0.275,22.0,3.6666666666666665
13,1,12.0,0.26666666666666666,0.15,12.0,2.0
13,2,18.0,0.4,0.225,18.0,3.0
13,3,28.0,0.6222222222222222,0.35,28.0,4.666666666666667
13,4,17.0,0.37777777777777777,0.2125,17.0,2.8333333333333335
13,5,22.0,0.4888888888888889,0.275,22.0,3.6666666666666665
13,6,19.0,0.4222222222222222,0.2375,19.0,3.1666666666666665
13,7,17.0,0.37777777777777777,0.2125,17.0,2.8333333333333335
13,8,20.0,0.4444444444444444,0.25,20.0,3.3333333333333335
13,9,14.0,0.3111111111111111,0.175,14.0,2.3333333333333335
13,10,13.0,0.28888888888888886,0.1625,13.0,2.1666666666666665
13,11,10.0,0.2222222222222222,0.125,10.0,1.6666666666666667
13,12,26.0,0.5777777777777777,0.325,26.0,4.333333333333333
13,14,25.0,0.5555555555555556,0.3125,25.0,4.166666666666667
13,15,10.0,0.2222222222222222,0.125,10.0,1.6666666666666667
13,16,12.0,0.26666666666666666,0.15,12.0,2.0
13,17,9.0,0.2,0.1125,9.0,1.5
13,18,17.0,0.37777777777777777,0.2125,17.0,2.8333333333333335
13,19,12.0,0.26666666666666666,0.15,12.0,2.0
13,20,18.0,0.4,0.225,18.0,3.0
13,21,27.0,0.6,0.3375,27.0,4.5
13,22,15.0,0.3333333333333333,0.1875,15.0,2.5
13,23,13.0,0.28888888888888886,0.1625,13.0,2.1666666666666665
13,24,5.0,0.1111111111111111,0.0625,5.0,0.8333333333333334
13,25,27.0,0.6,0.3375,27.0,4.5
13,26,7.0,0.15555555555555556,0.0875,7.0,1.1666666666666667
13,27,23.0,0.5111111111111111,0.2875,23.0,3.8333333333333335
13,28,32.0,0.7111111111111111,0.4,32.0,5.333333333333333
13,29,20.0,0.4444444444444444,0.25,20.0,3.3333333333333335
13,30,15.0,0.3333333333333333,0.1875,15.0,2.5
13,31,10.0,0.2222222222222222,0.125,10.0,1.6666666666666667
13,32,22.0,0.4888888888888889,0.275,22.0,3.6666666666666665
13,33,15.0,0.3333333333333333,0.1875,15.0,2.5
13,34,17.0,0.37777777777777777,0.2125,17.0,2.8333333333333335
13,35,27.0,0.6,0.3375,27.0,4.5
13,36,23.0,0.5111111111111111,0.2875,23.0,3.8333333333333335
13,37,23.0,0.5111111111111111,0.2875,23.0,3.8333333333333335
13,38,23.0,0.5111111111111111,0.2875,23.0,3.8333333333333335
13,39,5.0,0.1111111111111111,0.0625,5.0,0.8333333333333334
13,40,11.0,0.24444444444444444,0.1375,11.0,1.8333333333333333
13,41,17.0,0.37777777777777777,0.2125,17.0,2.8333333333333335
13,42,23.0,0.5111111111111111,0.2875,23.0,3.8333333333333335
13,43,23.0,0.5111111111111111,0.2875,23.0,3.8333333333333335
13,44,5.0,0.1111111111111111,0.0625,5.0,0.8333333333333334
13,45,14.0,0.3111111111111111,0.175,14.0,2.3333333333333335
13,46,20.0,0.4444444444444444,0.25,20.0,3.3333333333333335
13,47,7.0,0.15555555555555556,0.0875,7.0,1.1666666666666667
13,48,28.0,0.6222222222222222,0.35,28.0,4.666666666666667
13,49,10.0,0.2222222222222222,0.125,10.0,1.6666666666666667
13,50,17.0,0.37777777777777777,0.2125,17.0,2.8333333333333335
13,51,8.0,0.17777777777777778,0.1,8.0,1.3333333333333333
14,1,22.0,0.4888888888888889,0.275,22.0,3.6666666666666665
14,2,10.0,0.2222222222222222,0.125,10.0,1.6666666666666667
14,3,20.0,0.4444444444444444,0.25,20.0,3.3333333333333335
14,4,9.0,0.2,0.1125,9.0,1.5
14,5,24.0,0.5333333333333333,0.3,24.0,4.0
14,6,26.0,0.5777777777777777,0.325,26.0,4.333333333333333
14,7,9.0,0.2,0.1125,9.0,1.5
14,8,5.0,0.1111111111111111,0.0625,5.0,0.8333333333333334
14,9,16.0,0.35555555555555557,0.2,16.0,2.6666666666666665
14,10,16.0,0.35555555555555557,0.2,16.0,2.6666666666666665
14,11,29.0,0.6444444444444445,0.3625,29.0,4.833333333333333
14,12,10.0,0.2222222222222222,0.125,10.0,1.6666666666666667
14,13,25.0,0.5555555555555556,0.3125,25.0,4.166666666666667
14,15,15.0,0.3333333333333333,0.1875,15.0,2.5
14,16,25.0,0.5555555555555556,0.3125,25.0,4.166666666666667
14,17,20.0,0.4444444444444444,0.25,20.0,3.3333333333333335
14,18,15.0,0.3333333333333333,0.1875,15.0,2.5
14,19,14.0,0.3111111111111111,0.175,14.0,2.3333333333333335
14,20,12.0,0.26666666666666666,0.15,12.0,2.0
14,21,5.0,0.1111111111111111,0.0625,5.0,0.8333333333333334
14,22,30.0,0.6666666666666666,0.375,30.0,5.0
14,23,12.0,0.26666666666666666,0.15,12.0,2.0
14,24,27.0,0.6,0.3375,27.0,4.5
14,25,3.0,0.06666666666666667,0.0375,3.0,0.5
14,26,18.0,0.4,0.225,18.0,3.0
14,27,5.0,0.1111111111111111,0.0625,5.0,0.8333333333333334
14,28,7.0,0.15555555555555556,0.0875,7.0,1.1666666666666667
14,29,8.0,0.17777777777777778,0.1,8.0,1.3333333333333333
14,30,10.0,0.2222222222222222,0.125,10.0,1.6666666666666667
14,31,15.0,0.3333333333333333,0.1875,15.0,2.5
14,32,4.0,0.08888888888888889,0.05,4.0,0.6666666666666666
14,33,24.0,0.5333333333333333,0.3,24.0,4.0
14,34,19.0,0.4222222222222222,0.2375,19.0,3.1666666666666665
14,35,19.0,0.4222222222222222,0.2375,19.0,3.1666666666666665
14,36,15.0,0.3333333333333333,0.1875,15.0,2.5
14,37,12.0,0.26666666666666666,0.15,12.0,2.0
14,38,8.0,0.17777777777777778,0.1,8.0,1.3333333333333333
14,39,24.0,0.5333333333333333,0.3,24.0,4.0
14,40,33.0,0.7333333333333333,0.4125,33.0,5.5
14,41,8.0,0.17777777777777778,0.1,8.0,1.3333333333333333
14,42,15.0,0.3333333333333333,0.1875,15.0,2.5
14,43,15.0,0.3333333333333333,0.1875,15.0,2.5
14,44,20.0,0.4444444444444444,0.25,20.0,3.3333333333333335
14,45,13.0,0.28888888888888886,0.1625,13.0,2.1666666666666665
14,46,12.0,0.26666666666666666,0.15,12.0,2.0
14,47,19.0,0.4222222222222222,0.2375,19.0,3.1666666666666665
14,48,20.0,0.4444444444444444,0.25,20.0,3.3333333333333335
14,49,18.0,0.4,0.225,18.0,3.0
14,50,12.0,0.26666666666666666,0.15,12.0,2.0
14,51,20.0,0.4444444444444444,0.25,20.0,3.3333333333333335
15,1,15.0,0.3333333333333333,0.1875,15.0,2.5
15,2,21.0,0.4666666666666667,0.2625,21.0,3.5
15,3,32.0,0.7111111111111111,0.4,32.0,5.333333333333333
15,4,14.0,0.3111111111111111,0.175,14.0,2.3333333333333335
15,5,25.0,0.5555555555555556,0.3125,25.0,4.166666666666667
15,6,23.0,0.5111111111111111,0.2875,23.0,3.8333333333333335
15,7,17.0,0.37777777777777777,0.2125,17.0,2.8333333333333335
15,8,10.0,0.2222222222222222,0.125,10.0,1.6666666666666667
15,9,5.0,0.1111111111111111,0.0625,5.0,0.8333333333333334
15,10,17.0,0.37777777777777777,0.2125,17.0,2.8333333333333335
15,11,14.0,0.3111111111111111,0.175,14.0,2.3333333333333335
15,12,22.0,0.4888888888888889,0.275,22.0,3.6666666666666665
15,13,10.0,0.2222222222222222,0.125,10.0,1.6666666666666667
15,14,15.0,0.3333333333333333,0.1875,15.0,2.5
15,16,16.0,0.35555555555555557,0.2,16.0,2.6666666666666665
15,17,13.0,0.28888888888888886,0.1625,13.0,2.1666666666666665
15,18,20.0,0.4444444444444444,0.25,20.0,3.3333333333333335
15,19,5.0,0.1111111111111111,0.0625,5.0,0.8333333333333334
15,20,9.0,0.2,0.1125,9.0,1.5
15,21,17.0,0.37777777777777777,0.2125,17.0,2.8333333333333335
15,22,19.0,0.4222222222222222,0.2375,19.0,3.1666666666666665
15,23,4.0,0.08888888888888889,0.05,4.0,0.6666666666666666
15,24,12.0,0.26666666666666666,0.15,12.0,2.0
15,25,17.0,0.37777777777777777,0.2125,17.0,2.8333333333333335
15,26,8.0,0.17777777777777778,0.1,8.0,1.3333333333333333
15,27,14.0,0.3111111111111111,0.175,14.0,2.3333333333333335
15,28,22.0,0.4888888888888889,0.275,22.0,3.6666666666666665
15,29,11.0,0.24444444444444444,0.1375,11.0,1.8333333333333333
15,30,9.0,0.2,0.1125,9.0,1.5
15,31,14.0,0.3111111111111111,0.175,14.0,2.3333333333333335
15,32,15.0,0.3333333333333333,0.1875,15.0,2.5
15,33,19.0,0.4222222222222222,0.2375,19.0,3.1666666666666665
15,34,20.0,0.4444444444444444,0.25,20.0,3.3333333333333335
15,35,30.0,0.6666666666666666,0.375,30.0,5.0
15,36,27.0,0.6,0.3375,27.0,4.5
15,37,24.0,0.5333333333333333,0.3,24.0,4.0
15,38,19.0,0.4222222222222222,0.2375,19.0,3.1666666666666665
15,39,9.0,0.2,0.1125,9.0,1.5
15,40,18.0,0.4,0.225,18.0,3.0
15,41,8.0,0.17777777777777778,0.1,8.0,1.3333333333333333
15,42,27.0,0.6,0.3375,27.0,4.5
15,43,27.0,0.6,0.3375,27.0,4.5
15,44,5.0,0.1111111111111111,0.0625,5.0,0.8333333333333334
15,45,4.0,0.08888888888888889,0.05,4.0,0.6666666666666666
15,46,24.0,0.5333333333333333,0.3,24.0,4.0
15,47,4.0,0.08888888888888889,0.05,4.0,0.6666666666666666
15,48,31.0,0.6888888888888889,0.3875,31.0,5.166666666666667
15,49,6.0,0.13333333333333333,0.075,6.0,1.0
15,50,20.0,0.4444444444444444,0.25,20.0,3.3333333333333335
15,51,12.0,0.26666666666666666,0.15,12.0,2.0
16,1,4.0,0.08888888888888889,0.05,4.0,0.6666666666666666
16,2,18.0,0.4,0.225,18.0,3.0
16,3,17.0,0.37777777777777777,0.2125,17.0,2.8333333333333335
16,4,17.0,0.37777777777777777,0.2125,17.0,2.8333333333333335
16,5,10.0,0.2222222222222222,0.125,10.0,1.6666666666666667
16,6,7.0,0.15555555555555556,0.0875,7.0,1.1666666666666667
16,7,17.0,0.37777777777777777,0.2125,17.0,2.8333333333333335
16,8,20.0,0.4444444444444444,0.25,20.0,3.3333333333333335
16,9,20.0,0.4444444444444444,0.25,20.0,3.3333333333333335
16,10,9.0,0.2,0.1125,9.0,1.5
16,11,4.0,0.08888888888888889,0.05,4.0,0.6666666666666666
16,12,27.0,0.6,0.3375,27.0,4.5
16,13,12.0,0.26666666666666666,0.15,12.0,2.0
16,14,25.0,0.5555555555555556,0.3125,25.0,4.166666666666667
16,15,16.0,0.35555555555555557,0.2,16.0,2.6666666666666665
16,17,5.0,0.1111111111111111,0.0625,5.0,0.8333333333333334
16,18,10.0,0.2222222222222222,0.125,10.0,1.6666666666666667
16,19,12.0,0.26666666666666666,0.15,12.0,2.0
16,20,19.0,0.4222222222222222,0.2375,19.0,3.1666666666666665
16,21,27.0,0.6,0.3375,27.0,4.5
16,22,5.0,0.1111111111111111,0.0625,5.0,0.8333333333333334
16,23,14.0,0.3111111111111111,0.175,14.0,2.3333333333333335
16,24,7.0,0.15555555555555556,0.0875,7.0,1.1666666666666667
16,25,27.0,0.6,0.3375,27.0,4.5
16,26,8.0,0.17777777777777778,0.1,8.0,1.3333333333333333
16,27,24.0,0.5333333333333333,0.3,24.0,4.0
16,28,32.0,0.7111111111111111,0.4,32.0,5.333333333333333
16,29,21.0,0.4666666666666667,0.2625,21.0,3.5
16,30,15.0,0.3333333333333333,0.1875,15.0,2.5
16,31,10.0,0.2222222222222222,0.125,10.0,1.6666666666666667
16,32,22.0,0.4888888888888889,0.275,22.0,3.6666666666666665
16,33,3.0,0.06666666666666667,0.0375,3.0,0.5
16,34,7.0,0.15555555555555556,0.0875,7.0,1.1666666666666667
16,35,15.0,0.3333333333333333,0.1875,15.0,2.5
16,36,17.0,0.37777777777777777,0.2125,17.0,2.8333333333333335
16,37,24.0,0.5333333333333333,0.3,24.0,4.0
16,38,23.0,0.5111111111111111,0.2875,23.0,3.8333333333333335
16,39,7.0,0.15555555555555556,0.0875,7.0,1.1666666666666667
16,40,8.0,0.17777777777777778,0.1,8.0,1.3333333333333333
16,41,18.0,0.4,0.225,18.0,3.0
16,42,19.0,0.4222222222222222,0.2375,19.0,3.1666666666666665
16,43,12.0,0.26666666666666666,0.15,12.0,2.0
16,44,11.0,0.24444444444444444,0.1375,11.0,1.8333333333333333
16,45,17.0,0.37777777777777777,0.2125,17.0,2.8333333333333335
16,46,14.0,0.3111111111111111,0.175,14.0,2.3333333333333335
16,47,16.0,0.35555555555555557,0.2,16.0,2.6666666666666665
16,48,16.0,0.35555555555555557,0.2,16.0,2.6666666666666665
16,49,21.0,0.4666666666666667,0.2625,21.0,3.5
16,50,14.0,0.3111111111111111,0.175,14.0,2.3333333333333335
16,51,5.0,0.1111111111111111,0.0625,5.0,0.8333333333333334
17,1,3.0,0.06666666666666667,0.0375,3.0,0.5
17,2,13.0,0.28888888888888886,0.1625,13.0,2.1666666666666665
17,3,20.0,0.4444444444444444,0.25,20.0,3.3333333333333335
17,4,12.0,0.26666666666666666,0.15,12.0,2.0
17,5,13.0,0.28888888888888886,0.1625,13.0,2.1666666666666665
17,6,10.0,0.2222222222222222,0.125,10.0,1.6666666666666667
17,7,12.0,0.26666666666666666,0.15,12.0,2.0
17,8,15.0,0.3333333333333333,0.1875,15.0,2.5
17,9,17.0,0.37777777777777777,0.2125,17.0,2.8333333333333335
17,10,4.0,0.08888888888888889,0.05,4.0,0.6666666666666666
17,11,9.0,0.2,0.1125,9.0,1.5
17,12,22.0,0.4888888888888889,0.275,22.0,3.6666666666666665
17,13,9.0,0.2,0.1125,9.0,1.5
17,14,20.0,0.4444444444444444,0.25,20.0,3.3333333333333335
17,15,13.0,0.28888888888888886,0.1625,13.0,2.1666666666666665
17,16,5.0,0.1111111111111111,0.0625,5.0,0.8333333333333334
17,18,8.0,0.17777777777777778,0.1,8.0,1.3333333333333333
17,19,8.0,0.17777777777777778,0.1,8.0,1.3333333333333333
17,20,14.0,0.3111111111111111,0.175,14.0,2.3333333333333335
17,21,22.0,0.4888888888888889,0.275,22.0,3.6666666666666665
17,22,10.0,0.2222222222222222,0.125,10.0,1.6666666666666667
17,23,11.0,0.24444444444444444,0.1375,11.0,1.8333333333333333
17,24,7.0,0.15555555555555556,0.0875,7.0,1.1666666666666667
17,25,22.0,0.4888888888888889,0.275,22.0,3.6666666666666665
17,26,5.0,0.1111111111111111,0.0625,5.0,0.8333333333333334
17,27,19.0,0.4222222222222222,0.2375,19.0,3.1666666666666665
17,28,27.0,0.6,0.3375,27.0,4.5
17,29,16.0,0.35555555555555557,0.2,16.0,2.6666666666666665
17,30,10.0,0.2222222222222222,0.125,10.0,1.6666666666666667
17,31,5.0,0.1111111111111111,0.0625,5.0,0.8333333333333334
17,32,17.0,0.37777777777777777,0.2125,17.0,2.8333333333333335
17,33,6.0,0.13333333333333333,0.075,6.0,1.0
17,34,8.0,0.17777777777777778,0.1,8.0,1.3333333333333333
17,35,18.0,0.4,0.225,18.0,3.0
17,36,15.0,0.3333333333333333,0.1875,15.0,2.5
17,37,19.0,0.4222222222222222,0.2375,19.0,3.1666666666666665
17,38,18.0,0.4,0.225,18.0,3.0
17,39,4.0,0.08888888888888889,0.05,4.0,0.6666666666666666
17,40,13.0,0.28888888888888886,0.1625,13.0,2.1666666666666665
17,41,13.0,0.28888888888888886,0.1625,13.0,2.1666666666666665
17,42,15.0,0.3333333333333333,0.1875,15.0,2.5
17,43,15.0,0.3333333333333333,0.1875,15.0,2.5
17,44,8.0,0.17777777777777778,0.1,8.0,1.3333333333333333
17,45,14.0,0.3111111111111111,0.175,14.0,2.3333333333333335
17,46,11.0,0.24444444444444444,0.1375,11.0,1.8333333333333333
17,47,13.0,0.28888888888888886,0.1625,13.0,2.1666666666666665
17,48,19.0,0.4222222222222222,0.2375,19.0,3.1666666666666665
17,49,18.0,0.4,0.225,18.0,3.0
17,50,9.0,0.2,0.1125,9.0,1.5
17,51,1.0,0.022222222222222223,0.0125,1.0,0.16666666666666666
18,1,7.0,0.15555555555555556,0.0875,7.0,1.1666666666666667
18,2,8.0,0.17777777777777778,0.1,8.0,1.3333333333333333
18,3,12.0,0.26666666666666666,0.15,12.0,2.0
18,4,7.0,0.15555555555555556,0.0875,7.0,1.1666666666666667
18,5,9.0,0.2,0.1125,9.0,1.5
18,6,11.0,0.24444444444444444,0.1375,11.0,1.8333333333333333
18,7,7.0,0.15555555555555556,0.0875,7.0,1.1666666666666667
18,8,10.0,0.2222222222222222,0.125,10.0,1.6666666666666667
18,9,25.0,0.5555555555555556,0.3125,25.0,4.166666666666667
18,10,4.0,0.08888888888888889,0.05,4.0,0.6666666666666666
18,11,14.0,0.3111111111111111,0.175,14.0,2.3333333333333335
18,12,17.0,0.37777777777777777,0.2125,17.0,2.8333333333333335
18,13,17.0,0.37777777777777777,0.2125,17.0,2.8333333333333335
18,14,15.0,0.3333333333333333,0.1875,15.0,2.5
18,15,20.0,0.4444444444444444,0.25,20.0,3.3333333333333335
18,16,10.0,0.2222222222222222,0.125,10.0,1.6666666666666667
18,17,8.0,0.17777777777777778,0.1,8.0,1.3333333333333333
18,19,15.0,0.3333333333333333,0.1875,15.0,2.5
18,20,21.0,0.4666666666666667,0.2625,21.0,3.5
18,21,17.0,0.37777777777777777,0.2125,17.0,2.8333333333333335
18,22,15.0,0.3333333333333333,0.1875,15.0,2.5
18,23,18.0,0.4,0.225,18.0,3.0
18,24,12.0,0.26666666666666666,0.15,12.0,2.0
18,25,17.0,0.37777777777777777,0.2125,17.0,2.8333333333333335
18,26,12.0,0.26666666666666666,0.15,12.0,2.0
18,27,14.0,0.3111111111111111,0.175,14.0,2.3333333333333335
18,28,22.0,0.4888888888888889,0.275,22.0,3.6666666666666665
18,29,16.0,0.35555555555555557,0.2,16.0,2.6666666666666665
18,30,12.0,0.26666666666666666,0.15,12.0,2.0
18,31,7.0,0.15555555555555556,0.0875,7.0,1.1666666666666667
18,32,12.0,0.26666666666666666,0.15,12.0,2.0
18,33,9.0,0.2,0.1125,9.0,1.5
18,34,4.0,0.08888888888888889,0.05,4.0,0.6666666666666666
18,35,10.0,0.2222222222222222,0.125,10.0,1.6666666666666667
18,36,7.0,0.15555555555555556,0.0875,7.0,1.1666666666666667
18,37,14.0,0.3111111111111111,0.175,14.0,2.3333333333333335
18,38,13.0,0.28888888888888886,0.1625,13.0,2.1666666666666665
18,39,12.0,0.26666666666666666,0.15,12.0,2.0
18,40,18.0,0.4,0.225,18.0,3.0
18,41,16.0,0.35555555555555557,0.2,16.0,2.6666666666666665
18,42,9.0,0.2,0.1125,9.0,1.5
18,43,7.0,0.15555555555555556,0.0875,7.0,1.1666666666666667
18,44,15.0,0.3333333333333333,0.1875,15.0,2.5
18,45,21.0,0.4666666666666667,0.2625,21.0,3.5
18,46,4.0,0.08888888888888889,0.05,4.0,0.6666666666666666
18,47,20.0,0.4444444444444444,0.25,20.0,3.3333333333333335
18,48,11.0,0.24444444444444444,0.1375,11.0,1.8333333333333333
18,49,26.0,0.5777777777777777,0.325,26.0,4.333333333333333
18,50,4.0,0.08888888888888889,0.05,4.0,0.6666666666666666
18,51,9.0,0.2,0.1125,9.0,1.5
19,1,10.0,0.2222222222222222,0.125,10.0,1.6666666666666667
19,2,16.0,0.35555555555555557,0.2,16.0,2.6666666666666665
19,3,27.0,0.6,0.3375,27.0,4.5
19,4,9.0,0.2,0.1125,9.0,1.5
19,5,20.0,0.4444444444444444,0.25,20.0,3.3333333333333335
19,6,18.0,0.4,0.225,18.0,3.0
19,7,12.0,0.26666666666666666,0.15,12.0,2.0
19,8,9.0,0.2,0.1125,9.0,1.5
19,9,10.0,0.2222222222222222,0.125,10.0,1.6666666666666667
19,10,12.0,0.26666666666666666,0.15,12.0,2.0
19,11,15.0,0.3333333333333333,0.1875,15.0,2.5
19,12,17.0,0.37777777777777777,0.2125,17.0,2.8333333333333335
19,13,12.0,0.26666666666666666,0.15,12.0,2.0
19,14,14.0,0.3111111111111111,0.175,14.0,2.3333333333333335
19,15,5.0,0.1111111111111111,0.0625,5.0,0.8333333333333334
19,16,12.0,0.26666666666666666,0.15,12.0,2.0
19,17,8.0,0.17777777777777778,0.1,8.0,1.3333333333333333
19,18,15.0,0.3333333333333333,0.1875,15.0,2.5
19,20,7.0,0.15555555555555556,0.0875,7.0,1.1666666666666667
19,21,15.0,0.3333333333333333,0.1875,15.0,2.5
19,22,17.0,0.37777777777777777,0.2125,17.0,2.8333333333333335
19,23,3.0,0.06666666666666667,0.0375,3.0,0.5
19,24,14.0,0.3111111111111111,0.175,14.0,2.3333333333333335
19,25,15.0,0.3333333333333333,0.1875,15.0,2.5
19,26,5.0,0.1111111111111111,0.0625,5.0,0.8333333333333334
19,27,12.0,0.26666666666666666,0.15,12.0,2.0
19,28,20.0,0.4444444444444444,0.25,20.0,3.3333333333333335
19,29,9.0,0.2,0.1125,9.0,1.5
19,30,4.0,0.08888888888888889,0.05,4.0,0.6666666666666666
19,31,9.0,0.2,0.1125,9.0,1.5
19,32,10.0,0.2222222222222222,0.125,10.0,1.6666666666666667
19,33,14.0,0.3111111111111111,0.175,14.0,2.3333333333333335
19,34,15.0,0.3333333333333333,0.1875,15.0,2.5
19,35,25.0,0.5555555555555556,0.3125,25.0,4.166666666666667
19,36,22.0,0.4888888888888889,0.275,22.0,3.6666666666666665
19,37,19.0,0.4222222222222222,0.2375,19.0,3.1666666666666665
19,38,14.0,0.3111111111111111,0.175,14.0,2.3333333333333335
19,39,10.0,0.2222222222222222,0.125,10.0,1.6666666666666667
19,40,20.0,0.4444444444444444,0.25,20.0,3.3333333333333335
19,41,6.0,0.13333333333333333,0.075,6.0,1.0
19,42,22.0,0.4888888888888889,0.275,22.0,3.6666666666666665
19,43,22.0,0.4888888888888889,0.275,22.0,3.6666666666666665
19,44,7.0,0.15555555555555556,0.0875,7.0,1.1666666666666667
19,45,6.0,0.13333333333333333,0.075,6.0,1.0
19,46,19.0,0.4222222222222222,0.2375,19.0,3.1666666666666665
19,47,5.0,0.1111111111111111,0.0625,5.0,0.8333333333333334
19,48,26.0,0.5777777777777777,0.325,26.0,4.333333333333333
19,49,11.0,0.24444444444444444,0.1375,11.0,1.8333333333333333
19,50,15.0,0.3333333333333333,0.1875,15.0,2.5
19,51,7.0,0.15555555555555556,0.0875,7.0,1.1666666666666667
20,1,16.0,0.35555555555555557,0.2,16.0,2.6666666666666665
20,2,22.0,0.4888888888888889,0.275,22.0,3.6666666666666665
20,3,32.0,0.7111111111111111,0.4,32.0,5.333333333333333
20,4,14.0,0.3111111111111111,0.175,14.0,2.3333333333333335
20,5,26.0,0.5777777777777777,0.325,26.0,4.333333333333333
20,6,23.0,0.5111111111111111,0.2875,23.0,3.8333333333333335
20,7,17.0,0.37777777777777777,0.2125,17.0,2.8333333333333335
20,8,11.0,0.24444444444444444,0.1375,11.0,1.8333333333333333
20,9,4.0,0.08888888888888889,0.05,4.0,0.6666666666666666
20,10,17.0,0.37777777777777777,0.2125,17.0,2.8333333333333335
20,11,22.0,0.4888888888888889,0.275,22.0,3.6666666666666665
20,12,22.0,0.4888888888888889,0.275,22.0,3.6666666666666665
20,13,18.0,0.4,0.225,18.0,3.0
20,14,12.0,0.26666666666666666,0.15,12.0,2.0
20,15,9.0,0.2,0.1125,9.0,1.5
20,16,19.0,0.4222222222222222,0.2375,19.0,3.1666666666666665
20,17,14.0,0.3111111111111111,0.175,14.0,2.3333333333333335
20,18,21.0,0.4666666666666667,0.2625,21.0,3.5
20,19,7.0,0.15555555555555556,0.0875,7.0,1.1666666666666667
20,21,17.0,0.37777777777777777,0.2125,17.0,2.8333333333333335
20,22,24.0,0.5333333333333333,0.3,24.0,4.0
20,23,5.0,0.1111111111111111,0.0625,5.0,0.8333333333333334
20,24,20.0,0.4444444444444444,0.25,20.0,3.3333333333333335
20,25,15.0,0.3333333333333333,0.1875,15.0,2.5
20,26,11.0,0.24444444444444444,0.1375,11.0,1.8333333333333333
20,27,7.0,0.15555555555555556,0.0875,7.0,1.1666666666666667
20,28,16.0,0.35555555555555557,0.2,16.0,2.6666666666666665
20,29,5.0,0.1111111111111111,0.0625,5.0,0.8333333333333334
20,30,9.0,0.2,0.1125,9.0,1.5
20,31,14.0,0.3111111111111111,0.175,14.0,2.3333333333333335
20,32,16.0,0.35555555555555557,0.2,16.0,2.6666666666666665
20,33,19.0,0.4222222222222222,0.2375,19.0,3.1666666666666665
20,34,21.0,0.4666666666666667,0.2625,21.0,3.5
20,35,31.0,0.6888888888888889,0.3875,31.0,5.166666666666667
20,36,27.0,0.6,0.3375,27.0,4.5
20,37,24.0,0.5333333333333333,0.3,24.0,4.0
20,38,20.0,0.4444444444444444,0.25,20.0,3.3333333333333335
20,39,17.0,0.37777777777777777,0.2125,17.0,2.8333333333333335
20,40,26.0,0.5777777777777777,0.325,26.0,4.333333333333333
20,41,5.0,0.1111111111111111,0.0625,5.0,0.8333333333333334
20,42,27.0,0.6,0.3375,27.0,4.5
20,43,27.0,0.6,0.3375,27.0,4.5
20,44,14.0,0.3111111111111111,0.175,14.0,2.3333333333333335
20,45,5.0,0.1111111111111111,0.0625,5.0,0.8333333333333334
20,46,24.0,0.5333333333333333,0.3,24.0,4.0
20,47,12.0,0.26666666666666666,0.15,12.0,2.0
20,48,32.0,0.7111111111111111,0.4,32.0,5.333333333333333
20,49,8.0,0.17777777777777778,0.1,8.0,1.3333333333333333
20,50,21.0,0.4666666666666667,0.2625,21.0,3.5
20,51,14.0,0.3111111111111111,0.175,14.0,2.3333333333333335
21,1,23.0,0.5111111111111111,0.2875,23.0,3.8333333333333335
21,2,9.0,0.2,0.1125,9.0,1.5
21,3,15.0,0.3333333333333333,0.1875,15.0,2.5
21,4,10.0,0.2222222222222222,0.125,10.0,1.6666666666666667
21,5,25.0,0.5555555555555556,0.3125,25.0,4.166666666666667
21,6,27.0,0.6,0.3375,27.0,4.5
21,7,10.0,0.2222222222222222,0.125,10.0,1.6666666666666667
21,8,7.0,0.15555555555555556,0.0875,7.0,1.1666666666666667
21,9,21.0,0.4666666666666667,0.2625,21.0,3.5
21,10,18.0,0.4,0.225,18.0,3.0
21,11,30.0,0.6666666666666666,0.375,30.0,5.0
21,12,5.0,0.1111111111111111,0.0625,5.0,0.8333333333333334
21,13,27.0,0.6,0.3375,27.0,4.5
21,14,5.0,0.1111111111111111,0.0625,5.0,0.8333333333333334
21,15,17.0,0.37777777777777777,0.2125,17.0,2.8333333333333335
21,16,27.0,0.6,0.3375,27.0,4.5
21,17,22.0,0.4888888888888889,0.275,22.0,3.6666666666666665
21,18,17.0,0.37777777777777777,0.2125,17.0,2.8333333333333335
21,19,15.0,0.3333333333333333,0.1875,15.0,2.5
21,20,17.0,0.37777777777777777,0.2125,17.0,2.8333333333333335
21,22,32.0,0.7111111111111111,0.4,32.0,5.333333333333333
21,23,15.0,0.3333333333333333,0.1875,15.0,2.5
21,24,29.0,0.6444444444444445,0.3625,29.0,4.833333333333333
21,25,3.0,0.06666666666666667,0.0375,3.0,0.5
21,26,20.0,0.4444444444444444,0.25,20.0,3.3333333333333335
21,27,10.0,0.2222222222222222,0.125,10.0,1.6666666666666667
21,28,5.0,0.1111111111111111,0.0625,5.0,0.8333333333333334
21,29,13.0,0.28888888888888886,0.1625,13.0,2.1666666666666665
21,30,12.0,0.26666666666666666,0.15,12.0,2.0
21,31,17.0,0.37777777777777777,0.2125,17.0,2.8333333333333335
21,32,5.0,0.1111111111111111,0.0625,5.0,0.8333333333333334
21,33,25.0,0.5555555555555556,0.3125,25.0,4.166666666666667
21,34,20.0,0.4444444444444444,0.25,20.0,3.3333333333333335
21,35,20.0,0.4444444444444444,0.25,20.0,3.3333333333333335
21,36,10.0,0.2222222222222222,0.125,10.0,1.6666666666666667
21,37,7.0,0.15555555555555556,0.0875,7.0,1.1666666666666667
21,38,4.0,0.08888888888888889,0.05,4.0,0.6666666666666666
21,39,25.0,0.5555555555555556,0.3125,25.0,4.166666666666667
21,40,35.0,0.7777777777777778,0.4375,35.0,5.833333333333333
21,41,13.0,0.28888888888888886,0.1625,13.0,2.1666666666666665
21,42,10.0,0.2222222222222222,0.125,10.0,1.6666666666666667
21,43,17.0,0.37777777777777777,0.2125,17.0,2.8333333333333335
21,44,22.0,0.4888888888888889,0.275,22.0,3.6666666666666665
21,45,18.0,0.4,0.225,18.0,3.0
21,46,14.0,0.3111111111111111,0.175,14.0,2.3333333333333335
21,47,20.0,0.4444444444444444,0.25,20.0,3.3333333333333335
21,48,16.0,0.35555555555555557,0.2,16.0,2.6666666666666665
21,49,23.0,0.5111111111111111,0.2875,23.0,3.8333333333333335
21,50,14.0,0.3111111111111111,0.175,14.0,2.3333333333333335
21,51,22.0,0.4888888888888889,0.275,22.0,3.6666666666666665
22,1,9.0,0.2,0.1125,9.0,1.5
22,2,23.0,0.5111111111111111,0.2875,23.0,3.8333333333333335
22,3,20.0,0.4444444444444444,0.25,20.0,3.3333333333333335
22,4,22.0,0.4888888888888889,0.275,22.0,3.6666666666666665
22,5,7.0,0.15555555555555556,0.0875,7.0,1.1666666666666667
22,6,5.0,0.1111111111111111,0.0625,5.0,0.8333333333333334
22,7,22.0,0.4888888888888889,0.275,22.0,3.6666666666666665
22,8,25.0,0.5555555555555556,0.3125,25.0,4.166666666666667
22,9,23.0,0.5111111111111111,0.2875,23.0,3.8333333333333335
22,10,14.0,0.3111111111111111,0.175,14.0,2.3333333333333335
22,11,5.0,0.1111111111111111,0.0625,5.0,0.8333333333333334
22,12,32.0,0.7111111111111111,0.4,32.0,5.333333333333333
22,13,15.0,0.3333333333333333,0.1875,15.0,2.5
22,14,30.0,0.6666666666666666,0.375,30.0,5.0
22,15,19.0,0.4222222222222222,0.2375,19.0,3.1666666666666665
22,16,5.0,0.1111111111111111,0.0625,5.0,0.8333333333333334
22,17,10.0,0.2222222222222222,0.125,10.0,1.6666666666666667
22,18,15.0,0.3333333333333333,0.1875,15.0,2.5
22,19,17.0,0.37777777777777777,0.2125,17.0,2.8333333333333335
22,20,24.0,0.5333333333333333,0.3,24.0,4.0
22,21,32.0,0.7111111111111111,0.4,32.0,5.333333333333333
22,23,19.0,0.4222222222222222,0.2375,19.0,3.1666666666666665
22,24,10.0,0.2222222222222222,0.125,10.0,1.6666666666666667
22,25,32.0,0.7111111111111111,0.4,32.0,5.333333333333333
22,26,13.0,0.28888888888888886,0.1625,13.0,2.1666666666666665
22,27,29.0,0.6444444444444445,0.3625,29.0,4.833333333333333
22,28,37.0,0.8222222222222222,0.4625,37.0,6.166666666666667
22,29,26.0,0.5777777777777777,0.325,26.0,4.333333333333333
22,30,20.0,0.4444444444444444,0.25,20.0,3.3333333333333335
22,31,15.0,0.3333333333333333,0.1875,15.0,2.5
22,32,27.0,0.6,0.3375,27.0,4.5
22,33,7.0,0.15555555555555556,0.0875,7.0,1.1666666666666667
22,34,12.0,0.26666666666666666,0.15,12.0,2.0
22,35,12.0,0.26666666666666666,0.15,12.0,2.0
22,36,22.0,0.4888888888888889,0.275,22.0,3.6666666666666665
22,37,29.0,0.6444444444444445,0.3625,29.0,4.833333333333333
22,38,28.0,0.6222222222222222,0.35,28.0,4.666666666666667
22,39,10.0,0.2222222222222222,0.125,10.0,1.6666666666666667
22,40,4.0,0.08888888888888889,0.05,4.0,0.6666666666666666
22,41,23.0,0.5111111111111111,0.2875,23.0,3.8333333333333335
22,42,24.0,0.5333333333333333,0.3,24.0,4.0
22,43,15.0,0.3333333333333333,0.1875,15.0,2.5
22,44,14.0,0.3111111111111111,0.175,14.0,2.3333333333333335
22,45,20.0,0.4444444444444444,0.25,20.0,3.3333333333333335
22,46,19.0,0.4222222222222222,0.2375,19.0,3.1666666666666665
22,47,19.0,0.4222222222222222,0.2375,19.0,3.1666666666666665
22,48,16.0,0.35555555555555557,0.2,16.0,2.6666666666666665
22,49,24.0,0.5333333333333333,0.3,24.0,4.0
22,50,19.0,0.4222222222222222,0.2375,19.0,3.1666666666666665
22,51,10.0,0.2222222222222222,0.125,10.0,1.6666666666666667
23,1,13.0,0.28888888888888886,0.1625,13.0,2.1666666666666665
23,2,19.0,0.4222222222222222,0.2375,19.0,3.1666666666666665
23,3,30.0,0.6666666666666666,0.375,30.0,5.0
23,4,12.0,0.26666666666666666,0.15,12.0,2.0
23,5,23.0,0.5111111111111111,0.2875,23.0,3.8333333333333335
23,6,21.0,0.4666666666666667,0.2625,21.0,3.5
23,7,15.0,0.3333333333333333,0.1875,15.0,2.5
23,8,8.0,0.17777777777777778,0.1,8.0,1.3333333333333333
23,9,7.0,0.15555555555555556,0.0875,7.0,1.1666666666666667
23,10,15.0,0.3333333333333333,0.1875,15.0,2.5
23,11,17.0,0.37777777777777777,0.2125,17.0,2.8333333333333335
23,12,20.0,0.4444444444444444,0.25,20.0,3.3333333333333335
23,13,13.0,0.28888888888888886,0.1625,13.0,2.1666666666666665
23,14,12.0,0.26666666666666666,0.15,12.0,2.0
23,15,4.0,0.08888888888888889,0.05,4.0,0.6666666666666666
23,16,14.0,0.3111111111111111,0.175,14.0,2.3333333333333335
23,17,11.0,0.24444444444444444,0.1375,11.0,1.8333333333333333
23,18,18.0,0.4,0.225,18.0,3.0
23,19,3.0,0.06666666666666667,0.0375,3.0,0.5
23,20,5.0,0.1111111111111111,0.0625,5.0,0.8333333333333334
23,21,15.0,0.3333333333333333,0.1875,15.0,2.5
23,22,19.0,0.4222222222222222,0.2375,19.0,3.1666666666666665
23,24,15.0,0.3333333333333333,0.1875,15.0,2.5
23,25,14.0,0.3111111111111111,0.175,14.0,2.3333333333333335
23,26,6.0,0.13333333333333333,0.075,6.0,1.0
23,27,10.0,0.2222222222222222,0.125,10.0,1.6666666666666667
23,28,19.0,0.4222222222222222,0.2375,19.0,3.1666666666666665
23,29,7.0,0.15555555555555556,0.0875,7.0,1.1666666666666667
23,30,7.0,0.15555555555555556,0.0875,7.0,1.1666666666666667
23,31,12.0,0.26666666666666666,0.15,12.0,2.0
23,32,13.0,0.28888888888888886,0.1625,13.0,2.1666666666666665
23,33,17.0,0.37777777777777777,0.2125,17.0,2.8333333333333335
23,34,18.0,0.4,0.225,18.0,3.0
23,35,28.0,0.6222222222222222,0.35,28.0,4.666666666666667
23,36,25.0,0.5555555555555556,0.3125,25.0,4.166666666666667
23,37,22.0,0.4888888888888889,0.275,22.0,3.6666666666666665
23,38,17.0,0.37777777777777777,0.2125,17.0,2.8333333333333335
23,39,12.0,0.26666666666666666,0.15,12.0,2.0
23,40,21.0,0.4666666666666667,0.2625,21.0,3.5
23,41,4.0,0.08888888888888889,0.05,4.0,0.6666666666666666
23,42,25.0,0.5555555555555556,0.3125,25.0,4.166666666666667
23,43,25.0,0.5555555555555556,0.3125,25.0,4.166666666666667
23,44,9.0,0.2,0.1125,9.0,1.5
23,45,3.0,0.06666666666666667,0.0375,3.0,0.5
23,46,22.0,0.4888888888888889,0.275,22.0,3.6666666666666665
23,47,7.0,0.15555555555555556,0.0875,7.0,1.1666666666666667
23,48,29.0,0.6444444444444445,0.3625,29.0,4.833333333333333
23,49,8.0,0.17777777777777778,0.1,8.0,1.3333333333333333
23,50,18.0,0.4,0.225,18.0,3.0
23,51,10.0,0.2222222222222222,0.125,10.0,1.6666666666666667
24,1,7.0,0.15555555555555556,0.0875,7.0,1.1666666666666667
24,2,20.0,0.4444444444444444,0.25,20.0,3.3333333333333335
24,3,24.0,0.5333333333333333,0.3,24.0,4.0
24,4,19.0,0.4222222222222222,0.2375,19.0,3.1666666666666665
24,5,17.0,0.37777777777777777,0.2125,17.0,2.8333333333333335
24,6,14.0,0.3111111111111111,0.175,14.0,2.3333333333333335
24,7,19.0,0.4222222222222222,0.2375,19.0,3.1666666666666665
24,8,22.0,0.4888888888888889,0.275,22.0,3.6666666666666665
24,9,16.0,0.35555555555555557,0.2,16.0,2.6666666666666665
24,10,11.0,0.24444444444444444,0.1375,11.0,1.8333333333333333
24,11,5.0,0.1111111111111111,0.0625,5.0,0.8333333333333334
24,12,28.0,0.6222222222222222,0.35,28.0,4.666666666666667
24,13,5.0,0.1111111111111111,0.0625,5.0,0.8333333333333334
24,14,27.0,0.6,0.3375,27.0,4.5
24,15,12.0,0.26666666666666666,0.15,12.0,2.0
24,16,7.0,0.15555555555555556,0.0875,7.0,1.1666666666666667
24,17,7.0,0.15555555555555556,0.0875,7.0,1.1666666666666667
24,18,12.0,0.26666666666666666,0.15,12.0,2.0
24,19,14.0,0.3111111111111111,0.175,14.0,2.3333333333333335
24,20,20.0,0.4444444444444444,0.25,20.0,3.3333333333333335
24,21,29.0,0.6444444444444445,0.3625,29.0,4.833333333333333
24,22,10.0,0.2222222222222222,0.125,10.0,1.6666666666666667
24,23,15.0,0.3333333333333333,0.1875,15.0,2.5
24,25,29.0,0.6444444444444445,0.3625,29.0,4.833333333333333
24,26,9.0,0.2,0.1125,9.0,1.5
24,27,25.0,0.5555555555555556,0.3125,25.0,4.166666666666667
24,28,34.0,0.7555555555555555,0.425,34.0,5.666666666666667
24,29,22.0,0.4888888888888889,0.275,22.0,3.6666666666666665
24,30,17.0,0.37777777777777777,0.2125,17.0,2.8333333333333335
24,31,12.0,0.26666666666666666,0.15,12.0,2.0
24,32,24.0,0.5333333333333333,0.3,24.0,4.0
24,33,10.0,0.2222222222222222,0.125,10.0,1.6666666666666667
24,34,12.0,0.26666666666666666,0.15,12.0,2.0
24,35,22.0,0.4888888888888889,0.275,22.0,3.6666666666666665
24,36,19.0,0.4222222222222222,0.2375,19.0,3.1666666666666665
24,37,25.0,0.5555555555555556,0.3125,25.0,4.166666666666667
24,38,25.0,0.5555555555555556,0.3125,25.0,4.166666666666667
24,39,4.0,0.08888888888888889,0.05,4.0,0.6666666666666666
24,40,6.0,0.13333333333333333,0.075,6.0,1.0
24,41,19.0,0.4222222222222222,0.2375,19.0,3.1666666666666665
24,42,21.0,0.4666666666666667,0.2625,21.0,3.5
24,43,19.0,0.4222222222222222,0.2375,19.0,3.1666666666666665
24,44,7.0,0.15555555555555556,0.0875,7.0,1.1666666666666667
24,45,16.0,0.35555555555555557,0.2,16.0,2.6666666666666665
24,46,15.0,0.3333333333333333,0.1875,15.0,2.5
24,47,9.0,0.2,0.1125,9.0,1.5
24,48,23.0,0.5111111111111111,0.2875,23.0,3.8333333333333335
24,49,14.0,0.3111111111111111,0.175,14.0,2.3333333333333335
24,50,15.0,0.3333333333333333,0.1875,15.0,2.5
24,51,7.0,0.15555555555555556,0.0875,7.0,1.1666666666666667
25,1,23.0,0.5111111111111111,0.2875,23.0,3.8333333333333335
25,2,9.0,0.2,0.1125,9.0,1.5
25,3,18.0,0.4,0.225,18.0,3.0
25,4,10.0,0.2222222222222222,0.125,10.0,1.6666666666666667
25,5,25.0,0.5555555555555556,0.3125,25.0,4.166666666666667
25,6,27.0,0.6,0.3375,27.0,4.5
25,7,10.0,0.2222222222222222,0.125,10.0,1.6666666666666667
25,8,7.0,0.15555555555555556,0.0875,7.0,1.1666666666666667
25,9,19.0,0.4222222222222222,0.2375,19.0,3.1666666666666665
25,10,18.0,0.4,0.225,18.0,3.0
25,11,30.0,0.6666666666666666,0.375,30.0,5.0
25,12,8.0,0.17777777777777778,0.1,8.0,1.3333333333333333
25,13,27.0,0.6,0.3375,27.0,4.5
25,14,3.0,0.06666666666666667,0.0375,3.0,0.5
25,15,17.0,0.37777777777777777,0.2125,17.0,2.8333333333333335
25,16,27.0,0.6,0.3375,27.0,4.5
25,17,22.0,0.4888888888888889,0.275,22.0,3.6666666666666665
25,18,17.0,0.37777777777777777,0.2125,17.0,2.8333333333333335
25,19,15.0,0.3333333333333333,0.1875,15.0,2.5
25,20,15.0,0.3333333333333333,0.1875,15.0,2.5
25,21,3.0,0.06666666666666667,0.0375,3.0,0.5
25,22,32.0,0.7111111111111111,0.4,32.0,5.333333333333333
25,23,14.0,0.3111111111111111,0.175,14.0,2.3333333333333335
25,24,29.0,0.6444444444444445,0.3625,29.0,4.833333333333333
25,26,20.0,0.4444444444444444,0.25,20.0,3.3333333333333335
25,27,8.0,0.17777777777777778,0.1,8.0,1.3333333333333333
25,28,5.0,0.1111111111111111,0.0625,5.0,0.8333333333333334
25,29,10.0,0.2222222222222222,0.125,10.0,1.6666666666666667
25,30,12.0,0.26666666666666666,0.15,12.0,2.0
25,31,17.0,0.37777777777777777,0.2125,17.0,2.8333333333333335
25,32,5.0,0.1111111111111111,0.0625,5.0,0.8333333333333334
25,33,25.0,0.5555555555555556,0.3125,25.0,4.166666666666667
25,34,20.0,0.4444444444444444,0.25,20.0,3.3333333333333335
25,35,20.0,0.4444444444444444,0.25,20.0,3.3333333333333335
25,36,13.0,0.28888888888888886,0.1625,13.0,2.1666666666666665
25,37,10.0,0.2222222222222222,0.125,10.0,1.6666666666666667
25,38,5.0,0.1111111111111111,0.0625,5.0,0.8333333333333334
25,39,25.0,0.5555555555555556,0.3125,25.0,4.166666666666667
25,40,35.0,0.7777777777777778,0.4375,35.0,5.833333333333333
25,41,10.0,0.2222222222222222,0.125,10.0,1.6666666666666667
25,42,13.0,0.28888888888888886,0.1625,13.0,2.1666666666666665
25,43,17.0,0.37777777777777777,0.2125,17.0,2.8333333333333335
25,44,22.0,0.4888888888888889,0.275,22.0,3.6666666666666665
25,45,15.0,0.3333333333333333,0.1875,15.0,2.5
25,46,14.0,0.3111111111111111,0.175,14.0,2.3333333333333335
25,47,20.0,0.4444444444444444,0.25,20.0,3.3333333333333335
25,48,17.0,0.37777777777777777,0.2125,17.0,2.8333333333333335
25,49,20.0,0.4444444444444444,0.25,20.0,3.3333333333333335
25,50,14.0,0.3111111111111111,0.175,14.0,2.3333333333333335
25,51,22.0,0.4888888888888889,0.275,22.0,3.6666666666666665
26,1,7.0,0.15555555555555556,0.0875,7.0,1.1666666666666667
26,2,13.0,0.28888888888888886,0.1625,13.0,2.1666666666666665
26,3,24.0,0.5333333333333333,0.3,24.0,4.0
26,4,10.0,0.2222222222222222,0.125,10.0,1.6666666666666667
26,5,17.0,0.37777777777777777,0.2125,17.0,2.8333333333333335
26,6,15.0,0.3333333333333333,0.1875,15.0,2.5
26,7,10.0,0.2222222222222222,0.125,10.0,1.6666666666666667
26,8,13.0,0.28888888888888886,0.1625,13.0,2.1666666666666665
26,9,13.0,0.28888888888888886,0.1625,13.0,2.1666666666666665
26,10,9.0,0.2,0.1125,9.0,1.5
26,11,11.0,0.24444444444444444,0.1375,11.0,1.8333333333333333
26,12,19.0,0.4222222222222222,0.2375,19.0,3.1666666666666665
26,13,7.0,0.15555555555555556,0.0875,7.0,1.1666666666666667
26,14,18.0,0.4,0.225,18.0,3.0
26,15,8.0,0.17777777777777778,0.1,8.0,1.3333333333333333
26,16,8.0,0.17777777777777778,0.1,8.0,1.3333333333333333
26,17,5.0,0.1111111111111111,0.0625,5.0,0.8333333333333334
26,18,12.0,0.26666666666666666,0.15,12.0,2.0
26,19,5.0,0.1111111111111111,0.0625,5.0,0.8333333333333334
26,20,11.0,0.24444444444444444,0.1375,11.0,1.8333333333333333
26,21,20.0,0.4444444444444444,0.25,20.0,3.3333333333333335
26,22,13.0,0.28888888888888886,0.1625,13.0,2.1666666666666665
26,23,6.0,0.13333333333333333,0.075,6.0,1.0
26,24,9.0,0.2,0.1125,9.0,1.5
26,25,20.0,0.4444444444444444,0.25,20.0,3.3333333333333335
26,27,16.0,0.35555555555555557,0.2,16.0,2.6666666666666665
26,28,25.0,0.5555555555555556,0.3125,25.0,4.166666666666667
26,29,13.0,0.28888888888888886,0.1625,13.0,2.1666666666666665
26,30,8.0,0.17777777777777778,0.1,8.0,1.3333333333333333
26,31,6.0,0.13333333333333333,0.075,6.0,1.0
26,32,15.0,0.3333333333333333,0.1875,15.0,2.5
26,33,11.0,0.24444444444444444,0.1375,11.0,1.8333333333333333
26,34,12.0,0.26666666666666666,0.15,12.0,2.0
26,35,22.0,0.4888888888888889,0.275,22.0,3.6666666666666665
26,36,19.0,0.4222222222222222,0.2375,19.0,3.1666666666666665
26,37,16.0,0.35555555555555557,0.2,16.0,2.6666666666666665
26,38,16.0,0.35555555555555557,0.2,16.0,2.6666666666666665
26,39,6.0,0.13333333333333333,0.075,6.0,1.0
26,40,15.0,0.3333333333333333,0.1875,15.0,2.5
26,41,10.0,0.2222222222222222,0.125,10.0,1.6666666666666667
26,42,19.0,0.4222222222222222,0.2375,19.0,3.1666666666666665
26,43,19.0,0.4222222222222222,0.2375,19.0,3.1666666666666665
26,44,3.0,0.06666666666666667,0.0375,3.0,0.5
26,45,9.0,0.2,0.1125,9.0,1.5
26,46,16.0,0.35555555555555557,0.2,16.0,2.6666666666666665
26,47,8.0,0.17777777777777778,0.1,8.0,1.3333333333333333
26,48,23.0,0.5111111111111111,0.2875,23.0,3.8333333333333335
26,49,14.0,0.3111111111111111,0.175,14.0,2.3333333333333335
26,50,12.0,0.26666666666666666,0.15,12.0,2.0
26,51,4.0,0.08888888888888889,0.05,4.0,0.6666666666666666
27,1,20.0,0.4444444444444444,0.25,20.0,3.3333333333333335
27,2,15.0,0.3333333333333333,0.1875,15.0,2.5
27,3,25.0,0.5555555555555556,0.3125,25.0,4.166666666666667
27,4,7.0,0.15555555555555556,0.0875,7.0,1.1666666666666667
27,5,22.0,0.4888888888888889,0.275,22.0,3.6666666666666665
27,6,24.0,0.5333333333333333,0.3,24.0,4.0
27,7,10.0,0.2222222222222222,0.125,10.0,1.6666666666666667
27,8,4.0,0.08888888888888889,0.05,4.0,0.6666666666666666
27,9,11.0,0.24444444444444444,0.1375,11.0,1.8333333333333333
27,10,15.0,0.3333333333333333,0.1875,15.0,2.5
27,11,27.0,0.6,0.3375,27.0,4.5
27,12,15.0,0.3333333333333333,0.1875,15.0,2.5
27,13,23.0,0.5111111111111111,0.2875,23.0,3.8333333333333335
27,14,5.0,0.1111111111111111,0.0625,5.0,0.8333333333333334
27,15,14.0,0.3111111111111111,0.175,14.0,2.3333333333333335
27,16,24.0,0.5333333333333333,0.3,24.0,4.0
27,17,19.0,0.4222222222222222,0.2375,19.0,3.1666666666666665
27,18,14.0,0.3111111111111111,0.175,14.0,2.3333333333333335
27,19,12.0,0.26666666666666666,0.15,12.0,2.0
27,20,7.0,0.15555555555555556,0.0875,7.0,1.1666666666666667
27,21,10.0,0.2222222222222222,0.125,10.0,1.6666666666666667
27,22,29.0,0.6444444444444445,0.3625,29.0,4.833333333333333
27,23,10.0,0.2222222222222222,0.125,10.0,1.6666666666666667
27,24,25.0,0.5555555555555556,0.3125,25.0,4.166666666666667
27,25,8.0,0.17777777777777778,0.1,8.0,1.3333333333333333
27,26,16.0,0.35555555555555557,0.2,16.0,2.6666666666666665
27,28,9.0,0.2,0.1125,9.0,1.5
27,29,3.0,0.06666666666666667,0.0375,3.0,0.5
27,30,9.0,0.2,0.1125,9.0,1.5
27,31,14.0,0.3111111111111111,0.175,14.0,2.3333333333333335
27,32,9.0,0.2,0.1125,9.0,1.5
27,33,22.0,0.4888888888888889,0.275,22.0,3.6666666666666665
27,34,17.0,0.37777777777777777,0.2125,17.0,2.8333333333333335
27,35,24.0,0.5333333333333333,0.3,24.0,4.0
27,36,20.0,0.4444444444444444,0.25,20.0,3.3333333333333335
27,37,17.0,0.37777777777777777,0.2125,17.0,2.8333333333333335
27,38,13.0,0.28888888888888886,0.1625,13.0,2.1666666666666665
27,39,22.0,0.4888888888888889,0.275,22.0,3.6666666666666665
27,40,31.0,0.6888888888888889,0.3875,31.0,5.166666666666667
27,41,6.0,0.13333333333333333,0.075,6.0,1.0
27,42,20.0,0.4444444444444444,0.25,20.0,3.3333333333333335
27,43,20.0,0.4444444444444444,0.25,20.0,3.3333333333333335
27,44,19.0,0.4222222222222222,0.2375,19.0,3.1666666666666665
27,45,10.0,0.2222222222222222,0.125,10.0,1.6666666666666667
27,46,17.0,0.37777777777777777,0.2125,17.0,2.8333333333333335
27,47,17.0,0.37777777777777777,0.2125,17.0,2.8333333333333335
27,48,25.0,0.5555555555555556,0.3125,25.0,4.166666666666667
27,49,13.0,0.28888888888888886,0.1625,13.0,2.1666666666666665
27,50,14.0,0.3111111111111111,0.175,14.0,2.3333333333333335
27,51,19.0,0.4222222222222222,0.2375,19.0,3.1666666666666665
28,1,28.0,0.6222222222222222,0.35,28.0,4.666666666666667
28,2,14.0,0.3111111111111111,0.175,14.0,2.3333333333333335
28,3,17.0,0.37777777777777777,0.2125,17.0,2.8333333333333335
28,4,15.0,0.3333333333333333,0.1875,15.0,2.5
28,5,30.0,0.6666666666666666,0.375,30.0,5.0
28,6,32.0,0.7111111111111111,0.4,32.0,5.333333333333333
28,7,15.0,0.3333333333333333,0.1875,15.0,2.5
28,8,12.0,0.26666666666666666,0.15,12.0,2.0
28,9,20.0,0.4444444444444444,0.25,20.0,3.3333333333333335
28,10,23.0,0.5111111111111111,0.2875,23.0,3.8333333333333335
28,11,35.0,0.7777777777777778,0.4375,35.0,5.833333333333333
28,12,7.0,0.15555555555555556,0.0875,7.0,1.1666666666666667
28,13,32.0,0.7111111111111111,0.4,32.0,5.333333333333333
28,14,7.0,0.15555555555555556,0.0875,7.0,1.1666666666666667
28,15,22.0,0.4888888888888889,0.275,22.0,3.6666666666666665
28,16,32.0,0.7111111111111111,0.4,32.0,5.333333333333333
28,17,27.0,0.6,0.3375,27.0,4.5
28,18,22.0,0.4888888888888889,0.275,22.0,3.6666666666666665
28,19,20.0,0.4444444444444444,0.25,20.0,3.3333333333333335
28,20,16.0,0.35555555555555557,0.2,16.0,2.6666666666666665
28,21,5.0,0.1111111111111111,0.0625,5.0,0.8333333333333334
28,22,37.0,0.8222222222222222,0.4625,37.0,6.166666666666667
28,23,19.0,0.4222222222222222,0.2375,19.0,3.1666666666666665
28,24,34.0,0.7555555555555555,0.425,34.0,5.666666666666667
28,25,5.0,0.1111111111111111,0.0625,5.0,0.8333333333333334
28,26,25.0,0.5555555555555556,0.3125,25.0,4.166666666666667
28,27,9.0,0.2,0.1125,9.0,1.5
28,29,12.0,0.26666666666666666,0.15,12.0,2.0
28,30,17.0,0.37777777777777777,0.2125,17.0,2.8333333333333335
28,31,22.0,0.4888888888888889,0.275,22.0,3.6666666666666665
28,32,10.0,0.2222222222222222,0.125,10.0,1.6666666666666667
28,33,30.0,0.6666666666666666,0.375,30.0,5.0
28,34,25.0,0.5555555555555556,0.3125,25.0,4.166666666666667
28,35,25.0,0.5555555555555556,0.3125,25.0,4.166666666666667
28,36,15.0,0.3333333333333333,0.1875,15.0,2.5
28,37,9.0,0.2,0.1125,9.0,1.5
28,38,9.0,0.2,0.1125,9.0,1.5
28,39,30.0,0.6666666666666666,0.375,30.0,5.0
28,40,40.0,0.8888888888888888,0.5,40.0,6.666666666666667
28,41,15.0,0.3333333333333333,0.1875,15.0,2.5
28,42,13.0,0.28888888888888886,0.1625,13.0,2.1666666666666665
28,43,22.0,0.4888888888888889,0.275,22.0,3.6666666666666665
28,44,27.0,0.6,0.3375,27.0,4.5
28,45,18.0,0.4,0.225,18.0,3.0
28,46,19.0,0.4222222222222222,0.2375,19.0,3.1666666666666665
28,47,25.0,0.5555555555555556,0.3125,25.0,4.166666666666667
28,48,21.0,0.4666666666666667,0.2625,21.0,3.5
28,49,22.0,0.4888888888888889,0.275,22.0,3.6666666666666665
28,50,19.0,0.4222222222222222,0.2375,19.0,3.1666666666666665
28,51,27.0,0.6,0.3375,27.0,4.5
29,1,17.0,0.37777777777777777,0.2125,17.0,2.8333333333333335
29,2,17.0,0.37777777777777777,0.2125,17.0,2.8333333333333335
29,3,28.0,0.6222222222222222,0.35,28.0,4.666666666666667
29,4,9.0,0.2,0.1125,9.0,1.5
29,5,21.0,0.4666666666666667,0.2625,21.0,3.5
29,6,21.0,0.4666666666666667,0.2625,21.0,3.5
29,7,13.0,0.28888888888888886,0.1625,13.0,2.1666666666666665
29,8,6.0,0.13333333333333333,0.075,6.0,1.0
29,9,9.0,0.2,0.1125,9.0,1.5
29,10,12.0,0.26666666666666666,0.15,12.0,2.0
29,11,24.0,0.5333333333333333,0.3,24.0,4.0
29,12,18.0,0.4,0.225,18.0,3.0
29,13,20.0,0.4444444444444444,0.25,20.0,3.3333333333333335
29,14,8.0,0.17777777777777778,0.1,8.0,1.3333333333333333
29,15,11.0,0.24444444444444444,0.1375,11.0,1.8333333333333333
29,16,21.0,0.4666666666666667,0.2625,21.0,3.5
29,17,16.0,0.35555555555555557,0.2,16.0,2.6666666666666665
29,18,16.0,0.35555555555555557,0.2,16.0,2.6666666666666665
29,19,9.0,0.2,0.1125,9.0,1.5
29,20,5.0,0.1111111111111111,0.0625,5.0,0.8333333333333334
29,21,13.0,0.28888888888888886,0.1625,13.0,2.1666666666666665
29,22,26.0,0.5777777777777777,0.325,26.0,4.333333333333333
29,23,7.0,0.15555555555555556,0.0875,7.0,1.1666666666666667
29,24,22.0,0.4888888888888889,0.275,22.0,3.6666666666666665
29,25,10.0,0.2222222222222222,0.125,10.0,1.6666666666666667
29,26,13.0,0.28888888888888886,0.1625,13.0,2.1666666666666665
29,27,3.0,0.06666666666666667,0.0375,3.0,0.5
29,28,12.0,0.26666666666666666,0.15,12.0,2.0
29,30,6.0,0.13333333333333333,0.075,6.0,1.0
29,31,11.0,0.24444444444444444,0.1375,11.0,1.8333333333333333
29,32,11.0,0.24444444444444444,0.1375,11.0,1.8333333333333333
29,33,19.0,0.4222222222222222,0.2375,19.0,3.1666666666666665
29,34,16.0,0.35555555555555557,0.2,16.0,2.6666666666666665
29,35,26.0,0.5777777777777777,0.325,26.0,4.333333333333333
29,36,23.0,0.5111111111111111,0.2875,23.0,3.8333333333333335
29,37,19.0,0.4222222222222222,0.2375,19.0,3.1666666666666665
29,38,15.0,0.3333333333333333,0.1875,15.0,2.5
29,39,19.0,0.4222222222222222,0.2375,19.0,3.1666666666666665
29,40,28.0,0.6222222222222222,0.35,28.0,4.666666666666667
29,41,3.0,0.06666666666666667,0.0375,3.0,0.5
29,42,23.0,0.5111111111111111,0.2875,23.0,3.8333333333333335
29,43,23.0,0.5111111111111111,0.2875,23.0,3.8333333333333335
29,44,16.0,0.35555555555555557,0.2,16.0,2.6666666666666665
29,45,7.0,0.15555555555555556,0.0875,7.0,1.1666666666666667
29,46,19.0,0.4222222222222222,0.2375,19.0,3.1666666666666665
29,47,14.0,0.3111111111111111,0.175,14.0,2.3333333333333335
29,48,27.0,0.6,0.3375,27.0,4.5
29,49,10.0,0.2222222222222222,0.125,10.0,1.6666666666666667
29,50,16.0,0.35555555555555557,0.2,16.0,2.6666666666666665
29,51,16.0,0.35555555555555557,0.2,16.0,2.6666666666666665
30,1,12.0,0.26666666666666666,0.15,12.0,2.0
30,2,13.0,0.28888888888888886,0.1625,13.0,2.1666666666666665
30,3,24.0,0.5333333333333333,0.3,24.0,4.0
30,4,5.0,0.1111111111111111,0.0625,5.0,0.8333333333333334
30,5,17.0,0.37777777777777777,0.2125,17.0,2.8333333333333335
30,6,16.0,0.35555555555555557,0.2,16.0,2.6666666666666665
30,7,9.0,0.2,0.1125,9.0,1.5
30,8,5.0,0.1111111111111111,0.0625,5.0,0.8333333333333334
30,9,13.0,0.28888888888888886,0.1625,13.0,2.1666666666666665
30,10,8.0,0.17777777777777778,0.1,8.0,1.3333333333333333
30,11,19.0,0.4222222222222222,0.2375,19.0,3.1666666666666665
30,12,14.0,0.3111111111111111,0.175,14.0,2.3333333333333335
30,13,15.0,0.3333333333333333,0.1875,15.0,2.5
30,14,10.0,0.2222222222222222,0.125,10.0,1.6666666666666667
30,15,9.0,0.2,0.1125,9.0,1.5
30,16,15.0,0.3333333333333333,0.1875,15.0,2.5
30,17,10.0,0.2222222222222222,0.125,10.0,1.6666666666666667
30,18,12.0,0.26666666666666666,0.15,12.0,2.0
30,19,4.0,0.08888888888888889,0.05,4.0,0.6666666666666666
30,20,9.0,0.2,0.1125,9.0,1.5
30,21,12.0,0.26666666666666666,0.15,12.0,2.0
30,22,20.0,0.4444444444444444,0.25,20.0,3.3333333333333335
30,23,7.0,0.15555555555555556,0.0875,7.0,1.1666666666666667
30,24,17.0,0.37777777777777777,0.2125,17.0,2.8333333333333335
30,25,12.0,0.26666666666666666,0.15,12.0,2.0
30,26,8.0,0.17777777777777778,0.1,8.0,1.3333333333333333
30,27,9.0,0.2,0.1125,9.0,1.5
30,28,17.0,0.37777777777777777,0.2125,17.0,2.8333333333333335
30,29,6.0,0.13333333333333333,0.075,6.0,1.0
30,31,5.0,0.1111111111111111,0.0625,5.0,0.8333333333333334
30,32,7.0,0.15555555555555556,0.0875,7.0,1.1666666666666667
30,33,14.0,0.3111111111111111,0.175,14.0,2.3333333333333335
30,34,12.0,0.26666666666666666,0.15,12.0,2.0
30,35,22.0,0.4888888888888889,0.275,22.0,3.6666666666666665
30,36,19.0,0.4222222222222222,0.2375,19.0,3.1666666666666665
30,37,15.0,0.3333333333333333,0.1875,15.0,2.5
30,38,11.0,0.24444444444444444,0.1375,11.0,1.8333333333333333
30,39,14.0,0.3111111111111111,0.175,14.0,2.3333333333333335
30,40,23.0,0.5111111111111111,0.2875,23.0,3.8333333333333335
30,41,5.0,0.1111111111111111,0.0625,5.0,0.8333333333333334
30,42,19.0,0.4222222222222222,0.2375,19.0,3.1666666666666665
30,43,19.0,0.4222222222222222,0.2375,19.0,3.1666666666666665
30,44,10.0,0.2222222222222222,0.125,10.0,1.6666666666666667
30,45,10.0,0.2222222222222222,0.125,10.0,1.6666666666666667
30,46,15.0,0.3333333333333333,0.1875,15.0,2.5
30,47,9.0,0.2,0.1125,9.0,1.5
30,48,23.0,0.5111111111111111,0.2875,23.0,3.8333333333333335
30,49,14.0,0.3111111111111111,0.175,14.0,2.3333333333333335
30,50,12.0,0.26666666666666666,0.15,12.0,2.0
30,51,10.0,0.2222222222222222,0.125,10.0,1.6666666666666667
31,1,7.0,0.15555555555555556,0.0875,7.0,1.1666666666666667
31,2,8.0,0.17777777777777778,0.1,8.0,1.3333333333333333
31,3,19.0,0.4222222222222222,0.2375,19.0,3.1666666666666665
31,4,7.0,0.15555555555555556,0.0875,7.0,1.1666666666666667
31,5,12.0,0.26666666666666666,0.15,12.0,2.0
31,6,11.0,0.24444444444444444,0.1375,11.0,1.8333333333333333
31,7,7.0,0.15555555555555556,0.0875,7.0,1.1666666666666667
31,8,10.0,0.2222222222222222,0.125,10.0,1.6666666666666667
31,9,18.0,0.4,0.225,18.0,3.0
31,10,3.0,0.06666666666666667,0.0375,3.0,0.5
31,11,14.0,0.3111111111111111,0.175,14.0,2.3333333333333335
31,12,17.0,0.37777777777777777,0.2125,17.0,2.8333333333333335
31,13,10.0,0.2222222222222222,0.125,10.0,1.6666666666666667
31,14,15.0,0.3333333333333333,0.1875,15.0,2.5
31,15,14.0,0.3111111111111111,0.175,14.0,2.3333333333333335
31,16,10.0,0.2222222222222222,0.125,10.0,1.6666666666666667
31,17,5.0,0.1111111111111111,0.0625,5.0,0.8333333333333334
31,18,7.0,0.15555555555555556,0.0875,7.0,1.1666666666666667
31,19,9.0,0.2,0.1125,9.0,1.5
31,20,14.0,0.3111111111111111,0.175,14.0,2.3333333333333335
31,21,17.0,0.37777777777777777,0.2125,17.0,2.8333333333333335
31,22,15.0,0.3333333333333333,0.1875,15.0,2.5
31,23,12.0,0.26666666666666666,0.15,12.0,2.0
31,24,12.0,0.26666666666666666,0.15,12.0,2.0
31,25,17.0,0.37777777777777777,0.2125,17.0,2.8333333333333335
31,26,6.0,0.13333333333333333,0.075,6.0,1.0
31,27,14.0,0.3111111111111111,0.175,14.0,2.3333333333333335
31,28,22.0,0.4888888888888889,0.275,22.0,3.6666666666666665
31,29,11.0,0.24444444444444444,0.1375,11.0,1.8333333333333333
31,30,5.0,0.1111111111111111,0.0625,5.0,0.8333333333333334
31,32,12.0,0.26666666666666666,0.15,12.0,2.0
31,33,9.0,0.2,0.1125,9.0,1.5
31,34,7.0,0.15555555555555556,0.0875,7.0,1.1666666666666667
31,35,17.0,0.37777777777777777,0.2125,17.0,2.8333333333333335
31,36,14.0,0.3111111111111111,0.175,14.0,2.3333333333333335
31,37,14.0,0.3111111111111111,0.175,14.0,2.3333333333333335
31,38,13.0,0.28888888888888886,0.1625,13.0,2.1666666666666665
31,39,9.0,0.2,0.1125,9.0,1.5
31,40,18.0,0.4,0.225,18.0,3.0
31,41,10.0,0.2222222222222222,0.125,10.0,1.6666666666666667
31,42,14.0,0.3111111111111111,0.175,14.0,2.3333333333333335
31,43,14.0,0.3111111111111111,0.175,14.0,2.3333333333333335
31,44,9.0,0.2,0.1125,9.0,1.5
31,45,15.0,0.3333333333333333,0.1875,15.0,2.5
31,46,10.0,0.2222222222222222,0.125,10.0,1.6666666666666667
31,47,14.0,0.3111111111111111,0.175,14.0,2.3333333333333335
31,48,18.0,0.4,0.225,18.0,3.0
31,49,19.0,0.4222222222222222,0.2375,19.0,3.1666666666666665
31,50,7.0,0.15555555555555556,0.0875,7.0,1.1666666666666667
31,51,5.0,0.1111111111111111,0.0625,5.0,0.8333333333333334
32,1,18.0,0.4,0.225,18.0,3.0
32,2,6.0,0.13333333333333333,0.075,6.0,1.0
32,3,17.0,0.37777777777777777,0.2125,17.0,2.8333333333333335
32,4,5.0,0.1111111111111111,0.0625,5.0,0.8333333333333334
32,5,20.0,0.4444444444444444,0.25,20.0,3.3333333333333335
32,6,22.0,0.4888888888888889,0.275,22.0,3.6666666666666665
32,7,5.0,0.1111111111111111,0.0625,5.0,0.8333333333333334
32,8,5.0,0.1111111111111111,0.0625,5.0,0.8333333333333334
32,9,20.0,0.4444444444444444,0.25,20.0,3.3333333333333335
32,10,13.0,0.28888888888888886,0.1625,13.0,2.1666666666666665
32,11,25.0,0.5555555555555556,0.3125,25.0,4.166666666666667
32,12,7.0,0.15555555555555556,0.0875,7.0,1.1666666666666667
32,13,22.0,0.4888888888888889,0.275,22.0,3.6666666666666665
32,14,4.0,0.08888888888888889,0.05,4.0,0.6666666666666666
32,15,15.0,0.3333333333333333,0.1875,15.0,2.5
32,16,22.0,0.4888888888888889,0.275,22.0,3.6666666666666665
32,17,17.0,0.37777777777777777,0.2125,17.0,2.8333333333333335
32,18,12.0,0.26666666666666666,0.15,12.0,2.0
32,19,10.0,0.2222222222222222,0.125,10.0,1.6666666666666667
32,20,16.0,0.35555555555555557,0.2,16.0,2.6666666666666665
32,21,5.0,0.1111111111111111,0.0625,5.0,0.8333333333333334
32,22,27.0,0.6,0.3375,27.0,4.5
32,23,13.0,0.28888888888888886,0.1625,13.0,2.1666666666666665
32,24,24.0,0.5333333333333333,0.3,24.0,4.0
32,25,5.0,0.1111111111111111,0.0625,5.0,0.8333333333333334
32,26,15.0,0.3333333333333333,0.1875,15.0,2.5
32,27,9.0,0.2,0.1125,9.0,1.5
32,28,10.0,0.2222222222222222,0.125,10.0,1.6666666666666667
32,29,11.0,0.24444444444444444,0.1375,11.0,1.8333333333333333
32,30,7.0,0.15555555555555556,0.0875,7.0,1.1666666666666667
32,31,12.0,0.26666666666666666,0.15,12.0,2.0
32,33,20.0,0.4444444444444444,0.25,20.0,3.3333333333333335
32,34,15.0,0.3333333333333333,0.1875,15.0,2.5
32,35,15.0,0.3333333333333333,0.1875,15.0,2.5
32,36,12.0,0.26666666666666666,0.15,12.0,2.0
32,37,9.0,0.2,0.1125,9.0,1.5
32,38,4.0,0.08888888888888889,0.05,4.0,0.6666666666666666
32,39,20.0,0.4444444444444444,0.25,20.0,3.3333333333333335
32,40,30.0,0.6666666666666666,0.375,30.0,5.0
32,41,11.0,0.24444444444444444,0.1375,11.0,1.8333333333333333
32,42,12.0,0.26666666666666666,0.15,12.0,2.0
32,43,12.0,0.26666666666666666,0.15,12.0,2.0
32,44,17.0,0.37777777777777777,0.2125,17.0,2.8333333333333335
32,45,16.0,0.35555555555555557,0.2,16.0,2.6666666666666665
32,46,9.0,0.2,0.1125,9.0,1.5
32,47,15.0,0.3333333333333333,0.1875,15.0,2.5
32,48,16.0,0.35555555555555557,0.2,16.0,2.6666666666666665
32,49,21.0,0.4666666666666667,0.2625,21.0,3.5
32,50,9.0,0.2,0.1125,9.0,1.5
32,51,17.0,0.37777777777777777,0.2125,17.0,2.8333333333333335
33,1,4.0,0.08888888888888889,0.05,4.0,0.6666666666666666
33,2,16.0,0.35555555555555557,0.2,16.0,2.6666666666666665
33,3,14.0,0.3111111111111111,0.175,14.0,2.3333333333333335
33,4,15.0,0.3333333333333333,0.1875,15.0,2.5
33,5,7.0,0.15555555555555556,0.0875,7.0,1.1666666666666667
33,6,4.0,0.08888888888888889,0.05,4.0,0.6666666666666666
33,7,15.0,0.3333333333333333,0.1875,15.0,2.5
33,8,19.0,0.4222222222222222,0.2375,19.0,3.1666666666666665
33,9,23.0,0.5111111111111111,0.2875,23.0,3.8333333333333335
33,10,8.0,0.17777777777777778,0.1,8.0,1.3333333333333333
33,11,5.0,0.1111111111111111,0.0625,5.0,0.8333333333333334
33,12,25.0,0.5555555555555556,0.3125,25.0,4.166666666666667
33,13,15.0,0.3333333333333333,0.1875,15.0,2.5
33,14,24.0,0.5333333333333333,0.3,24.0,4.0
33,15,19.0,0.4222222222222222,0.2375,19.0,3.1666666666666665
33,16,3.0,0.06666666666666667,0.0375,3.0,0.5
33,17,6.0,0.13333333333333333,0.075,6.0,1.0
33,18,9.0,0.2,0.1125,9.0,1.5
33,19,14.0,0.3111111111111111,0.175,14.0,2.3333333333333335
33,20,19.0,0.4222222222222222,0.2375,19.0,3.1666666666666665
33,21,25.0,0.5555555555555556,0.3125,25.0,4.166666666666667
33,22,7.0,0.15555555555555556,0.0875,7.0,1.1666666666666667
33,23,17.0,0.37777777777777777,0.2125,17.0,2.8333333333333335
33,24,10.0,0.2222222222222222,0.125,10.0,1.6666666666666667
33,25,25.0,0.5555555555555556,0.3125,25.0,4.166666666666667
33,26,11.0,0.24444444444444444,0.1375,11.0,1.8333333333333333
33,27,22.0,0.4888888888888889,0.275,22.0,3.6666666666666665
33,28,30.0,0.6666666666666666,0.375,30.0,5.0
33,29,19.0,0.4222222222222222,0.2375,19.0,3.1666666666666665
33,30,14.0,0.3111111111111111,0.175,14.0,2.3333333333333335
33,31,9.0,0.2,0.1125,9.0,1.5
33,32,20.0,0.4444444444444444,0.25,20.0,3.3333333333333335
33,34,5.0,0.1111111111111111,0.0625,5.0,0.8333333333333334
33,35,12.0,0.26666666666666666,0.15,12.0,2.0
33,36,15.0,0.3333333333333333,0.1875,15.0,2.5
33,37,22.0,0.4888888888888889,0.275,22.0,3.6666666666666665
33,38,22.0,0.4888888888888889,0.275,22.0,3.6666666666666665
33,39,10.0,0.2222222222222222,0.125,10.0,1.6666666666666667
33,40,10.0,0.2222222222222222,0.125,10.0,1.6666666666666667
33,41,16.0,0.35555555555555557,0.2,16.0,2.6666666666666665
33,42,17.0,0.37777777777777777,0.2125,17.0,2.8333333333333335
33,43,9.0,0.2,0.1125,9.0,1.5
33,44,14.0,0.3111111111111111,0.175,14.0,2.3333333333333335
33,45,20.0,0.4444444444444444,0.25,20.0,3.3333333333333335
33,46,12.0,0.26666666666666666,0.15,12.0,2.0
33,47,19.0,0.4222222222222222,0.2375,19.0,3.1666666666666665
33,48,13.0,0.28888888888888886,0.1625,13.0,2.1666666666666665
33,49,24.0,0.5333333333333333,0.3,24.0,4.0
33,50,12.0,0.26666666666666666,0.15,12.0,2.0
33,51,7.0,0.15555555555555556,0.0875,7.0,1.1666666666666667
34,1,5.0,0.1111111111111111,0.0625,5.0,0.8333333333333334
34,2,11.0,0.24444444444444444,0.1375,11.0,1.8333333333333333
34,3,12.0,0.26666666666666666,0.15,12.0,2.0
34,4,10.0,0.2222222222222222,0.125,10.0,1.6666666666666667
34,5,5.0,0.1111111111111111,0.0625,5.0,0.8333333333333334
34,6,7.0,0.15555555555555556,0.0875,7.0,1.1666666666666667
34,7,10.0,0.2222222222222222,0.125,10.0,1.6666666666666667
34,8,14.0,0.3111111111111111,0.175,14.0,2.3333333333333335
34,9,25.0,0.5555555555555556,0.3125,25.0,4.166666666666667
34,10,4.0,0.08888888888888889,0.05,4.0,0.6666666666666666
34,11,10.0,0.2222222222222222,0.125,10.0,1.6666666666666667
34,12,20.0,0.4444444444444444,0.25,20.0,3.3333333333333335
34,13,17.0,0.37777777777777777,0.2125,17.0,2.8333333333333335
34,14,19.0,0.4222222222222222,0.2375,19.0,3.1666666666666665
34,15,20.0,0.4444444444444444,0.25,20.0,3.3333333333333335
34,16,7.0,0.15555555555555556,0.0875,7.0,1.1666666666666667
34,17,8.0,0.17777777777777778,0.1,8.0,1.3333333333333333
34,18,4.0,0.08888888888888889,0.05,4.0,0.6666666666666666
34,19,15.0,0.3333333333333333,0.1875,15.0,2.5
34,20,21.0,0.4666666666666667,0.2625,21.0,3.5
34,21,20.0,0.4444444444444444,0.25,20.0,3.3333333333333335
34,22,12.0,0.26666666666666666,0.15,12.0,2.0
34,23,18.0,0.4,0.225,18.0,3.0
34,24,12.0,0.26666666666666666,0.15,12.0,2.0
34,25,20.0,0.4444444444444444,0.25,20.0,3.3333333333333335
34,26,12.0,0.26666666666666666,0.15,12.0,2.0
34,27,17.0,0.37777777777777777,0.2125,17.0,2.8333333333333335
34,28,25.0,0.5555555555555556,0.3125,25.0,4.166666666666667
34,29,16.0,0.35555555555555557,0.2,16.0,2.6666666666666665
34,30,12.0,0.26666666666666666,0.15,12.0,2.0
34,31,7.0,0.15555555555555556,0.0875,7.0,1.1666666666666667
34,32,15.0,0.3333333333333333,0.1875,15.0,2.5
34,33,5.0,0.1111111111111111,0.0625,5.0,0.8333333333333334
34,35,10.0,0.2222222222222222,0.125,10.0,1.6666666666666667
34,36,10.0,0.2222222222222222,0.125,10.0,1.6666666666666667
34,37,17.0,0.37777777777777777,0.2125,17.0,2.8333333333333335
34,38,17.0,0.37777777777777777,0.2125,17.0,2.8333333333333335
34,39,12.0,0.26666666666666666,0.15,12.0,2.0
34,40,15.0,0.3333333333333333,0.1875,15.0,2.5
34,41,16.0,0.35555555555555557,0.2,16.0,2.6666666666666665
34,42,12.0,0.26666666666666666,0.15,12.0,2.0
34,43,7.0,0.15555555555555556,0.0875,7.0,1.1666666666666667
34,44,15.0,0.3333333333333333,0.1875,15.0,2.5
34,45,21.0,0.4666666666666667,0.2625,21.0,3.5
34,46,7.0,0.15555555555555556,0.0875,7.0,1.1666666666666667
34,47,20.0,0.4444444444444444,0.25,20.0,3.3333333333333335
34,48,11.0,0.24444444444444444,0.1375,11.0,1.8333333333333333
34,49,26.0,0.5777777777777777,0.325,26.0,4.333333333333333
34,50,7.0,0.15555555555555556,0.0875,7.0,1.1666666666666667
34,51,9.0,0.2,0.1125,9.0,1.5
35,1,15.0,0.3333333333333333,0.1875,15.0,2.5
35,2,11.0,0.24444444444444444,0.1375,11.0,1.8333333333333333
35,3,9.0,0.2,0.1125,9.0,1.5
35,4,17.0,0.37777777777777777,0.2125,17.0,2.8333333333333335
35,5,5.0,0.1111111111111111,0.0625,5.0,0.8333333333333334
35,6,8.0,0.17777777777777778,0.1,8.0,1.3333333333333333
35,7,14.0,0.3111111111111111,0.175,14.0,2.3333333333333335
35,8,20.0,0.4444444444444444,0.25,20.0,3.3333333333333335
35,9,35.0,0.7777777777777778,0.4375,35.0,5.833333333333333
35,10,14.0,0.3111111111111111,0.175,14.0,2.3333333333333335
35,11,17.0,0.37777777777777777,0.2125,17.0,2.8333333333333335
35,12,20.0,0.4444444444444444,0.25,20.0,3.3333333333333335
35,13,27.0,0.6,0.3375,27.0,4.5
35,14,19.0,0.4222222222222222,0.2375,19.0,3.1666666666666665
35,15,30.0,0.6666666666666666,0.375,30.0,5.0
35,16,15.0,0.3333333333333333,0.1875,15.0,2.5
35,17,18.0,0.4,0.225,18.0,3.0
35,18,10.0,0.2222222222222222,0.125,10.0,1.6666666666666667
35,19,25.0,0.5555555555555556,0.3125,25.0,4.166666666666667
35,20,31.0,0.6888888888888889,0.3875,31.0,5.166666666666667
35,21,20.0,0.4444444444444444,0.25,20.0,3.3333333333333335
35,22,12.0,0.26666666666666666,0.15,12.0,2.0
35,23,28.0,0.6222222222222222,0.35,28.0,4.666666666666667
35,24,22.0,0.4888888888888889,0.275,22.0,3.6666666666666665
35,25,20.0,0.4444444444444444,0.25,20.0,3.3333333333333335
35,26,22.0,0.4888888888888889,0.275,22.0,3.6666666666666665
35,27,24.0,0.5333333333333333,0.3,24.0,4.0
35,28,25.0,0.5555555555555556,0.3125,25.0,4.166666666666667
35,29,26.0,0.5777777777777777,0.325,26.0,4.333333333333333
35,30,22.0,0.4888888888888889,0.275,22.0,3.6666666666666665
35,31,17.0,0.37777777777777777,0.2125,17.0,2.8333333333333335
35,32,15.0,0.3333333333333333,0.1875,15.0,2.5
35,33,12.0,0.26666666666666666,0.15,12.0,2.0
35,34,10.0,0.2222222222222222,0.125,10.0,1.6666666666666667
35,36,10.0,0.2222222222222222,0.125,10.0,1.6666666666666667
35,37,17.0,0.37777777777777777,0.2125,17.0,2.8333333333333335
35,38,17.0,0.37777777777777777,0.2125,17.0,2.8333333333333335
35,39,22.0,0.4888888888888889,0.275,22.0,3.6666666666666665
35,40,16.0,0.35555555555555557,0.2,16.0,2.6666666666666665
35,41,26.0,0.5777777777777777,0.325,26.0,4.333333333333333
35,42,12.0,0.26666666666666666,0.15,12.0,2.0
35,43,4.0,0.08888888888888889,0.05,4.0,0.6666666666666666
35,44,25.0,0.5555555555555556,0.3125,25.0,4.166666666666667
35,45,31.0,0.6888888888888889,0.3875,31.0,5.166666666666667
35,46,7.0,0.15555555555555556,0.0875,7.0,1.1666666666666667
35,47,30.0,0.6666666666666666,0.375,30.0,5.0
35,48,5.0,0.1111111111111111,0.0625,5.0,0.8333333333333334
35,49,36.0,0.8,0.45,36.0,6.0
35,50,10.0,0.2222222222222222,0.125,10.0,1.6666666666666667
35,51,19.0,0.4222222222222222,0.2375,19.0,3.1666666666666665
36,1,13.0,0.28888888888888886,0.1625,13.0,2.1666666666666665
36,2,6.0,0.13333333333333333,0.075,6.0,1.0
36,3,5.0,0.1111111111111111,0.0625,5.0,0.8333333333333334
36,4,14.0,0.3111111111111111,0.175,14.0,2.3333333333333335
36,5,15.0,0.3333333333333333,0.1875,15.0,2.5
36,6,17.0,0.37777777777777777,0.2125,17.0,2.8333333333333335
36,7,10.0,0.2222222222222222,0.125,10.0,1.6666666666666667
36,8,17.0,0.37777777777777777,0.2125,17.0,2.8333333333333335
36,9,31.0,0.6888888888888889,0.3875,31.0,5.166666666666667
36,10,11.0,0.24444444444444444,0.1375,11.0,1.8333333333333333
36,11,20.0,0.4444444444444444,0.25,20.0,3.3333333333333335
36,12,10.0,0.2222222222222222,0.125,10.0,1.6666666666666667
36,13,23.0,0.5111111111111111,0.2875,23.0,3.8333333333333335
36,14,15.0,0.3333333333333333,0.1875,15.0,2.5
36,15,27.0,0.6,0.3375,27.0,4.5
36,16,17.0,0.37777777777777777,0.2125,17.0,2.8333333333333335
36,17,15.0,0.3333333333333333,0.1875,15.0,2.5
36,18,7.0,0.15555555555555556,0.0875,7.0,1.1666666666666667
36,19,22.0,0.4888888888888889,0.275,22.0,3.6666666666666665
36,20,27.0,0.6,0.3375,27.0,4.5
36,21,10.0,0.2222222222222222,0.125,10.0,1.6666666666666667
36,22,22.0,0.4888888888888889,0.275,22.0,3.6666666666666665
36,23,25.0,0.5555555555555556,0.3125,25.0,4.166666666666667
36,24,19.0,0.4222222222222222,0.2375,19.0,3.1666666666666665
36,25,13.0,0.28888888888888886,0.1625,13.0,2.1666666666666665
36,26,19.0,0.4222222222222222,0.2375,19.0,3.1666666666666665
36,27,20.0,0.4444444444444444,0.25,20.0,3.3333333333333335
36,28,15.0,0.3333333333333333,0.1875,15.0,2.5
36,29,23.0,0.5111111111111111,0.2875,23.0,3.8333333333333335
36,30,19.0,0.4222222222222222,0.2375,19.0,3.1666666666666665
36,31,14.0,0.3111111111111111,0.175,14.0,2.3333333333333335
36,32,12.0,0.26666666666666666,0.15,12.0,2.0
36,33,15.0,0.3333333333333333,0.1875,15.0,2.5
36,34,10.0,0.2222222222222222,0.125,10.0,1.6666666666666667
36,35,10.0,0.2222222222222222,0.125,10.0,1.6666666666666667
36,37,7.0,0.15555555555555556,0.0875,7.0,1.1666666666666667
36,38,8.0,0.17777777777777778,0.1,8.0,1.3333333333333333
36,39,19.0,0.4222222222222222,0.2375,19.0,3.1666666666666665
36,40,25.0,0.5555555555555556,0.3125,25.0,4.166666666666667
36,41,23.0,0.5111111111111111,0.2875,23.0,3.8333333333333335
36,42,2.0,0.044444444444444446,0.025,2.0,0.3333333333333333
36,43,7.0,0.15555555555555556,0.0875,7.0,1.1666666666666667
36,44,22.0,0.4888888888888889,0.275,22.0,3.6666666666666665
36,45,28.0,0.6222222222222222,0.35,28.0,4.666666666666667
36,46,4.0,0.08888888888888889,0.05,4.0,0.6666666666666666
36,47,27.0,0.6,0.3375,27.0,4.5
36,48,6.0,0.13333333333333333,0.075,6.0,1.0
36,49,33.0,0.7333333333333333,0.4125,33.0,5.5
36,50,7.0,0.15555555555555556,0.0875,7.0,1.1666666666666667
36,51,15.0,0.3333333333333333,0.1875,15.0,2.5
37,1,20.0,0.4444444444444444,0.25,20.0,3.3333333333333335
37,2,6.0,0.13333333333333333,0.075,6.0,1.0
37,3,9.0,0.2,0.1125,9.0,1.5
37,4,10.0,0.2222222222222222,0.125,10.0,1.6666666666666667
37,5,22.0,0.4888888888888889,0.275,22.0,3.6666666666666665
37,6,24.0,0.5333333333333333,0.3,24.0,4.0
37,7,7.0,0.15555555555555556,0.0875,7.0,1.1666666666666667
37,8,14.0,0.3111111111111111,0.175,14.0,2.3333333333333335
37,9,28.0,0.6222222222222222,0.35,28.0,4.666666666666667
37,10,15.0,0.3333333333333333,0.1875,15.0,2.5
37,11,27.0,0.6,0.3375,27.0,4.5
37,12,3.0,0.06666666666666667,0.0375,3.0,0.5
37,13,23.0,0.5111111111111111,0.2875,23.0,3.8333333333333335
37,14,12.0,0.26666666666666666,0.15,12.0,2.0
37,15,24.0,0.5333333333333333,0.3,24.0,4.0
37,16,24.0,0.5333333333333333,0.3,24.0,4.0
37,17,19.0,0.4222222222222222,0.2375,19.0,3.1666666666666665
37,18,14.0,0.3111111111111111,0.175,14.0,2.3333333333333335
37,19,19.0,0.4222222222222222,0.2375,19.0,3.1666666666666665
37,20,24.0,0.5333333333333333,0.3,24.0,4.0
37,21,7.0,0.15555555555555556,0.0875,7.0,1.1666666666666667
37,22,29.0,0.6444444444444445,0.3625,29.0,4.833333333333333
37,23,22.0,0.4888888888888889,0.275,22.0,3.6666666666666665
37,24,25.0,0.5555555555555556,0.3125,25.0,4.166666666666667
37,25,10.0,0.2222222222222222,0.125,10.0,1.6666666666666667
37,26,16.0,0.35555555555555557,0.2,16.0,2.6666666666666665
37,27,17.0,0.37777777777777777,0.2125,17.0,2.8333333333333335
37,28,9.0,0.2,0.1125,9.0,1.5
37,29,19.0,0.4222222222222222,0.2375,19.0,3.1666666666666665
37,30,15.0,0.3333333333333333,0.1875,15.0,2.5
37,31,14.0,0.3111111111111111,0.175,14.0,2.3333333333333335
37,32,9.0,0.2,0.1125,9.0,1.5
37,33,22.0,0.4888888888888889,0.275,22.0,3.6666666666666665
37,34,17.0,0.37777777777777777,0.2125,17.0,2.8333333333333335
37,35,17.0,0.37777777777777777,0.2125,17.0,2.8333333333333335
37,36,7.0,0.15555555555555556,0.0875,7.0,1.1666666666666667
37,38,5.0,0.1111111111111111,0.0625,5.0,0.8333333333333334
37,39,22.0,0.4888888888888889,0.275,22.0,3.6666666666666665
37,40,31.0,0.6888888888888889,0.3875,31.0,5.166666666666667
37,41,20.0,0.4444444444444444,0.25,20.0,3.3333333333333335
37,42,5.0,0.1111111111111111,0.0625,5.0,0.8333333333333334
37,43,14.0,0.3111111111111111,0.175,14.0,2.3333333333333335
37,44,19.0,0.4222222222222222,0.2375,19.0,3.1666666666666665
37,45,25.0,0.5555555555555556,0.3125,25.0,4.166666666666667
37,46,10.0,0.2222222222222222,0.125,10.0,1.6666666666666667
37,47,24.0,0.5333333333333333,0.3,24.0,4.0
37,48,13.0,0.28888888888888886,0.1625,13.0,2.1666666666666665
37,49,29.0,0.6444444444444445,0.3625,29.0,4.833333333333333
37,50,10.0,0.2222222222222222,0.125,10.0,1.6666666666666667
37,51,19.0,0.4222222222222222,0.2375,19.0,3.1666666666666665
38,1,20.0,0.4444444444444444,0.25,20.0,3.3333333333333335
38,2,6.0,0.13333333333333333,0.075,6.0,1.0
38,3,13.0,0.28888888888888886,0.1625,13.0,2.1666666666666665
38,4,7.0,0.15555555555555556,0.0875,7.0,1.1666666666666667
38,5,22.0,0.4888888888888889,0.275,22.0,3.6666666666666665
38,6,24.0,0.5333333333333333,0.3,24.0,4.0
38,7,7.0,0.15555555555555556,0.0875,7.0,1.1666666666666667
38,8,9.0,0.2,0.1125,9.0,1.5
38,9,24.0,0.5333333333333333,0.3,24.0,4.0
38,10,14.0,0.3111111111111111,0.175,14.0,2.3333333333333335
38,11,27.0,0.6,0.3375,27.0,4.5
38,12,4.0,0.08888888888888889,0.05,4.0,0.6666666666666666
38,13,23.0,0.5111111111111111,0.2875,23.0,3.8333333333333335
38,14,8.0,0.17777777777777778,0.1,8.0,1.3333333333333333
38,15,19.0,0.4222222222222222,0.2375,19.0,3.1666666666666665
38,16,23.0,0.5111111111111111,0.2875,23.0,3.8333333333333335
38,17,18.0,0.4,0.225,18.0,3.0
38,18,13.0,0.28888888888888886,0.1625,13.0,2.1666666666666665
38,19,14.0,0.3111111111111111,0.175,14.0,2.3333333333333335
38,20,20.0,0.4444444444444444,0.25,20.0,3.3333333333333335
38,21,4.0,0.08888888888888889,0.05,4.0,0.6666666666666666
38,22,28.0,0.6222222222222222,0.35,28.0,4.666666666666667
38,23,17.0,0.37777777777777777,0.2125,17.0,2.8333333333333335
38,24,25.0,0.5555555555555556,0.3125,25.0,4.166666666666667
38,25,5.0,0.1111111111111111,0.0625,5.0,0.8333333333333334
38,26,16.0,0.35555555555555557,0.2,16.0,2.6666666666666665
38,27,13.0,0.28888888888888886,0.1625,13.0,2.1666666666666665
38,28,9.0,0.2,0.1125,9.0,1.5
38,29,15.0,0.3333333333333333,0.1875,15.0,2.5
38,30,11.0,0.24444444444444444,0.1375,11.0,1.8333333333333333
38,31,13.0,0.28888888888888886,0.1625,13.0,2.1666666666666665
38,32,4.0,0.08888888888888889,0.05,4.0,0.6666666666666666
38,33,22.0,0.4888888888888889,0.275,22.0,3.6666666666666665
38,34,17.0,0.37777777777777777,0.2125,17.0,2.8333333333333335
38,35,17.0,0.37777777777777777,0.2125,17.0,2.8333333333333335
38,36,8.0,0.17777777777777778,0.1,8.0,1.3333333333333333
38,37,5.0,0.1111111111111111,0.0625,5.0,0.8333333333333334
38,39,22.0,0.4888888888888889,0.275,22.0,3.6666666666666665
38,40,31.0,0.6888888888888889,0.3875,31.0,5.166666666666667
38,41,15.0,0.3333333333333333,0.1875,15.0,2.5
38,42,8.0,0.17777777777777778,0.1,8.0,1.3333333333333333
38,43,13.0,0.28888888888888886,0.1625,13.0,2.1666666666666665
38,44,18.0,0.4,0.225,18.0,3.0
38,45,20.0,0.4444444444444444,0.25,20.0,3.3333333333333335
38,46,10.0,0.2222222222222222,0.125,10.0,1.6666666666666667
38,47,19.0,0.4222222222222222,0.2375,19.0,3.1666666666666665
38,48,12.0,0.26666666666666666,0.15,12.0,2.0
38,49,25.0,0.5555555555555556,0.3125,25.0,4.166666666666667
38,50,10.0,0.2222222222222222,0.125,10.0,1.6666666666666667
38,51,18.0,0.4,0.225,18.0,3.0
39,1,7.0,0.15555555555555556,0.0875,7.0,1.1666666666666667
39,2,16.0,0.35555555555555557,0.2,16.0,2.6666666666666665
39,3,24.0,0.5333333333333333,0.3,24.0,4.0
39,4,15.0,0.3333333333333333,0.1875,15.0,2.5
39,5,17.0,0.37777777777777777,0.2125,17.0,2.8333333333333335
39,6,14.0,0.3111111111111111,0.175,14.0,2.3333333333333335
39,7,15.0,0.3333333333333333,0.1875,15.0,2.5
39,8,19.0,0.4222222222222222,0.2375,19.0,3.1666666666666665
39,9,13.0,0.28888888888888886,0.1625,13.0,2.1666666666666665
39,10,8.0,0.17777777777777778,0.1,8.0,1.3333333333333333
39,11,5.0,0.1111111111111111,0.0625,5.0,0.8333333333333334
39,12,25.0,0.5555555555555556,0.3125,25.0,4.166666666666667
39,13,5.0,0.1111111111111111,0.0625,5.0,0.8333333333333334
39,14,24.0,0.5333333333333333,0.3,24.0,4.0
39,15,9.0,0.2,0.1125,9.0,1.5
39,16,7.0,0.15555555555555556,0.0875,7.0,1.1666666666666667
39,17,4.0,0.08888888888888889,0.05,4.0,0.6666666666666666
39,18,12.0,0.26666666666666666,0.15,12.0,2.0
39,19,10.0,0.2222222222222222,0.125,10.0,1.6666666666666667
39,20,17.0,0.37777777777777777,0.2125,17.0,2.8333333333333335
39,21,25.0,0.5555555555555556,0.3125,25.0,4.166666666666667
39,22,10.0,0.2222222222222222,0.125,10.0,1.6666666666666667
39,23,12.0,0.26666666666666666,0.15,12.0,2.0
39,24,4.0,0.08888888888888889,0.05,4.0,0.6666666666666666
39,25,25.0,0.5555555555555556,0.3125,25.0,4.166666666666667
39,26,6.0,0.13333333333333333,0.075,6.0,1.0
39,27,22.0,0.4888888888888889,0.275,22.0,3.6666666666666665
39,28,30.0,0.6666666666666666,0.375,30.0,5.0
39,29,19.0,0.4222222222222222,0.2375,19.0,3.1666666666666665
39,30,14.0,0.3111111111111111,0.175,14.0,2.3333333333333335
39,31,9.0,0.2,0.1125,9.0,1.5
39,32,20.0,0.4444444444444444,0.25,20.0,3.3333333333333335
39,33,10.0,0.2222222222222222,0.125,10.0,1.6666666666666667
39,34,12.0,0.26666666666666666,0.15,12.0,2.0
39,35,22.0,0.4888888888888889,0.275,22.0,3.6666666666666665
39,36,19.0,0.4222222222222222,0.2375,19.0,3.1666666666666665
39,37,22.0,0.4888888888888889,0.275,22.0,3.6666666666666665
39,38,22.0,0.4888888888888889,0.275,22.0,3.6666666666666665
39,40,10.0,0.2222222222222222,0.125,10.0,1.6666666666666667
39,41,16.0,0.35555555555555557,0.2,16.0,2.6666666666666665
39,42,19.0,0.4222222222222222,0.2375,19.0,3.1666666666666665
39,43,19.0,0.4222222222222222,0.2375,19.0,3.1666666666666665
39,44,4.0,0.08888888888888889,0.05,4.0,0.6666666666666666
39,45,12.0,0.26666666666666666,0.15,12.0,2.0
39,46,15.0,0.3333333333333333,0.1875,15.0,2.5
39,47,9.0,0.2,0.1125,9.0,1.5
39,48,23.0,0.5111111111111111,0.2875,23.0,3.8333333333333335
39,49,14.0,0.3111111111111111,0.175,14.0,2.3333333333333335
39,50,12.0,0.26666666666666666,0.15,12.0,2.0
39,51,4.0,0.08888888888888889,0.05,4.0,0.6666666666666666
40,1,12.0,0.26666666666666666,0.15,12.0,2.0
40,2,26.0,0.5777777777777777,0.325,26.0,4.333333333333333
40,3,23.0,0.5111111111111111,0.2875,23.0,3.8333333333333335
40,4,25.0,0.5555555555555556,0.3125,25.0,4.166666666666667
40,5,11.0,0.24444444444444444,0.1375,11.0,1.8333333333333333
40,6,8.0,0.17777777777777778,0.1,8.0,1.3333333333333333
40,7,25.0,0.5555555555555556,0.3125,25.0,4.166666666666667
40,8,28.0,0.6222222222222222,0.35,28.0,4.666666666666667
40,9,22.0,0.4888888888888889,0.275,22.0,3.6666666666666665
40,10,17.0,0.37777777777777777,0.2125,17.0,2.8333333333333335
40,11,5.0,0.1111111111111111,0.0625,5.0,0.8333333333333334
40,12,34.0,0.7555555555555555,0.425,34.0,5.666666666666667
40,13,11.0,0.24444444444444444,0.1375,11.0,1.8333333333333333
40,14,33.0,0.7333333333333333,0.4125,33.0,5.5
40,15,18.0,0.4,0.225,18.0,3.0
40,16,8.0,0.17777777777777778,0.1,8.0,1.3333333333333333
40,17,13.0,0.28888888888888886,0.1625,13.0,2.1666666666666665
40,18,18.0,0.4,0.225,18.0,3.0
40,19,20.0,0.4444444444444444,0.25,20.0,3.3333333333333335
40,20,26.0,0.5777777777777777,0.325,26.0,4.333333333333333
40,21,35.0,0.7777777777777778,0.4375,35.0,5.833333333333333
40,22,4.0,0.08888888888888889,0.05,4.0,0.6666666666666666
40,23,21.0,0.4666666666666667,0.2625,21.0,3.5
40,24,6.0,0.13333333333333333,0.075,6.0,1.0
40,25,35.0,0.7777777777777778,0.4375,35.0,5.833333333333333
40,26,15.0,0.3333333333333333,0.1875,15.0,2.5
40,27,31.0,0.6888888888888889,0.3875,31.0,5.166666666666667
40,28,40.0,0.8888888888888888,0.5,40.0,6.666666666666667
40,29,28.0,0.6222222222222222,0.35,28.0,4.666666666666667
40,30,23.0,0.5111111111111111,0.2875,23.0,3.8333333333333335
40,31,18.0,0.4,0.225,18.0,3.0
40,32,30.0,0.6666666666666666,0.375,30.0,5.0
40,33,10.0,0.2222222222222222,0.125,10.0,1.6666666666666667
40,34,15.0,0.3333333333333333,0.1875,15.0,2.5
40,35,16.0,0.35555555555555557,0.2,16.0,2.6666666666666665
40,36,25.0,0.5555555555555556,0.3125,25.0,4.166666666666667
40,37,31.0,0.6888888888888889,0.3875,31.0,5.166666666666667
40,38,31.0,0.6888888888888889,0.3875,31.0,5.166666666666667
40,39,10.0,0.2222222222222222,0.125,10.0,1.6666666666666667
40,41,25.0,0.5555555555555556,0.3125,25.0,4.166666666666667
40,42,27.0,0.6,0.3375,27.0,4.5
40,43,18.0,0.4,0.225,18.0,3.0
40,44,13.0,0.28888888888888886,0.1625,13.0,2.1666666666666665
40,45,22.0,0.4888888888888889,0.275,22.0,3.6666666666666665
40,46,21.0,0.4666666666666667,0.2625,21.0,3.5
40,47,15.0,0.3333333333333333,0.1875,15.0,2.5
40,48,19.0,0.4222222222222222,0.2375,19.0,3.1666666666666665
40,49,20.0,0.4444444444444444,0.25,20.0,3.3333333333333335
40,50,21.0,0.4666666666666667,0.2625,21.0,3.5
40,51,13.0,0.28888888888888886,0.1625,13.0,2.1666666666666665
41,1,14.0,0.3111111111111111,0.175,14.0,2.3333333333333335
41,2,17.0,0.37777777777777777,0.2125,17.0,2.8333333333333335
41,3,28.0,0.6222222222222222,0.35,28.0,4.666666666666667
41,4,10.0,0.2222222222222222,0.125,10.0,1.6666666666666667
41,5,21.0,0.4666666666666667,0.2625,21.0,3.5
41,6,19.0,0.4222222222222222,0.2375,19.0,3.1666666666666665
41,7,13.0,0.28888888888888886,0.1625,13.0,2.1666666666666665
41,8,6.0,0.13333333333333333,0.075,6.0,1.0
41,9,9.0,0.2,0.1125,9.0,1.5
41,10,13.0,0.28888888888888886,0.1625,13.0,2.1666666666666665
41,11,21.0,0.4666666666666667,0.2625,21.0,3.5
41,12,18.0,0.4,0.225,18.0,3.0
41,13,17.0,0.37777777777777777,0.2125,17.0,2.8333333333333335
41,14,8.0,0.17777777777777778,0.1,8.0,1.3333333333333333
41,15,8.0,0.17777777777777778,0.1,8.0,1.3333333333333333
41,16,18.0,0.4,0.225,18.0,3.0
41,17,13.0,0.28888888888888886,0.1625,13.0,2.1666666666666665
41,18,16.0,0.35555555555555557,0.2,16.0,2.6666666666666665
41,19,6.0,0.13333333333333333,0.075,6.0,1.0
41,20,5.0,0.1111111111111111,0.0625,5.0,0.8333333333333334
41,21,13.0,0.28888888888888886,0.1625,13.0,2.1666666666666665
41,22,23.0,0.5111111111111111,0.2875,23.0,3.8333333333333335
41,23,4.0,0.08888888888888889,0.05,4.0,0.6666666666666666
41,24,19.0,0.4222222222222222,0.2375,19.0,3.1666666666666665
41,25,10.0,0.2222222222222222,0.125,10.0,1.6666666666666667
41,26,10.0,0.2222222222222222,0.125,10.0,1.6666666666666667
41,27,6.0,0.13333333333333333,0.075,6.0,1.0
41,28,15.0,0.3333333333333333,0.1875,15.0,2.5
41,29,3.0,0.06666666666666667,0.0375,3.0,0.5
41,30,5.0,0.1111111111111111,0.0625,5.0,0.8333333333333334
41,31,10.0,0.2222222222222222,0.125,10.0,1.6666666666666667
41,32,11.0,0.24444444444444444,0.1375,11.0,1.8333333333333333
41,33,16.0,0.35555555555555557,0.2,16.0,2.6666666666666665
41,34,16.0,0.35555555555555557,0.2,16.0,2.6666666666666665
41,35,26.0,0.5777777777777777,0.325,26.0,4.333333333333333
41,36,23.0,0.5111111111111111,0.2875,23.0,3.8333333333333335
41,37,20.0,0.4444444444444444,0.25,20.0,3.3333333333333335
41,38,15.0,0.3333333333333333,0.1875,15.0,2.5
41,39,16.0,0.35555555555555557,0.2,16.0,2.6666666666666665
41,40,25.0,0.5555555555555556,0.3125,25.0,4.166666666666667
41,42,23.0,0.5111111111111111,0.2875,23.0,3.8333333333333335
41,43,23.0,0.5111111111111111,0.2875,23.0,3.8333333333333335
41,44,13.0,0.28888888888888886,0.1625,13.0,2.1666666666666665
41,45,5.0,0.1111111111111111,0.0625,5.0,0.8333333333333334
41,46,20.0,0.4444444444444444,0.25,20.0,3.3333333333333335
41,47,11.0,0.24444444444444444,0.1375,11.0,1.8333333333333333
41,48,27.0,0.6,0.3375,27.0,4.5
41,49,10.0,0.2222222222222222,0.125,10.0,1.6666666666666667
41,50,16.0,0.35555555555555557,0.2,16.0,2.6666666666666665
41,51,13.0,0.28888888888888886,0.1625,13.0,2.1666666666666665
42,1,15.0,0.3333333333333333,0.1875,15.0,2.5
42,2,6.0,0.13333333333333333,0.075,6.0,1.0
42,3,5.0,0.1111111111111111,0.0625,5.0,0.8333333333333334
42,4,14.0,0.3111111111111111,0.175,14.0,2.3333333333333335
42,5,17.0,0.37777777777777777,0.2125,17.0,2.8333333333333335
42,6,19.0,0.4222222222222222,0.2375,19.0,3.1666666666666665
42,7,10.0,0.2222222222222222,0.125,10.0,1.6666666666666667
42,8,17.0,0.37777777777777777,0.2125,17.0,2.8333333333333335
42,9,31.0,0.6888888888888889,0.3875,31.0,5.166666666666667
42,10,11.0,0.24444444444444444,0.1375,11.0,1.8333333333333333
42,11,22.0,0.4888888888888889,0.275,22.0,3.6666666666666665
42,12,8.0,0.17777777777777778,0.1,8.0,1.3333333333333333
42,13,23.0,0.5111111111111111,0.2875,23.0,3.8333333333333335
42,14,15.0,0.3333333333333333,0.1875,15.0,2.5
42,15,27.0,0.6,0.3375,27.0,4.5
42,16,19.0,0.4222222222222222,0.2375,19.0,3.1666666666666665
42,17,15.0,0.3333333333333333,0.1875,15.0,2.5
42,18,9.0,0.2,0.1125,9.0,1.5
42,19,22.0,0.4888888888888889,0.275,22.0,3.6666666666666665
42,20,27.0,0.6,0.3375,27.0,4.5
42,21,10.0,0.2222222222222222,0.125,10.0,1.6666666666666667
42,22,24.0,0.5333333333333333,0.3,24.0,4.0
42,23,25.0,0.5555555555555556,0.3125,25.0,4.166666666666667
42,24,21.0,0.4666666666666667,0.2625,21.0,3.5
42,25,13.0,0.28888888888888886,0.1625,13.0,2.1666666666666665
42,26,19.0,0.4222222222222222,0.2375,19.0,3.1666666666666665
42,27,20.0,0.4444444444444444,0.25,20.0,3.3333333333333335
42,28,13.0,0.28888888888888886,0.1625,13.0,2.1666666666666665
42,29,23.0,0.5111111111111111,0.2875,23.0,3.8333333333333335
42,30,19.0,0.4222222222222222,0.2375,19.0,3.1666666666666665
42,31,14.0,0.3111111111111111,0.175,14.0,2.3333333333333335
42,32,12.0,0.26666666666666666,0.15,12.0,2.0
42,33,17.0,0.37777777777777777,0.2125,17.0,2.8333333333333335
42,34,12.0,0.26666666666666666,0.15,12.0,2.0
42,35,12.0,0.26666666666666666,0.15,12.0,2.0
42,36,2.0,0.044444444444444446,0.025,2.0,0.3333333333333333
42,37,5.0,0.1111111111111111,0.0625,5.0,0.8333333333333334
42,38,8.0,0.17777777777777778,0.1,8.0,1.3333333333333333
42,39,19.0,0.4222222222222222,0.2375,19.0,3.1666666666666665
42,40,27.0,0.6,0.3375,27.0,4.5
42,41,23.0,0.5111111111111111,0.2875,23.0,3.8333333333333335
42,43,9.0,0.2,0.1125,9.0,1.5
42,44,22.0,0.4888888888888889,0.275,22.0,3.6666666666666665
42,45,28.0,0.6222222222222222,0.35,28.0,4.666666666666667
42,46,6.0,0.13333333333333333,0.075,6.0,1.0
42,47,27.0,0.6,0.3375,27.0,4.5
42,48,8.0,0.17777777777777778,0.1,8.0,1.3333333333333333
42,49,33.0,0.7333333333333333,0.4125,33.0,5.5
42,50,7.0,0.15555555555555556,0.0875,7.0,1.1666666666666667
42,51,15.0,0.3333333333333333,0.1875,15.0,2.5
43,1,12.0,0.26666666666666666,0.15,12.0,2.0
43,2,8.0,0.17777777777777778,0.1,8.0,1.3333333333333333
43,3,5.0,0.1111111111111111,0.0625,5.0,0.8333333333333334
43,4,14.0,0.3111111111111111,0.175,14.0,2.3333333333333335
43,5,9.0,0.2,0.1125,9.0,1.5
43,6,11.0,0.24444444444444444,0.1375,11.0,1.8333333333333333
43,7,10.0,0.2222222222222222,0.125,10.0,1.6666666666666667
43,8,17.0,0.37777777777777777,0.2125,17.0,2.8333333333333335
43,9,31.0,0.6888888888888889,0.3875,31.0,5.166666666666667
43,10,11.0,0.24444444444444444,0.1375,11.0,1.8333333333333333
43,11,14.0,0.3111111111111111,0.175,14.0,2.3333333333333335
43,12,17.0,0.37777777777777777,0.2125,17.0,2.8333333333333335
43,13,23.0,0.5111111111111111,0.2875,23.0,3.8333333333333335
43,14,15.0,0.3333333333333333,0.1875,15.0,2.5
43,15,27.0,0.6,0.3375,27.0,4.5
43,16,12.0,0.26666666666666666,0.15,12.0,2.0
43,17,15.0,0.3333333333333333,0.1875,15.0,2.5
43,18,7.0,0.15555555555555556,0.0875,7.0,1.1666666666666667
43,19,22.0,0.4888888888888889,0.275,22.0,3.6666666666666665
43,20,27.0,0.6,0.3375,27.0,4.5
43,21,17.0,0.37777777777777777,0.2125,17.0,2.8333333333333335
43,22,15.0,0.3333333333333333,0.1875,15.0,2.5
43,23,25.0,0.5555555555555556,0.3125,25.0,4.166666666666667
43,24,19.0,0.4222222222222222,0.2375,19.0,3.1666666666666665
43,25,17.0,0.37777777777777777,0.2125,17.0,2.8333333333333335
43,26,19.0,0.4222222222222222,0.2375,19.0,3.1666666666666665
43,27,20.0,0.4444444444444444,0.25,20.0,3.3333333333333335
43,28,22.0,0.4888888888888889,0.275,22.0,3.6666666666666665
43,29,23.0,0.5111111111111111,0.2875,23.0,3.8333333333333335
43,30,19.0,0.4222222222222222,0.2375,19.0,3.1666666666666665
43,31,14.0,0.3111111111111111,0.175,14.0,2.3333333333333335
43,32,12.0,0.26666666666666666,0.15,12.0,2.0
43,33,9.0,0.2,0.1125,9.0,1.5
43,34,7.0,0.15555555555555556,0.0875,7.0,1.1666666666666667
43,35,4.0,0.08888888888888889,0.05,4.0,0.6666666666666666
43,36,7.0,0.15555555555555556,0.0875,7.0,1.1666666666666667
43,37,14.0,0.3111111111111111,0.175,14.0,2.3333333333333335
43,38,13.0,0.28888888888888886,0.1625,13.0,2.1666666666666665
43,39,19.0,0.4222222222222222,0.2375,19.0,3.1666666666666665
43,40,18.0,0.4,0.225,18.0,3.0
43,41,23.0,0.5111111111111111,0.2875,23.0,3.8333333333333335
43,42,9.0,0.2,0.1125,9.0,1.5
43,44,22.0,0.4888888888888889,0.275,22.0,3.6666666666666665
43,45,28.0,0.6222222222222222,0.35,28.0,4.666666666666667
43,46,4.0,0.08888888888888889,0.05,4.0,0.6666666666666666
43,47,27.0,0.6,0.3375,27.0,4.5
43,48,5.0,0.1111111111111111,0.0625,5.0,0.8333333333333334
43,49,33.0,0.7333333333333333,0.4125,33.0,5.5
43,50,7.0,0.15555555555555556,0.0875,7.0,1.1666666666666667
43,51,15.0,0.3333333333333333,0.1875,15.0,2.5
44,1,10.0,0.2222222222222222,0.125,10.0,1.6666666666666667
44,2,16.0,0.35555555555555557,0.2,16.0,2.6666666666666665
44,3,27.0,0.6,0.3375,27.0,4.5
44,4,12.0,0.26666666666666666,0.15,12.0,2.0
44,5,20.0,0.4444444444444444,0.25,20.0,3.3333333333333335
44,6,18.0,0.4,0.225,18.0,3.0
44,7,12.0,0.26666666666666666,0.15,12.0,2.0
44,8,15.0,0.3333333333333333,0.1875,15.0,2.5
44,9,10.0,0.2222222222222222,0.125,10.0,1.6666666666666667
44,10,12.0,0.26666666666666666,0.15,12.0,2.0
44,11,9.0,0.2,0.1125,9.0,1.5
44,12,22.0,0.4888888888888889,0.275,22.0,3.6666666666666665
44,13,5.0,0.1111111111111111,0.0625,5.0,0.8333333333333334
44,14,20.0,0.4444444444444444,0.25,20.0,3.3333333333333335
44,15,5.0,0.1111111111111111,0.0625,5.0,0.8333333333333334
44,16,11.0,0.24444444444444444,0.1375,11.0,1.8333333333333333
44,17,8.0,0.17777777777777778,0.1,8.0,1.3333333333333333
44,18,15.0,0.3333333333333333,0.1875,15.0,2.5
44,19,7.0,0.15555555555555556,0.0875,7.0,1.1666666666666667
44,20,14.0,0.3111111111111111,0.175,14.0,2.3333333333333335
44,21,22.0,0.4888888888888889,0.275,22.0,3.6666666666666665
44,22,14.0,0.3111111111111111,0.175,14.0,2.3333333333333335
44,23,9.0,0.2,0.1125,9.0,1.5
44,24,7.0,0.15555555555555556,0.0875,7.0,1.1666666666666667
44,25,22.0,0.4888888888888889,0.275,22.0,3.6666666666666665
44,26,3.0,0.06666666666666667,0.0375,3.0,0.5
44,27,19.0,0.4222222222222222,0.2375,19.0,3.1666666666666665
44,28,27.0,0.6,0.3375,27.0,4.5
44,29,16.0,0.35555555555555557,0.2,16.0,2.6666666666666665
44,30,10.0,0.2222222222222222,0.125,10.0,1.6666666666666667
44,31,9.0,0.2,0.1125,9.0,1.5
44,32,17.0,0.37777777777777777,0.2125,17.0,2.8333333333333335
44,33,14.0,0.3111111111111111,0.175,14.0,2.3333333333333335
44,34,15.0,0.3333333333333333,0.1875,15.0,2.5
44,35,25.0,0.5555555555555556,0.3125,25.0,4.166666666666667
44,36,22.0,0.4888888888888889,0.275,22.0,3.6666666666666665
44,37,19.0,0.4222222222222222,0.2375,19.0,3.1666666666666665
44,38,18.0,0.4,0.225,18.0,3.0
44,39,4.0,0.08888888888888889,0.05,4.0,0.6666666666666666
44,40,13.0,0.28888888888888886,0.1625,13.0,2.1666666666666665
44,41,13.0,0.28888888888888886,0.1625,13.0,2.1666666666666665
44,42,22.0,0.4888888888888889,0.275,22.0,3.6666666666666665
44,43,22.0,0.4888888888888889,0.275,22.0,3.6666666666666665
44,45,9.0,0.2,0.1125,9.0,1.5
44,46,19.0,0.4222222222222222,0.2375,19.0,3.1666666666666665
44,47,5.0,0.1111111111111111,0.0625,5.0,0.8333333333333334
44,48,26.0,0.5777777777777777,0.325,26.0,4.333333333333333
44,49,11.0,0.24444444444444444,0.1375,11.0,1.8333333333333333
44,50,15.0,0.3333333333333333,0.1875,15.0,2.5
44,51,7.0,0.15555555555555556,0.0875,7.0,1.1666666666666667
45,1,16.0,0.35555555555555557,0.2,16.0,2.6666666666666665
45,2,22.0,0.4888888888888889,0.275,22.0,3.6666666666666665
45,3,33.0,0.7333333333333333,0.4125,33.0,5.5
45,4,15.0,0.3333333333333333,0.1875,15.0,2.5
45,5,26.0,0.5777777777777777,0.325,26.0,4.333333333333333
45,6,24.0,0.5333333333333333,0.3,24.0,4.0
45,7,18.0,0.4,0.225,18.0,3.0
45,8,11.0,0.24444444444444444,0.1375,11.0,1.8333333333333333
45,9,4.0,0.08888888888888889,0.05,4.0,0.6666666666666666
45,10,18.0,0.4,0.225,18.0,3.0
45,11,17.0,0.37777777777777777,0.2125,17.0,2.8333333333333335
45,12,23.0,0.5111111111111111,0.2875,23.0,3.8333333333333335
45,13,14.0,0.3111111111111111,0.175,14.0,2.3333333333333335
45,14,13.0,0.28888888888888886,0.1625,13.0,2.1666666666666665
45,15,4.0,0.08888888888888889,0.05,4.0,0.6666666666666666
45,16,17.0,0.37777777777777777,0.2125,17.0,2.8333333333333335
45,17,14.0,0.3111111111111111,0.175,14.0,2.3333333333333335
45,18,21.0,0.4666666666666667,0.2625,21.0,3.5
45,19,6.0,0.13333333333333333,0.075,6.0,1.0
45,20,5.0,0.1111111111111111,0.0625,5.0,0.8333333333333334
45,21,18.0,0.4,0.225,18.0,3.0
45,22,20.0,0.4444444444444444,0.25,20.0,3.3333333333333335
45,23,3.0,0.06666666666666667,0.0375,3.0,0.5
45,24,16.0,0.35555555555555557,0.2,16.0,2.6666666666666665
45,25,15.0,0.3333333333333333,0.1875,15.0,2.5
45,26,9.0,0.2,0.1125,9.0,1.5
45,27,10.0,0.2222222222222222,0.125,10.0,1.6666666666666667
45,28,18.0,0.4,0.225,18.0,3.0
45,29,7.0,0.15555555555555556,0.0875,7.0,1.1666666666666667
45,30,10.0,0.2222222222222222,0.125,10.0,1.6666666666666667
45,31,15.0,0.3333333333333333,0.1875,15.0,2.5
45,32,16.0,0.35555555555555557,0.2,16.0,2.6666666666666665
45,33,20.0,0.4444444444444444,0.25,20.0,3.3333333333333335
45,34,21.0,0.4666666666666667,0.2625,21.0,3.5
45,35,31.0,0.6888888888888889,0.3875,31.0,5.166666666666667
45,36,28.0,0.6222222222222222,0.35,28.0,4.666666666666667
45,37,25.0,0.5555555555555556,0.3125,25.0,4.166666666666667
45,38,20.0,0.4444444444444444,0.25,20.0,3.3333333333333335
45,39,12.0,0.26666666666666666,0.15,12.0,2.0
45,40,22.0,0.4888888888888889,0.275,22.0,3.6666666666666665
45,41,5.0,0.1111111111111111,0.0625,5.0,0.8333333333333334
45,42,28.0,0.6222222222222222,0.35,28.0,4.666666666666667
45,43,28.0,0.6222222222222222,0.35,28.0,4.666666666666667
45,44,9.0,0.2,0.1125,9.0,1.5
45,46,25.0,0.5555555555555556,0.3125,25.0,4.166666666666667
45,47,7.0,0.15555555555555556,0.0875,7.0,1.1666666666666667
45,48,32.0,0.7111111111111111,0.4,32.0,5.333333333333333
45,49,5.0,0.1111111111111111,0.0625,5.0,0.8333333333333334
45,50,21.0,0.4666666666666667,0.2625,21.0,3.5
45,51,13.0,0.28888888888888886,0.1625,13.0,2.1666666666666665
46,1,10.0,0.2222222222222222,0.125,10.0,1.6666666666666667
46,2,5.0,0.1111111111111111,0.0625,5.0,0.8333333333333334
46,3,9.0,0.2,0.1125,9.0,1.5
46,4,10.0,0.2222222222222222,0.125,10.0,1.6666666666666667
46,5,12.0,0.26666666666666666,0.15,12.0,2.0
46,6,14.0,0.3111111111111111,0.175,14.0,2.3333333333333335
46,7,7.0,0.15555555555555556,0.0875,7.0,1.1666666666666667
46,8,14.0,0.3111111111111111,0.175,14.0,2.3333333333333335
46,9,28.0,0.6222222222222222,0.35,28.0,4.666666666666667
46,10,7.0,0.15555555555555556,0.0875,7.0,1.1666666666666667
46,11,17.0,0.37777777777777777,0.2125,17.0,2.8333333333333335
46,12,13.0,0.28888888888888886,0.1625,13.0,2.1666666666666665
46,13,20.0,0.4444444444444444,0.25,20.0,3.3333333333333335
46,14,12.0,0.26666666666666666,0.15,12.0,2.0
46,15,24.0,0.5333333333333333,0.3,24.0,4.0
46,16,14.0,0.3111111111111111,0.175,14.0,2.3333333333333335
46,17,11.0,0.24444444444444444,0.1375,11.0,1.8333333333333333
46,18,4.0,0.08888888888888889,0.05,4.0,0.6666666666666666
46,19,19.0,0.4222222222222222,0.2375,19.0,3.1666666666666665
46,20,24.0,0.5333333333333333,0.3,24.0,4.0
46,21,14.0,0.3111111111111111,0.175,14.0,2.3333333333333335
46,22,19.0,0.4222222222222222,0.2375,19.0,3.1666666666666665
46,23,22.0,0.4888888888888889,0.275,22.0,3.6666666666666665
46,24,15.0,0.3333333333333333,0.1875,15.0,2.5
46,25,14.0,0.3111111111111111,0.175,14.0,2.3333333333333335
46,26,16.0,0.35555555555555557,0.2,16.0,2.6666666666666665
46,27,17.0,0.37777777777777777,0.2125,17.0,2.8333333333333335
46,28,19.0,0.4222222222222222,0.2375,19.0,3.1666666666666665
46,29,19.0,0.4222222222222222,0.2375,19.0,3.1666666666666665
46,30,15.0,0.3333333333333333,0.1875,15.0,2.5
46,31,10.0,0.2222222222222222,0.125,10.0,1.6666666666666667
46,32,9.0,0.2,0.1125,9.0,1.5
46,33,12.0,0.26666666666666666,0.15,12.0,2.0
46,34,7.0,0.15555555555555556,0.0875,7.0,1.1666666666666667
46,35,7.0,0.15555555555555556,0.0875,7.0,1.1666666666666667
46,36,4.0,0.08888888888888889,0.05,4.0,0.6666666666666666
46,37,10.0,0.2222222222222222,0.125,10.0,1.6666666666666667
46,38,10.0,0.2222222222222222,0.125,10.0,1.6666666666666667
46,39,15.0,0.3333333333333333,0.1875,15.0,2.5
46,40,21.0,0.4666666666666667,0.2625,21.0,3.5
46,41,20.0,0.4444444444444444,0.25,20.0,3.3333333333333335
46,42,6.0,0.13333333333333333,0.075,6.0,1.0
46,43,4.0,0.08888888888888889,0.05,4.0,0.6666666666666666
46,44,19.0,0.4222222222222222,0.2375,19.0,3.1666666666666665
46,45,25.0,0.5555555555555556,0.3125,25.0,4.166666666666667
46,47,24.0,0.5333333333333333,0.3,24.0,4.0
46,48,8.0,0.17777777777777778,0.1,8.0,1.3333333333333333
46,49,29.0,0.6444444444444445,0.3625,29.0,4.833333333333333
46,50,4.0,0.08888888888888889,0.05,4.0,0.6666666666666666
46,51,12.0,0.26666666666666666,0.15,12.0,2.0
47,1,15.0,0.3333333333333333,0.1875,15.0,2.5
47,2,21.0,0.4666666666666667,0.2625,21.0,3.5
47,3,32.0,0.7111111111111111,0.4,32.0,5.333333333333333
47,4,14.0,0.3111111111111111,0.175,14.0,2.3333333333333335
47,5,25.0,0.5555555555555556,0.3125,25.0,4.166666666666667
47,6,23.0,0.5111111111111111,0.2875,23.0,3.8333333333333335
47,7,17.0,0.37777777777777777,0.2125,17.0,2.8333333333333335
47,8,14.0,0.3111111111111111,0.175,14.0,2.3333333333333335
47,9,8.0,0.17777777777777778,0.1,8.0,1.3333333333333333
47,10,17.0,0.37777777777777777,0.2125,17.0,2.8333333333333335
47,11,14.0,0.3111111111111111,0.175,14.0,2.3333333333333335
47,12,22.0,0.4888888888888889,0.275,22.0,3.6666666666666665
47,13,7.0,0.15555555555555556,0.0875,7.0,1.1666666666666667
47,14,19.0,0.4222222222222222,0.2375,19.0,3.1666666666666665
47,15,4.0,0.08888888888888889,0.05,4.0,0.6666666666666666
47,16,16.0,0.35555555555555557,0.2,16.0,2.6666666666666665
47,17,13.0,0.28888888888888886,0.1625,13.0,2.1666666666666665
47,18,20.0,0.4444444444444444,0.25,20.0,3.3333333333333335
47,19,5.0,0.1111111111111111,0.0625,5.0,0.8333333333333334
47,20,12.0,0.26666666666666666,0.15,12.0,2.0
47,21,20.0,0.4444444444444444,0.25,20.0,3.3333333333333335
47,22,19.0,0.4222222222222222,0.2375,19.0,3.1666666666666665
47,23,7.0,0.15555555555555556,0.0875,7.0,1.1666666666666667
47,24,9.0,0.2,0.1125,9.0,1.5
47,25,20.0,0.4444444444444444,0.25,20.0,3.3333333333333335
47,26,8.0,0.17777777777777778,0.1,8.0,1.3333333333333333
47,27,17.0,0.37777777777777777,0.2125,17.0,2.8333333333333335
47,28,25.0,0.5555555555555556,0.3125,25.0,4.166666666666667
47,29,14.0,0.3111111111111111,0.175,14.0,2.3333333333333335
47,30,9.0,0.2,0.1125,9.0,1.5
47,31,14.0,0.3111111111111111,0.175,14.0,2.3333333333333335
47,32,15.0,0.3333333333333333,0.1875,15.0,2.5
47,33,19.0,0.4222222222222222,0.2375,19.0,3.1666666666666665
47,34,20.0,0.4444444444444444,0.25,20.0,3.3333333333333335
47,35,30.0,0.6666666666666666,0.375,30.0,5.0
47,36,27.0,0.6,0.3375,27.0,4.5
47,37,24.0,0.5333333333333333,0.3,24.0,4.0
47,38,19.0,0.4222222222222222,0.2375,19.0,3.1666666666666665
47,39,9.0,0.2,0.1125,9.0,1.5
47,40,15.0,0.3333333333333333,0.1875,15.0,2.5
47,41,11.0,0.24444444444444444,0.1375,11.0,1.8333333333333333
47,42,27.0,0.6,0.3375,27.0,4.5
47,43,27.0,0.6,0.3375,27.0,4.5
47,44,5.0,0.1111111111111111,0.0625,5.0,0.8333333333333334
47,45,7.0,0.15555555555555556,0.0875,7.0,1.1666666666666667
47,46,24.0,0.5333333333333333,0.3,24.0,4.0
47,48,31.0,0.6888888888888889,0.3875,31.0,5.166666666666667
47,49,6.0,0.13333333333333333,0.075,6.0,1.0
47,50,20.0,0.4444444444444444,0.25,20.0,3.3333333333333335
47,51,12.0,0.26666666666666666,0.15,12.0,2.0
48,1,16.0,0.35555555555555557,0.2,16.0,2.6666666666666665
48,2,10.0,0.2222222222222222,0.125,10.0,1.6666666666666667
48,3,4.0,0.08888888888888889,0.05,4.0,0.6666666666666666
48,4,18.0,0.4,0.225,18.0,3.0
48,5,10.0,0.2222222222222222,0.125,10.0,1.6666666666666667
48,6,12.0,0.26666666666666666,0.15,12.0,2.0
48,7,15.0,0.3333333333333333,0.1875,15.0,2.5
48,8,21.0,0.4666666666666667,0.2625,21.0,3.5
48,9,36.0,0.8,0.45,36.0,6.0
48,10,15.0,0.3333333333333333,0.1875,15.0,2.5
48,11,18.0,0.4,0.225,18.0,3.0
48,12,16.0,0.35555555555555557,0.2,16.0,2.6666666666666665
48,13,28.0,0.6222222222222222,0.35,28.0,4.666666666666667
48,14,20.0,0.4444444444444444,0.25,20.0,3.3333333333333335
48,15,31.0,0.6888888888888889,0.3875,31.0,5.166666666666667
48,16,16.0,0.35555555555555557,0.2,16.0,2.6666666666666665
48,17,19.0,0.4222222222222222,0.2375,19.0,3.1666666666666665
48,18,11.0,0.24444444444444444,0.1375,11.0,1.8333333333333333
48,19,26.0,0.5777777777777777,0.325,26.0,4.333333333333333
48,20,32.0,0.7111111111111111,0.4,32.0,5.333333333333333
48,21,16.0,0.35555555555555557,0.2,16.0,2.6666666666666665
48,22,16.0,0.35555555555555557,0.2,16.0,2.6666666666666665
48,23,29.0,0.6444444444444445,0.3625,29.0,4.833333333333333
48,24,23.0,0.5111111111111111,0.2875,23.0,3.8333333333333335
48,25,17.0,0.37777777777777777,0.2125,17.0,2.8333333333333335
48,26,23.0,0.5111111111111111,0.2875,23.0,3.8333333333333335
48,27,25.0,0.5555555555555556,0.3125,25.0,4.166666666666667
48,28,21.0,0.4666666666666667,0.2625,21.0,3.5
48,29,27.0,0.6,0.3375,27.0,4.5
48,30,23.0,0.5111111111111111,0.2875,23.0,3.8333333333333335
48,31,18.0,0.4,0.225,18.0,3.0
48,32,16.0,0.35555555555555557,0.2,16.0,2.6666666666666665
48,33,13.0,0.28888888888888886,0.1625,13.0,2.1666666666666665
48,34,11.0,0.24444444444444444,0.1375,11.0,1.8333333333333333
48,35,5.0,0.1111111111111111,0.0625,5.0,0.8333333333333334
48,36,6.0,0.13333333333333333,0.075,6.0,1.0
48,37,13.0,0.28888888888888886,0.1625,13.0,2.1666666666666665
48,38,12.0,0.26666666666666666,0.15,12.0,2.0
48,39,23.0,0.5111111111111111,0.2875,23.0,3.8333333333333335
48,40,19.0,0.4222222222222222,0.2375,19.0,3.1666666666666665
48,41,27.0,0.6,0.3375,27.0,4.5
48,42,8.0,0.17777777777777778,0.1,8.0,1.3333333333333333
48,43,5.0,0.1111111111111111,0.0625,5.0,0.8333333333333334
48,44,26.0,0.5777777777777777,0.325,26.0,4.333333333333333
48,45,32.0,0.7111111111111111,0.4,32.0,5.333333333333333
48,46,8.0,0.17777777777777778,0.1,8.0,1.3333333333333333
48,47,31.0,0.6888888888888889,0.3875,31.0,5.166666666666667
48,49,37.0,0.8222222222222222,0.4625,37.0,6.166666666666667
48,50,11.0,0.24444444444444444,0.1375,11.0,1.8333333333333333
48,51,20.0,0.4444444444444444,0.25,20.0,3.3333333333333335
49,1,21.0,0.4666666666666667,0.2625,21.0,3.5
49,2,27.0,0.6,0.3375,27.0,4.5
49,3,38.0,0.8444444444444444,0.475,38.0,6.333333333333333
49,4,19.0,0.4222222222222222,0.2375,19.0,3.1666666666666665
49,5,31.0,0.6888888888888889,0.3875,31.0,5.166666666666667
49,6,28.0,0.6222222222222222,0.35,28.0,4.666666666666667
49,7,23.0,0.5111111111111111,0.2875,23.0,3.8333333333333335
49,8,16.0,0.35555555555555557,0.2,16.0,2.6666666666666665
49,9,4.0,0.08888888888888889,0.05,4.0,0.6666666666666666
49,10,22.0,0.4888888888888889,0.275,22.0,3.6666666666666665
49,11,19.0,0.4222222222222222,0.2375,19.0,3.1666666666666665
49,12,28.0,0.6222222222222222,0.35,28.0,4.666666666666667
49,13,10.0,0.2222222222222222,0.125,10.0,1.6666666666666667
49,14,18.0,0.4,0.225,18.0,3.0
49,15,6.0,0.13333333333333333,0.075,6.0,1.0
49,16,21.0,0.4666666666666667,0.2625,21.0,3.5
49,17,18.0,0.4,0.225,18.0,3.0
49,18,26.0,0.5777777777777777,0.325,26.0,4.333333333333333
49,19,11.0,0.24444444444444444,0.1375,11.0,1.8333333333333333
49,20,8.0,0.17777777777777778,0.1,8.0,1.3333333333333333
49,21,23.0,0.5111111111111111,0.2875,23.0,3.8333333333333335
49,22,24.0,0.5333333333333333,0.3,24.0,4.0
49,23,8.0,0.17777777777777778,0.1,8.0,1.3333333333333333
49,24,14.0,0.3111111111111111,0.175,14.0,2.3333333333333335
49,25,20.0,0.4444444444444444,0.25,20.0,3.3333333333333335
49,26,14.0,0.3111111111111111,0.175,14.0,2.3333333333333335
49,27,13.0,0.28888888888888886,0.1625,13.0,2.1666666666666665
49,28,22.0,0.4888888888888889,0.275,22.0,3.6666666666666665
49,29,10.0,0.2222222222222222,0.125,10.0,1.6666666666666667
49,30,14.0,0.3111111111111111,0.175,14.0,2.3333333333333335
49,31,19.0,0.4222222222222222,0.2375,19.0,3.1666666666666665
49,32,21.0,0.4666666666666667,0.2625,21.0,3.5
49,33,24.0,0.5333333333333333,0.3,24.0,4.0
49,34,26.0,0.5777777777777777,0.325,26.0,4.333333333333333
49,35,36.0,0.8,0.45,36.0,6.0
49,36,33.0,0.7333333333333333,0.4125,33.0,5.5
49,37,29.0,0.6444444444444445,0.3625,29.0,4.833333333333333
49,38,25.0,0.5555555555555556,0.3125,25.0,4.166666666666667
49,39,14.0,0.3111111111111111,0.175,14.0,2.3333333333333335
49,40,20.0,0.4444444444444444,0.25,20.0,3.3333333333333335
49,41,10.0,0.2222222222222222,0.125,10.0,1.6666666666666667
49,42,33.0,0.7333333333333333,0.4125,33.0,5.5
49,43,33.0,0.7333333333333333,0.4125,33.0,5.5
49,44,11.0,0.24444444444444444,0.1375,11.0,1.8333333333333333
49,45,5.0,0.1111111111111111,0.0625,5.0,0.8333333333333334
49,46,29.0,0.6444444444444445,0.3625,29.0,4.833333333333333
49,47,6.0,0.13333333333333333,0.075,6.0,1.0
49,48,37.0,0.8222222222222222,0.4625,37.0,6.166666666666667
49,50,26.0,0.5777777777777777,0.325,26.0,4.333333333333333
49,51,18.0,0.4,0.225,18.0,3.0
50,1,10.0,0.2222222222222222,0.125,10.0,1.6666666666666667
50,2,5.0,0.1111111111111111,0.0625,5.0,0.8333333333333334
50,3,12.0,0.26666666666666666,0.15,12.0,2.0
50,4,7.0,0.15555555555555556,0.0875,7.0,1.1666666666666667
50,5,12.0,0.26666666666666666,0.15,12.0,2.0
50,6,14.0,0.3111111111111111,0.175,14.0,2.3333333333333335
50,7,4.0,0.08888888888888889,0.05,4.0,0.6666666666666666
50,8,10.0,0.2222222222222222,0.125,10.0,1.6666666666666667
50,9,25.0,0.5555555555555556,0.3125,25.0,4.166666666666667
50,10,5.0,0.1111111111111111,0.0625,5.0,0.8333333333333334
50,11,17.0,0.37777777777777777,0.2125,17.0,2.8333333333333335
50,12,13.0,0.28888888888888886,0.1625,13.0,2.1666666666666665
50,13,17.0,0.37777777777777777,0.2125,17.0,2.8333333333333335
50,14,12.0,0.26666666666666666,0.15,12.0,2.0
50,15,20.0,0.4444444444444444,0.25,20.0,3.3333333333333335
50,16,14.0,0.3111111111111111,0.175,14.0,2.3333333333333335
50,17,9.0,0.2,0.1125,9.0,1.5
50,18,4.0,0.08888888888888889,0.05,4.0,0.6666666666666666
50,19,15.0,0.3333333333333333,0.1875,15.0,2.5
50,20,21.0,0.4666666666666667,0.2625,21.0,3.5
50,21,14.0,0.3111111111111111,0.175,14.0,2.3333333333333335
50,22,19.0,0.4222222222222222,0.2375,19.0,3.1666666666666665
50,23,18.0,0.4,0.225,18.0,3.0
50,24,15.0,0.3333333333333333,0.1875,15.0,2.5
50,25,14.0,0.3111111111111111,0.175,14.0,2.3333333333333335
50,26,12.0,0.26666666666666666,0.15,12.0,2.0
50,27,14.0,0.3111111111111111,0.175,14.0,2.3333333333333335
50,28,19.0,0.4222222222222222,0.2375,19.0,3.1666666666666665
50,29,16.0,0.35555555555555557,0.2,16.0,2.6666666666666665
50,30,12.0,0.26666666666666666,0.15,12.0,2.0
50,31,7.0,0.15555555555555556,0.0875,7.0,1.1666666666666667
50,32,9.0,0.2,0.1125,9.0,1.5
50,33,12.0,0.26666666666666666,0.15,12.0,2.0
50,34,7.0,0.15555555555555556,0.0875,7.0,1.1666666666666667
50,35,10.0,0.2222222222222222,0.125,10.0,1.6666666666666667
50,36,7.0,0.15555555555555556,0.0875,7.0,1.1666666666666667
50,37,10.0,0.2222222222222222,0.125,10.0,1.6666666666666667
50,38,10.0,0.2222222222222222,0.125,10.0,1.6666666666666667
50,39,12.0,0.26666666666666666,0.15,12.0,2.0
50,40,21.0,0.4666666666666667,0.2625,21.0,3.5
50,41,16.0,0.35555555555555557,0.2,16.0,2.6666666666666665
50,42,7.0,0.15555555555555556,0.0875,7.0,1.1666666666666667
50,43,7.0,0.15555555555555556,0.0875,7.0,1.1666666666666667
50,44,15.0,0.3333333333333333,0.1875,15.0,2.5
50,45,21.0,0.4666666666666667,0.2625,21.0,3.5
50,46,4.0,0.08888888888888889,0.05,4.0,0.6666666666666666
50,47,20.0,0.4444444444444444,0.25,20.0,3.3333333333333335
50,48,11.0,0.24444444444444444,0.1375,11.0,1.8333333333333333
50,49,26.0,0.5777777777777777,0.325,26.0,4.333333333333333
50,51,9.0,0.2,0.1125,9.0,1.5
