i,j,distance,truck_time,drone_time,robot_distance,robot_time
0,1,7.0,0.15555555555555556,0.0875,7.0,1.1666666666666667
0,2,6.0,0.13333333333333333,0.075,6.0,1.0
0,3,8.0,0.17777777777777778,0.1,8.0,1.3333333333333333
0,4,8.0,0.17777777777777778,0.1,8.0,1.3333333333333333
0,5,7.0,0.15555555555555556,0.0875,7.0,1.1666666666666667
0,6,16.0,0.35555555555555557,0.2,16.0,2.6666666666666665
0,7,4.0,0.08888888888888889,0.05,4.0,0.6666666666666666
0,8,7.0,0.15555555555555556,0.0875,7.0,1.1666666666666667
0,9,15.0,0.3333333333333333,0.1875,15.0,2.5
0,10,6.0,0.13333333333333333,0.075,6.0,1.0
0,11,14.0,0.3111111111111111,0.175,14.0,2.3333333333333335
0,12,6.0,0.13333333333333333,0.075,6.0,1.0
0,13,10.0,0.2222222222222222,0.125,10.0,1.6666666666666667
0,14,5.0,0.1111111111111111,0.0625,5.0,0.8333333333333334
0,15,17.0,0.37777777777777777,0.2125,17.0,2.8333333333333335
0,16,19.0,0.4222222222222222,0.2375,19.0,3.1666666666666665
0,17,10.0,0.2222222222222222,0.125,10.0,1.6666666666666667
0,18,17.0,0.37777777777777777,0.2125,17.0,2.8333333333333335
0,19,17.0,0.37777777777777777,0.2125,17.0,2.8333333333333335
0,20,9.0,0.2,0.1125,9.0,1.5
0,21,15.0,0.3333333333333333,0.1875,15.0,2.5
0,22,7.0,0.15555555555555556,0.0875,7.0,1.1666666666666667
0,23,8.0,0.17777777777777778,0.1,8.0,1.3333333333333333
0,24,8.0,0.17777777777777778,0.1,8.0,1.3333333333333333
0,25,7.0,0.15555555555555556,0.0875,7.0,1.1666666666666667
0,26,8.0,0.17777777777777778,0.1,8.0,1.3333333333333333
0,27,7.0,0.15555555555555556,0.0875,7.0,1.1666666666666667
0,28,7.0,0.15555555555555556,0.0875,7.0,1.1666666666666667
0,29,17.0,0.37777777777777777,0.2125,17.0,2.8333333333333335
0,30,9.0,0.2,0.1125,9.0,1.5
0,31,15.0,0.3333333333333333,0.1875,15.0,2.5
0,32,19.0,0.4222222222222222,0.2375,19.0,3.1666666666666665
0,33,14.0,0.3111111111111111,0.175,14.0,2.3333333333333335
0,34,6.0,0.13333333333333333,0.075,6.0,1.0
0,35,17.0,0.37777777777777777,0.2125,17.0,2.8333333333333335
0,36,6.0,0.13333333333333333,0.075,6.0,1.0
0,37,16.0,0.35555555555555557,0.2,16.0,2.6666666666666665
0,38,9.0,0.2,0.1125,9.0,1.5
0,39,14.0,0.3111111111111111,0.175,14.0,2.3333333333333335
0,40,4.0,0.08888888888888889,0.05,4.0,0.6666666666666666
0,41,18.0,0.4,0.225,18.0,3.0
0,42,5.0,0.1111111111111111,0.0625,5.0,0.8333333333333334
0,43,8.0,0.17777777777777778,0.1,8.0,1.3333333333333333
0,44,9.0,0.2,0.1125,9.0,1.5
0,45,13.0,0.28888888888888886,0.1625,13.0,2.1666666666666665
0,46,0.0,0.0,0.0,0.0,0.0
1,2,10.0,0.2222222222222222,0.125,10.0,1.6666666666666667
1,3,13.0,0.28888888888888886,0.1625,13.0,2.1666666666666665
1,4,3.0,0.06666666666666667,0.0375,3.0,0.5
1,5,12.0,0.26666666666666666,0.15,12.0,2.0
1,6,22.0,0.4888888888888889,0.275,22.0,3.6666666666666665
1,7,9.0,0.2,0.1125,9.0,1.5
1,8,2.0,0.044444444444444446,0.025,2.0,0.3333333333333333
1,9,8.0,0.17777777777777778,0.1,8.0,1.3333333333333333
1,10,8.0,0.17777777777777778,0.1,8.0,1.3333333333333333
1,11,20.0,0.4444444444444444,0.25,20.0,3.3333333333333335
1,12,2.0,0.044444444444444446,0.025,2.0,0.3333333333333333
1,13,15.0,0.3333333333333333,0.1875,15.0,2.5
1,14,11.0,0.24444444444444444,0.1375,11.0,1.8333333333333333
1,15,10.0,0.2222222222222222,0.125,10.0,1.6666666666666667
1,16,12.0,0.26666666666666666,0.15,12.0,2.0
1,17,16.0,0.35555555555555557,0.2,16.0,2.6666666666666665
1,18,22.0,0.4888888888888889,0.275,22.0,3.6666666666666665
1,19,10.0,0.2222222222222222,0.125,10.0,1.6666666666666667
1,20,11.0,0.24444444444444444,0.1375,11.0,1.8333333333333333
1,21,21.0,0.4666666666666667,0.2625,21.0,3.5
1,22,1.0,0.022222222222222223,0.0125,1.0,0.16666666666666666
1,23,10.0,0.2222222222222222,0.125,10.0,1.6666666666666667
1,24,1.0,0.022222222222222223,0.0125,1.0,0.16666666666666666
1,25,9.0,0.2,0.1125,9.0,1.5
1,26,13.0,0.28888888888888886,0.1625,13.0,2.1666666666666665
1,27,2.0,0.044444444444444446,0.025,2.0,0.3333333333333333
1,28,11.0,0.24444444444444444,0.1375,11.0,1.8333333333333333
1,29,10.0,0.2222222222222222,0.125,10.0,1.6666666666666667
1,30,14.0,0.3111111111111111,0.175,14.0,2.3333333333333335
1,31,21.0,0.4666666666666667,0.2625,21.0,3.5
1,32,12.0,0.26666666666666666,0.15,12.0,2.0
1,33,19.0,0.4222222222222222,0.2375,19.0,3.1666666666666665
1,34,2.0,0.044444444444444446,0.025,2.0,0.3333333333333333
1,35,22.0,0.4888888888888889,0.275,22.0,3.6666666666666665
1,36,3.0,0.06666666666666667,0.0375,3.0,0.5
1,37,9.0,0.2,0.1125,9.0,1.5
1,38,3.0,0.06666666666666667,0.0375,3.0,0.5
1,39,19.0,0.4222222222222222,0.2375,19.0,3.1666666666666665
1,40,8.0,0.17777777777777778,0.1,8.0,1.3333333333333333
1,41,11.0,0.24444444444444444,0.1375,11.0,1.8333333333333333
1,42,9.0,0.2,0.1125,9.0,1.5
1,43,2.0,0.044444444444444446,0.025,2.0,0.3333333333333333
1,44,14.0,0.3111111111111111,0.175,14.0,2.3333333333333335
1,45,18.0,0.4,0.225,18.0,3.0
1,46,7.0,0.15555555555555556,0.0875,7.0,1.1666666666666667
2,1,10.0,0.2222222222222222,0.125,10.0,1.6666666666666667
2,3,10.0,0.2222222222222222,0.125,10.0,1.6666666666666667
2,4,12.0,0.26666666666666666,0.15,12.0,2.0
2,5,3.0,0.06666666666666667,0.0375,3.0,0.5
2,6,12.0,0.26666666666666666,0.15,12.0,2.0
2,7,3.0,0.06666666666666667,0.0375,3.0,0.5
2,8,11.0,0.24444444444444444,0.1375,11.0,1.8333333333333333
2,9,9.0,0.2,0.1125,9.0,1.5
2,10,2.0,0.044444444444444446,0.025,2.0,0.3333333333333333
2,11,10.0,0.2222222222222222,0.125,10.0,1.6666666666666667
2,12,10.0,0.2222222222222222,0.125,10.0,1.6666666666666667
2,13,10.0,0.2222222222222222,0.125,10.0,1.6666666666666667
2,14,1.0,0.022222222222222223,0.0125,1.0,0.16666666666666666
2,15,11.0,0.24444444444444444,0.1375,11.0,1.8333333333333333
2,16,13.0,0.28888888888888886,0.1625,13.0,2.1666666666666665
2,17,9.0,0.2,0.1125,9.0,1.5
2,18,13.0,0.28888888888888886,0.1625,13.0,2.1666666666666665
2,19,11.0,0.24444444444444444,0.1375,11.0,1.8333333333333333
2,20,3.0,0.06666666666666667,0.0375,3.0,0.5
2,21,11.0,0.24444444444444444,0.1375,11.0,1.8333333333333333
2,22,11.0,0.24444444444444444,0.1375,11.0,1.8333333333333333
2,23,2.0,0.044444444444444446,0.025,2.0,0.3333333333333333
2,24,11.0,0.24444444444444444,0.1375,11.0,1.8333333333333333
2,25,1.0,0.022222222222222223,0.0125,1.0,0.16666666666666666
2,26,9.0,0.2,0.1125,9.0,1.5
2,27,8.0,0.17777777777777778,0.1,8.0,1.3333333333333333
2,28,1.0,0.022222222222222223,0.0125,1.0,0.16666666666666666
2,29,11.0,0.24444444444444444,0.1375,11.0,1.8333333333333333
2,30,11.0,0.24444444444444444,0.1375,11.0,1.8333333333333333
2,31,11.0,0.24444444444444444,0.1375,11.0,1.8333333333333333
2,32,13.0,0.28888888888888886,0.1625,13.0,2.1666666666666665
2,33,9.0,0.2,0.1125,9.0,1.5
2,34,11.0,0.24444444444444444,0.1375,11.0,1.8333333333333333
2,35,13.0,0.28888888888888886,0.1625,13.0,2.1666666666666665
2,36,10.0,0.2222222222222222,0.125,10.0,1.6666666666666667
2,37,10.0,0.2222222222222222,0.125,10.0,1.6666666666666667
2,38,13.0,0.28888888888888886,0.1625,13.0,2.1666666666666665
2,39,9.0,0.2,0.1125,9.0,1.5
2,40,2.0,0.044444444444444446,0.025,2.0,0.3333333333333333
2,41,12.0,0.26666666666666666,0.15,12.0,2.0
2,42,1.0,0.022222222222222223,0.0125,1.0,0.16666666666666666
2,43,9.0,0.2,0.1125,9.0,1.5
2,44,10.0,0.2222222222222222,0.125,10.0,1.6666666666666667
2,45,8.0,0.17777777777777778,0.1,8.0,1.3333333333333333
2,46,6.0,0.13333333333333333,0.075,6.0,1.0
3,1,13.0,0.28888888888888886,0.1625,13.0,2.1666666666666665
3,2,10.0,0.2222222222222222,0.125,10.0,1.6666666666666667
3,4,16.0,0.35555555555555557,0.2,16.0,2.6666666666666665
3,5,11.0,0.24444444444444444,0.1375,11.0,1.8333333333333333
3,6,14.0,0.3111111111111111,0.175,14.0,2.3333333333333335
3,7,8.0,0.17777777777777778,0.1,8.0,1.3333333333333333
3,8,15.0,0.3333333333333333,0.1875,15.0,2.5
3,9,19.0,0.4222222222222222,0.2375,19.0,3.1666666666666665
3,10,10.0,0.2222222222222222,0.125,10.0,1.6666666666666667
3,11,12.0,0.26666666666666666,0.15,12.0,2.0
3,12,13.0,0.28888888888888886,0.1625,13.0,2.1666666666666665
3,13,2.0,0.044444444444444446,0.025,2.0,0.3333333333333333
3,14,10.0,0.2222222222222222,0.125,10.0,1.6666666666666667
3,15,21.0,0.4666666666666667,0.2625,21.0,3.5
3,16,23.0,0.5111111111111111,0.2875,23.0,3.8333333333333335
3,17,3.0,0.06666666666666667,0.0375,3.0,0.5
3,18,11.0,0.24444444444444444,0.1375,11.0,1.8333333333333333
3,19,21.0,0.4666666666666667,0.2625,21.0,3.5
3,20,13.0,0.28888888888888886,0.1625,13.0,2.1666666666666665
3,21,10.0,0.2222222222222222,0.125,10.0,1.6666666666666667
3,22,14.0,0.3111111111111111,0.175,14.0,2.3333333333333335
3,23,12.0,0.26666666666666666,0.15,12.0,2.0
3,24,14.0,0.3111111111111111,0.175,14.0,2.3333333333333335
3,25,11.0,0.24444444444444444,0.1375,11.0,1.8333333333333333
3,26,2.0,0.044444444444444446,0.025,2.0,0.3333333333333333
3,27,12.0,0.26666666666666666,0.15,12.0,2.0
3,28,11.0,0.24444444444444444,0.1375,11.0,1.8333333333333333
3,29,21.0,0.4666666666666667,0.2625,21.0,3.5
3,30,1.0,0.022222222222222223,0.0125,1.0,0.16666666666666666
3,31,16.0,0.35555555555555557,0.2,16.0,2.6666666666666665
3,32,23.0,0.5111111111111111,0.2875,23.0,3.8333333333333335
3,33,15.0,0.3333333333333333,0.1875,15.0,2.5
3,34,14.0,0.3111111111111111,0.175,14.0,2.3333333333333335
3,35,15.0,0.3333333333333333,0.1875,15.0,2.5
3,36,14.0,0.3111111111111111,0.175,14.0,2.3333333333333335
3,37,20.0,0.4444444444444444,0.25,20.0,3.3333333333333335
3,38,16.0,0.35555555555555557,0.2,16.0,2.6666666666666665
3,39,11.0,0.24444444444444444,0.1375,11.0,1.8333333333333333
3,40,9.0,0.2,0.1125,9.0,1.5
3,41,22.0,0.4888888888888889,0.275,22.0,3.6666666666666665
3,42,9.0,0.2,0.1125,9.0,1.5
3,43,13.0,0.28888888888888886,0.1625,13.0,2.1666666666666665
3,44,1.0,0.022222222222222223,0.0125,1.0,0.16666666666666666
3,45,14.0,0.3111111111111111,0.175,14.0,2.3333333333333335
3,46,8.0,0.17777777777777778,0.1,8.0,1.3333333333333333
4,1,3.0,0.06666666666666667,0.0375,3.0,0.5
4,2,12.0,0.26666666666666666,0.15,12.0,2.0
4,3,16.0,0.35555555555555557,0.2,16.0,2.6666666666666665
4,5,15.0,0.3333333333333333,0.1875,15.0,2.5
4,6,24.0,0.5333333333333333,0.3,24.0,4.0
4,7,11.0,0.24444444444444444,0.1375,11.0,1.8333333333333333
4,8,1.0,0.022222222222222223,0.0125,1.0,0.16666666666666666
4,9,10.0,0.2222222222222222,0.125,10.0,1.6666666666666667
4,10,10.0,0.2222222222222222,0.125,10.0,1.6666666666666667
4,11,22.0,0.4888888888888889,0.275,22.0,3.6666666666666665
4,12,3.0,0.06666666666666667,0.0375,3.0,0.5
4,13,17.0,0.37777777777777777,0.2125,17.0,2.8333333333333335
4,14,13.0,0.28888888888888886,0.1625,13.0,2.1666666666666665
4,15,13.0,0.28888888888888886,0.1625,13.0,2.1666666666666665
4,16,14.0,0.3111111111111111,0.175,14.0,2.3333333333333335
4,17,18.0,0.4,0.225,18.0,3.0
4,18,25.0,0.5555555555555556,0.3125,25.0,4.166666666666667
4,19,13.0,0.28888888888888886,0.1625,13.0,2.1666666666666665
4,20,13.0,0.28888888888888886,0.1625,13.0,2.1666666666666665
4,21,23.0,0.5111111111111111,0.2875,23.0,3.8333333333333335
4,22,2.0,0.044444444444444446,0.025,2.0,0.3333333333333333
4,23,12.0,0.26666666666666666,0.15,12.0,2.0
4,24,3.0,0.06666666666666667,0.0375,3.0,0.5
4,25,11.0,0.24444444444444444,0.1375,11.0,1.8333333333333333
4,26,15.0,0.3333333333333333,0.1875,15.0,2.5
4,27,4.0,0.08888888888888889,0.05,4.0,0.6666666666666666
4,28,13.0,0.28888888888888886,0.1625,13.0,2.1666666666666665
4,29,13.0,0.28888888888888886,0.1625,13.0,2.1666666666666665
4,30,16.0,0.35555555555555557,0.2,16.0,2.6666666666666665
4,31,23.0,0.5111111111111111,0.2875,23.0,3.8333333333333335
4,32,14.0,0.3111111111111111,0.175,14.0,2.3333333333333335
4,33,21.0,0.4666666666666667,0.2625,21.0,3.5
4,34,2.0,0.044444444444444446,0.025,2.0,0.3333333333333333
4,35,25.0,0.5555555555555556,0.3125,25.0,4.166666666666667
4,36,2.0,0.044444444444444446,0.025,2.0,0.3333333333333333
4,37,12.0,0.26666666666666666,0.15,12.0,2.0
4,38,1.0,0.022222222222222223,0.0125,1.0,0.16666666666666666
4,39,21.0,0.4666666666666667,0.2625,21.0,3.5
4,40,11.0,0.24444444444444444,0.1375,11.0,1.8333333333333333
4,41,14.0,0.3111111111111111,0.175,14.0,2.3333333333333335
4,42,11.0,0.24444444444444444,0.1375,11.0,1.8333333333333333
4,43,4.0,0.08888888888888889,0.05,4.0,0.6666666666666666
4,44,16.0,0.35555555555555557,0.2,16.0,2.6666666666666665
4,45,20.0,0.4444444444444444,0.25,20.0,3.3333333333333335
4,46,8.0,0.17777777777777778,0.1,8.0,1.3333333333333333
5,1,12.0,0.26666666666666666,0.15,12.0,2.0
5,2,3.0,0.06666666666666667,0.0375,3.0,0.5
5,3,11.0,0.24444444444444444,0.1375,11.0,1.8333333333333333
5,4,15.0,0.3333333333333333,0.1875,15.0,2.5
5,6,10.0,0.2222222222222222,0.125,10.0,1.6666666666666667
5,7,4.0,0.08888888888888889,0.05,4.0,0.6666666666666666
5,8,14.0,0.3111111111111111,0.175,14.0,2.3333333333333335
5,9,9.0,0.2,0.1125,9.0,1.5
5,10,5.0,0.1111111111111111,0.0625,5.0,0.8333333333333334
5,11,8.0,0.17777777777777778,0.1,8.0,1.3333333333333333
5,12,12.0,0.26666666666666666,0.15,12.0,2.0
5,13,11.0,0.24444444444444444,0.1375,11.0,1.8333333333333333
5,14,2.0,0.044444444444444446,0.025,2.0,0.3333333333333333
5,15,14.0,0.3111111111111111,0.175,14.0,2.3333333333333335
5,16,12.0,0.26666666666666666,0.15,12.0,2.0
5,17,10.0,0.2222222222222222,0.125,10.0,1.6666666666666667
5,18,10.0,0.2222222222222222,0.125,10.0,1.6666666666666667
5,19,10.0,0.2222222222222222,0.125,10.0,1.6666666666666667
5,20,2.0,0.044444444444444446,0.025,2.0,0.3333333333333333
5,21,9.0,0.2,0.1125,9.0,1.5
5,22,13.0,0.28888888888888886,0.1625,13.0,2.1666666666666665
5,23,3.0,0.06666666666666667,0.0375,3.0,0.5
5,24,13.0,0.28888888888888886,0.1625,13.0,2.1666666666666665
5,25,4.0,0.08888888888888889,0.05,4.0,0.6666666666666666
5,26,10.0,0.2222222222222222,0.125,10.0,1.6666666666666667
5,27,11.0,0.24444444444444444,0.1375,11.0,1.8333333333333333
5,28,2.0,0.044444444444444446,0.025,2.0,0.3333333333333333
5,29,10.0,0.2222222222222222,0.125,10.0,1.6666666666666667
5,30,12.0,0.26666666666666666,0.15,12.0,2.0
5,31,9.0,0.2,0.1125,9.0,1.5
5,32,12.0,0.26666666666666666,0.15,12.0,2.0
5,33,7.0,0.15555555555555556,0.0875,7.0,1.1666666666666667
5,34,13.0,0.28888888888888886,0.1625,13.0,2.1666666666666665
5,35,10.0,0.2222222222222222,0.125,10.0,1.6666666666666667
5,36,13.0,0.28888888888888886,0.1625,13.0,2.1666666666666665
5,37,9.0,0.2,0.1125,9.0,1.5
5,38,15.0,0.3333333333333333,0.1875,15.0,2.5
5,39,7.0,0.15555555555555556,0.0875,7.0,1.1666666666666667
5,40,4.0,0.08888888888888889,0.05,4.0,0.6666666666666666
5,41,13.0,0.28888888888888886,0.1625,13.0,2.1666666666666665
5,42,4.0,0.08888888888888889,0.05,4.0,0.6666666666666666
5,43,12.0,0.26666666666666666,0.15,12.0,2.0
5,44,11.0,0.24444444444444444,0.1375,11.0,1.8333333333333333
5,45,6.0,0.13333333333333333,0.075,6.0,1.0
5,46,7.0,0.15555555555555556,0.0875,7.0,1.1666666666666667
6,1,22.0,0.4888888888888889,0.275,22.0,3.6666666666666665
6,2,12.0,0.26666666666666666,0.15,12.0,2.0
6,3,14.0,0.3111111111111111,0.175,14.0,2.3333333333333335
6,4,24.0,0.5333333333333333,0.3,24.0,4.0
6,5,10.0,0.2222222222222222,0.125,10.0,1.6666666666666667
6,7,13.0,0.28888888888888886,0.1625,13.0,2.1666666666666665
6,8,23.0,0.5111111111111111,0.2875,23.0,3.8333333333333335
6,9,19.0,0.4222222222222222,0.2375,19.0,3.1666666666666665
6,10,14.0,0.3111111111111111,0.175,14.0,2.3333333333333335
6,11,2.0,0.044444444444444446,0.025,2.0,0.3333333333333333
6,12,22.0,0.4888888888888889,0.275,22.0,3.6666666666666665
6,13,14.0,0.3111111111111111,0.175,14.0,2.3333333333333335
6,14,11.0,0.24444444444444444,0.1375,11.0,1.8333333333333333
6,15,23.0,0.5111111111111111,0.2875,23.0,3.8333333333333335
6,16,18.0,0.4,0.225,18.0,3.0
6,17,13.0,0.28888888888888886,0.1625,13.0,2.1666666666666665
6,18,3.0,0.06666666666666667,0.0375,3.0,0.5
6,19,20.0,0.4444444444444444,0.25,20.0,3.3333333333333335
6,20,11.0,0.24444444444444444,0.1375,11.0,1.8333333333333333
6,21,5.0,0.1111111111111111,0.0625,5.0,0.8333333333333334
6,22,23.0,0.5111111111111111,0.2875,23.0,3.8333333333333335
6,23,12.0,0.26666666666666666,0.15,12.0,2.0
6,24,22.0,0.4888888888888889,0.275,22.0,3.6666666666666665
6,25,13.0,0.28888888888888886,0.1625,13.0,2.1666666666666665
6,26,12.0,0.26666666666666666,0.15,12.0,2.0
6,27,20.0,0.4444444444444444,0.25,20.0,3.3333333333333335
6,28,11.0,0.24444444444444444,0.1375,11.0,1.8333333333333333
6,29,16.0,0.35555555555555557,0.2,16.0,2.6666666666666665
6,30,15.0,0.3333333333333333,0.1875,15.0,2.5
6,31,3.0,0.06666666666666667,0.0375,3.0,0.5
6,32,21.0,0.4666666666666667,0.2625,21.0,3.5
6,33,3.0,0.06666666666666667,0.0375,3.0,0.5
6,34,22.0,0.4888888888888889,0.275,22.0,3.6666666666666665
6,35,1.0,0.022222222222222223,0.0125,1.0,0.16666666666666666
6,36,22.0,0.4888888888888889,0.275,22.0,3.6666666666666665
6,37,17.0,0.37777777777777777,0.2125,17.0,2.8333333333333335
6,38,25.0,0.5555555555555556,0.3125,25.0,4.166666666666667
6,39,3.0,0.06666666666666667,0.0375,3.0,0.5
6,40,14.0,0.3111111111111111,0.175,14.0,2.3333333333333335
6,41,22.0,0.4888888888888889,0.275,22.0,3.6666666666666665
6,42,13.0,0.28888888888888886,0.1625,13.0,2.1666666666666665
6,43,21.0,0.4666666666666667,0.2625,21.0,3.5
6,44,13.0,0.28888888888888886,0.1625,13.0,2.1666666666666665
6,45,4.0,0.08888888888888889,0.05,4.0,0.6666666666666666
6,46,16.0,0.35555555555555557,0.2,16.0,2.6666666666666665
7,1,9.0,0.2,0.1125,9.0,1.5
7,2,3.0,0.06666666666666667,0.0375,3.0,0.5
7,3,8.0,0.17777777777777778,0.1,8.0,1.3333333333333333
7,4,11.0,0.24444444444444444,0.1375,11.0,1.8333333333333333
7,5,4.0,0.08888888888888889,0.05,4.0,0.6666666666666666
7,6,13.0,0.28888888888888886,0.1625,13.0,2.1666666666666665
7,8,10.0,0.2222222222222222,0.125,10.0,1.6666666666666667
7,9,11.0,0.24444444444444444,0.1375,11.0,1.8333333333333333
7,10,3.0,0.06666666666666667,0.0375,3.0,0.5
7,11,11.0,0.24444444444444444,0.1375,11.0,1.8333333333333333
7,12,9.0,0.2,0.1125,9.0,1.5
7,13,8.0,0.17777777777777778,0.1,8.0,1.3333333333333333
7,14,2.0,0.044444444444444446,0.025,2.0,0.3333333333333333
7,15,14.0,0.3111111111111111,0.175,14.0,2.3333333333333335
7,16,15.0,0.3333333333333333,0.1875,15.0,2.5
7,17,7.0,0.15555555555555556,0.0875,7.0,1.1666666666666667
7,18,14.0,0.3111111111111111,0.175,14.0,2.3333333333333335
7,19,14.0,0.3111111111111111,0.175,14.0,2.3333333333333335
7,20,5.0,0.1111111111111111,0.0625,5.0,0.8333333333333334
7,21,12.0,0.26666666666666666,0.15,12.0,2.0
7,22,10.0,0.2222222222222222,0.125,10.0,1.6666666666666667
7,23,4.0,0.08888888888888889,0.05,4.0,0.6666666666666666
7,24,10.0,0.2222222222222222,0.125,10.0,1.6666666666666667
7,25,4.0,0.08888888888888889,0.05,4.0,0.6666666666666666
7,26,6.0,0.13333333333333333,0.075,6.0,1.0
7,27,7.0,0.15555555555555556,0.0875,7.0,1.1666666666666667
7,28,3.0,0.06666666666666667,0.0375,3.0,0.5
7,29,14.0,0.3111111111111111,0.175,14.0,2.3333333333333335
7,30,9.0,0.2,0.1125,9.0,1.5
7,31,12.0,0.26666666666666666,0.15,12.0,2.0
7,32,15.0,0.3333333333333333,0.1875,15.0,2.5
7,33,10.0,0.2222222222222222,0.125,10.0,1.6666666666666667
7,34,10.0,0.2222222222222222,0.125,10.0,1.6666666666666667
7,35,14.0,0.3111111111111111,0.175,14.0,2.3333333333333335
7,36,9.0,0.2,0.1125,9.0,1.5
7,37,13.0,0.28888888888888886,0.1625,13.0,2.1666666666666665
7,38,12.0,0.26666666666666666,0.15,12.0,2.0
7,39,10.0,0.2222222222222222,0.125,10.0,1.6666666666666667
7,40,1.0,0.022222222222222223,0.0125,1.0,0.16666666666666666
7,41,15.0,0.3333333333333333,0.1875,15.0,2.5
7,42,2.0,0.044444444444444446,0.025,2.0,0.3333333333333333
7,43,8.0,0.17777777777777778,0.1,8.0,1.3333333333333333
7,44,7.0,0.15555555555555556,0.0875,7.0,1.1666666666666667
7,45,9.0,0.2,0.1125,9.0,1.5
7,46,4.0,0.08888888888888889,0.05,4.0,0.6666666666666666
8,1,2.0,0.044444444444444446,0.025,2.0,0.3333333333333333
8,2,11.0,0.24444444444444444,0.1375,11.0,1.8333333333333333
8,3,15.0,0.3333333333333333,0.1875,15.0,2.5
8,4,1.0,0.022222222222222223,0.0125,1.0,0.16666666666666666
8,5,14.0,0.3111111111111111,0.175,14.0,2.3333333333333335
8,6,23.0,0.5111111111111111,0.2875,23.0,3.8333333333333335
8,7,10.0,0.2222222222222222,0.125,10.0,1.6666666666666667
8,9,9.0,0.2,0.1125,9.0,1.5
8,10,9.0,0.2,0.1125,9.0,1.5
8,11,21.0,0.4666666666666667,0.2625,21.0,3.5
8,12,2.0,0.044444444444444446,0.025,2.0,0.3333333333333333
8,13,16.0,0.35555555555555557,0.2,16.0,2.6666666666666665
8,14,12.0,0.26666666666666666,0.15,12.0,2.0
8,15,12.0,0.26666666666666666,0.15,12.0,2.0
8,16,13.0,0.28888888888888886,0.1625,13.0,2.1666666666666665
8,17,17.0,0.37777777777777777,0.2125,17.0,2.8333333333333335
8,18,24.0,0.5333333333333333,0.3,24.0,4.0
8,19,12.0,0.26666666666666666,0.15,12.0,2.0
8,20,12.0,0.26666666666666666,0.15,12.0,2.0
8,21,22.0,0.4888888888888889,0.275,22.0,3.6666666666666665
8,22,1.0,0.022222222222222223,0.0125,1.0,0.16666666666666666
8,23,11.0,0.24444444444444444,0.1375,11.0,1.8333333333333333
8,24,2.0,0.044444444444444446,0.025,2.0,0.3333333333333333
8,25,10.0,0.2222222222222222,0.125,10.0,1.6666666666666667
8,26,14.0,0.3111111111111111,0.175,14.0,2.3333333333333335
8,27,3.0,0.06666666666666667,0.0375,3.0,0.5
8,28,12.0,0.26666666666666666,0.15,12.0,2.0
8,29,12.0,0.26666666666666666,0.15,12.0,2.0
8,30,15.0,0.3333333333333333,0.1875,15.0,2.5
8,31,22.0,0.4888888888888889,0.275,22.0,3.6666666666666665
8,32,13.0,0.28888888888888886,0.1625,13.0,2.1666666666666665
8,33,20.0,0.4444444444444444,0.25,20.0,3.3333333333333335
8,34,1.0,0.022222222222222223,0.0125,1.0,0.16666666666666666
8,35,24.0,0.5333333333333333,0.3,24.0,4.0
8,36,1.0,0.022222222222222223,0.0125,1.0,0.16666666666666666
8,37,11.0,0.24444444444444444,0.1375,11.0,1.8333333333333333
8,38,2.0,0.044444444444444446,0.025,2.0,0.3333333333333333
8,39,20.0,0.4444444444444444,0.25,20.0,3.3333333333333335
8,40,10.0,0.2222222222222222,0.125,10.0,1.6666666666666667
8,41,13.0,0.28888888888888886,0.1625,13.0,2.1666666666666665
8,42,10.0,0.2222222222222222,0.125,10.0,1.6666666666666667
8,43,3.0,0.06666666666666667,0.0375,3.0,0.5
8,44,15.0,0.3333333333333333,0.1875,15.0,2.5
8,45,19.0,0.4222222222222222,0.2375,19.0,3.1666666666666665
8,46,7.0,0.15555555555555556,0.0875,7.0,1.1666666666666667
9,1,8.0,0.17777777777777778,0.1,8.0,1.3333333333333333
9,2,9.0,0.2,0.1125,9.0,1.5
9,3,19.0,0.4222222222222222,0.2375,19.0,3.1666666666666665
9,4,10.0,0.2222222222222222,0.125,10.0,1.6666666666666667
9,5,9.0,0.2,0.1125,9.0,1.5
9,6,19.0,0.4222222222222222,0.2375,19.0,3.1666666666666665
9,7,11.0,0.24444444444444444,0.1375,11.0,1.8333333333333333
9,8,9.0,0.2,0.1125,9.0,1.5
9,10,9.0,0.2,0.1125,9.0,1.5
9,11,17.0,0.37777777777777777,0.2125,17.0,2.8333333333333335
9,12,9.0,0.2,0.1125,9.0,1.5
9,13,19.0,0.4222222222222222,0.2375,19.0,3.1666666666666665
9,14,10.0,0.2222222222222222,0.125,10.0,1.6666666666666667
9,15,5.0,0.1111111111111111,0.0625,5.0,0.8333333333333334
9,16,4.0,0.08888888888888889,0.05,4.0,0.6666666666666666
9,17,18.0,0.4,0.225,18.0,3.0
9,18,19.0,0.4222222222222222,0.2375,19.0,3.1666666666666665
9,19,3.0,0.06666666666666667,0.0375,3.0,0.5
9,20,8.0,0.17777777777777778,0.1,8.0,1.3333333333333333
9,21,18.0,0.4,0.225,18.0,3.0
9,22,8.0,0.17777777777777778,0.1,8.0,1.3333333333333333
9,23,7.0,0.15555555555555556,0.0875,7.0,1.1666666666666667
9,24,7.0,0.15555555555555556,0.0875,7.0,1.1666666666666667
9,25,8.0,0.17777777777777778,0.1,8.0,1.3333333333333333
9,26,17.0,0.37777777777777777,0.2125,17.0,2.8333333333333335
9,27,8.0,0.17777777777777778,0.1,8.0,1.3333333333333333
9,28,8.0,0.17777777777777778,0.1,8.0,1.3333333333333333
9,29,3.0,0.06666666666666667,0.0375,3.0,0.5
9,30,20.0,0.4444444444444444,0.25,20.0,3.3333333333333335
9,31,18.0,0.4,0.225,18.0,3.0
9,32,4.0,0.08888888888888889,0.05,4.0,0.6666666666666666
9,33,16.0,0.35555555555555557,0.2,16.0,2.6666666666666665
9,34,10.0,0.2222222222222222,0.125,10.0,1.6666666666666667
9,35,19.0,0.4222222222222222,0.2375,19.0,3.1666666666666665
9,36,10.0,0.2222222222222222,0.125,10.0,1.6666666666666667
9,37,2.0,0.044444444444444446,0.025,2.0,0.3333333333333333
9,38,10.0,0.2222222222222222,0.125,10.0,1.6666666666666667
9,39,16.0,0.35555555555555557,0.2,16.0,2.6666666666666665
9,40,11.0,0.24444444444444444,0.1375,11.0,1.8333333333333333
9,41,4.0,0.08888888888888889,0.05,4.0,0.6666666666666666
9,42,10.0,0.2222222222222222,0.125,10.0,1.6666666666666667
9,43,7.0,0.15555555555555556,0.0875,7.0,1.1666666666666667
9,44,18.0,0.4,0.225,18.0,3.0
9,45,15.0,0.3333333333333333,0.1875,15.0,2.5
9,46,15.0,0.3333333333333333,0.1875,15.0,2.5
10,1,8.0,0.17777777777777778,0.1,8.0,1.3333333333333333
10,2,2.0,0.044444444444444446,0.025,2.0,0.3333333333333333
10,3,10.0,0.2222222222222222,0.125,10.0,1.6666666666666667
10,4,10.0,0.2222222222222222,0.125,10.0,1.6666666666666667
10,5,5.0,0.1111111111111111,0.0625,5.0,0.8333333333333334
10,6,14.0,0.3111111111111111,0.175,14.0,2.3333333333333335
10,7,3.0,0.06666666666666667,0.0375,3.0,0.5
10,8,9.0,0.2,0.1125,9.0,1.5
10,9,9.0,0.2,0.1125,9.0,1.5
10,11,12.0,0.26666666666666666,0.15,12.0,2.0
10,12,8.0,0.17777777777777778,0.1,8.0,1.3333333333333333
10,13,10.0,0.2222222222222222,0.125,10.0,1.6666666666666667
10,14,3.0,0.06666666666666667,0.0375,3.0,0.5
10,15,11.0,0.24444444444444444,0.1375,11.0,1.8333333333333333
10,16,13.0,0.28888888888888886,0.1625,13.0,2.1666666666666665
10,17,9.0,0.2,0.1125,9.0,1.5
10,18,15.0,0.3333333333333333,0.1875,15.0,2.5
10,19,11.0,0.24444444444444444,0.1375,11.0,1.8333333333333333
10,20,3.0,0.06666666666666667,0.0375,3.0,0.5
10,21,13.0,0.28888888888888886,0.1625,13.0,2.1666666666666665
10,22,9.0,0.2,0.1125,9.0,1.5
10,23,2.0,0.044444444444444446,0.025,2.0,0.3333333333333333
10,24,9.0,0.2,0.1125,9.0,1.5
10,25,1.0,0.022222222222222223,0.0125,1.0,0.16666666666666666
10,26,9.0,0.2,0.1125,9.0,1.5
10,27,6.0,0.13333333333333333,0.075,6.0,1.0
10,28,3.0,0.06666666666666667,0.0375,3.0,0.5
10,29,11.0,0.24444444444444444,0.1375,11.0,1.8333333333333333
10,30,11.0,0.24444444444444444,0.1375,11.0,1.8333333333333333
10,31,13.0,0.28888888888888886,0.1625,13.0,2.1666666666666665
10,32,13.0,0.28888888888888886,0.1625,13.0,2.1666666666666665
10,33,11.0,0.24444444444444444,0.1375,11.0,1.8333333333333333
10,34,9.0,0.2,0.1125,9.0,1.5
10,35,15.0,0.3333333333333333,0.1875,15.0,2.5
10,36,8.0,0.17777777777777778,0.1,8.0,1.3333333333333333
10,37,10.0,0.2222222222222222,0.125,10.0,1.6666666666666667
10,38,11.0,0.24444444444444444,0.1375,11.0,1.8333333333333333
10,39,11.0,0.24444444444444444,0.1375,11.0,1.8333333333333333
10,40,2.0,0.044444444444444446,0.025,2.0,0.3333333333333333
10,41,12.0,0.26666666666666666,0.15,12.0,2.0
10,42,1.0,0.022222222222222223,0.0125,1.0,0.16666666666666666
10,43,7.0,0.15555555555555556,0.0875,7.0,1.1666666666666667
10,44,10.0,0.2222222222222222,0.125,10.0,1.6666666666666667
10,45,10.0,0.2222222222222222,0.125,10.0,1.6666666666666667
10,46,6.0,0.13333333333333333,0.075,6.0,1.0
11,1,20.0,0.4444444444444444,0.25,20.0,3.3333333333333335
11,2,10.0,0.2222222222222222,0.125,10.0,1.6666666666666667
11,3,12.0,0.26666666666666666,0.15,12.0,2.0
11,4,22.0,0.4888888888888889,0.275,22.0,3.6666666666666665
11,5,8.0,0.17777777777777778,0.1,8.0,1.3333333333333333
11,6,2.0,0.044444444444444446,0.025,2.0,0.3333333333333333
11,7,11.0,0.24444444444444444,0.1375,11.0,1.8333333333333333
11,8,21.0,0.4666666666666667,0.2625,21.0,3.5
11,9,17.0,0.37777777777777777,0.2125,17.0,2.8333333333333335
11,10,12.0,0.26666666666666666,0.15,12.0,2.0
11,12,20.0,0.4444444444444444,0.25,20.0,3.3333333333333335
11,13,12.0,0.26666666666666666,0.15,12.0,2.0
11,14,9.0,0.2,0.1125,9.0,1.5
11,15,21.0,0.4666666666666667,0.2625,21.0,3.5
11,16,16.0,0.35555555555555557,0.2,16.0,2.6666666666666665
11,17,11.0,0.24444444444444444,0.1375,11.0,1.8333333333333333
11,18,3.0,0.06666666666666667,0.0375,3.0,0.5
11,19,18.0,0.4,0.225,18.0,3.0
11,20,9.0,0.2,0.1125,9.0,1.5
11,21,3.0,0.06666666666666667,0.0375,3.0,0.5
11,22,21.0,0.4666666666666667,0.2625,21.0,3.5
11,23,10.0,0.2222222222222222,0.125,10.0,1.6666666666666667
11,24,20.0,0.4444444444444444,0.25,20.0,3.3333333333333335
11,25,11.0,0.24444444444444444,0.1375,11.0,1.8333333333333333
11,26,10.0,0.2222222222222222,0.125,10.0,1.6666666666666667
11,27,18.0,0.4,0.225,18.0,3.0
11,28,9.0,0.2,0.1125,9.0,1.5
11,29,14.0,0.3111111111111111,0.175,14.0,2.3333333333333335
11,30,13.0,0.28888888888888886,0.1625,13.0,2.1666666666666665
11,31,5.0,0.1111111111111111,0.0625,5.0,0.8333333333333334
11,32,19.0,0.4222222222222222,0.2375,19.0,3.1666666666666665
11,33,3.0,0.06666666666666667,0.0375,3.0,0.5
11,34,20.0,0.4444444444444444,0.25,20.0,3.3333333333333335
11,35,3.0,0.06666666666666667,0.0375,3.0,0.5
11,36,20.0,0.4444444444444444,0.25,20.0,3.3333333333333335
11,37,15.0,0.3333333333333333,0.1875,15.0,2.5
11,38,23.0,0.5111111111111111,0.2875,23.0,3.8333333333333335
11,39,1.0,0.022222222222222223,0.0125,1.0,0.16666666666666666
11,40,12.0,0.26666666666666666,0.15,12.0,2.0
11,41,20.0,0.4444444444444444,0.25,20.0,3.3333333333333335
11,42,11.0,0.24444444444444444,0.1375,11.0,1.8333333333333333
11,43,19.0,0.4222222222222222,0.2375,19.0,3.1666666666666665
11,44,11.0,0.24444444444444444,0.1375,11.0,1.8333333333333333
11,45,2.0,0.044444444444444446,0.025,2.0,0.3333333333333333
11,46,14.0,0.3111111111111111,0.175,14.0,2.3333333333333335
12,1,2.0,0.044444444444444446,0.025,2.0,0.3333333333333333
12,2,10.0,0.2222222222222222,0.125,10.0,1.6666666666666667
12,3,13.0,0.28888888888888886,0.1625,13.0,2.1666666666666665
12,4,3.0,0.06666666666666667,0.0375,3.0,0.5
12,5,12.0,0.26666666666666666,0.15,12.0,2.0
12,6,22.0,0.4888888888888889,0.275,22.0,3.6666666666666665
12,7,9.0,0.2,0.1125,9.0,1.5
12,8,2.0,0.044444444444444446,0.025,2.0,0.3333333333333333
12,9,9.0,0.2,0.1125,9.0,1.5
12,10,8.0,0.17777777777777778,0.1,8.0,1.3333333333333333
12,11,20.0,0.4444444444444444,0.25,20.0,3.3333333333333335
12,13,15.0,0.3333333333333333,0.1875,15.0,2.5
12,14,11.0,0.24444444444444444,0.1375,11.0,1.8333333333333333
12,15,12.0,0.26666666666666666,0.15,12.0,2.0
12,16,13.0,0.28888888888888886,0.1625,13.0,2.1666666666666665
12,17,16.0,0.35555555555555557,0.2,16.0,2.6666666666666665
12,18,22.0,0.4888888888888889,0.275,22.0,3.6666666666666665
12,19,12.0,0.26666666666666666,0.15,12.0,2.0
12,20,11.0,0.24444444444444444,0.1375,11.0,1.8333333333333333
12,21,21.0,0.4666666666666667,0.2625,21.0,3.5
12,22,1.0,0.022222222222222223,0.0125,1.0,0.16666666666666666
12,23,10.0,0.2222222222222222,0.125,10.0,1.6666666666666667
12,24,2.0,0.044444444444444446,0.025,2.0,0.3333333333333333
12,25,9.0,0.2,0.1125,9.0,1.5
12,26,13.0,0.28888888888888886,0.1625,13.0,2.1666666666666665
12,27,2.0,0.044444444444444446,0.025,2.0,0.3333333333333333
12,28,11.0,0.24444444444444444,0.1375,11.0,1.8333333333333333
12,29,12.0,0.26666666666666666,0.15,12.0,2.0
12,30,14.0,0.3111111111111111,0.175,14.0,2.3333333333333335
12,31,21.0,0.4666666666666667,0.2625,21.0,3.5
12,32,13.0,0.28888888888888886,0.1625,13.0,2.1666666666666665
12,33,19.0,0.4222222222222222,0.2375,19.0,3.1666666666666665
12,34,1.0,0.022222222222222223,0.0125,1.0,0.16666666666666666
12,35,22.0,0.4888888888888889,0.275,22.0,3.6666666666666665
12,36,1.0,0.022222222222222223,0.0125,1.0,0.16666666666666666
12,37,11.0,0.24444444444444444,0.1375,11.0,1.8333333333333333
12,38,3.0,0.06666666666666667,0.0375,3.0,0.5
12,39,19.0,0.4222222222222222,0.2375,19.0,3.1666666666666665
12,40,8.0,0.17777777777777778,0.1,8.0,1.3333333333333333
12,41,13.0,0.28888888888888886,0.1625,13.0,2.1666666666666665
12,42,9.0,0.2,0.1125,9.0,1.5
12,43,3.0,0.06666666666666667,0.0375,3.0,0.5
12,44,14.0,0.3111111111111111,0.175,14.0,2.3333333333333335
12,45,18.0,0.4,0.225,18.0,3.0
12,46,6.0,0.13333333333333333,0.075,6.0,1.0
13,1,15.0,0.3333333333333333,0.1875,15.0,2.5
13,2,10.0,0.2222222222222222,0.125,10.0,1.6666666666666667
13,3,2.0,0.044444444444444446,0.025,2.0,0.3333333333333333
13,4,17.0,0.37777777777777777,0.2125,17.0,2.8333333333333335
13,5,11.0,0.24444444444444444,0.1375,11.0,1.8333333333333333
13,6,14.0,0.3111111111111111,0.175,14.0,2.3333333333333335
13,7,8.0,0.17777777777777778,0.1,8.0,1.3333333333333333
13,8,16.0,0.35555555555555557,0.2,16.0,2.6666666666666665
13,9,19.0,0.4222222222222222,0.2375,19.0,3.1666666666666665
13,10,10.0,0.2222222222222222,0.125,10.0,1.6666666666666667
13,11,12.0,0.26666666666666666,0.15,12.0,2.0
13,12,15.0,0.3333333333333333,0.1875,15.0,2.5
13,14,9.0,0.2,0.1125,9.0,1.5
13,15,21.0,0.4666666666666667,0.2625,21.0,3.5
13,16,23.0,0.5111111111111111,0.2875,23.0,3.8333333333333335
13,17,1.0,0.022222222222222223,0.0125,1.0,0.16666666666666666
13,18,11.0,0.24444444444444444,0.1375,11.0,1.8333333333333333
13,19,21.0,0.4666666666666667,0.2625,21.0,3.5
13,20,13.0,0.28888888888888886,0.1625,13.0,2.1666666666666665
13,21,9.0,0.2,0.1125,9.0,1.5
13,22,16.0,0.35555555555555557,0.2,16.0,2.6666666666666665
13,23,12.0,0.26666666666666666,0.15,12.0,2.0
13,24,16.0,0.35555555555555557,0.2,16.0,2.6666666666666665
13,25,11.0,0.24444444444444444,0.1375,11.0,1.8333333333333333
13,26,2.0,0.044444444444444446,0.025,2.0,0.3333333333333333
13,27,13.0,0.28888888888888886,0.1625,13.0,2.1666666666666665
13,28,11.0,0.24444444444444444,0.1375,11.0,1.8333333333333333
13,29,21.0,0.4666666666666667,0.2625,21.0,3.5
13,30,1.0,0.022222222222222223,0.0125,1.0,0.16666666666666666
13,31,16.0,0.35555555555555557,0.2,16.0,2.6666666666666665
13,32,23.0,0.5111111111111111,0.2875,23.0,3.8333333333333335
13,33,14.0,0.3111111111111111,0.175,14.0,2.3333333333333335
13,34,16.0,0.35555555555555557,0.2,16.0,2.6666666666666665
13,35,14.0,0.3111111111111111,0.175,14.0,2.3333333333333335
13,36,15.0,0.3333333333333333,0.1875,15.0,2.5
13,37,20.0,0.4444444444444444,0.25,20.0,3.3333333333333335
13,38,18.0,0.4,0.225,18.0,3.0
13,39,11.0,0.24444444444444444,0.1375,11.0,1.8333333333333333
13,40,8.0,0.17777777777777778,0.1,8.0,1.3333333333333333
13,41,22.0,0.4888888888888889,0.275,22.0,3.6666666666666665
13,42,9.0,0.2,0.1125,9.0,1.5
13,43,14.0,0.3111111111111111,0.175,14.0,2.3333333333333335
13,44,1.0,0.022222222222222223,0.0125,1.0,0.16666666666666666
13,45,13.0,0.28888888888888886,0.1625,13.0,2.1666666666666665
13,46,10.0,0.2222222222222222,0.125,10.0,1.6666666666666667
14,1,11.0,0.24444444444444444,0.1375,11.0,1.8333333333333333
14,2,1.0,0.022222222222222223,0.0125,1.0,0.16666666666666666
14,3,10.0,0.2222222222222222,0.125,10.0,1.6666666666666667
14,4,13.0,0.28888888888888886,0.1625,13.0,2.1666666666666665
14,5,2.0,0.044444444444444446,0.025,2.0,0.3333333333333333
14,6,11.0,0.24444444444444444,0.1375,11.0,1.8333333333333333
14,7,2.0,0.044444444444444446,0.025,2.0,0.3333333333333333
14,8,12.0,0.26666666666666666,0.15,12.0,2.0
14,9,10.0,0.2222222222222222,0.125,10.0,1.6666666666666667
14,10,3.0,0.06666666666666667,0.0375,3.0,0.5
14,11,9.0,0.2,0.1125,9.0,1.5
14,12,11.0,0.24444444444444444,0.1375,11.0,1.8333333333333333
14,13,9.0,0.2,0.1125,9.0,1.5
14,15,12.0,0.26666666666666666,0.15,12.0,2.0
14,16,14.0,0.3111111111111111,0.175,14.0,2.3333333333333335
14,17,9.0,0.2,0.1125,9.0,1.5
14,18,12.0,0.26666666666666666,0.15,12.0,2.0
14,19,12.0,0.26666666666666666,0.15,12.0,2.0
14,20,4.0,0.08888888888888889,0.05,4.0,0.6666666666666666
14,21,10.0,0.2222222222222222,0.125,10.0,1.6666666666666667
14,22,12.0,0.26666666666666666,0.15,12.0,2.0
14,23,3.0,0.06666666666666667,0.0375,3.0,0.5
14,24,11.0,0.24444444444444444,0.1375,11.0,1.8333333333333333
14,25,2.0,0.044444444444444446,0.025,2.0,0.3333333333333333
14,26,8.0,0.17777777777777778,0.1,8.0,1.3333333333333333
14,27,9.0,0.2,0.1125,9.0,1.5
14,28,2.0,0.044444444444444446,0.025,2.0,0.3333333333333333
14,29,12.0,0.26666666666666666,0.15,12.0,2.0
14,30,10.0,0.2222222222222222,0.125,10.0,1.6666666666666667
14,31,10.0,0.2222222222222222,0.125,10.0,1.6666666666666667
14,32,14.0,0.3111111111111111,0.175,14.0,2.3333333333333335
14,33,9.0,0.2,0.1125,9.0,1.5
14,34,11.0,0.24444444444444444,0.1375,11.0,1.8333333333333333
14,35,12.0,0.26666666666666666,0.15,12.0,2.0
14,36,11.0,0.24444444444444444,0.1375,11.0,1.8333333333333333
14,37,11.0,0.24444444444444444,0.1375,11.0,1.8333333333333333
14,38,14.0,0.3111111111111111,0.175,14.0,2.3333333333333335
14,39,9.0,0.2,0.1125,9.0,1.5
14,40,3.0,0.06666666666666667,0.0375,3.0,0.5
14,41,13.0,0.28888888888888886,0.1625,13.0,2.1666666666666665
14,42,2.0,0.044444444444444446,0.025,2.0,0.3333333333333333
14,43,10.0,0.2222222222222222,0.125,10.0,1.6666666666666667
14,44,9.0,0.2,0.1125,9.0,1.5
14,45,8.0,0.17777777777777778,0.1,8.0,1.3333333333333333
14,46,5.0,0.1111111111111111,0.0625,5.0,0.8333333333333334
15,1,10.0,0.2222222222222222,0.125,10.0,1.6666666666666667
15,2,11.0,0.24444444444444444,0.1375,11.0,1.8333333333333333
15,3,21.0,0.4666666666666667,0.2625,21.0,3.5
15,4,13.0,0.28888888888888886,0.1625,13.0,2.1666666666666665
15,5,14.0,0.3111111111111111,0.175,14.0,2.3333333333333335
15,6,23.0,0.5111111111111111,0.2875,23.0,3.8333333333333335
15,7,14.0,0.3111111111111111,0.175,14.0,2.3333333333333335
15,8,12.0,0.26666666666666666,0.15,12.0,2.0
15,9,5.0,0.1111111111111111,0.0625,5.0,0.8333333333333334
15,10,11.0,0.24444444444444444,0.1375,11.0,1.8333333333333333
15,11,21.0,0.4666666666666667,0.2625,21.0,3.5
15,12,12.0,0.26666666666666666,0.15,12.0,2.0
15,13,21.0,0.4666666666666667,0.2625,21.0,3.5
15,14,12.0,0.26666666666666666,0.15,12.0,2.0
15,16,5.0,0.1111111111111111,0.0625,5.0,0.8333333333333334
15,17,20.0,0.4444444444444444,0.25,20.0,3.3333333333333335
15,18,24.0,0.5333333333333333,0.3,24.0,4.0
15,19,4.0,0.08888888888888889,0.05,4.0,0.6666666666666666
15,20,12.0,0.26666666666666666,0.15,12.0,2.0
15,21,22.0,0.4888888888888889,0.275,22.0,3.6666666666666665
15,22,11.0,0.24444444444444444,0.1375,11.0,1.8333333333333333
15,23,11.0,0.24444444444444444,0.1375,11.0,1.8333333333333333
15,24,10.0,0.2222222222222222,0.125,10.0,1.6666666666666667
15,25,10.0,0.2222222222222222,0.125,10.0,1.6666666666666667
15,26,20.0,0.4444444444444444,0.25,20.0,3.3333333333333335
15,27,10.0,0.2222222222222222,0.125,10.0,1.6666666666666667
15,28,12.0,0.26666666666666666,0.15,12.0,2.0
15,29,7.0,0.15555555555555556,0.0875,7.0,1.1666666666666667
15,30,22.0,0.4888888888888889,0.275,22.0,3.6666666666666665
15,31,22.0,0.4888888888888889,0.275,22.0,3.6666666666666665
15,32,2.0,0.044444444444444446,0.025,2.0,0.3333333333333333
15,33,20.0,0.4444444444444444,0.25,20.0,3.3333333333333335
15,34,12.0,0.26666666666666666,0.15,12.0,2.0
15,35,24.0,0.5333333333333333,0.3,24.0,4.0
15,36,13.0,0.28888888888888886,0.1625,13.0,2.1666666666666665
15,37,6.0,0.13333333333333333,0.075,6.0,1.0
15,38,12.0,0.26666666666666666,0.15,12.0,2.0
15,39,20.0,0.4444444444444444,0.25,20.0,3.3333333333333335
15,40,13.0,0.28888888888888886,0.1625,13.0,2.1666666666666665
15,41,1.0,0.022222222222222223,0.0125,1.0,0.16666666666666666
15,42,12.0,0.26666666666666666,0.15,12.0,2.0
15,43,9.0,0.2,0.1125,9.0,1.5
15,44,21.0,0.4666666666666667,0.2625,21.0,3.5
15,45,19.0,0.4222222222222222,0.2375,19.0,3.1666666666666665
15,46,17.0,0.37777777777777777,0.2125,17.0,2.8333333333333335
16,1,12.0,0.26666666666666666,0.15,12.0,2.0
16,2,13.0,0.28888888888888886,0.1625,13.0,2.1666666666666665
16,3,23.0,0.5111111111111111,0.2875,23.0,3.8333333333333335
16,4,14.0,0.3111111111111111,0.175,14.0,2.3333333333333335
16,5,12.0,0.26666666666666666,0.15,12.0,2.0
16,6,18.0,0.4,0.225,18.0,3.0
16,7,15.0,0.3333333333333333,0.1875,15.0,2.5
16,8,13.0,0.28888888888888886,0.1625,13.0,2.1666666666666665
16,9,4.0,0.08888888888888889,0.05,4.0,0.6666666666666666
16,10,13.0,0.28888888888888886,0.1625,13.0,2.1666666666666665
16,11,16.0,0.35555555555555557,0.2,16.0,2.6666666666666665
16,12,13.0,0.28888888888888886,0.1625,13.0,2.1666666666666665
16,13,23.0,0.5111111111111111,0.2875,23.0,3.8333333333333335
16,14,14.0,0.3111111111111111,0.175,14.0,2.3333333333333335
16,15,5.0,0.1111111111111111,0.0625,5.0,0.8333333333333334
16,17,22.0,0.4888888888888889,0.275,22.0,3.6666666666666665
16,18,19.0,0.4222222222222222,0.2375,19.0,3.1666666666666665
16,19,2.0,0.044444444444444446,0.025,2.0,0.3333333333333333
16,20,10.0,0.2222222222222222,0.125,10.0,1.6666666666666667
16,21,17.0,0.37777777777777777,0.2125,17.0,2.8333333333333335
16,22,12.0,0.26666666666666666,0.15,12.0,2.0
16,23,11.0,0.24444444444444444,0.1375,11.0,1.8333333333333333
16,24,11.0,0.24444444444444444,0.1375,11.0,1.8333333333333333
16,25,12.0,0.26666666666666666,0.15,12.0,2.0
16,26,21.0,0.4666666666666667,0.2625,21.0,3.5
16,27,12.0,0.26666666666666666,0.15,12.0,2.0
16,28,12.0,0.26666666666666666,0.15,12.0,2.0
16,29,2.0,0.044444444444444446,0.025,2.0,0.3333333333333333
16,30,24.0,0.5333333333333333,0.3,24.0,4.0
16,31,17.0,0.37777777777777777,0.2125,17.0,2.8333333333333335
16,32,4.0,0.08888888888888889,0.05,4.0,0.6666666666666666
16,33,15.0,0.3333333333333333,0.1875,15.0,2.5
16,34,14.0,0.3111111111111111,0.175,14.0,2.3333333333333335
16,35,19.0,0.4222222222222222,0.2375,19.0,3.1666666666666665
16,36,14.0,0.3111111111111111,0.175,14.0,2.3333333333333335
16,37,3.0,0.06666666666666667,0.0375,3.0,0.5
16,38,14.0,0.3111111111111111,0.175,14.0,2.3333333333333335
16,39,15.0,0.3333333333333333,0.1875,15.0,2.5
16,40,15.0,0.3333333333333333,0.1875,15.0,2.5
16,41,4.0,0.08888888888888889,0.05,4.0,0.6666666666666666
16,42,14.0,0.3111111111111111,0.175,14.0,2.3333333333333335
16,43,11.0,0.24444444444444444,0.1375,11.0,1.8333333333333333
16,44,22.0,0.4888888888888889,0.275,22.0,3.6666666666666665
16,45,14.0,0.3111111111111111,0.175,14.0,2.3333333333333335
16,46,19.0,0.4222222222222222,0.2375,19.0,3.1666666666666665
17,1,16.0,0.35555555555555557,0.2,16.0,2.6666666666666665
17,2,9.0,0.2,0.1125,9.0,1.5
17,3,3.0,0.06666666666666667,0.0375,3.0,0.5
17,4,18.0,0.4,0.225,18.0,3.0
17,5,10.0,0.2222222222222222,0.125,10.0,1.6666666666666667
17,6,13.0,0.28888888888888886,0.1625,13.0,2.1666666666666665
17,7,7.0,0.15555555555555556,0.0875,7.0,1.1666666666666667
17,8,17.0,0.37777777777777777,0.2125,17.0,2.8333333333333335
17,9,18.0,0.4,0.225,18.0,3.0
17,10,9.0,0.2,0.1125,9.0,1.5
17,11,11.0,0.24444444444444444,0.1375,11.0,1.8333333333333333
17,12,16.0,0.35555555555555557,0.2,16.0,2.6666666666666665
17,13,1.0,0.022222222222222223,0.0125,1.0,0.16666666666666666
17,14,9.0,0.2,0.1125,9.0,1.5
17,15,20.0,0.4444444444444444,0.25,20.0,3.3333333333333335
17,16,22.0,0.4888888888888889,0.275,22.0,3.6666666666666665
17,18,10.0,0.2222222222222222,0.125,10.0,1.6666666666666667
17,19,20.0,0.4444444444444444,0.25,20.0,3.3333333333333335
17,20,12.0,0.26666666666666666,0.15,12.0,2.0
17,21,9.0,0.2,0.1125,9.0,1.5
17,22,17.0,0.37777777777777777,0.2125,17.0,2.8333333333333335
17,23,11.0,0.24444444444444444,0.1375,11.0,1.8333333333333333
17,24,16.0,0.35555555555555557,0.2,16.0,2.6666666666666665
17,25,10.0,0.2222222222222222,0.125,10.0,1.6666666666666667
17,26,3.0,0.06666666666666667,0.0375,3.0,0.5
17,27,14.0,0.3111111111111111,0.175,14.0,2.3333333333333335
17,28,10.0,0.2222222222222222,0.125,10.0,1.6666666666666667
17,29,20.0,0.4444444444444444,0.25,20.0,3.3333333333333335
17,30,2.0,0.044444444444444446,0.025,2.0,0.3333333333333333
17,31,15.0,0.3333333333333333,0.1875,15.0,2.5
17,32,22.0,0.4888888888888889,0.275,22.0,3.6666666666666665
17,33,14.0,0.3111111111111111,0.175,14.0,2.3333333333333335
17,34,16.0,0.35555555555555557,0.2,16.0,2.6666666666666665
17,35,14.0,0.3111111111111111,0.175,14.0,2.3333333333333335
17,36,16.0,0.35555555555555557,0.2,16.0,2.6666666666666665
17,37,19.0,0.4222222222222222,0.2375,19.0,3.1666666666666665
17,38,19.0,0.4222222222222222,0.2375,19.0,3.1666666666666665
17,39,10.0,0.2222222222222222,0.125,10.0,1.6666666666666667
17,40,8.0,0.17777777777777778,0.1,8.0,1.3333333333333333
17,41,21.0,0.4666666666666667,0.2625,21.0,3.5
17,42,8.0,0.17777777777777778,0.1,8.0,1.3333333333333333
17,43,15.0,0.3333333333333333,0.1875,15.0,2.5
17,44,2.0,0.044444444444444446,0.025,2.0,0.3333333333333333
17,45,13.0,0.28888888888888886,0.1625,13.0,2.1666666666666665
17,46,10.0,0.2222222222222222,0.125,10.0,1.6666666666666667
18,1,22.0,0.4888888888888889,0.275,22.0,3.6666666666666665
18,2,13.0,0.28888888888888886,0.1625,13.0,2.1666666666666665
18,3,11.0,0.24444444444444444,0.1375,11.0,1.8333333333333333
18,4,25.0,0.5555555555555556,0.3125,25.0,4.166666666666667
18,5,10.0,0.2222222222222222,0.125,10.0,1.6666666666666667
18,6,3.0,0.06666666666666667,0.0375,3.0,0.5
18,7,14.0,0.3111111111111111,0.175,14.0,2.3333333333333335
18,8,24.0,0.5333333333333333,0.3,24.0,4.0
18,9,19.0,0.4222222222222222,0.2375,19.0,3.1666666666666665
18,10,15.0,0.3333333333333333,0.1875,15.0,2.5
18,11,3.0,0.06666666666666667,0.0375,3.0,0.5
18,12,22.0,0.4888888888888889,0.275,22.0,3.6666666666666665
18,13,11.0,0.24444444444444444,0.1375,11.0,1.8333333333333333
18,14,12.0,0.26666666666666666,0.15,12.0,2.0
18,15,24.0,0.5333333333333333,0.3,24.0,4.0
18,16,19.0,0.4222222222222222,0.2375,19.0,3.1666666666666665
18,17,10.0,0.2222222222222222,0.125,10.0,1.6666666666666667
18,19,20.0,0.4444444444444444,0.25,20.0,3.3333333333333335
18,20,12.0,0.26666666666666666,0.15,12.0,2.0
18,21,2.0,0.044444444444444446,0.025,2.0,0.3333333333333333
18,22,23.0,0.5111111111111111,0.2875,23.0,3.8333333333333335
18,23,13.0,0.28888888888888886,0.1625,13.0,2.1666666666666665
18,24,23.0,0.5111111111111111,0.2875,23.0,3.8333333333333335
18,25,14.0,0.3111111111111111,0.175,14.0,2.3333333333333335
18,26,10.0,0.2222222222222222,0.125,10.0,1.6666666666666667
18,27,21.0,0.4666666666666667,0.2625,21.0,3.5
18,28,12.0,0.26666666666666666,0.15,12.0,2.0
18,29,17.0,0.37777777777777777,0.2125,17.0,2.8333333333333335
18,30,12.0,0.26666666666666666,0.15,12.0,2.0
18,31,5.0,0.1111111111111111,0.0625,5.0,0.8333333333333334
18,32,22.0,0.4888888888888889,0.275,22.0,3.6666666666666665
18,33,4.0,0.08888888888888889,0.05,4.0,0.6666666666666666
18,34,23.0,0.5111111111111111,0.2875,23.0,3.8333333333333335
18,35,4.0,0.08888888888888889,0.05,4.0,0.6666666666666666
18,36,23.0,0.5111111111111111,0.2875,23.0,3.8333333333333335
18,37,18.0,0.4,0.225,18.0,3.0
18,38,25.0,0.5555555555555556,0.3125,25.0,4.166666666666667
18,39,4.0,0.08888888888888889,0.05,4.0,0.6666666666666666
18,40,14.0,0.3111111111111111,0.175,14.0,2.3333333333333335
18,41,23.0,0.5111111111111111,0.2875,23.0,3.8333333333333335
18,42,14.0,0.3111111111111111,0.175,14.0,2.3333333333333335
18,43,22.0,0.4888888888888889,0.275,22.0,3.6666666666666665
18,44,11.0,0.24444444444444444,0.1375,11.0,1.8333333333333333
18,45,5.0,0.1111111111111111,0.0625,5.0,0.8333333333333334
18,46,17.0,0.37777777777777777,0.2125,17.0,2.8333333333333335
19,1,10.0,0.2222222222222222,0.125,10.0,1.6666666666666667
19,2,11.0,0.24444444444444444,0.1375,11.0,1.8333333333333333
19,3,21.0,0.4666666666666667,0.2625,21.0,3.5
19,4,13.0,0.28888888888888886,0.1625,13.0,2.1666666666666665
19,5,10.0,0.2222222222222222,0.125,10.0,1.6666666666666667
19,6,20.0,0.4444444444444444,0.25,20.0,3.3333333333333335
19,7,14.0,0.3111111111111111,0.175,14.0,2.3333333333333335
19,8,12.0,0.26666666666666666,0.15,12.0,2.0
19,9,3.0,0.06666666666666667,0.0375,3.0,0.5
19,10,11.0,0.24444444444444444,0.1375,11.0,1.8333333333333333
19,11,18.0,0.4,0.225,18.0,3.0
19,12,12.0,0.26666666666666666,0.15,12.0,2.0
19,13,21.0,0.4666666666666667,0.2625,21.0,3.5
19,14,12.0,0.26666666666666666,0.15,12.0,2.0
19,15,4.0,0.08888888888888889,0.05,4.0,0.6666666666666666
19,16,2.0,0.044444444444444446,0.025,2.0,0.3333333333333333
19,17,20.0,0.4444444444444444,0.25,20.0,3.3333333333333335
19,18,20.0,0.4444444444444444,0.25,20.0,3.3333333333333335
19,20,9.0,0.2,0.1125,9.0,1.5
19,21,19.0,0.4222222222222222,0.2375,19.0,3.1666666666666665
19,22,11.0,0.24444444444444444,0.1375,11.0,1.8333333333333333
19,23,10.0,0.2222222222222222,0.125,10.0,1.6666666666666667
19,24,10.0,0.2222222222222222,0.125,10.0,1.6666666666666667
19,25,10.0,0.2222222222222222,0.125,10.0,1.6666666666666667
19,26,20.0,0.4444444444444444,0.25,20.0,3.3333333333333335
19,27,10.0,0.2222222222222222,0.125,10.0,1.6666666666666667
19,28,11.0,0.24444444444444444,0.1375,11.0,1.8333333333333333
19,29,4.0,0.08888888888888889,0.05,4.0,0.6666666666666666
19,30,22.0,0.4888888888888889,0.275,22.0,3.6666666666666665
19,31,19.0,0.4222222222222222,0.2375,19.0,3.1666666666666665
19,32,2.0,0.044444444444444446,0.025,2.0,0.3333333333333333
19,33,17.0,0.37777777777777777,0.2125,17.0,2.8333333333333335
19,34,12.0,0.26666666666666666,0.15,12.0,2.0
19,35,20.0,0.4444444444444444,0.25,20.0,3.3333333333333335
19,36,13.0,0.28888888888888886,0.1625,13.0,2.1666666666666665
19,37,3.0,0.06666666666666667,0.0375,3.0,0.5
19,38,12.0,0.26666666666666666,0.15,12.0,2.0
19,39,17.0,0.37777777777777777,0.2125,17.0,2.8333333333333335
19,40,13.0,0.28888888888888886,0.1625,13.0,2.1666666666666665
19,41,3.0,0.06666666666666667,0.0375,3.0,0.5
19,42,12.0,0.26666666666666666,0.15,12.0,2.0
19,43,9.0,0.2,0.1125,9.0,1.5
19,44,21.0,0.4666666666666667,0.2625,21.0,3.5
19,45,16.0,0.35555555555555557,0.2,16.0,2.6666666666666665
19,46,17.0,0.37777777777777777,0.2125,17.0,2.8333333333333335
20,1,11.0,0.24444444444444444,0.1375,11.0,1.8333333333333333
20,2,3.0,0.06666666666666667,0.0375,3.0,0.5
20,3,13.0,0.28888888888888886,0.1625,13.0,2.1666666666666665
20,4,13.0,0.28888888888888886,0.1625,13.0,2.1666666666666665
20,5,2.0,0.044444444444444446,0.025,2.0,0.3333333333333333
20,6,11.0,0.24444444444444444,0.1375,11.0,1.8333333333333333
20,7,5.0,0.1111111111111111,0.0625,5.0,0.8333333333333334
20,8,12.0,0.26666666666666666,0.15,12.0,2.0
20,9,8.0,0.17777777777777778,0.1,8.0,1.3333333333333333
20,10,3.0,0.06666666666666667,0.0375,3.0,0.5
20,11,9.0,0.2,0.1125,9.0,1.5
20,12,11.0,0.24444444444444444,0.1375,11.0,1.8333333333333333
20,13,13.0,0.28888888888888886,0.1625,13.0,2.1666666666666665
20,14,4.0,0.08888888888888889,0.05,4.0,0.6666666666666666
20,15,12.0,0.26666666666666666,0.15,12.0,2.0
20,16,10.0,0.2222222222222222,0.125,10.0,1.6666666666666667
20,17,12.0,0.26666666666666666,0.15,12.0,2.0
20,18,12.0,0.26666666666666666,0.15,12.0,2.0
20,19,9.0,0.2,0.1125,9.0,1.5
20,21,10.0,0.2222222222222222,0.125,10.0,1.6666666666666667
20,22,12.0,0.26666666666666666,0.15,12.0,2.0
20,23,1.0,0.022222222222222223,0.0125,1.0,0.16666666666666666
20,24,11.0,0.24444444444444444,0.1375,11.0,1.8333333333333333
20,25,2.0,0.044444444444444446,0.025,2.0,0.3333333333333333
20,26,11.0,0.24444444444444444,0.1375,11.0,1.8333333333333333
20,27,9.0,0.2,0.1125,9.0,1.5
20,28,2.0,0.044444444444444446,0.025,2.0,0.3333333333333333
20,29,9.0,0.2,0.1125,9.0,1.5
20,30,14.0,0.3111111111111111,0.175,14.0,2.3333333333333335
20,31,10.0,0.2222222222222222,0.125,10.0,1.6666666666666667
20,32,10.0,0.2222222222222222,0.125,10.0,1.6666666666666667
20,33,9.0,0.2,0.1125,9.0,1.5
20,34,11.0,0.24444444444444444,0.1375,11.0,1.8333333333333333
20,35,12.0,0.26666666666666666,0.15,12.0,2.0
20,36,11.0,0.24444444444444444,0.1375,11.0,1.8333333333333333
20,37,8.0,0.17777777777777778,0.1,8.0,1.3333333333333333
20,38,14.0,0.3111111111111111,0.175,14.0,2.3333333333333335
20,39,9.0,0.2,0.1125,9.0,1.5
20,40,5.0,0.1111111111111111,0.0625,5.0,0.8333333333333334
20,41,11.0,0.24444444444444444,0.1375,11.0,1.8333333333333333
20,42,4.0,0.08888888888888889,0.05,4.0,0.6666666666666666
20,43,10.0,0.2222222222222222,0.125,10.0,1.6666666666666667
20,44,12.0,0.26666666666666666,0.15,12.0,2.0
20,45,8.0,0.17777777777777778,0.1,8.0,1.3333333333333333
20,46,9.0,0.2,0.1125,9.0,1.5
21,1,21.0,0.4666666666666667,0.2625,21.0,3.5
21,2,11.0,0.24444444444444444,0.1375,11.0,1.8333333333333333
21,3,10.0,0.2222222222222222,0.125,10.0,1.6666666666666667
21,4,23.0,0.5111111111111111,0.2875,23.0,3.8333333333333335
21,5,9.0,0.2,0.1125,9.0,1.5
21,6,5.0,0.1111111111111111,0.0625,5.0,0.8333333333333334
21,7,12.0,0.26666666666666666,0.15,12.0,2.0
21,8,22.0,0.4888888888888889,0.275,22.0,3.6666666666666665
21,9,18.0,0.4,0.225,18.0,3.0
21,10,13.0,0.28888888888888886,0.1625,13.0,2.1666666666666665
21,11,3.0,0.06666666666666667,0.0375,3.0,0.5
21,12,21.0,0.4666666666666667,0.2625,21.0,3.5
21,13,9.0,0.2,0.1125,9.0,1.5
21,14,10.0,0.2222222222222222,0.125,10.0,1.6666666666666667
21,15,22.0,0.4888888888888889,0.275,22.0,3.6666666666666665
21,16,17.0,0.37777777777777777,0.2125,17.0,2.8333333333333335
21,17,9.0,0.2,0.1125,9.0,1.5
21,18,2.0,0.044444444444444446,0.025,2.0,0.3333333333333333
21,19,19.0,0.4222222222222222,0.2375,19.0,3.1666666666666665
21,20,10.0,0.2222222222222222,0.125,10.0,1.6666666666666667
21,22,22.0,0.4888888888888889,0.275,22.0,3.6666666666666665
21,23,11.0,0.24444444444444444,0.1375,11.0,1.8333333333333333
21,24,21.0,0.4666666666666667,0.2625,21.0,3.5
21,25,12.0,0.26666666666666666,0.15,12.0,2.0
21,26,8.0,0.17777777777777778,0.1,8.0,1.3333333333333333
21,27,19.0,0.4222222222222222,0.2375,19.0,3.1666666666666665
21,28,10.0,0.2222222222222222,0.125,10.0,1.6666666666666667
21,29,15.0,0.3333333333333333,0.1875,15.0,2.5
21,30,10.0,0.2222222222222222,0.125,10.0,1.6666666666666667
21,31,7.0,0.15555555555555556,0.0875,7.0,1.1666666666666667
21,32,20.0,0.4444444444444444,0.25,20.0,3.3333333333333335
21,33,5.0,0.1111111111111111,0.0625,5.0,0.8333333333333334
21,34,21.0,0.4666666666666667,0.2625,21.0,3.5
21,35,5.0,0.1111111111111111,0.0625,5.0,0.8333333333333334
21,36,21.0,0.4666666666666667,0.2625,21.0,3.5
21,37,16.0,0.35555555555555557,0.2,16.0,2.6666666666666665
21,38,24.0,0.5333333333333333,0.3,24.0,4.0
21,39,2.0,0.044444444444444446,0.025,2.0,0.3333333333333333
21,40,13.0,0.28888888888888886,0.1625,13.0,2.1666666666666665
21,41,21.0,0.4666666666666667,0.2625,21.0,3.5
21,42,12.0,0.26666666666666666,0.15,12.0,2.0
21,43,20.0,0.4444444444444444,0.25,20.0,3.3333333333333335
21,44,9.0,0.2,0.1125,9.0,1.5
21,45,4.0,0.08888888888888889,0.05,4.0,0.6666666666666666
21,46,15.0,0.3333333333333333,0.1875,15.0,2.5
22,1,1.0,0.022222222222222223,0.0125,1.0,0.16666666666666666
22,2,11.0,0.24444444444444444,0.1375,11.0,1.8333333333333333
22,3,14.0,0.3111111111111111,0.175,14.0,2.3333333333333335
22,4,2.0,0.044444444444444446,0.025,2.0,0.3333333333333333
22,5,13.0,0.28888888888888886,0.1625,13.0,2.1666666666666665
22,6,23.0,0.5111111111111111,0.2875,23.0,3.8333333333333335
22,7,10.0,0.2222222222222222,0.125,10.0,1.6666666666666667
22,8,1.0,0.022222222222222223,0.0125,1.0,0.16666666666666666
22,9,8.0,0.17777777777777778,0.1,8.0,1.3333333333333333
22,10,9.0,0.2,0.1125,9.0,1.5
22,11,21.0,0.4666666666666667,0.2625,21.0,3.5
22,12,1.0,0.022222222222222223,0.0125,1.0,0.16666666666666666
22,13,16.0,0.35555555555555557,0.2,16.0,2.6666666666666665
22,14,12.0,0.26666666666666666,0.15,12.0,2.0
22,15,11.0,0.24444444444444444,0.1375,11.0,1.8333333333333333
22,16,12.0,0.26666666666666666,0.15,12.0,2.0
22,17,17.0,0.37777777777777777,0.2125,17.0,2.8333333333333335
22,18,23.0,0.5111111111111111,0.2875,23.0,3.8333333333333335
22,19,11.0,0.24444444444444444,0.1375,11.0,1.8333333333333333
22,20,12.0,0.26666666666666666,0.15,12.0,2.0
22,21,22.0,0.4888888888888889,0.275,22.0,3.6666666666666665
22,23,11.0,0.24444444444444444,0.1375,11.0,1.8333333333333333
22,24,1.0,0.022222222222222223,0.0125,1.0,0.16666666666666666
22,25,10.0,0.2222222222222222,0.125,10.0,1.6666666666666667
22,26,14.0,0.3111111111111111,0.175,14.0,2.3333333333333335
22,27,3.0,0.06666666666666667,0.0375,3.0,0.5
22,28,12.0,0.26666666666666666,0.15,12.0,2.0
22,29,11.0,0.24444444444444444,0.1375,11.0,1.8333333333333333
22,30,15.0,0.3333333333333333,0.1875,15.0,2.5
22,31,22.0,0.4888888888888889,0.275,22.0,3.6666666666666665
22,32,12.0,0.26666666666666666,0.15,12.0,2.0
22,33,20.0,0.4444444444444444,0.25,20.0,3.3333333333333335
22,34,2.0,0.044444444444444446,0.025,2.0,0.3333333333333333
22,35,23.0,0.5111111111111111,0.2875,23.0,3.8333333333333335
22,36,2.0,0.044444444444444446,0.025,2.0,0.3333333333333333
22,37,10.0,0.2222222222222222,0.125,10.0,1.6666666666666667
22,38,2.0,0.044444444444444446,0.025,2.0,0.3333333333333333
22,39,20.0,0.4444444444444444,0.25,20.0,3.3333333333333335
22,40,9.0,0.2,0.1125,9.0,1.5
22,41,12.0,0.26666666666666666,0.15,12.0,2.0
22,42,10.0,0.2222222222222222,0.125,10.0,1.6666666666666667
22,43,2.0,0.044444444444444446,0.025,2.0,0.3333333333333333
22,44,15.0,0.3333333333333333,0.1875,15.0,2.5
22,45,19.0,0.4222222222222222,0.2375,19.0,3.1666666666666665
22,46,7.0,0.15555555555555556,0.0875,7.0,1.1666666666666667
23,1,10.0,0.2222222222222222,0.125,10.0,1.6666666666666667
23,2,2.0,0.044444444444444446,0.025,2.0,0.3333333333333333
23,3,12.0,0.26666666666666666,0.15,12.0,2.0
23,4,12.0,0.26666666666666666,0.15,12.0,2.0
23,5,3.0,0.06666666666666667,0.0375,3.0,0.5
23,6,12.0,0.26666666666666666,0.15,12.0,2.0
23,7,4.0,0.08888888888888889,0.05,4.0,0.6666666666666666
23,8,11.0,0.24444444444444444,0.1375,11.0,1.8333333333333333
23,9,7.0,0.15555555555555556,0.0875,7.0,1.1666666666666667
23,10,2.0,0.044444444444444446,0.025,2.0,0.3333333333333333
23,11,10.0,0.2222222222222222,0.125,10.0,1.6666666666666667
23,12,10.0,0.2222222222222222,0.125,10.0,1.6666666666666667
23,13,12.0,0.26666666666666666,0.15,12.0,2.0
23,14,3.0,0.06666666666666667,0.0375,3.0,0.5
23,15,11.0,0.24444444444444444,0.1375,11.0,1.8333333333333333
23,16,11.0,0.24444444444444444,0.1375,11.0,1.8333333333333333
23,17,11.0,0.24444444444444444,0.1375,11.0,1.8333333333333333
23,18,13.0,0.28888888888888886,0.1625,13.0,2.1666666666666665
23,19,10.0,0.2222222222222222,0.125,10.0,1.6666666666666667
23,20,1.0,0.022222222222222223,0.0125,1.0,0.16666666666666666
23,21,11.0,0.24444444444444444,0.1375,11.0,1.8333333333333333
23,22,11.0,0.24444444444444444,0.1375,11.0,1.8333333333333333
23,24,10.0,0.2222222222222222,0.125,10.0,1.6666666666666667
23,25,1.0,0.022222222222222223,0.0125,1.0,0.16666666666666666
23,26,10.0,0.2222222222222222,0.125,10.0,1.6666666666666667
23,27,8.0,0.17777777777777778,0.1,8.0,1.3333333333333333
23,28,1.0,0.022222222222222223,0.0125,1.0,0.16666666666666666
23,29,10.0,0.2222222222222222,0.125,10.0,1.6666666666666667
23,30,13.0,0.28888888888888886,0.1625,13.0,2.1666666666666665
23,31,11.0,0.24444444444444444,0.1375,11.0,1.8333333333333333
23,32,11.0,0.24444444444444444,0.1375,11.0,1.8333333333333333
23,33,10.0,0.2222222222222222,0.125,10.0,1.6666666666666667
23,34,10.0,0.2222222222222222,0.125,10.0,1.6666666666666667
23,35,13.0,0.28888888888888886,0.1625,13.0,2.1666666666666665
23,36,10.0,0.2222222222222222,0.125,10.0,1.6666666666666667
23,37,9.0,0.2,0.1125,9.0,1.5
23,38,13.0,0.28888888888888886,0.1625,13.0,2.1666666666666665
23,39,10.0,0.2222222222222222,0.125,10.0,1.6666666666666667
23,40,4.0,0.08888888888888889,0.05,4.0,0.6666666666666666
23,41,11.0,0.24444444444444444,0.1375,11.0,1.8333333333333333
23,42,3.0,0.06666666666666667,0.0375,3.0,0.5
23,43,9.0,0.2,0.1125,9.0,1.5
23,44,11.0,0.24444444444444444,0.1375,11.0,1.8333333333333333
23,45,9.0,0.2,0.1125,9.0,1.5
23,46,8.0,0.17777777777777778,0.1,8.0,1.3333333333333333
24,1,1.0,0.022222222222222223,0.0125,1.0,0.16666666666666666
24,2,11.0,0.24444444444444444,0.1375,11.0,1.8333333333333333
24,3,14.0,0.3111111111111111,0.175,14.0,2.3333333333333335
24,4,3.0,0.06666666666666667,0.0375,3.0,0.5
24,5,13.0,0.28888888888888886,0.1625,13.0,2.1666666666666665
24,6,22.0,0.4888888888888889,0.275,22.0,3.6666666666666665
24,7,10.0,0.2222222222222222,0.125,10.0,1.6666666666666667
24,8,2.0,0.044444444444444446,0.025,2.0,0.3333333333333333
24,9,7.0,0.15555555555555556,0.0875,7.0,1.1666666666666667
24,10,9.0,0.2,0.1125,9.0,1.5
24,11,20.0,0.4444444444444444,0.25,20.0,3.3333333333333335
24,12,2.0,0.044444444444444446,0.025,2.0,0.3333333333333333
24,13,16.0,0.35555555555555557,0.2,16.0,2.6666666666666665
24,14,11.0,0.24444444444444444,0.1375,11.0,1.8333333333333333
24,15,10.0,0.2222222222222222,0.125,10.0,1.6666666666666667
24,16,11.0,0.24444444444444444,0.1375,11.0,1.8333333333333333
24,17,16.0,0.35555555555555557,0.2,16.0,2.6666666666666665
24,18,23.0,0.5111111111111111,0.2875,23.0,3.8333333333333335
24,19,10.0,0.2222222222222222,0.125,10.0,1.6666666666666667
24,20,11.0,0.24444444444444444,0.1375,11.0,1.8333333333333333
24,21,21.0,0.4666666666666667,0.2625,21.0,3.5
24,22,1.0,0.022222222222222223,0.0125,1.0,0.16666666666666666
24,23,10.0,0.2222222222222222,0.125,10.0,1.6666666666666667
24,25,10.0,0.2222222222222222,0.125,10.0,1.6666666666666667
24,26,14.0,0.3111111111111111,0.175,14.0,2.3333333333333335
24,27,3.0,0.06666666666666667,0.0375,3.0,0.5
24,28,11.0,0.24444444444444444,0.1375,11.0,1.8333333333333333
24,29,10.0,0.2222222222222222,0.125,10.0,1.6666666666666667
24,30,15.0,0.3333333333333333,0.1875,15.0,2.5
24,31,21.0,0.4666666666666667,0.2625,21.0,3.5
24,32,11.0,0.24444444444444444,0.1375,11.0,1.8333333333333333
24,33,20.0,0.4444444444444444,0.25,20.0,3.3333333333333335
24,34,3.0,0.06666666666666667,0.0375,3.0,0.5
24,35,23.0,0.5111111111111111,0.2875,23.0,3.8333333333333335
24,36,3.0,0.06666666666666667,0.0375,3.0,0.5
24,37,9.0,0.2,0.1125,9.0,1.5
24,38,3.0,0.06666666666666667,0.0375,3.0,0.5
24,39,20.0,0.4444444444444444,0.25,20.0,3.3333333333333335
24,40,9.0,0.2,0.1125,9.0,1.5
24,41,11.0,0.24444444444444444,0.1375,11.0,1.8333333333333333
24,42,10.0,0.2222222222222222,0.125,10.0,1.6666666666666667
24,43,2.0,0.044444444444444446,0.025,2.0,0.3333333333333333
24,44,15.0,0.3333333333333333,0.1875,15.0,2.5
24,45,19.0,0.4222222222222222,0.2375,19.0,3.1666666666666665
24,46,8.0,0.17777777777777778,0.1,8.0,1.3333333333333333
25,1,9.0,0.2,0.1125,9.0,1.5
25,2,1.0,0.022222222222222223,0.0125,1.0,0.16666666666666666
25,3,11.0,0.24444444444444444,0.1375,11.0,1.8333333333333333
25,4,11.0,0.24444444444444444,0.1375,11.0,1.8333333333333333
25,5,4.0,0.08888888888888889,0.05,4.0,0.6666666666666666
25,6,13.0,0.28888888888888886,0.1625,13.0,2.1666666666666665
25,7,4.0,0.08888888888888889,0.05,4.0,0.6666666666666666
25,8,10.0,0.2222222222222222,0.125,10.0,1.6666666666666667
25,9,8.0,0.17777777777777778,0.1,8.0,1.3333333333333333
25,10,1.0,0.022222222222222223,0.0125,1.0,0.16666666666666666
25,11,11.0,0.24444444444444444,0.1375,11.0,1.8333333333333333
25,12,9.0,0.2,0.1125,9.0,1.5
25,13,11.0,0.24444444444444444,0.1375,11.0,1.8333333333333333
25,14,2.0,0.044444444444444446,0.025,2.0,0.3333333333333333
25,15,10.0,0.2222222222222222,0.125,10.0,1.6666666666666667
25,16,12.0,0.26666666666666666,0.15,12.0,2.0
25,17,10.0,0.2222222222222222,0.125,10.0,1.6666666666666667
25,18,14.0,0.3111111111111111,0.175,14.0,2.3333333333333335
25,19,10.0,0.2222222222222222,0.125,10.0,1.6666666666666667
25,20,2.0,0.044444444444444446,0.025,2.0,0.3333333333333333
25,21,12.0,0.26666666666666666,0.15,12.0,2.0
25,22,10.0,0.2222222222222222,0.125,10.0,1.6666666666666667
25,23,1.0,0.022222222222222223,0.0125,1.0,0.16666666666666666
25,24,10.0,0.2222222222222222,0.125,10.0,1.6666666666666667
25,26,10.0,0.2222222222222222,0.125,10.0,1.6666666666666667
25,27,7.0,0.15555555555555556,0.0875,7.0,1.1666666666666667
25,28,2.0,0.044444444444444446,0.025,2.0,0.3333333333333333
25,29,10.0,0.2222222222222222,0.125,10.0,1.6666666666666667
25,30,12.0,0.26666666666666666,0.15,12.0,2.0
25,31,12.0,0.26666666666666666,0.15,12.0,2.0
25,32,12.0,0.26666666666666666,0.15,12.0,2.0
25,33,10.0,0.2222222222222222,0.125,10.0,1.6666666666666667
25,34,10.0,0.2222222222222222,0.125,10.0,1.6666666666666667
25,35,14.0,0.3111111111111111,0.175,14.0,2.3333333333333335
25,36,9.0,0.2,0.1125,9.0,1.5
25,37,9.0,0.2,0.1125,9.0,1.5
25,38,12.0,0.26666666666666666,0.15,12.0,2.0
25,39,10.0,0.2222222222222222,0.125,10.0,1.6666666666666667
25,40,3.0,0.06666666666666667,0.0375,3.0,0.5
25,41,11.0,0.24444444444444444,0.1375,11.0,1.8333333333333333
25,42,2.0,0.044444444444444446,0.025,2.0,0.3333333333333333
25,43,8.0,0.17777777777777778,0.1,8.0,1.3333333333333333
25,44,11.0,0.24444444444444444,0.1375,11.0,1.8333333333333333
25,45,9.0,0.2,0.1125,9.0,1.5
25,46,7.0,0.15555555555555556,0.0875,7.0,1.1666666666666667
26,1,13.0,0.28888888888888886,0.1625,13.0,2.1666666666666665
26,2,9.0,0.2,0.1125,9.0,1.5
26,3,2.0,0.044444444444444446,0.025,2.0,0.3333333333333333
26,4,15.0,0.3333333333333333,0.1875,15.0,2.5
26,5,10.0,0.2222222222222222,0.125,10.0,1.6666666666666667
26,6,12.0,0.26666666666666666,0.15,12.0,2.0
26,7,6.0,0.13333333333333333,0.075,6.0,1.0
26,8,14.0,0.3111111111111111,0.175,14.0,2.3333333333333335
26,9,17.0,0.37777777777777777,0.2125,17.0,2.8333333333333335
26,10,9.0,0.2,0.1125,9.0,1.5
26,11,10.0,0.2222222222222222,0.125,10.0,1.6666666666666667
26,12,13.0,0.28888888888888886,0.1625,13.0,2.1666666666666665
26,13,2.0,0.044444444444444446,0.025,2.0,0.3333333333333333
26,14,8.0,0.17777777777777778,0.1,8.0,1.3333333333333333
26,15,20.0,0.4444444444444444,0.25,20.0,3.3333333333333335
26,16,21.0,0.4666666666666667,0.2625,21.0,3.5
26,17,3.0,0.06666666666666667,0.0375,3.0,0.5
26,18,10.0,0.2222222222222222,0.125,10.0,1.6666666666666667
26,19,20.0,0.4444444444444444,0.25,20.0,3.3333333333333335
26,20,11.0,0.24444444444444444,0.1375,11.0,1.8333333333333333
26,21,8.0,0.17777777777777778,0.1,8.0,1.3333333333333333
26,22,14.0,0.3111111111111111,0.175,14.0,2.3333333333333335
26,23,10.0,0.2222222222222222,0.125,10.0,1.6666666666666667
26,24,14.0,0.3111111111111111,0.175,14.0,2.3333333333333335
26,25,10.0,0.2222222222222222,0.125,10.0,1.6666666666666667
26,27,11.0,0.24444444444444444,0.1375,11.0,1.8333333333333333
26,28,9.0,0.2,0.1125,9.0,1.5
26,29,20.0,0.4444444444444444,0.25,20.0,3.3333333333333335
26,30,3.0,0.06666666666666667,0.0375,3.0,0.5
26,31,15.0,0.3333333333333333,0.1875,15.0,2.5
26,32,21.0,0.4666666666666667,0.2625,21.0,3.5
26,33,13.0,0.28888888888888886,0.1625,13.0,2.1666666666666665
26,34,14.0,0.3111111111111111,0.175,14.0,2.3333333333333335
26,35,13.0,0.28888888888888886,0.1625,13.0,2.1666666666666665
26,36,13.0,0.28888888888888886,0.1625,13.0,2.1666666666666665
26,37,19.0,0.4222222222222222,0.2375,19.0,3.1666666666666665
26,38,16.0,0.35555555555555557,0.2,16.0,2.6666666666666665
26,39,10.0,0.2222222222222222,0.125,10.0,1.6666666666666667
26,40,7.0,0.15555555555555556,0.0875,7.0,1.1666666666666667
26,41,21.0,0.4666666666666667,0.2625,21.0,3.5
26,42,8.0,0.17777777777777778,0.1,8.0,1.3333333333333333
26,43,12.0,0.26666666666666666,0.15,12.0,2.0
26,44,1.0,0.022222222222222223,0.0125,1.0,0.16666666666666666
26,45,12.0,0.26666666666666666,0.15,12.0,2.0
26,46,8.0,0.17777777777777778,0.1,8.0,1.3333333333333333
27,1,2.0,0.044444444444444446,0.025,2.0,0.3333333333333333
27,2,8.0,0.17777777777777778,0.1,8.0,1.3333333333333333
27,3,12.0,0.26666666666666666,0.15,12.0,2.0
27,4,4.0,0.08888888888888889,0.05,4.0,0.6666666666666666
27,5,11.0,0.24444444444444444,0.1375,11.0,1.8333333333333333
27,6,20.0,0.4444444444444444,0.25,20.0,3.3333333333333335
27,7,7.0,0.15555555555555556,0.0875,7.0,1.1666666666666667
27,8,3.0,0.06666666666666667,0.0375,3.0,0.5
27,9,8.0,0.17777777777777778,0.1,8.0,1.3333333333333333
27,10,6.0,0.13333333333333333,0.075,6.0,1.0
27,11,18.0,0.4,0.225,18.0,3.0
27,12,2.0,0.044444444444444446,0.025,2.0,0.3333333333333333
27,13,13.0,0.28888888888888886,0.1625,13.0,2.1666666666666665
27,14,9.0,0.2,0.1125,9.0,1.5
27,15,10.0,0.2222222222222222,0.125,10.0,1.6666666666666667
27,16,12.0,0.26666666666666666,0.15,12.0,2.0
27,17,14.0,0.3111111111111111,0.175,14.0,2.3333333333333335
27,18,21.0,0.4666666666666667,0.2625,21.0,3.5
27,19,10.0,0.2222222222222222,0.125,10.0,1.6666666666666667
27,20,9.0,0.2,0.1125,9.0,1.5
27,21,19.0,0.4222222222222222,0.2375,19.0,3.1666666666666665
27,22,3.0,0.06666666666666667,0.0375,3.0,0.5
27,23,8.0,0.17777777777777778,0.1,8.0,1.3333333333333333
27,24,3.0,0.06666666666666667,0.0375,3.0,0.5
27,25,7.0,0.15555555555555556,0.0875,7.0,1.1666666666666667
27,26,11.0,0.24444444444444444,0.1375,11.0,1.8333333333333333
27,28,9.0,0.2,0.1125,9.0,1.5
27,29,10.0,0.2222222222222222,0.125,10.0,1.6666666666666667
27,30,12.0,0.26666666666666666,0.15,12.0,2.0
27,31,19.0,0.4222222222222222,0.2375,19.0,3.1666666666666665
27,32,12.0,0.26666666666666666,0.15,12.0,2.0
27,33,17.0,0.37777777777777777,0.2125,17.0,2.8333333333333335
27,34,3.0,0.06666666666666667,0.0375,3.0,0.5
27,35,21.0,0.4666666666666667,0.2625,21.0,3.5
27,36,3.0,0.06666666666666667,0.0375,3.0,0.5
27,37,9.0,0.2,0.1125,9.0,1.5
27,38,5.0,0.1111111111111111,0.0625,5.0,0.8333333333333334
27,39,17.0,0.37777777777777777,0.2125,17.0,2.8333333333333335
27,40,7.0,0.15555555555555556,0.0875,7.0,1.1666666666666667
27,41,11.0,0.24444444444444444,0.1375,11.0,1.8333333333333333
27,42,7.0,0.15555555555555556,0.0875,7.0,1.1666666666666667
27,43,1.0,0.022222222222222223,0.0125,1.0,0.16666666666666666
27,44,12.0,0.26666666666666666,0.15,12.0,2.0
27,45,16.0,0.35555555555555557,0.2,16.0,2.6666666666666665
27,46,7.0,0.15555555555555556,0.0875,7.0,1.1666666666666667
28,1,11.0,0.24444444444444444,0.1375,11.0,1.8333333333333333
28,2,1.0,0.022222222222222223,0.0125,1.0,0.16666666666666666
28,3,11.0,0.24444444444444444,0.1375,11.0,1.8333333333333333
28,4,13.0,0.28888888888888886,0.1625,13.0,2.1666666666666665
28,5,2.0,0.044444444444444446,0.025,2.0,0.3333333333333333
28,6,11.0,0.24444444444444444,0.1375,11.0,1.8333333333333333
28,7,3.0,0.06666666666666667,0.0375,3.0,0.5
28,8,12.0,0.26666666666666666,0.15,12.0,2.0
28,9,8.0,0.17777777777777778,0.1,8.0,1.3333333333333333
28,10,3.0,0.06666666666666667,0.0375,3.0,0.5
28,11,9.0,0.2,0.1125,9.0,1.5
28,12,11.0,0.24444444444444444,0.1375,11.0,1.8333333333333333
28,13,11.0,0.24444444444444444,0.1375,11.0,1.8333333333333333
28,14,2.0,0.044444444444444446,0.025,2.0,0.3333333333333333
28,15,12.0,0.26666666666666666,0.15,12.0,2.0
28,16,12.0,0.26666666666666666,0.15,12.0,2.0
28,17,10.0,0.2222222222222222,0.125,10.0,1.6666666666666667
28,18,12.0,0.26666666666666666,0.15,12.0,2.0
28,19,11.0,0.24444444444444444,0.1375,11.0,1.8333333333333333
28,20,2.0,0.044444444444444446,0.025,2.0,0.3333333333333333
28,21,10.0,0.2222222222222222,0.125,10.0,1.6666666666666667
28,22,12.0,0.26666666666666666,0.15,12.0,2.0
28,23,1.0,0.022222222222222223,0.0125,1.0,0.16666666666666666
28,24,11.0,0.24444444444444444,0.1375,11.0,1.8333333333333333
28,25,2.0,0.044444444444444446,0.025,2.0,0.3333333333333333
28,26,9.0,0.2,0.1125,9.0,1.5
28,27,9.0,0.2,0.1125,9.0,1.5
28,29,11.0,0.24444444444444444,0.1375,11.0,1.8333333333333333
28,30,12.0,0.26666666666666666,0.15,12.0,2.0
28,31,10.0,0.2222222222222222,0.125,10.0,1.6666666666666667
28,32,12.0,0.26666666666666666,0.15,12.0,2.0
28,33,9.0,0.2,0.1125,9.0,1.5
28,34,11.0,0.24444444444444444,0.1375,11.0,1.8333333333333333
28,35,12.0,0.26666666666666666,0.15,12.0,2.0
28,36,11.0,0.24444444444444444,0.1375,11.0,1.8333333333333333
28,37,10.0,0.2222222222222222,0.125,10.0,1.6666666666666667
28,38,14.0,0.3111111111111111,0.175,14.0,2.3333333333333335
28,39,9.0,0.2,0.1125,9.0,1.5
28,40,3.0,0.06666666666666667,0.0375,3.0,0.5
28,41,12.0,0.26666666666666666,0.15,12.0,2.0
28,42,2.0,0.044444444444444446,0.025,2.0,0.3333333333333333
28,43,10.0,0.2222222222222222,0.125,10.0,1.6666666666666667
28,44,10.0,0.2222222222222222,0.125,10.0,1.6666666666666667
28,45,8.0,0.17777777777777778,0.1,8.0,1.3333333333333333
28,46,7.0,0.15555555555555556,0.0875,7.0,1.1666666666666667
29,1,10.0,0.2222222222222222,0.125,10.0,1.6666666666666667
29,2,11.0,0.24444444444444444,0.1375,11.0,1.8333333333333333
29,3,21.0,0.4666666666666667,0.2625,21.0,3.5
29,4,13.0,0.28888888888888886,0.1625,13.0,2.1666666666666665
29,5,10.0,0.2222222222222222,0.125,10.0,1.6666666666666667
29,6,16.0,0.35555555555555557,0.2,16.0,2.6666666666666665
29,7,14.0,0.3111111111111111,0.175,14.0,2.3333333333333335
29,8,12.0,0.26666666666666666,0.15,12.0,2.0
29,9,3.0,0.06666666666666667,0.0375,3.0,0.5
29,10,11.0,0.24444444444444444,0.1375,11.0,1.8333333333333333
29,11,14.0,0.3111111111111111,0.175,14.0,2.3333333333333335
29,12,12.0,0.26666666666666666,0.15,12.0,2.0
29,13,21.0,0.4666666666666667,0.2625,21.0,3.5
29,14,12.0,0.26666666666666666,0.15,12.0,2.0
29,15,7.0,0.15555555555555556,0.0875,7.0,1.1666666666666667
29,16,2.0,0.044444444444444446,0.025,2.0,0.3333333333333333
29,17,20.0,0.4444444444444444,0.25,20.0,3.3333333333333335
29,18,17.0,0.37777777777777777,0.2125,17.0,2.8333333333333335
29,19,4.0,0.08888888888888889,0.05,4.0,0.6666666666666666
29,20,9.0,0.2,0.1125,9.0,1.5
29,21,15.0,0.3333333333333333,0.1875,15.0,2.5
29,22,11.0,0.24444444444444444,0.1375,11.0,1.8333333333333333
29,23,10.0,0.2222222222222222,0.125,10.0,1.6666666666666667
29,24,10.0,0.2222222222222222,0.125,10.0,1.6666666666666667
29,25,10.0,0.2222222222222222,0.125,10.0,1.6666666666666667
29,26,20.0,0.4444444444444444,0.25,20.0,3.3333333333333335
29,27,10.0,0.2222222222222222,0.125,10.0,1.6666666666666667
29,28,11.0,0.24444444444444444,0.1375,11.0,1.8333333333333333
29,30,22.0,0.4888888888888889,0.275,22.0,3.6666666666666665
29,31,15.0,0.3333333333333333,0.1875,15.0,2.5
29,32,5.0,0.1111111111111111,0.0625,5.0,0.8333333333333334
29,33,14.0,0.3111111111111111,0.175,14.0,2.3333333333333335
29,34,12.0,0.26666666666666666,0.15,12.0,2.0
29,35,17.0,0.37777777777777777,0.2125,17.0,2.8333333333333335
29,36,13.0,0.28888888888888886,0.1625,13.0,2.1666666666666665
29,37,1.0,0.022222222222222223,0.0125,1.0,0.16666666666666666
29,38,12.0,0.26666666666666666,0.15,12.0,2.0
29,39,14.0,0.3111111111111111,0.175,14.0,2.3333333333333335
29,40,13.0,0.28888888888888886,0.1625,13.0,2.1666666666666665
29,41,6.0,0.13333333333333333,0.075,6.0,1.0
29,42,12.0,0.26666666666666666,0.15,12.0,2.0
29,43,9.0,0.2,0.1125,9.0,1.5
29,44,21.0,0.4666666666666667,0.2625,21.0,3.5
29,45,13.0,0.28888888888888886,0.1625,13.0,2.1666666666666665
29,46,17.0,0.37777777777777777,0.2125,17.0,2.8333333333333335
30,1,14.0,0.3111111111111111,0.175,14.0,2.3333333333333335
30,2,11.0,0.24444444444444444,0.1375,11.0,1.8333333333333333
30,3,1.0,0.022222222222222223,0.0125,1.0,0.16666666666666666
30,4,16.0,0.35555555555555557,0.2,16.0,2.6666666666666665
30,5,12.0,0.26666666666666666,0.15,12.0,2.0
30,6,15.0,0.3333333333333333,0.1875,15.0,2.5
30,7,9.0,0.2,0.1125,9.0,1.5
30,8,15.0,0.3333333333333333,0.1875,15.0,2.5
30,9,20.0,0.4444444444444444,0.25,20.0,3.3333333333333335
30,10,11.0,0.24444444444444444,0.1375,11.0,1.8333333333333333
30,11,13.0,0.28888888888888886,0.1625,13.0,2.1666666666666665
30,12,14.0,0.3111111111111111,0.175,14.0,2.3333333333333335
30,13,1.0,0.022222222222222223,0.0125,1.0,0.16666666666666666
30,14,10.0,0.2222222222222222,0.125,10.0,1.6666666666666667
30,15,22.0,0.4888888888888889,0.275,22.0,3.6666666666666665
30,16,24.0,0.5333333333333333,0.3,24.0,4.0
30,17,2.0,0.044444444444444446,0.025,2.0,0.3333333333333333
30,18,12.0,0.26666666666666666,0.15,12.0,2.0
30,19,22.0,0.4888888888888889,0.275,22.0,3.6666666666666665
30,20,14.0,0.3111111111111111,0.175,14.0,2.3333333333333335
30,21,10.0,0.2222222222222222,0.125,10.0,1.6666666666666667
30,22,15.0,0.3333333333333333,0.1875,15.0,2.5
30,23,13.0,0.28888888888888886,0.1625,13.0,2.1666666666666665
30,24,15.0,0.3333333333333333,0.1875,15.0,2.5
30,25,12.0,0.26666666666666666,0.15,12.0,2.0
30,26,3.0,0.06666666666666667,0.0375,3.0,0.5
30,27,12.0,0.26666666666666666,0.15,12.0,2.0
30,28,12.0,0.26666666666666666,0.15,12.0,2.0
30,29,22.0,0.4888888888888889,0.275,22.0,3.6666666666666665
30,31,17.0,0.37777777777777777,0.2125,17.0,2.8333333333333335
30,32,24.0,0.5333333333333333,0.3,24.0,4.0
30,33,15.0,0.3333333333333333,0.1875,15.0,2.5
30,34,15.0,0.3333333333333333,0.1875,15.0,2.5
30,35,15.0,0.3333333333333333,0.1875,15.0,2.5
30,36,14.0,0.3111111111111111,0.175,14.0,2.3333333333333335
30,37,21.0,0.4666666666666667,0.2625,21.0,3.5
30,38,17.0,0.37777777777777777,0.2125,17.0,2.8333333333333335
30,39,12.0,0.26666666666666666,0.15,12.0,2.0
30,40,9.0,0.2,0.1125,9.0,1.5
30,41,23.0,0.5111111111111111,0.2875,23.0,3.8333333333333335
30,42,10.0,0.2222222222222222,0.125,10.0,1.6666666666666667
30,43,13.0,0.28888888888888886,0.1625,13.0,2.1666666666666665
30,44,2.0,0.044444444444444446,0.025,2.0,0.3333333333333333
30,45,14.0,0.3111111111111111,0.175,14.0,2.3333333333333335
30,46,9.0,0.2,0.1125,9.0,1.5
31,1,21.0,0.4666666666666667,0.2625,21.0,3.5
31,2,11.0,0.24444444444444444,0.1375,11.0,1.8333333333333333
31,3,16.0,0.35555555555555557,0.2,16.0,2.6666666666666665
31,4,23.0,0.5111111111111111,0.2875,23.0,3.8333333333333335
31,5,9.0,0.2,0.1125,9.0,1.5
31,6,3.0,0.06666666666666667,0.0375,3.0,0.5
31,7,12.0,0.26666666666666666,0.15,12.0,2.0
31,8,22.0,0.4888888888888889,0.275,22.0,3.6666666666666665
31,9,18.0,0.4,0.225,18.0,3.0
31,10,13.0,0.28888888888888886,0.1625,13.0,2.1666666666666665
31,11,5.0,0.1111111111111111,0.0625,5.0,0.8333333333333334
31,12,21.0,0.4666666666666667,0.2625,21.0,3.5
31,13,16.0,0.35555555555555557,0.2,16.0,2.6666666666666665
31,14,10.0,0.2222222222222222,0.125,10.0,1.6666666666666667
31,15,22.0,0.4888888888888889,0.275,22.0,3.6666666666666665
31,16,17.0,0.37777777777777777,0.2125,17.0,2.8333333333333335
31,17,15.0,0.3333333333333333,0.1875,15.0,2.5
31,18,5.0,0.1111111111111111,0.0625,5.0,0.8333333333333334
31,19,19.0,0.4222222222222222,0.2375,19.0,3.1666666666666665
31,20,10.0,0.2222222222222222,0.125,10.0,1.6666666666666667
31,21,7.0,0.15555555555555556,0.0875,7.0,1.1666666666666667
31,22,22.0,0.4888888888888889,0.275,22.0,3.6666666666666665
31,23,11.0,0.24444444444444444,0.1375,11.0,1.8333333333333333
31,24,21.0,0.4666666666666667,0.2625,21.0,3.5
31,25,12.0,0.26666666666666666,0.15,12.0,2.0
31,26,15.0,0.3333333333333333,0.1875,15.0,2.5
31,27,19.0,0.4222222222222222,0.2375,19.0,3.1666666666666665
31,28,10.0,0.2222222222222222,0.125,10.0,1.6666666666666667
31,29,15.0,0.3333333333333333,0.1875,15.0,2.5
31,30,17.0,0.37777777777777777,0.2125,17.0,2.8333333333333335
31,32,20.0,0.4444444444444444,0.25,20.0,3.3333333333333335
31,33,2.0,0.044444444444444446,0.025,2.0,0.3333333333333333
31,34,21.0,0.4666666666666667,0.2625,21.0,3.5
31,35,2.0,0.044444444444444446,0.025,2.0,0.3333333333333333
31,36,21.0,0.4666666666666667,0.2625,21.0,3.5
31,37,16.0,0.35555555555555557,0.2,16.0,2.6666666666666665
31,38,24.0,0.5333333333333333,0.3,24.0,4.0
31,39,5.0,0.1111111111111111,0.0625,5.0,0.8333333333333334
31,40,13.0,0.28888888888888886,0.1625,13.0,2.1666666666666665
31,41,21.0,0.4666666666666667,0.2625,21.0,3.5
31,42,12.0,0.26666666666666666,0.15,12.0,2.0
31,43,20.0,0.4444444444444444,0.25,20.0,3.3333333333333335
31,44,16.0,0.35555555555555557,0.2,16.0,2.6666666666666665
31,45,3.0,0.06666666666666667,0.0375,3.0,0.5
31,46,15.0,0.3333333333333333,0.1875,15.0,2.5
32,1,12.0,0.26666666666666666,0.15,12.0,2.0
32,2,13.0,0.28888888888888886,0.1625,13.0,2.1666666666666665
32,3,23.0,0.5111111111111111,0.2875,23.0,3.8333333333333335
32,4,14.0,0.3111111111111111,0.175,14.0,2.3333333333333335
32,5,12.0,0.26666666666666666,0.15,12.0,2.0
32,6,21.0,0.4666666666666667,0.2625,21.0,3.5
32,7,15.0,0.3333333333333333,0.1875,15.0,2.5
32,8,13.0,0.28888888888888886,0.1625,13.0,2.1666666666666665
32,9,4.0,0.08888888888888889,0.05,4.0,0.6666666666666666
32,10,13.0,0.28888888888888886,0.1625,13.0,2.1666666666666665
32,11,19.0,0.4222222222222222,0.2375,19.0,3.1666666666666665
32,12,13.0,0.28888888888888886,0.1625,13.0,2.1666666666666665
32,13,23.0,0.5111111111111111,0.2875,23.0,3.8333333333333335
32,14,14.0,0.3111111111111111,0.175,14.0,2.3333333333333335
32,15,2.0,0.044444444444444446,0.025,2.0,0.3333333333333333
32,16,4.0,0.08888888888888889,0.05,4.0,0.6666666666666666
32,17,22.0,0.4888888888888889,0.275,22.0,3.6666666666666665
32,18,22.0,0.4888888888888889,0.275,22.0,3.6666666666666665
32,19,2.0,0.044444444444444446,0.025,2.0,0.3333333333333333
32,20,10.0,0.2222222222222222,0.125,10.0,1.6666666666666667
32,21,20.0,0.4444444444444444,0.25,20.0,3.3333333333333335
32,22,12.0,0.26666666666666666,0.15,12.0,2.0
32,23,11.0,0.24444444444444444,0.1375,11.0,1.8333333333333333
32,24,11.0,0.24444444444444444,0.1375,11.0,1.8333333333333333
32,25,12.0,0.26666666666666666,0.15,12.0,2.0
32,26,21.0,0.4666666666666667,0.2625,21.0,3.5
32,27,12.0,0.26666666666666666,0.15,12.0,2.0
32,28,12.0,0.26666666666666666,0.15,12.0,2.0
32,29,5.0,0.1111111111111111,0.0625,5.0,0.8333333333333334
32,30,24.0,0.5333333333333333,0.3,24.0,4.0
32,31,20.0,0.4444444444444444,0.25,20.0,3.3333333333333335
32,33,19.0,0.4222222222222222,0.2375,19.0,3.1666666666666665
32,34,14.0,0.3111111111111111,0.175,14.0,2.3333333333333335
32,35,22.0,0.4888888888888889,0.275,22.0,3.6666666666666665
32,36,14.0,0.3111111111111111,0.175,14.0,2.3333333333333335
32,37,4.0,0.08888888888888889,0.05,4.0,0.6666666666666666
32,38,14.0,0.3111111111111111,0.175,14.0,2.3333333333333335
32,39,19.0,0.4222222222222222,0.2375,19.0,3.1666666666666665
32,40,15.0,0.3333333333333333,0.1875,15.0,2.5
32,41,1.0,0.022222222222222223,0.0125,1.0,0.16666666666666666
32,42,14.0,0.3111111111111111,0.175,14.0,2.3333333333333335
32,43,11.0,0.24444444444444444,0.1375,11.0,1.8333333333333333
32,44,22.0,0.4888888888888889,0.275,22.0,3.6666666666666665
32,45,18.0,0.4,0.225,18.0,3.0
32,46,19.0,0.4222222222222222,0.2375,19.0,3.1666666666666665
33,1,19.0,0.4222222222222222,0.2375,19.0,3.1666666666666665
33,2,9.0,0.2,0.1125,9.0,1.5
33,3,15.0,0.3333333333333333,0.1875,15.0,2.5
33,4,21.0,0.4666666666666667,0.2625,21.0,3.5
33,5,7.0,0.15555555555555556,0.0875,7.0,1.1666666666666667
33,6,3.0,0.06666666666666667,0.0375,3.0,0.5
33,7,10.0,0.2222222222222222,0.125,10.0,1.6666666666666667
33,8,20.0,0.4444444444444444,0.25,20.0,3.3333333333333335
33,9,16.0,0.35555555555555557,0.2,16.0,2.6666666666666665
33,10,11.0,0.24444444444444444,0.1375,11.0,1.8333333333333333
33,11,3.0,0.06666666666666667,0.0375,3.0,0.5
33,12,19.0,0.4222222222222222,0.2375,19.0,3.1666666666666665
33,13,14.0,0.3111111111111111,0.175,14.0,2.3333333333333335
33,14,9.0,0.2,0.1125,9.0,1.5
33,15,20.0,0.4444444444444444,0.25,20.0,3.3333333333333335
33,16,15.0,0.3333333333333333,0.1875,15.0,2.5
33,17,14.0,0.3111111111111111,0.175,14.0,2.3333333333333335
33,18,4.0,0.08888888888888889,0.05,4.0,0.6666666666666666
33,19,17.0,0.37777777777777777,0.2125,17.0,2.8333333333333335
33,20,9.0,0.2,0.1125,9.0,1.5
33,21,5.0,0.1111111111111111,0.0625,5.0,0.8333333333333334
33,22,20.0,0.4444444444444444,0.25,20.0,3.3333333333333335
33,23,10.0,0.2222222222222222,0.125,10.0,1.6666666666666667
33,24,20.0,0.4444444444444444,0.25,20.0,3.3333333333333335
33,25,10.0,0.2222222222222222,0.125,10.0,1.6666666666666667
33,26,13.0,0.28888888888888886,0.1625,13.0,2.1666666666666665
33,27,17.0,0.37777777777777777,0.2125,17.0,2.8333333333333335
33,28,9.0,0.2,0.1125,9.0,1.5
33,29,14.0,0.3111111111111111,0.175,14.0,2.3333333333333335
33,30,15.0,0.3333333333333333,0.1875,15.0,2.5
33,31,2.0,0.044444444444444446,0.025,2.0,0.3333333333333333
33,32,19.0,0.4222222222222222,0.2375,19.0,3.1666666666666665
33,34,20.0,0.4444444444444444,0.25,20.0,3.3333333333333335
33,35,4.0,0.08888888888888889,0.05,4.0,0.6666666666666666
33,36,19.0,0.4222222222222222,0.2375,19.0,3.1666666666666665
33,37,15.0,0.3333333333333333,0.1875,15.0,2.5
33,38,22.0,0.4888888888888889,0.275,22.0,3.6666666666666665
33,39,4.0,0.08888888888888889,0.05,4.0,0.6666666666666666
33,40,11.0,0.24444444444444444,0.1375,11.0,1.8333333333333333
33,41,19.0,0.4222222222222222,0.2375,19.0,3.1666666666666665
33,42,10.0,0.2222222222222222,0.125,10.0,1.6666666666666667
33,43,18.0,0.4,0.225,18.0,3.0
33,44,14.0,0.3111111111111111,0.175,14.0,2.3333333333333335
33,45,1.0,0.022222222222222223,0.0125,1.0,0.16666666666666666
33,46,14.0,0.3111111111111111,0.175,14.0,2.3333333333333335
34,1,2.0,0.044444444444444446,0.025,2.0,0.3333333333333333
34,2,11.0,0.24444444444444444,0.1375,11.0,1.8333333333333333
34,3,14.0,0.3111111111111111,0.175,14.0,2.3333333333333335
34,4,2.0,0.044444444444444446,0.025,2.0,0.3333333333333333
34,5,13.0,0.28888888888888886,0.1625,13.0,2.1666666666666665
34,6,22.0,0.4888888888888889,0.275,22.0,3.6666666666666665
34,7,10.0,0.2222222222222222,0.125,10.0,1.6666666666666667
34,8,1.0,0.022222222222222223,0.0125,1.0,0.16666666666666666
34,9,10.0,0.2222222222222222,0.125,10.0,1.6666666666666667
34,10,9.0,0.2,0.1125,9.0,1.5
34,11,20.0,0.4444444444444444,0.25,20.0,3.3333333333333335
34,12,1.0,0.022222222222222223,0.0125,1.0,0.16666666666666666
34,13,16.0,0.35555555555555557,0.2,16.0,2.6666666666666665
34,14,11.0,0.24444444444444444,0.1375,11.0,1.8333333333333333
34,15,12.0,0.26666666666666666,0.15,12.0,2.0
34,16,14.0,0.3111111111111111,0.175,14.0,2.3333333333333335
34,17,16.0,0.35555555555555557,0.2,16.0,2.6666666666666665
34,18,23.0,0.5111111111111111,0.2875,23.0,3.8333333333333335
34,19,12.0,0.26666666666666666,0.15,12.0,2.0
34,20,11.0,0.24444444444444444,0.1375,11.0,1.8333333333333333
34,21,21.0,0.4666666666666667,0.2625,21.0,3.5
34,22,2.0,0.044444444444444446,0.025,2.0,0.3333333333333333
34,23,10.0,0.2222222222222222,0.125,10.0,1.6666666666666667
34,24,3.0,0.06666666666666667,0.0375,3.0,0.5
34,25,10.0,0.2222222222222222,0.125,10.0,1.6666666666666667
34,26,14.0,0.3111111111111111,0.175,14.0,2.3333333333333335
34,27,3.0,0.06666666666666667,0.0375,3.0,0.5
34,28,11.0,0.24444444444444444,0.1375,11.0,1.8333333333333333
34,29,12.0,0.26666666666666666,0.15,12.0,2.0
34,30,15.0,0.3333333333333333,0.1875,15.0,2.5
34,31,21.0,0.4666666666666667,0.2625,21.0,3.5
34,32,14.0,0.3111111111111111,0.175,14.0,2.3333333333333335
34,33,20.0,0.4444444444444444,0.25,20.0,3.3333333333333335
34,35,23.0,0.5111111111111111,0.2875,23.0,3.8333333333333335
34,36,1.0,0.022222222222222223,0.0125,1.0,0.16666666666666666
34,37,11.0,0.24444444444444444,0.1375,11.0,1.8333333333333333
34,38,3.0,0.06666666666666667,0.0375,3.0,0.5
34,39,20.0,0.4444444444444444,0.25,20.0,3.3333333333333335
34,40,9.0,0.2,0.1125,9.0,1.5
34,41,13.0,0.28888888888888886,0.1625,13.0,2.1666666666666665
34,42,10.0,0.2222222222222222,0.125,10.0,1.6666666666666667
34,43,4.0,0.08888888888888889,0.05,4.0,0.6666666666666666
34,44,15.0,0.3333333333333333,0.1875,15.0,2.5
34,45,19.0,0.4222222222222222,0.2375,19.0,3.1666666666666665
34,46,6.0,0.13333333333333333,0.075,6.0,1.0
35,1,22.0,0.4888888888888889,0.275,22.0,3.6666666666666665
35,2,13.0,0.28888888888888886,0.1625,13.0,2.1666666666666665
35,3,15.0,0.3333333333333333,0.1875,15.0,2.5
35,4,25.0,0.5555555555555556,0.3125,25.0,4.166666666666667
35,5,10.0,0.2222222222222222,0.125,10.0,1.6666666666666667
35,6,1.0,0.022222222222222223,0.0125,1.0,0.16666666666666666
35,7,14.0,0.3111111111111111,0.175,14.0,2.3333333333333335
35,8,24.0,0.5333333333333333,0.3,24.0,4.0
35,9,19.0,0.4222222222222222,0.2375,19.0,3.1666666666666665
35,10,15.0,0.3333333333333333,0.1875,15.0,2.5
35,11,3.0,0.06666666666666667,0.0375,3.0,0.5
35,12,22.0,0.4888888888888889,0.275,22.0,3.6666666666666665
35,13,14.0,0.3111111111111111,0.175,14.0,2.3333333333333335
35,14,12.0,0.26666666666666666,0.15,12.0,2.0
35,15,24.0,0.5333333333333333,0.3,24.0,4.0
35,16,19.0,0.4222222222222222,0.2375,19.0,3.1666666666666665
35,17,14.0,0.3111111111111111,0.175,14.0,2.3333333333333335
35,18,4.0,0.08888888888888889,0.05,4.0,0.6666666666666666
35,19,20.0,0.4444444444444444,0.25,20.0,3.3333333333333335
35,20,12.0,0.26666666666666666,0.15,12.0,2.0
35,21,5.0,0.1111111111111111,0.0625,5.0,0.8333333333333334
35,22,23.0,0.5111111111111111,0.2875,23.0,3.8333333333333335
35,23,13.0,0.28888888888888886,0.1625,13.0,2.1666666666666665
35,24,23.0,0.5111111111111111,0.2875,23.0,3.8333333333333335
35,25,14.0,0.3111111111111111,0.175,14.0,2.3333333333333335
35,26,13.0,0.28888888888888886,0.1625,13.0,2.1666666666666665
35,27,21.0,0.4666666666666667,0.2625,21.0,3.5
35,28,12.0,0.26666666666666666,0.15,12.0,2.0
35,29,17.0,0.37777777777777777,0.2125,17.0,2.8333333333333335
35,30,15.0,0.3333333333333333,0.1875,15.0,2.5
35,31,2.0,0.044444444444444446,0.025,2.0,0.3333333333333333
35,32,22.0,0.4888888888888889,0.275,22.0,3.6666666666666665
35,33,4.0,0.08888888888888889,0.05,4.0,0.6666666666666666
35,34,23.0,0.5111111111111111,0.2875,23.0,3.8333333333333335
35,36,23.0,0.5111111111111111,0.2875,23.0,3.8333333333333335
35,37,18.0,0.4,0.225,18.0,3.0
35,38,25.0,0.5555555555555556,0.3125,25.0,4.166666666666667
35,39,4.0,0.08888888888888889,0.05,4.0,0.6666666666666666
35,40,14.0,0.3111111111111111,0.175,14.0,2.3333333333333335
35,41,23.0,0.5111111111111111,0.2875,23.0,3.8333333333333335
35,42,14.0,0.3111111111111111,0.175,14.0,2.3333333333333335
35,43,22.0,0.4888888888888889,0.275,22.0,3.6666666666666665
35,44,14.0,0.3111111111111111,0.175,14.0,2.3333333333333335
35,45,5.0,0.1111111111111111,0.0625,5.0,0.8333333333333334
35,46,17.0,0.37777777777777777,0.2125,17.0,2.8333333333333335
36,1,3.0,0.06666666666666667,0.0375,3.0,0.5
36,2,10.0,0.2222222222222222,0.125,10.0,1.6666666666666667
36,3,14.0,0.3111111111111111,0.175,14.0,2.3333333333333335
36,4,2.0,0.044444444444444446,0.025,2.0,0.3333333333333333
36,5,13.0,0.28888888888888886,0.1625,13.0,2.1666666666666665
36,6,22.0,0.4888888888888889,0.275,22.0,3.6666666666666665
36,7,9.0,0.2,0.1125,9.0,1.5
36,8,1.0,0.022222222222222223,0.0125,1.0,0.16666666666666666
36,9,10.0,0.2222222222222222,0.125,10.0,1.6666666666666667
36,10,8.0,0.17777777777777778,0.1,8.0,1.3333333333333333
36,11,20.0,0.4444444444444444,0.25,20.0,3.3333333333333335
36,12,1.0,0.022222222222222223,0.0125,1.0,0.16666666666666666
36,13,15.0,0.3333333333333333,0.1875,15.0,2.5
36,14,11.0,0.24444444444444444,0.1375,11.0,1.8333333333333333
36,15,13.0,0.28888888888888886,0.1625,13.0,2.1666666666666665
36,16,14.0,0.3111111111111111,0.175,14.0,2.3333333333333335
36,17,16.0,0.35555555555555557,0.2,16.0,2.6666666666666665
36,18,23.0,0.5111111111111111,0.2875,23.0,3.8333333333333335
36,19,13.0,0.28888888888888886,0.1625,13.0,2.1666666666666665
36,20,11.0,0.24444444444444444,0.1375,11.0,1.8333333333333333
36,21,21.0,0.4666666666666667,0.2625,21.0,3.5
36,22,2.0,0.044444444444444446,0.025,2.0,0.3333333333333333
36,23,10.0,0.2222222222222222,0.125,10.0,1.6666666666666667
36,24,3.0,0.06666666666666667,0.0375,3.0,0.5
36,25,9.0,0.2,0.1125,9.0,1.5
36,26,13.0,0.28888888888888886,0.1625,13.0,2.1666666666666665
36,27,3.0,0.06666666666666667,0.0375,3.0,0.5
36,28,11.0,0.24444444444444444,0.1375,11.0,1.8333333333333333
36,29,13.0,0.28888888888888886,0.1625,13.0,2.1666666666666665
36,30,14.0,0.3111111111111111,0.175,14.0,2.3333333333333335
36,31,21.0,0.4666666666666667,0.2625,21.0,3.5
36,32,14.0,0.3111111111111111,0.175,14.0,2.3333333333333335
36,33,19.0,0.4222222222222222,0.2375,19.0,3.1666666666666665
36,34,1.0,0.022222222222222223,0.0125,1.0,0.16666666666666666
36,35,23.0,0.5111111111111111,0.2875,23.0,3.8333333333333335
36,37,12.0,0.26666666666666666,0.15,12.0,2.0
36,38,3.0,0.06666666666666667,0.0375,3.0,0.5
36,39,19.0,0.4222222222222222,0.2375,19.0,3.1666666666666665
36,40,9.0,0.2,0.1125,9.0,1.5
36,41,14.0,0.3111111111111111,0.175,14.0,2.3333333333333335
36,42,9.0,0.2,0.1125,9.0,1.5
36,43,4.0,0.08888888888888889,0.05,4.0,0.6666666666666666
36,44,14.0,0.3111111111111111,0.175,14.0,2.3333333333333335
36,45,18.0,0.4,0.225,18.0,3.0
36,46,6.0,0.13333333333333333,0.075,6.0,1.0
37,1,9.0,0.2,0.1125,9.0,1.5
37,2,10.0,0.2222222222222222,0.125,10.0,1.6666666666666667
37,3,20.0,0.4444444444444444,0.25,20.0,3.3333333333333335
37,4,12.0,0.26666666666666666,0.15,12.0,2.0
37,5,9.0,0.2,0.1125,9.0,1.5
37,6,17.0,0.37777777777777777,0.2125,17.0,2.8333333333333335
37,7,13.0,0.28888888888888886,0.1625,13.0,2.1666666666666665
37,8,11.0,0.24444444444444444,0.1375,11.0,1.8333333333333333
37,9,2.0,0.044444444444444446,0.025,2.0,0.3333333333333333
37,10,10.0,0.2222222222222222,0.125,10.0,1.6666666666666667
37,11,15.0,0.3333333333333333,0.1875,15.0,2.5
37,12,11.0,0.24444444444444444,0.1375,11.0,1.8333333333333333
37,13,20.0,0.4444444444444444,0.25,20.0,3.3333333333333335
37,14,11.0,0.24444444444444444,0.1375,11.0,1.8333333333333333
37,15,6.0,0.13333333333333333,0.075,6.0,1.0
37,16,3.0,0.06666666666666667,0.0375,3.0,0.5
37,17,19.0,0.4222222222222222,0.2375,19.0,3.1666666666666665
37,18,18.0,0.4,0.225,18.0,3.0
37,19,3.0,0.06666666666666667,0.0375,3.0,0.5
37,20,8.0,0.17777777777777778,0.1,8.0,1.3333333333333333
37,21,16.0,0.35555555555555557,0.2,16.0,2.6666666666666665
37,22,10.0,0.2222222222222222,0.125,10.0,1.6666666666666667
37,23,9.0,0.2,0.1125,9.0,1.5
37,24,9.0,0.2,0.1125,9.0,1.5
37,25,9.0,0.2,0.1125,9.0,1.5
37,26,19.0,0.4222222222222222,0.2375,19.0,3.1666666666666665
37,27,9.0,0.2,0.1125,9.0,1.5
37,28,10.0,0.2222222222222222,0.125,10.0,1.6666666666666667
37,29,1.0,0.022222222222222223,0.0125,1.0,0.16666666666666666
37,30,21.0,0.4666666666666667,0.2625,21.0,3.5
37,31,16.0,0.35555555555555557,0.2,16.0,2.6666666666666665
37,32,4.0,0.08888888888888889,0.05,4.0,0.6666666666666666
37,33,15.0,0.3333333333333333,0.1875,15.0,2.5
37,34,11.0,0.24444444444444444,0.1375,11.0,1.8333333333333333
37,35,18.0,0.4,0.225,18.0,3.0
37,36,12.0,0.26666666666666666,0.15,12.0,2.0
37,38,11.0,0.24444444444444444,0.1375,11.0,1.8333333333333333
37,39,15.0,0.3333333333333333,0.1875,15.0,2.5
37,40,12.0,0.26666666666666666,0.15,12.0,2.0
37,41,5.0,0.1111111111111111,0.0625,5.0,0.8333333333333334
37,42,11.0,0.24444444444444444,0.1375,11.0,1.8333333333333333
37,43,8.0,0.17777777777777778,0.1,8.0,1.3333333333333333
37,44,20.0,0.4444444444444444,0.25,20.0,3.3333333333333335
37,45,14.0,0.3111111111111111,0.175,14.0,2.3333333333333335
37,46,16.0,0.35555555555555557,0.2,16.0,2.6666666666666665
38,1,3.0,0.06666666666666667,0.0375,3.0,0.5
38,2,13.0,0.28888888888888886,0.1625,13.0,2.1666666666666665
38,3,16.0,0.35555555555555557,0.2,16.0,2.6666666666666665
38,4,1.0,0.022222222222222223,0.0125,1.0,0.16666666666666666
38,5,15.0,0.3333333333333333,0.1875,15.0,2.5
38,6,25.0,0.5555555555555556,0.3125,25.0,4.166666666666667
38,7,12.0,0.26666666666666666,0.15,12.0,2.0
38,8,2.0,0.044444444444444446,0.025,2.0,0.3333333333333333
38,9,10.0,0.2222222222222222,0.125,10.0,1.6666666666666667
38,10,11.0,0.24444444444444444,0.1375,11.0,1.8333333333333333
38,11,23.0,0.5111111111111111,0.2875,23.0,3.8333333333333335
38,12,3.0,0.06666666666666667,0.0375,3.0,0.5
38,13,18.0,0.4,0.225,18.0,3.0
38,14,14.0,0.3111111111111111,0.175,14.0,2.3333333333333335
38,15,12.0,0.26666666666666666,0.15,12.0,2.0
38,16,14.0,0.3111111111111111,0.175,14.0,2.3333333333333335
38,17,19.0,0.4222222222222222,0.2375,19.0,3.1666666666666665
38,18,25.0,0.5555555555555556,0.3125,25.0,4.166666666666667
38,19,12.0,0.26666666666666666,0.15,12.0,2.0
38,20,14.0,0.3111111111111111,0.175,14.0,2.3333333333333335
38,21,24.0,0.5333333333333333,0.3,24.0,4.0
38,22,2.0,0.044444444444444446,0.025,2.0,0.3333333333333333
38,23,13.0,0.28888888888888886,0.1625,13.0,2.1666666666666665
38,24,3.0,0.06666666666666667,0.0375,3.0,0.5
38,25,12.0,0.26666666666666666,0.15,12.0,2.0
38,26,16.0,0.35555555555555557,0.2,16.0,2.6666666666666665
38,27,5.0,0.1111111111111111,0.0625,5.0,0.8333333333333334
38,28,14.0,0.3111111111111111,0.175,14.0,2.3333333333333335
38,29,12.0,0.26666666666666666,0.15,12.0,2.0
38,30,17.0,0.37777777777777777,0.2125,17.0,2.8333333333333335
38,31,24.0,0.5333333333333333,0.3,24.0,4.0
38,32,14.0,0.3111111111111111,0.175,14.0,2.3333333333333335
38,33,22.0,0.4888888888888889,0.275,22.0,3.6666666666666665
38,34,3.0,0.06666666666666667,0.0375,3.0,0.5
38,35,25.0,0.5555555555555556,0.3125,25.0,4.166666666666667
38,36,3.0,0.06666666666666667,0.0375,3.0,0.5
38,37,11.0,0.24444444444444444,0.1375,11.0,1.8333333333333333
38,39,22.0,0.4888888888888889,0.275,22.0,3.6666666666666665
38,40,11.0,0.24444444444444444,0.1375,11.0,1.8333333333333333
38,41,13.0,0.28888888888888886,0.1625,13.0,2.1666666666666665
38,42,12.0,0.26666666666666666,0.15,12.0,2.0
38,43,4.0,0.08888888888888889,0.05,4.0,0.6666666666666666
38,44,17.0,0.37777777777777777,0.2125,17.0,2.8333333333333335
38,45,21.0,0.4666666666666667,0.2625,21.0,3.5
38,46,9.0,0.2,0.1125,9.0,1.5
39,1,19.0,0.4222222222222222,0.2375,19.0,3.1666666666666665
39,2,9.0,0.2,0.1125,9.0,1.5
39,3,11.0,0.24444444444444444,0.1375,11.0,1.8333333333333333
39,4,21.0,0.4666666666666667,0.2625,21.0,3.5
39,5,7.0,0.15555555555555556,0.0875,7.0,1.1666666666666667
39,6,3.0,0.06666666666666667,0.0375,3.0,0.5
39,7,10.0,0.2222222222222222,0.125,10.0,1.6666666666666667
39,8,20.0,0.4444444444444444,0.25,20.0,3.3333333333333335
39,9,16.0,0.35555555555555557,0.2,16.0,2.6666666666666665
39,10,11.0,0.24444444444444444,0.1375,11.0,1.8333333333333333
39,11,1.0,0.022222222222222223,0.0125,1.0,0.16666666666666666
39,12,19.0,0.4222222222222222,0.2375,19.0,3.1666666666666665
39,13,11.0,0.24444444444444444,0.1375,11.0,1.8333333333333333
39,14,9.0,0.2,0.1125,9.0,1.5
39,15,20.0,0.4444444444444444,0.25,20.0,3.3333333333333335
39,16,15.0,0.3333333333333333,0.1875,15.0,2.5
39,17,10.0,0.2222222222222222,0.125,10.0,1.6666666666666667
39,18,4.0,0.08888888888888889,0.05,4.0,0.6666666666666666
39,19,17.0,0.37777777777777777,0.2125,17.0,2.8333333333333335
39,20,9.0,0.2,0.1125,9.0,1.5
39,21,2.0,0.044444444444444446,0.025,2.0,0.3333333333333333
39,22,20.0,0.4444444444444444,0.25,20.0,3.3333333333333335
39,23,10.0,0.2222222222222222,0.125,10.0,1.6666666666666667
39,24,20.0,0.4444444444444444,0.25,20.0,3.3333333333333335
39,25,10.0,0.2222222222222222,0.125,10.0,1.6666666666666667
39,26,10.0,0.2222222222222222,0.125,10.0,1.6666666666666667
39,27,17.0,0.37777777777777777,0.2125,17.0,2.8333333333333335
39,28,9.0,0.2,0.1125,9.0,1.5
39,29,14.0,0.3111111111111111,0.175,14.0,2.3333333333333335
39,30,12.0,0.26666666666666666,0.15,12.0,2.0
39,31,5.0,0.1111111111111111,0.0625,5.0,0.8333333333333334
39,32,19.0,0.4222222222222222,0.2375,19.0,3.1666666666666665
39,33,4.0,0.08888888888888889,0.05,4.0,0.6666666666666666
39,34,20.0,0.4444444444444444,0.25,20.0,3.3333333333333335
39,35,4.0,0.08888888888888889,0.05,4.0,0.6666666666666666
39,36,19.0,0.4222222222222222,0.2375,19.0,3.1666666666666665
39,37,15.0,0.3333333333333333,0.1875,15.0,2.5
39,38,22.0,0.4888888888888889,0.275,22.0,3.6666666666666665
39,40,11.0,0.24444444444444444,0.1375,11.0,1.8333333333333333
39,41,19.0,0.4222222222222222,0.2375,19.0,3.1666666666666665
39,42,10.0,0.2222222222222222,0.125,10.0,1.6666666666666667
39,43,18.0,0.4,0.225,18.0,3.0
39,44,11.0,0.24444444444444444,0.1375,11.0,1.8333333333333333
39,45,3.0,0.06666666666666667,0.0375,3.0,0.5
39,46,14.0,0.3111111111111111,0.175,14.0,2.3333333333333335
40,1,8.0,0.17777777777777778,0.1,8.0,1.3333333333333333
40,2,2.0,0.044444444444444446,0.025,2.0,0.3333333333333333
40,3,9.0,0.2,0.1125,9.0,1.5
40,4,11.0,0.24444444444444444,0.1375,11.0,1.8333333333333333
40,5,4.0,0.08888888888888889,0.05,4.0,0.6666666666666666
40,6,14.0,0.3111111111111111,0.175,14.0,2.3333333333333335
40,7,1.0,0.022222222222222223,0.0125,1.0,0.16666666666666666
40,8,10.0,0.2222222222222222,0.125,10.0,1.6666666666666667
40,9,11.0,0.24444444444444444,0.1375,11.0,1.8333333333333333
40,10,2.0,0.044444444444444446,0.025,2.0,0.3333333333333333
40,11,12.0,0.26666666666666666,0.15,12.0,2.0
40,12,8.0,0.17777777777777778,0.1,8.0,1.3333333333333333
40,13,8.0,0.17777777777777778,0.1,8.0,1.3333333333333333
40,14,3.0,0.06666666666666667,0.0375,3.0,0.5
40,15,13.0,0.28888888888888886,0.1625,13.0,2.1666666666666665
40,16,15.0,0.3333333333333333,0.1875,15.0,2.5
40,17,8.0,0.17777777777777778,0.1,8.0,1.3333333333333333
40,18,14.0,0.3111111111111111,0.175,14.0,2.3333333333333335
40,19,13.0,0.28888888888888886,0.1625,13.0,2.1666666666666665
40,20,5.0,0.1111111111111111,0.0625,5.0,0.8333333333333334
40,21,13.0,0.28888888888888886,0.1625,13.0,2.1666666666666665
40,22,9.0,0.2,0.1125,9.0,1.5
40,23,4.0,0.08888888888888889,0.05,4.0,0.6666666666666666
40,24,9.0,0.2,0.1125,9.0,1.5
40,25,3.0,0.06666666666666667,0.0375,3.0,0.5
40,26,7.0,0.15555555555555556,0.0875,7.0,1.1666666666666667
40,27,7.0,0.15555555555555556,0.0875,7.0,1.1666666666666667
40,28,3.0,0.06666666666666667,0.0375,3.0,0.5
40,29,13.0,0.28888888888888886,0.1625,13.0,2.1666666666666665
40,30,9.0,0.2,0.1125,9.0,1.5
40,31,13.0,0.28888888888888886,0.1625,13.0,2.1666666666666665
40,32,15.0,0.3333333333333333,0.1875,15.0,2.5
40,33,11.0,0.24444444444444444,0.1375,11.0,1.8333333333333333
40,34,9.0,0.2,0.1125,9.0,1.5
40,35,14.0,0.3111111111111111,0.175,14.0,2.3333333333333335
40,36,9.0,0.2,0.1125,9.0,1.5
40,37,12.0,0.26666666666666666,0.15,12.0,2.0
40,38,11.0,0.24444444444444444,0.1375,11.0,1.8333333333333333
40,39,11.0,0.24444444444444444,0.1375,11.0,1.8333333333333333
40,41,14.0,0.3111111111111111,0.175,14.0,2.3333333333333335
40,42,1.0,0.022222222222222223,0.0125,1.0,0.16666666666666666
40,43,8.0,0.17777777777777778,0.1,8.0,1.3333333333333333
40,44,8.0,0.17777777777777778,0.1,8.0,1.3333333333333333
40,45,10.0,0.2222222222222222,0.125,10.0,1.6666666666666667
40,46,4.0,0.08888888888888889,0.05,4.0,0.6666666666666666
41,1,11.0,0.24444444444444444,0.1375,11.0,1.8333333333333333
41,2,12.0,0.26666666666666666,0.15,12.0,2.0
41,3,22.0,0.4888888888888889,0.275,22.0,3.6666666666666665
41,4,14.0,0.3111111111111111,0.175,14.0,2.3333333333333335
41,5,13.0,0.28888888888888886,0.1625,13.0,2.1666666666666665
41,6,22.0,0.4888888888888889,0.275,22.0,3.6666666666666665
41,7,15.0,0.3333333333333333,0.1875,15.0,2.5
41,8,13.0,0.28888888888888886,0.1625,13.0,2.1666666666666665
41,9,4.0,0.08888888888888889,0.05,4.0,0.6666666666666666
41,10,12.0,0.26666666666666666,0.15,12.0,2.0
41,11,20.0,0.4444444444444444,0.25,20.0,3.3333333333333335
41,12,13.0,0.28888888888888886,0.1625,13.0,2.1666666666666665
41,13,22.0,0.4888888888888889,0.275,22.0,3.6666666666666665
41,14,13.0,0.28888888888888886,0.1625,13.0,2.1666666666666665
41,15,1.0,0.022222222222222223,0.0125,1.0,0.16666666666666666
41,16,4.0,0.08888888888888889,0.05,4.0,0.6666666666666666
41,17,21.0,0.4666666666666667,0.2625,21.0,3.5
41,18,23.0,0.5111111111111111,0.2875,23.0,3.8333333333333335
41,19,3.0,0.06666666666666667,0.0375,3.0,0.5
41,20,11.0,0.24444444444444444,0.1375,11.0,1.8333333333333333
41,21,21.0,0.4666666666666667,0.2625,21.0,3.5
41,22,12.0,0.26666666666666666,0.15,12.0,2.0
41,23,11.0,0.24444444444444444,0.1375,11.0,1.8333333333333333
41,24,11.0,0.24444444444444444,0.1375,11.0,1.8333333333333333
41,25,11.0,0.24444444444444444,0.1375,11.0,1.8333333333333333
41,26,21.0,0.4666666666666667,0.2625,21.0,3.5
41,27,11.0,0.24444444444444444,0.1375,11.0,1.8333333333333333
41,28,12.0,0.26666666666666666,0.15,12.0,2.0
41,29,6.0,0.13333333333333333,0.075,6.0,1.0
41,30,23.0,0.5111111111111111,0.2875,23.0,3.8333333333333335
41,31,21.0,0.4666666666666667,0.2625,21.0,3.5
41,32,1.0,0.022222222222222223,0.0125,1.0,0.16666666666666666
41,33,19.0,0.4222222222222222,0.2375,19.0,3.1666666666666665
41,34,13.0,0.28888888888888886,0.1625,13.0,2.1666666666666665
41,35,23.0,0.5111111111111111,0.2875,23.0,3.8333333333333335
41,36,14.0,0.3111111111111111,0.175,14.0,2.3333333333333335
41,37,5.0,0.1111111111111111,0.0625,5.0,0.8333333333333334
41,38,13.0,0.28888888888888886,0.1625,13.0,2.1666666666666665
41,39,19.0,0.4222222222222222,0.2375,19.0,3.1666666666666665
41,40,14.0,0.3111111111111111,0.175,14.0,2.3333333333333335
41,42,13.0,0.28888888888888886,0.1625,13.0,2.1666666666666665
41,43,10.0,0.2222222222222222,0.125,10.0,1.6666666666666667
41,44,22.0,0.4888888888888889,0.275,22.0,3.6666666666666665
41,45,18.0,0.4,0.225,18.0,3.0
41,46,18.0,0.4,0.225,18.0,3.0
42,1,9.0,0.2,0.1125,9.0,1.5
42,2,1.0,0.022222222222222223,0.0125,1.0,0.16666666666666666
42,3,9.0,0.2,0.1125,9.0,1.5
42,4,11.0,0.24444444444444444,0.1375,11.0,1.8333333333333333
42,5,4.0,0.08888888888888889,0.05,4.0,0.6666666666666666
42,6,13.0,0.28888888888888886,0.1625,13.0,2.1666666666666665
42,7,2.0,0.044444444444444446,0.025,2.0,0.3333333333333333
42,8,10.0,0.2222222222222222,0.125,10.0,1.6666666666666667
42,9,10.0,0.2222222222222222,0.125,10.0,1.6666666666666667
42,10,1.0,0.022222222222222223,0.0125,1.0,0.16666666666666666
42,11,11.0,0.24444444444444444,0.1375,11.0,1.8333333333333333
42,12,9.0,0.2,0.1125,9.0,1.5
42,13,9.0,0.2,0.1125,9.0,1.5
42,14,2.0,0.044444444444444446,0.025,2.0,0.3333333333333333
42,15,12.0,0.26666666666666666,0.15,12.0,2.0
42,16,14.0,0.3111111111111111,0.175,14.0,2.3333333333333335
42,17,8.0,0.17777777777777778,0.1,8.0,1.3333333333333333
42,18,14.0,0.3111111111111111,0.175,14.0,2.3333333333333335
42,19,12.0,0.26666666666666666,0.15,12.0,2.0
42,20,4.0,0.08888888888888889,0.05,4.0,0.6666666666666666
42,21,12.0,0.26666666666666666,0.15,12.0,2.0
42,22,10.0,0.2222222222222222,0.125,10.0,1.6666666666666667
42,23,3.0,0.06666666666666667,0.0375,3.0,0.5
42,24,10.0,0.2222222222222222,0.125,10.0,1.6666666666666667
42,25,2.0,0.044444444444444446,0.025,2.0,0.3333333333333333
42,26,8.0,0.17777777777777778,0.1,8.0,1.3333333333333333
42,27,7.0,0.15555555555555556,0.0875,7.0,1.1666666666666667
42,28,2.0,0.044444444444444446,0.025,2.0,0.3333333333333333
42,29,12.0,0.26666666666666666,0.15,12.0,2.0
42,30,10.0,0.2222222222222222,0.125,10.0,1.6666666666666667
42,31,12.0,0.26666666666666666,0.15,12.0,2.0
42,32,14.0,0.3111111111111111,0.175,14.0,2.3333333333333335
42,33,10.0,0.2222222222222222,0.125,10.0,1.6666666666666667
42,34,10.0,0.2222222222222222,0.125,10.0,1.6666666666666667
42,35,14.0,0.3111111111111111,0.175,14.0,2.3333333333333335
42,36,9.0,0.2,0.1125,9.0,1.5
42,37,11.0,0.24444444444444444,0.1375,11.0,1.8333333333333333
42,38,12.0,0.26666666666666666,0.15,12.0,2.0
42,39,10.0,0.2222222222222222,0.125,10.0,1.6666666666666667
42,40,1.0,0.022222222222222223,0.0125,1.0,0.16666666666666666
42,41,13.0,0.28888888888888886,0.1625,13.0,2.1666666666666665
42,43,8.0,0.17777777777777778,0.1,8.0,1.3333333333333333
42,44,9.0,0.2,0.1125,9.0,1.5
42,45,9.0,0.2,0.1125,9.0,1.5
42,46,5.0,0.1111111111111111,0.0625,5.0,0.8333333333333334
43,1,2.0,0.044444444444444446,0.025,2.0,0.3333333333333333
43,2,9.0,0.2,0.1125,9.0,1.5
43,3,13.0,0.28888888888888886,0.1625,13.0,2.1666666666666665
43,4,4.0,0.08888888888888889,0.05,4.0,0.6666666666666666
43,5,12.0,0.26666666666666666,0.15,12.0,2.0
43,6,21.0,0.4666666666666667,0.2625,21.0,3.5
43,7,8.0,0.17777777777777778,0.1,8.0,1.3333333333333333
43,8,3.0,0.06666666666666667,0.0375,3.0,0.5
43,9,7.0,0.15555555555555556,0.0875,7.0,1.1666666666666667
43,10,7.0,0.15555555555555556,0.0875,7.0,1.1666666666666667
43,11,19.0,0.4222222222222222,0.2375,19.0,3.1666666666666665
43,12,3.0,0.06666666666666667,0.0375,3.0,0.5
43,13,14.0,0.3111111111111111,0.175,14.0,2.3333333333333335
43,14,10.0,0.2222222222222222,0.125,10.0,1.6666666666666667
43,15,9.0,0.2,0.1125,9.0,1.5
43,16,11.0,0.24444444444444444,0.1375,11.0,1.8333333333333333
43,17,15.0,0.3333333333333333,0.1875,15.0,2.5
43,18,22.0,0.4888888888888889,0.275,22.0,3.6666666666666665
43,19,9.0,0.2,0.1125,9.0,1.5
43,20,10.0,0.2222222222222222,0.125,10.0,1.6666666666666667
43,21,20.0,0.4444444444444444,0.25,20.0,3.3333333333333335
43,22,2.0,0.044444444444444446,0.025,2.0,0.3333333333333333
43,23,9.0,0.2,0.1125,9.0,1.5
43,24,2.0,0.044444444444444446,0.025,2.0,0.3333333333333333
43,25,8.0,0.17777777777777778,0.1,8.0,1.3333333333333333
43,26,12.0,0.26666666666666666,0.15,12.0,2.0
43,27,1.0,0.022222222222222223,0.0125,1.0,0.16666666666666666
43,28,10.0,0.2222222222222222,0.125,10.0,1.6666666666666667
43,29,9.0,0.2,0.1125,9.0,1.5
43,30,13.0,0.28888888888888886,0.1625,13.0,2.1666666666666665
43,31,20.0,0.4444444444444444,0.25,20.0,3.3333333333333335
43,32,11.0,0.24444444444444444,0.1375,11.0,1.8333333333333333
43,33,18.0,0.4,0.225,18.0,3.0
43,34,4.0,0.08888888888888889,0.05,4.0,0.6666666666666666
43,35,22.0,0.4888888888888889,0.275,22.0,3.6666666666666665
43,36,4.0,0.08888888888888889,0.05,4.0,0.6666666666666666
43,37,8.0,0.17777777777777778,0.1,8.0,1.3333333333333333
43,38,4.0,0.08888888888888889,0.05,4.0,0.6666666666666666
43,39,18.0,0.4,0.225,18.0,3.0
43,40,8.0,0.17777777777777778,0.1,8.0,1.3333333333333333
43,41,10.0,0.2222222222222222,0.125,10.0,1.6666666666666667
43,42,8.0,0.17777777777777778,0.1,8.0,1.3333333333333333
43,44,13.0,0.28888888888888886,0.1625,13.0,2.1666666666666665
43,45,17.0,0.37777777777777777,0.2125,17.0,2.8333333333333335
43,46,8.0,0.17777777777777778,0.1,8.0,1.3333333333333333
44,1,14.0,0.3111111111111111,0.175,14.0,2.3333333333333335
44,2,10.0,0.2222222222222222,0.125,10.0,1.6666666666666667
44,3,1.0,0.022222222222222223,0.0125,1.0,0.16666666666666666
44,4,16.0,0.35555555555555557,0.2,16.0,2.6666666666666665
44,5,11.0,0.24444444444444444,0.1375,11.0,1.8333333333333333
44,6,13.0,0.28888888888888886,0.1625,13.0,2.1666666666666665
44,7,7.0,0.15555555555555556,0.0875,7.0,1.1666666666666667
44,8,15.0,0.3333333333333333,0.1875,15.0,2.5
44,9,18.0,0.4,0.225,18.0,3.0
44,10,10.0,0.2222222222222222,0.125,10.0,1.6666666666666667
44,11,11.0,0.24444444444444444,0.1375,11.0,1.8333333333333333
44,12,14.0,0.3111111111111111,0.175,14.0,2.3333333333333335
44,13,1.0,0.022222222222222223,0.0125,1.0,0.16666666666666666
44,14,9.0,0.2,0.1125,9.0,1.5
44,15,21.0,0.4666666666666667,0.2625,21.0,3.5
44,16,22.0,0.4888888888888889,0.275,22.0,3.6666666666666665
44,17,2.0,0.044444444444444446,0.025,2.0,0.3333333333333333
44,18,11.0,0.24444444444444444,0.1375,11.0,1.8333333333333333
44,19,21.0,0.4666666666666667,0.2625,21.0,3.5
44,20,12.0,0.26666666666666666,0.15,12.0,2.0
44,21,9.0,0.2,0.1125,9.0,1.5
44,22,15.0,0.3333333333333333,0.1875,15.0,2.5
44,23,11.0,0.24444444444444444,0.1375,11.0,1.8333333333333333
44,24,15.0,0.3333333333333333,0.1875,15.0,2.5
44,25,11.0,0.24444444444444444,0.1375,11.0,1.8333333333333333
44,26,1.0,0.022222222222222223,0.0125,1.0,0.16666666666666666
44,27,12.0,0.26666666666666666,0.15,12.0,2.0
44,28,10.0,0.2222222222222222,0.125,10.0,1.6666666666666667
44,29,21.0,0.4666666666666667,0.2625,21.0,3.5
44,30,2.0,0.044444444444444446,0.025,2.0,0.3333333333333333
44,31,16.0,0.35555555555555557,0.2,16.0,2.6666666666666665
44,32,22.0,0.4888888888888889,0.275,22.0,3.6666666666666665
44,33,14.0,0.3111111111111111,0.175,14.0,2.3333333333333335
44,34,15.0,0.3333333333333333,0.1875,15.0,2.5
44,35,14.0,0.3111111111111111,0.175,14.0,2.3333333333333335
44,36,14.0,0.3111111111111111,0.175,14.0,2.3333333333333335
44,37,20.0,0.4444444444444444,0.25,20.0,3.3333333333333335
44,38,17.0,0.37777777777777777,0.2125,17.0,2.8333333333333335
44,39,11.0,0.24444444444444444,0.1375,11.0,1.8333333333333333
44,40,8.0,0.17777777777777778,0.1,8.0,1.3333333333333333
44,41,22.0,0.4888888888888889,0.275,22.0,3.6666666666666665
44,42,9.0,0.2,0.1125,9.0,1.5
44,43,13.0,0.28888888888888886,0.1625,13.0,2.1666666666666665
44,45,13.0,0.28888888888888886,0.1625,13.0,2.1666666666666665
44,46,9.0,0.2,0.1125,9.0,1.5
45,1,18.0,0.4,0.225,18.0,3.0
45,2,8.0,0.17777777777777778,0.1,8.0,1.3333333333333333
45,3,14.0,0.3111111111111111,0.175,14.0,2.3333333333333335
45,4,20.0,0.4444444444444444,0.25,20.0,3.3333333333333335
45,5,6.0,0.13333333333333333,0.075,6.0,1.0
45,6,4.0,0.08888888888888889,0.05,4.0,0.6666666666666666
45,7,9.0,0.2,0.1125,9.0,1.5
45,8,19.0,0.4222222222222222,0.2375,19.0,3.1666666666666665
45,9,15.0,0.3333333333333333,0.1875,15.0,2.5
45,10,10.0,0.2222222222222222,0.125,10.0,1.6666666666666667
45,11,2.0,0.044444444444444446,0.025,2.0,0.3333333333333333
45,12,18.0,0.4,0.225,18.0,3.0
45,13,13.0,0.28888888888888886,0.1625,13.0,2.1666666666666665
45,14,8.0,0.17777777777777778,0.1,8.0,1.3333333333333333
45,15,19.0,0.4222222222222222,0.2375,19.0,3.1666666666666665
45,16,14.0,0.3111111111111111,0.175,14.0,2.3333333333333335
45,17,13.0,0.28888888888888886,0.1625,13.0,2.1666666666666665
45,18,5.0,0.1111111111111111,0.0625,5.0,0.8333333333333334
45,19,16.0,0.35555555555555557,0.2,16.0,2.6666666666666665
45,20,8.0,0.17777777777777778,0.1,8.0,1.3333333333333333
45,21,4.0,0.08888888888888889,0.05,4.0,0.6666666666666666
45,22,19.0,0.4222222222222222,0.2375,19.0,3.1666666666666665
45,23,9.0,0.2,0.1125,9.0,1.5
45,24,19.0,0.4222222222222222,0.2375,19.0,3.1666666666666665
45,25,9.0,0.2,0.1125,9.0,1.5
45,26,12.0,0.26666666666666666,0.15,12.0,2.0
45,27,16.0,0.35555555555555557,0.2,16.0,2.6666666666666665
45,28,8.0,0.17777777777777778,0.1,8.0,1.3333333333333333
45,29,13.0,0.28888888888888886,0.1625,13.0,2.1666666666666665
45,30,14.0,0.3111111111111111,0.175,14.0,2.3333333333333335
45,31,3.0,0.06666666666666667,0.0375,3.0,0.5
45,32,18.0,0.4,0.225,18.0,3.0
45,33,1.0,0.022222222222222223,0.0125,1.0,0.16666666666666666
45,34,19.0,0.4222222222222222,0.2375,19.0,3.1666666666666665
45,35,5.0,0.1111111111111111,0.0625,5.0,0.8333333333333334
45,36,18.0,0.4,0.225,18.0,3.0
45,37,14.0,0.3111111111111111,0.175,14.0,2.3333333333333335
45,38,21.0,0.4666666666666667,0.2625,21.0,3.5
45,39,3.0,0.06666666666666667,0.0375,3.0,0.5
45,40,10.0,0.2222222222222222,0.125,10.0,1.6666666666666667
45,41,18.0,0.4,0.225,18.0,3.0
45,42,9.0,0.2,0.1125,9.0,1.5
45,43,17.0,0.37777777777777777,0.2125,17.0,2.8333333333333335
45,44,13.0,0.28888888888888886,0.1625,13.0,2.1666666666666665
45,46,13.0,0.28888888888888886,0.1625,13.0,2.1666666666666665
