i,j,distance,truck_time,drone_time,robot_distance,robot_time
0,1,14.0,0.3111111111111111,0.175,14.0,2.3333333333333335
0,2,5.0,0.1111111111111111,0.0625,5.0,0.8333333333333334
0,3,17.0,0.37777777777777777,0.2125,17.0,2.8333333333333335
0,4,9.0,0.2,0.1125,9.0,1.5
0,5,15.0,0.3333333333333333,0.1875,15.0,2.5
0,6,19.0,0.4222222222222222,0.2375,19.0,3.1666666666666665
0,7,7.0,0.15555555555555556,0.0875,7.0,1.1666666666666667
0,8,7.0,0.15555555555555556,0.0875,7.0,1.1666666666666667
0,9,4.0,0.08888888888888889,0.05,4.0,0.6666666666666666
0,10,19.0,0.4222222222222222,0.2375,19.0,3.1666666666666665
0,11,7.0,0.15555555555555556,0.0875,7.0,1.1666666666666667
0,12,14.0,0.3111111111111111,0.175,14.0,2.3333333333333335
0,13,5.0,0.1111111111111111,0.0625,5.0,0.8333333333333334
0,14,6.0,0.13333333333333333,0.075,6.0,1.0
0,15,14.0,0.3111111111111111,0.175,14.0,2.3333333333333335
0,16,16.0,0.35555555555555557,0.2,16.0,2.6666666666666665
0,17,9.0,0.2,0.1125,9.0,1.5
0,18,18.0,0.4,0.225,18.0,3.0
0,19,8.0,0.17777777777777778,0.1,8.0,1.3333333333333333
0,20,8.0,0.17777777777777778,0.1,8.0,1.3333333333333333
0,21,7.0,0.15555555555555556,0.0875,7.0,1.1666666666666667
0,22,15.0,0.3333333333333333,0.1875,15.0,2.5
0,23,7.0,0.15555555555555556,0.0875,7.0,1.1666666666666667
0,24,13.0,0.28888888888888886,0.1625,13.0,2.1666666666666665
0,25,17.0,0.37777777777777777,0.2125,17.0,2.8333333333333335
0,26,15.0,0.3333333333333333,0.1875,15.0,2.5
0,27,10.0,0.2222222222222222,0.125,10.0,1.6666666666666667
0,28,8.0,0.17777777777777778,0.1,8.0,1.3333333333333333
0,29,6.0,0.13333333333333333,0.075,6.0,1.0
0,30,7.0,0.15555555555555556,0.0875,7.0,1.1666666666666667
0,31,16.0,0.35555555555555557,0.2,16.0,2.6666666666666665
0,32,7.0,0.15555555555555556,0.0875,7.0,1.1666666666666667
0,33,8.0,0.17777777777777778,0.1,8.0,1.3333333333333333
0,34,10.0,0.2222222222222222,0.125,10.0,1.6666666666666667
0,35,8.0,0.17777777777777778,0.1,8.0,1.3333333333333333
0,36,4.0,0.08888888888888889,0.05,4.0,0.6666666666666666
0,37,8.0,0.17777777777777778,0.1,8.0,1.3333333333333333
0,38,6.0,0.13333333333333333,0.075,6.0,1.0
0,39,17.0,0.37777777777777777,0.2125,17.0,2.8333333333333335
0,40,6.0,0.13333333333333333,0.075,6.0,1.0
0,41,17.0,0.37777777777777777,0.2125,17.0,2.8333333333333335
0,42,9.0,0.2,0.1125,9.0,1.5
0,43,6.0,0.13333333333333333,0.075,6.0,1.0
0,44,9.0,0.2,0.1125,9.0,1.5
0,45,17.0,0.37777777777777777,0.2125,17.0,2.8333333333333335
0,46,0.0,0.0,0.0,0.0,0.0
1,2,10.0,0.2222222222222222,0.125,10.0,1.6666666666666667
1,3,20.0,0.4444444444444444,0.25,20.0,3.3333333333333335
1,4,9.0,0.2,0.1125,9.0,1.5
1,5,16.0,0.35555555555555557,0.2,16.0,2.6666666666666665
1,6,15.0,0.3333333333333333,0.1875,15.0,2.5
1,7,9.0,0.2,0.1125,9.0,1.5
1,8,20.0,0.4444444444444444,0.25,20.0,3.3333333333333335
1,9,10.0,0.2222222222222222,0.125,10.0,1.6666666666666667
1,10,19.0,0.4222222222222222,0.2375,19.0,3.1666666666666665
1,11,10.0,0.2222222222222222,0.125,10.0,1.6666666666666667
1,12,4.0,0.08888888888888889,0.05,4.0,0.6666666666666666
1,13,9.0,0.2,0.1125,9.0,1.5
1,14,20.0,0.4444444444444444,0.25,20.0,3.3333333333333335
1,15,1.0,0.022222222222222223,0.0125,1.0,0.16666666666666666
1,16,3.0,0.06666666666666667,0.0375,3.0,0.5
1,17,22.0,0.4888888888888889,0.275,22.0,3.6666666666666665
1,18,19.0,0.4222222222222222,0.2375,19.0,3.1666666666666665
1,19,21.0,0.4666666666666667,0.2625,21.0,3.5
1,20,10.0,0.2222222222222222,0.125,10.0,1.6666666666666667
1,21,17.0,0.37777777777777777,0.2125,17.0,2.8333333333333335
1,22,5.0,0.1111111111111111,0.0625,5.0,0.8333333333333334
1,23,19.0,0.4222222222222222,0.2375,19.0,3.1666666666666665
1,24,3.0,0.06666666666666667,0.0375,3.0,0.5
1,25,14.0,0.3111111111111111,0.175,14.0,2.3333333333333335
1,26,2.0,0.044444444444444446,0.025,2.0,0.3333333333333333
1,27,11.0,0.24444444444444444,0.1375,11.0,1.8333333333333333
1,28,10.0,0.2222222222222222,0.125,10.0,1.6666666666666667
1,29,19.0,0.4222222222222222,0.2375,19.0,3.1666666666666665
1,30,7.0,0.15555555555555556,0.0875,7.0,1.1666666666666667
1,31,15.0,0.3333333333333333,0.1875,15.0,2.5
1,32,20.0,0.4444444444444444,0.25,20.0,3.3333333333333335
1,33,11.0,0.24444444444444444,0.1375,11.0,1.8333333333333333
1,34,10.0,0.2222222222222222,0.125,10.0,1.6666666666666667
1,35,20.0,0.4444444444444444,0.25,20.0,3.3333333333333335
1,36,11.0,0.24444444444444444,0.1375,11.0,1.8333333333333333
1,37,18.0,0.4,0.225,18.0,3.0
1,38,11.0,0.24444444444444444,0.1375,11.0,1.8333333333333333
1,39,4.0,0.08888888888888889,0.05,4.0,0.6666666666666666
1,40,9.0,0.2,0.1125,9.0,1.5
1,41,17.0,0.37777777777777777,0.2125,17.0,2.8333333333333335
1,42,12.0,0.26666666666666666,0.15,12.0,2.0
1,43,19.0,0.4222222222222222,0.2375,19.0,3.1666666666666665
1,44,11.0,0.24444444444444444,0.1375,11.0,1.8333333333333333
1,45,4.0,0.08888888888888889,0.05,4.0,0.6666666666666666
1,46,14.0,0.3111111111111111,0.175,14.0,2.3333333333333335
2,1,10.0,0.2222222222222222,0.125,10.0,1.6666666666666667
2,3,12.0,0.26666666666666666,0.15,12.0,2.0
2,4,4.0,0.08888888888888889,0.05,4.0,0.6666666666666666
2,5,10.0,0.2222222222222222,0.125,10.0,1.6666666666666667
2,6,14.0,0.3111111111111111,0.175,14.0,2.3333333333333335
2,7,2.0,0.044444444444444446,0.025,2.0,0.3333333333333333
2,8,10.0,0.2222222222222222,0.125,10.0,1.6666666666666667
2,9,2.0,0.044444444444444446,0.025,2.0,0.3333333333333333
2,10,14.0,0.3111111111111111,0.175,14.0,2.3333333333333335
2,11,2.0,0.044444444444444446,0.025,2.0,0.3333333333333333
2,12,10.0,0.2222222222222222,0.125,10.0,1.6666666666666667
2,13,2.0,0.044444444444444446,0.025,2.0,0.3333333333333333
2,14,10.0,0.2222222222222222,0.125,10.0,1.6666666666666667
2,15,11.0,0.24444444444444444,0.1375,11.0,1.8333333333333333
2,16,13.0,0.28888888888888886,0.1625,13.0,2.1666666666666665
2,17,12.0,0.26666666666666666,0.15,12.0,2.0
2,18,13.0,0.28888888888888886,0.1625,13.0,2.1666666666666665
2,19,11.0,0.24444444444444444,0.1375,11.0,1.8333333333333333
2,20,3.0,0.06666666666666667,0.0375,3.0,0.5
2,21,7.0,0.15555555555555556,0.0875,7.0,1.1666666666666667
2,22,12.0,0.26666666666666666,0.15,12.0,2.0
2,23,9.0,0.2,0.1125,9.0,1.5
2,24,9.0,0.2,0.1125,9.0,1.5
2,25,12.0,0.26666666666666666,0.15,12.0,2.0
2,26,12.0,0.26666666666666666,0.15,12.0,2.0
2,27,9.0,0.2,0.1125,9.0,1.5
2,28,8.0,0.17777777777777778,0.1,8.0,1.3333333333333333
2,29,9.0,0.2,0.1125,9.0,1.5
2,30,4.0,0.08888888888888889,0.05,4.0,0.6666666666666666
2,31,11.0,0.24444444444444444,0.1375,11.0,1.8333333333333333
2,32,10.0,0.2222222222222222,0.125,10.0,1.6666666666666667
2,33,9.0,0.2,0.1125,9.0,1.5
2,34,8.0,0.17777777777777778,0.1,8.0,1.3333333333333333
2,35,10.0,0.2222222222222222,0.125,10.0,1.6666666666666667
2,36,1.0,0.022222222222222223,0.0125,1.0,0.16666666666666666
2,37,8.0,0.17777777777777778,0.1,8.0,1.3333333333333333
2,38,1.0,0.022222222222222223,0.0125,1.0,0.16666666666666666
2,39,14.0,0.3111111111111111,0.175,14.0,2.3333333333333335
2,40,1.0,0.022222222222222223,0.0125,1.0,0.16666666666666666
2,41,12.0,0.26666666666666666,0.15,12.0,2.0
2,42,10.0,0.2222222222222222,0.125,10.0,1.6666666666666667
2,43,9.0,0.2,0.1125,9.0,1.5
2,44,9.0,0.2,0.1125,9.0,1.5
2,45,14.0,0.3111111111111111,0.175,14.0,2.3333333333333335
2,46,5.0,0.1111111111111111,0.0625,5.0,0.8333333333333334
3,1,20.0,0.4444444444444444,0.25,20.0,3.3333333333333335
3,2,12.0,0.26666666666666666,0.15,12.0,2.0
3,4,12.0,0.26666666666666666,0.15,12.0,2.0
3,5,5.0,0.1111111111111111,0.0625,5.0,0.8333333333333334
3,6,5.0,0.1111111111111111,0.0625,5.0,0.8333333333333334
3,7,12.0,0.26666666666666666,0.15,12.0,2.0
3,8,12.0,0.26666666666666666,0.15,12.0,2.0
3,9,14.0,0.3111111111111111,0.175,14.0,2.3333333333333335
3,10,2.0,0.044444444444444446,0.025,2.0,0.3333333333333333
3,11,10.0,0.2222222222222222,0.125,10.0,1.6666666666666667
3,12,20.0,0.4444444444444444,0.25,20.0,3.3333333333333335
3,13,12.0,0.26666666666666666,0.15,12.0,2.0
3,14,12.0,0.26666666666666666,0.15,12.0,2.0
3,15,21.0,0.4666666666666667,0.2625,21.0,3.5
3,16,23.0,0.5111111111111111,0.2875,23.0,3.8333333333333335
3,17,12.0,0.26666666666666666,0.15,12.0,2.0
3,18,1.0,0.022222222222222223,0.0125,1.0,0.16666666666666666
3,19,13.0,0.28888888888888886,0.1625,13.0,2.1666666666666665
3,20,11.0,0.24444444444444444,0.1375,11.0,1.8333333333333333
3,21,10.0,0.2222222222222222,0.125,10.0,1.6666666666666667
3,22,22.0,0.4888888888888889,0.275,22.0,3.6666666666666665
3,23,10.0,0.2222222222222222,0.125,10.0,1.6666666666666667
3,24,19.0,0.4222222222222222,0.2375,19.0,3.1666666666666665
3,25,7.0,0.15555555555555556,0.0875,7.0,1.1666666666666667
3,26,22.0,0.4888888888888889,0.275,22.0,3.6666666666666665
3,27,21.0,0.4666666666666667,0.2625,21.0,3.5
3,28,20.0,0.4444444444444444,0.25,20.0,3.3333333333333335
3,29,13.0,0.28888888888888886,0.1625,13.0,2.1666666666666665
3,30,14.0,0.3111111111111111,0.175,14.0,2.3333333333333335
3,31,6.0,0.13333333333333333,0.075,6.0,1.0
3,32,11.0,0.24444444444444444,0.1375,11.0,1.8333333333333333
3,33,21.0,0.4666666666666667,0.2625,21.0,3.5
3,34,20.0,0.4444444444444444,0.25,20.0,3.3333333333333335
3,35,10.0,0.2222222222222222,0.125,10.0,1.6666666666666667
3,36,13.0,0.28888888888888886,0.1625,13.0,2.1666666666666665
3,37,9.0,0.2,0.1125,9.0,1.5
3,38,11.0,0.24444444444444444,0.1375,11.0,1.8333333333333333
3,39,24.0,0.5333333333333333,0.3,24.0,4.0
3,40,11.0,0.24444444444444444,0.1375,11.0,1.8333333333333333
3,41,4.0,0.08888888888888889,0.05,4.0,0.6666666666666666
3,42,22.0,0.4888888888888889,0.275,22.0,3.6666666666666665
3,43,12.0,0.26666666666666666,0.15,12.0,2.0
3,44,21.0,0.4666666666666667,0.2625,21.0,3.5
3,45,24.0,0.5333333333333333,0.3,24.0,4.0
3,46,17.0,0.37777777777777777,0.2125,17.0,2.8333333333333335
4,1,9.0,0.2,0.1125,9.0,1.5
4,2,4.0,0.08888888888888889,0.05,4.0,0.6666666666666666
4,3,12.0,0.26666666666666666,0.15,12.0,2.0
4,5,8.0,0.17777777777777778,0.1,8.0,1.3333333333333333
4,6,10.0,0.2222222222222222,0.125,10.0,1.6666666666666667
4,7,2.0,0.044444444444444446,0.025,2.0,0.3333333333333333
4,8,12.0,0.26666666666666666,0.15,12.0,2.0
4,9,5.0,0.1111111111111111,0.0625,5.0,0.8333333333333334
4,10,10.0,0.2222222222222222,0.125,10.0,1.6666666666666667
4,11,2.0,0.044444444444444446,0.025,2.0,0.3333333333333333
4,12,9.0,0.2,0.1125,9.0,1.5
4,13,4.0,0.08888888888888889,0.05,4.0,0.6666666666666666
4,14,11.0,0.24444444444444444,0.1375,11.0,1.8333333333333333
4,15,9.0,0.2,0.1125,9.0,1.5
4,16,11.0,0.24444444444444444,0.1375,11.0,1.8333333333333333
4,17,14.0,0.3111111111111111,0.175,14.0,2.3333333333333335
4,18,11.0,0.24444444444444444,0.1375,11.0,1.8333333333333333
4,19,13.0,0.28888888888888886,0.1625,13.0,2.1666666666666665
4,20,1.0,0.022222222222222223,0.0125,1.0,0.16666666666666666
4,21,9.0,0.2,0.1125,9.0,1.5
4,22,10.0,0.2222222222222222,0.125,10.0,1.6666666666666667
4,23,11.0,0.24444444444444444,0.1375,11.0,1.8333333333333333
4,24,8.0,0.17777777777777778,0.1,8.0,1.3333333333333333
4,25,9.0,0.2,0.1125,9.0,1.5
4,26,10.0,0.2222222222222222,0.125,10.0,1.6666666666666667
4,27,13.0,0.28888888888888886,0.1625,13.0,2.1666666666666665
4,28,11.0,0.24444444444444444,0.1375,11.0,1.8333333333333333
4,29,11.0,0.24444444444444444,0.1375,11.0,1.8333333333333333
4,30,2.0,0.044444444444444446,0.025,2.0,0.3333333333333333
4,31,8.0,0.17777777777777778,0.1,8.0,1.3333333333333333
4,32,12.0,0.26666666666666666,0.15,12.0,2.0
4,33,13.0,0.28888888888888886,0.1625,13.0,2.1666666666666665
4,34,12.0,0.26666666666666666,0.15,12.0,2.0
4,35,11.0,0.24444444444444444,0.1375,11.0,1.8333333333333333
4,36,5.0,0.1111111111111111,0.0625,5.0,0.8333333333333334
4,37,10.0,0.2222222222222222,0.125,10.0,1.6666666666666667
4,38,3.0,0.06666666666666667,0.0375,3.0,0.5
4,39,12.0,0.26666666666666666,0.15,12.0,2.0
4,40,3.0,0.06666666666666667,0.0375,3.0,0.5
4,41,9.0,0.2,0.1125,9.0,1.5
4,42,14.0,0.3111111111111111,0.175,14.0,2.3333333333333335
4,43,11.0,0.24444444444444444,0.1375,11.0,1.8333333333333333
4,44,12.0,0.26666666666666666,0.15,12.0,2.0
4,45,12.0,0.26666666666666666,0.15,12.0,2.0
4,46,9.0,0.2,0.1125,9.0,1.5
5,1,16.0,0.35555555555555557,0.2,16.0,2.6666666666666665
5,2,10.0,0.2222222222222222,0.125,10.0,1.6666666666666667
5,3,5.0,0.1111111111111111,0.0625,5.0,0.8333333333333334
5,4,8.0,0.17777777777777778,0.1,8.0,1.3333333333333333
5,6,4.0,0.08888888888888889,0.05,4.0,0.6666666666666666
5,7,8.0,0.17777777777777778,0.1,8.0,1.3333333333333333
5,8,9.0,0.2,0.1125,9.0,1.5
5,9,11.0,0.24444444444444444,0.1375,11.0,1.8333333333333333
5,10,4.0,0.08888888888888889,0.05,4.0,0.6666666666666666
5,11,8.0,0.17777777777777778,0.1,8.0,1.3333333333333333
5,12,16.0,0.35555555555555557,0.2,16.0,2.6666666666666665
5,13,10.0,0.2222222222222222,0.125,10.0,1.6666666666666667
5,14,10.0,0.2222222222222222,0.125,10.0,1.6666666666666667
5,15,17.0,0.37777777777777777,0.2125,17.0,2.8333333333333335
5,16,19.0,0.4222222222222222,0.2375,19.0,3.1666666666666665
5,17,10.0,0.2222222222222222,0.125,10.0,1.6666666666666667
5,18,4.0,0.08888888888888889,0.05,4.0,0.6666666666666666
5,19,10.0,0.2222222222222222,0.125,10.0,1.6666666666666667
5,20,7.0,0.15555555555555556,0.0875,7.0,1.1666666666666667
5,21,8.0,0.17777777777777778,0.1,8.0,1.3333333333333333
5,22,18.0,0.4,0.225,18.0,3.0
5,23,8.0,0.17777777777777778,0.1,8.0,1.3333333333333333
5,24,15.0,0.3333333333333333,0.1875,15.0,2.5
5,25,3.0,0.06666666666666667,0.0375,3.0,0.5
5,26,18.0,0.4,0.225,18.0,3.0
5,27,19.0,0.4222222222222222,0.2375,19.0,3.1666666666666665
5,28,17.0,0.37777777777777777,0.2125,17.0,2.8333333333333335
5,29,10.0,0.2222222222222222,0.125,10.0,1.6666666666666667
5,30,9.0,0.2,0.1125,9.0,1.5
5,31,2.0,0.044444444444444446,0.025,2.0,0.3333333333333333
5,32,8.0,0.17777777777777778,0.1,8.0,1.3333333333333333
5,33,19.0,0.4222222222222222,0.2375,19.0,3.1666666666666665
5,34,18.0,0.4,0.225,18.0,3.0
5,35,7.0,0.15555555555555556,0.0875,7.0,1.1666666666666667
5,36,11.0,0.24444444444444444,0.1375,11.0,1.8333333333333333
5,37,7.0,0.15555555555555556,0.0875,7.0,1.1666666666666667
5,38,9.0,0.2,0.1125,9.0,1.5
5,39,19.0,0.4222222222222222,0.2375,19.0,3.1666666666666665
5,40,9.0,0.2,0.1125,9.0,1.5
5,41,3.0,0.06666666666666667,0.0375,3.0,0.5
5,42,20.0,0.4444444444444444,0.25,20.0,3.3333333333333335
5,43,9.0,0.2,0.1125,9.0,1.5
5,44,18.0,0.4,0.225,18.0,3.0
5,45,19.0,0.4222222222222222,0.2375,19.0,3.1666666666666665
5,46,15.0,0.3333333333333333,0.1875,15.0,2.5
6,1,15.0,0.3333333333333333,0.1875,15.0,2.5
6,2,14.0,0.3111111111111111,0.175,14.0,2.3333333333333335
6,3,5.0,0.1111111111111111,0.0625,5.0,0.8333333333333334
6,4,10.0,0.2222222222222222,0.125,10.0,1.6666666666666667
6,5,4.0,0.08888888888888889,0.05,4.0,0.6666666666666666
6,7,12.0,0.26666666666666666,0.15,12.0,2.0
6,8,13.0,0.28888888888888886,0.1625,13.0,2.1666666666666665
6,9,15.0,0.3333333333333333,0.1875,15.0,2.5
6,10,4.0,0.08888888888888889,0.05,4.0,0.6666666666666666
6,11,12.0,0.26666666666666666,0.15,12.0,2.0
6,12,15.0,0.3333333333333333,0.1875,15.0,2.5
6,13,14.0,0.3111111111111111,0.175,14.0,2.3333333333333335
6,14,14.0,0.3111111111111111,0.175,14.0,2.3333333333333335
6,15,16.0,0.35555555555555557,0.2,16.0,2.6666666666666665
6,16,18.0,0.4,0.225,18.0,3.0
6,17,14.0,0.3111111111111111,0.175,14.0,2.3333333333333335
6,18,4.0,0.08888888888888889,0.05,4.0,0.6666666666666666
6,19,14.0,0.3111111111111111,0.175,14.0,2.3333333333333335
6,20,11.0,0.24444444444444444,0.1375,11.0,1.8333333333333333
6,21,12.0,0.26666666666666666,0.15,12.0,2.0
6,22,17.0,0.37777777777777777,0.2125,17.0,2.8333333333333335
6,23,12.0,0.26666666666666666,0.15,12.0,2.0
6,24,14.0,0.3111111111111111,0.175,14.0,2.3333333333333335
6,25,2.0,0.044444444444444446,0.025,2.0,0.3333333333333333
6,26,17.0,0.37777777777777777,0.2125,17.0,2.8333333333333335
6,27,23.0,0.5111111111111111,0.2875,23.0,3.8333333333333335
6,28,21.0,0.4666666666666667,0.2625,21.0,3.5
6,29,14.0,0.3111111111111111,0.175,14.0,2.3333333333333335
6,30,12.0,0.26666666666666666,0.15,12.0,2.0
6,31,3.0,0.06666666666666667,0.0375,3.0,0.5
6,32,12.0,0.26666666666666666,0.15,12.0,2.0
6,33,23.0,0.5111111111111111,0.2875,23.0,3.8333333333333335
6,34,22.0,0.4888888888888889,0.275,22.0,3.6666666666666665
6,35,11.0,0.24444444444444444,0.1375,11.0,1.8333333333333333
6,36,15.0,0.3333333333333333,0.1875,15.0,2.5
6,37,11.0,0.24444444444444444,0.1375,11.0,1.8333333333333333
6,38,13.0,0.28888888888888886,0.1625,13.0,2.1666666666666665
6,39,19.0,0.4222222222222222,0.2375,19.0,3.1666666666666665
6,40,13.0,0.28888888888888886,0.1625,13.0,2.1666666666666665
6,41,2.0,0.044444444444444446,0.025,2.0,0.3333333333333333
6,42,24.0,0.5333333333333333,0.3,24.0,4.0
6,43,13.0,0.28888888888888886,0.1625,13.0,2.1666666666666665
6,44,22.0,0.4888888888888889,0.275,22.0,3.6666666666666665
6,45,19.0,0.4222222222222222,0.2375,19.0,3.1666666666666665
6,46,19.0,0.4222222222222222,0.2375,19.0,3.1666666666666665
7,1,9.0,0.2,0.1125,9.0,1.5
7,2,2.0,0.044444444444444446,0.025,2.0,0.3333333333333333
7,3,12.0,0.26666666666666666,0.15,12.0,2.0
7,4,2.0,0.044444444444444446,0.025,2.0,0.3333333333333333
7,5,8.0,0.17777777777777778,0.1,8.0,1.3333333333333333
7,6,12.0,0.26666666666666666,0.15,12.0,2.0
7,8,12.0,0.26666666666666666,0.15,12.0,2.0
7,9,3.0,0.06666666666666667,0.0375,3.0,0.5
7,10,12.0,0.26666666666666666,0.15,12.0,2.0
7,11,2.0,0.044444444444444446,0.025,2.0,0.3333333333333333
7,12,9.0,0.2,0.1125,9.0,1.5
7,13,2.0,0.044444444444444446,0.025,2.0,0.3333333333333333
7,14,11.0,0.24444444444444444,0.1375,11.0,1.8333333333333333
7,15,9.0,0.2,0.1125,9.0,1.5
7,16,11.0,0.24444444444444444,0.1375,11.0,1.8333333333333333
7,17,14.0,0.3111111111111111,0.175,14.0,2.3333333333333335
7,18,12.0,0.26666666666666666,0.15,12.0,2.0
7,19,13.0,0.28888888888888886,0.1625,13.0,2.1666666666666665
7,20,1.0,0.022222222222222223,0.0125,1.0,0.16666666666666666
7,21,9.0,0.2,0.1125,9.0,1.5
7,22,10.0,0.2222222222222222,0.125,10.0,1.6666666666666667
7,23,11.0,0.24444444444444444,0.1375,11.0,1.8333333333333333
7,24,8.0,0.17777777777777778,0.1,8.0,1.3333333333333333
7,25,11.0,0.24444444444444444,0.1375,11.0,1.8333333333333333
7,26,10.0,0.2222222222222222,0.125,10.0,1.6666666666666667
7,27,11.0,0.24444444444444444,0.1375,11.0,1.8333333333333333
7,28,9.0,0.2,0.1125,9.0,1.5
7,29,11.0,0.24444444444444444,0.1375,11.0,1.8333333333333333
7,30,2.0,0.044444444444444446,0.025,2.0,0.3333333333333333
7,31,10.0,0.2222222222222222,0.125,10.0,1.6666666666666667
7,32,12.0,0.26666666666666666,0.15,12.0,2.0
7,33,11.0,0.24444444444444444,0.1375,11.0,1.8333333333333333
7,34,10.0,0.2222222222222222,0.125,10.0,1.6666666666666667
7,35,11.0,0.24444444444444444,0.1375,11.0,1.8333333333333333
7,36,3.0,0.06666666666666667,0.0375,3.0,0.5
7,37,10.0,0.2222222222222222,0.125,10.0,1.6666666666666667
7,38,3.0,0.06666666666666667,0.0375,3.0,0.5
7,39,12.0,0.26666666666666666,0.15,12.0,2.0
7,40,1.0,0.022222222222222223,0.0125,1.0,0.16666666666666666
7,41,11.0,0.24444444444444444,0.1375,11.0,1.8333333333333333
7,42,12.0,0.26666666666666666,0.15,12.0,2.0
7,43,11.0,0.24444444444444444,0.1375,11.0,1.8333333333333333
7,44,10.0,0.2222222222222222,0.125,10.0,1.6666666666666667
7,45,12.0,0.26666666666666666,0.15,12.0,2.0
7,46,7.0,0.15555555555555556,0.0875,7.0,1.1666666666666667
8,1,20.0,0.4444444444444444,0.25,20.0,3.3333333333333335
8,2,10.0,0.2222222222222222,0.125,10.0,1.6666666666666667
8,3,12.0,0.26666666666666666,0.15,12.0,2.0
8,4,12.0,0.26666666666666666,0.15,12.0,2.0
8,5,9.0,0.2,0.1125,9.0,1.5
8,6,13.0,0.28888888888888886,0.1625,13.0,2.1666666666666665
8,7,12.0,0.26666666666666666,0.15,12.0,2.0
8,9,10.0,0.2222222222222222,0.125,10.0,1.6666666666666667
8,10,13.0,0.28888888888888886,0.1625,13.0,2.1666666666666665
8,11,10.0,0.2222222222222222,0.125,10.0,1.6666666666666667
8,12,20.0,0.4444444444444444,0.25,20.0,3.3333333333333335
8,13,12.0,0.26666666666666666,0.15,12.0,2.0
8,14,1.0,0.022222222222222223,0.0125,1.0,0.16666666666666666
8,15,21.0,0.4666666666666667,0.2625,21.0,3.5
8,16,23.0,0.5111111111111111,0.2875,23.0,3.8333333333333335
8,17,2.0,0.044444444444444446,0.025,2.0,0.3333333333333333
8,18,13.0,0.28888888888888886,0.1625,13.0,2.1666666666666665
8,19,1.0,0.022222222222222223,0.0125,1.0,0.16666666666666666
8,20,11.0,0.24444444444444444,0.1375,11.0,1.8333333333333333
8,21,3.0,0.06666666666666667,0.0375,3.0,0.5
8,22,22.0,0.4888888888888889,0.275,22.0,3.6666666666666665
8,23,2.0,0.044444444444444446,0.025,2.0,0.3333333333333333
8,24,19.0,0.4222222222222222,0.2375,19.0,3.1666666666666665
8,25,12.0,0.26666666666666666,0.15,12.0,2.0
8,26,22.0,0.4888888888888889,0.275,22.0,3.6666666666666665
8,27,16.0,0.35555555555555557,0.2,16.0,2.6666666666666665
8,28,14.0,0.3111111111111111,0.175,14.0,2.3333333333333335
8,29,1.0,0.022222222222222223,0.0125,1.0,0.16666666666666666
8,30,14.0,0.3111111111111111,0.175,14.0,2.3333333333333335
8,31,11.0,0.24444444444444444,0.1375,11.0,1.8333333333333333
8,32,1.0,0.022222222222222223,0.0125,1.0,0.16666666666666666
8,33,15.0,0.3333333333333333,0.1875,15.0,2.5
8,34,17.0,0.37777777777777777,0.2125,17.0,2.8333333333333335
8,35,2.0,0.044444444444444446,0.025,2.0,0.3333333333333333
8,36,10.0,0.2222222222222222,0.125,10.0,1.6666666666666667
8,37,3.0,0.06666666666666667,0.0375,3.0,0.5
8,38,9.0,0.2,0.1125,9.0,1.5
8,39,24.0,0.5333333333333333,0.3,24.0,4.0
8,40,11.0,0.24444444444444444,0.1375,11.0,1.8333333333333333
8,41,12.0,0.26666666666666666,0.15,12.0,2.0
8,42,15.0,0.3333333333333333,0.1875,15.0,2.5
8,43,2.0,0.044444444444444446,0.025,2.0,0.3333333333333333
8,44,15.0,0.3333333333333333,0.1875,15.0,2.5
8,45,24.0,0.5333333333333333,0.3,24.0,4.0
8,46,7.0,0.15555555555555556,0.0875,7.0,1.1666666666666667
9,1,10.0,0.2222222222222222,0.125,10.0,1.6666666666666667
9,2,2.0,0.044444444444444446,0.025,2.0,0.3333333333333333
9,3,14.0,0.3111111111111111,0.175,14.0,2.3333333333333335
9,4,5.0,0.1111111111111111,0.0625,5.0,0.8333333333333334
9,5,11.0,0.24444444444444444,0.1375,11.0,1.8333333333333333
9,6,15.0,0.3333333333333333,0.1875,15.0,2.5
9,7,3.0,0.06666666666666667,0.0375,3.0,0.5
9,8,10.0,0.2222222222222222,0.125,10.0,1.6666666666666667
9,10,15.0,0.3333333333333333,0.1875,15.0,2.5
9,11,4.0,0.08888888888888889,0.05,4.0,0.6666666666666666
9,12,10.0,0.2222222222222222,0.125,10.0,1.6666666666666667
9,13,2.0,0.044444444444444446,0.025,2.0,0.3333333333333333
9,14,10.0,0.2222222222222222,0.125,10.0,1.6666666666666667
9,15,11.0,0.24444444444444444,0.1375,11.0,1.8333333333333333
9,16,13.0,0.28888888888888886,0.1625,13.0,2.1666666666666665
9,17,12.0,0.26666666666666666,0.15,12.0,2.0
9,18,15.0,0.3333333333333333,0.1875,15.0,2.5
9,19,11.0,0.24444444444444444,0.1375,11.0,1.8333333333333333
9,20,4.0,0.08888888888888889,0.05,4.0,0.6666666666666666
9,21,7.0,0.15555555555555556,0.0875,7.0,1.1666666666666667
9,22,12.0,0.26666666666666666,0.15,12.0,2.0
9,23,9.0,0.2,0.1125,9.0,1.5
9,24,9.0,0.2,0.1125,9.0,1.5
9,25,14.0,0.3111111111111111,0.175,14.0,2.3333333333333335
9,26,12.0,0.26666666666666666,0.15,12.0,2.0
9,27,8.0,0.17777777777777778,0.1,8.0,1.3333333333333333
9,28,6.0,0.13333333333333333,0.075,6.0,1.0
9,29,9.0,0.2,0.1125,9.0,1.5
9,30,4.0,0.08888888888888889,0.05,4.0,0.6666666666666666
9,31,13.0,0.28888888888888886,0.1625,13.0,2.1666666666666665
9,32,10.0,0.2222222222222222,0.125,10.0,1.6666666666666667
9,33,8.0,0.17777777777777778,0.1,8.0,1.3333333333333333
9,34,7.0,0.15555555555555556,0.0875,7.0,1.1666666666666667
9,35,10.0,0.2222222222222222,0.125,10.0,1.6666666666666667
9,36,1.0,0.022222222222222223,0.0125,1.0,0.16666666666666666
9,37,8.0,0.17777777777777778,0.1,8.0,1.3333333333333333
9,38,3.0,0.06666666666666667,0.0375,3.0,0.5
9,39,14.0,0.3111111111111111,0.175,14.0,2.3333333333333335
9,40,3.0,0.06666666666666667,0.0375,3.0,0.5
9,41,14.0,0.3111111111111111,0.175,14.0,2.3333333333333335
9,42,9.0,0.2,0.1125,9.0,1.5
9,43,9.0,0.2,0.1125,9.0,1.5
9,44,7.0,0.15555555555555556,0.0875,7.0,1.1666666666666667
9,45,14.0,0.3111111111111111,0.175,14.0,2.3333333333333335
9,46,4.0,0.08888888888888889,0.05,4.0,0.6666666666666666
10,1,19.0,0.4222222222222222,0.2375,19.0,3.1666666666666665
10,2,14.0,0.3111111111111111,0.175,14.0,2.3333333333333335
10,3,2.0,0.044444444444444446,0.025,2.0,0.3333333333333333
10,4,10.0,0.2222222222222222,0.125,10.0,1.6666666666666667
10,5,4.0,0.08888888888888889,0.05,4.0,0.6666666666666666
10,6,4.0,0.08888888888888889,0.05,4.0,0.6666666666666666
10,7,12.0,0.26666666666666666,0.15,12.0,2.0
10,8,13.0,0.28888888888888886,0.1625,13.0,2.1666666666666665
10,9,15.0,0.3333333333333333,0.1875,15.0,2.5
10,11,12.0,0.26666666666666666,0.15,12.0,2.0
10,12,19.0,0.4222222222222222,0.2375,19.0,3.1666666666666665
10,13,14.0,0.3111111111111111,0.175,14.0,2.3333333333333335
10,14,14.0,0.3111111111111111,0.175,14.0,2.3333333333333335
10,15,19.0,0.4222222222222222,0.2375,19.0,3.1666666666666665
10,16,21.0,0.4666666666666667,0.2625,21.0,3.5
10,17,14.0,0.3111111111111111,0.175,14.0,2.3333333333333335
10,18,1.0,0.022222222222222223,0.0125,1.0,0.16666666666666666
10,19,14.0,0.3111111111111111,0.175,14.0,2.3333333333333335
10,20,11.0,0.24444444444444444,0.1375,11.0,1.8333333333333333
10,21,12.0,0.26666666666666666,0.15,12.0,2.0
10,22,20.0,0.4444444444444444,0.25,20.0,3.3333333333333335
10,23,12.0,0.26666666666666666,0.15,12.0,2.0
10,24,18.0,0.4,0.225,18.0,3.0
10,25,5.0,0.1111111111111111,0.0625,5.0,0.8333333333333334
10,26,20.0,0.4444444444444444,0.25,20.0,3.3333333333333335
10,27,23.0,0.5111111111111111,0.2875,23.0,3.8333333333333335
10,28,21.0,0.4666666666666667,0.2625,21.0,3.5
10,29,14.0,0.3111111111111111,0.175,14.0,2.3333333333333335
10,30,12.0,0.26666666666666666,0.15,12.0,2.0
10,31,4.0,0.08888888888888889,0.05,4.0,0.6666666666666666
10,32,12.0,0.26666666666666666,0.15,12.0,2.0
10,33,23.0,0.5111111111111111,0.2875,23.0,3.8333333333333335
10,34,22.0,0.4888888888888889,0.275,22.0,3.6666666666666665
10,35,11.0,0.24444444444444444,0.1375,11.0,1.8333333333333333
10,36,15.0,0.3333333333333333,0.1875,15.0,2.5
10,37,11.0,0.24444444444444444,0.1375,11.0,1.8333333333333333
10,38,13.0,0.28888888888888886,0.1625,13.0,2.1666666666666665
10,39,22.0,0.4888888888888889,0.275,22.0,3.6666666666666665
10,40,13.0,0.28888888888888886,0.1625,13.0,2.1666666666666665
10,41,2.0,0.044444444444444446,0.025,2.0,0.3333333333333333
10,42,24.0,0.5333333333333333,0.3,24.0,4.0
10,43,13.0,0.28888888888888886,0.1625,13.0,2.1666666666666665
10,44,22.0,0.4888888888888889,0.275,22.0,3.6666666666666665
10,45,22.0,0.4888888888888889,0.275,22.0,3.6666666666666665
10,46,19.0,0.4222222222222222,0.2375,19.0,3.1666666666666665
11,1,10.0,0.2222222222222222,0.125,10.0,1.6666666666666667
11,2,2.0,0.044444444444444446,0.025,2.0,0.3333333333333333
11,3,10.0,0.2222222222222222,0.125,10.0,1.6666666666666667
11,4,2.0,0.044444444444444446,0.025,2.0,0.3333333333333333
11,5,8.0,0.17777777777777778,0.1,8.0,1.3333333333333333
11,6,12.0,0.26666666666666666,0.15,12.0,2.0
11,7,2.0,0.044444444444444446,0.025,2.0,0.3333333333333333
11,8,10.0,0.2222222222222222,0.125,10.0,1.6666666666666667
11,9,4.0,0.08888888888888889,0.05,4.0,0.6666666666666666
11,10,12.0,0.26666666666666666,0.15,12.0,2.0
11,12,10.0,0.2222222222222222,0.125,10.0,1.6666666666666667
11,13,2.0,0.044444444444444446,0.025,2.0,0.3333333333333333
11,14,10.0,0.2222222222222222,0.125,10.0,1.6666666666666667
11,15,11.0,0.24444444444444444,0.1375,11.0,1.8333333333333333
11,16,13.0,0.28888888888888886,0.1625,13.0,2.1666666666666665
11,17,12.0,0.26666666666666666,0.15,12.0,2.0
11,18,11.0,0.24444444444444444,0.1375,11.0,1.8333333333333333
11,19,11.0,0.24444444444444444,0.1375,11.0,1.8333333333333333
11,20,1.0,0.022222222222222223,0.0125,1.0,0.16666666666666666
11,21,7.0,0.15555555555555556,0.0875,7.0,1.1666666666666667
11,22,12.0,0.26666666666666666,0.15,12.0,2.0
11,23,9.0,0.2,0.1125,9.0,1.5
11,24,9.0,0.2,0.1125,9.0,1.5
11,25,10.0,0.2222222222222222,0.125,10.0,1.6666666666666667
11,26,12.0,0.26666666666666666,0.15,12.0,2.0
11,27,11.0,0.24444444444444444,0.1375,11.0,1.8333333333333333
11,28,10.0,0.2222222222222222,0.125,10.0,1.6666666666666667
11,29,9.0,0.2,0.1125,9.0,1.5
11,30,4.0,0.08888888888888889,0.05,4.0,0.6666666666666666
11,31,9.0,0.2,0.1125,9.0,1.5
11,32,10.0,0.2222222222222222,0.125,10.0,1.6666666666666667
11,33,11.0,0.24444444444444444,0.1375,11.0,1.8333333333333333
11,34,10.0,0.2222222222222222,0.125,10.0,1.6666666666666667
11,35,10.0,0.2222222222222222,0.125,10.0,1.6666666666666667
11,36,3.0,0.06666666666666667,0.0375,3.0,0.5
11,37,8.0,0.17777777777777778,0.1,8.0,1.3333333333333333
11,38,1.0,0.022222222222222223,0.0125,1.0,0.16666666666666666
11,39,14.0,0.3111111111111111,0.175,14.0,2.3333333333333335
11,40,1.0,0.022222222222222223,0.0125,1.0,0.16666666666666666
11,41,10.0,0.2222222222222222,0.125,10.0,1.6666666666666667
11,42,12.0,0.26666666666666666,0.15,12.0,2.0
11,43,9.0,0.2,0.1125,9.0,1.5
11,44,11.0,0.24444444444444444,0.1375,11.0,1.8333333333333333
11,45,14.0,0.3111111111111111,0.175,14.0,2.3333333333333335
11,46,7.0,0.15555555555555556,0.0875,7.0,1.1666666666666667
12,1,4.0,0.08888888888888889,0.05,4.0,0.6666666666666666
12,2,10.0,0.2222222222222222,0.125,10.0,1.6666666666666667
12,3,20.0,0.4444444444444444,0.25,20.0,3.3333333333333335
12,4,9.0,0.2,0.1125,9.0,1.5
12,5,16.0,0.35555555555555557,0.2,16.0,2.6666666666666665
12,6,15.0,0.3333333333333333,0.1875,15.0,2.5
12,7,9.0,0.2,0.1125,9.0,1.5
12,8,20.0,0.4444444444444444,0.25,20.0,3.3333333333333335
12,9,10.0,0.2222222222222222,0.125,10.0,1.6666666666666667
12,10,19.0,0.4222222222222222,0.2375,19.0,3.1666666666666665
12,11,10.0,0.2222222222222222,0.125,10.0,1.6666666666666667
12,13,9.0,0.2,0.1125,9.0,1.5
12,14,20.0,0.4444444444444444,0.25,20.0,3.3333333333333335
12,15,3.0,0.06666666666666667,0.0375,3.0,0.5
12,16,3.0,0.06666666666666667,0.0375,3.0,0.5
12,17,22.0,0.4888888888888889,0.275,22.0,3.6666666666666665
12,18,19.0,0.4222222222222222,0.2375,19.0,3.1666666666666665
12,19,21.0,0.4666666666666667,0.2625,21.0,3.5
12,20,10.0,0.2222222222222222,0.125,10.0,1.6666666666666667
12,21,17.0,0.37777777777777777,0.2125,17.0,2.8333333333333335
12,22,2.0,0.044444444444444446,0.025,2.0,0.3333333333333333
12,23,19.0,0.4222222222222222,0.2375,19.0,3.1666666666666665
12,24,1.0,0.022222222222222223,0.0125,1.0,0.16666666666666666
12,25,14.0,0.3111111111111111,0.175,14.0,2.3333333333333335
12,26,5.0,0.1111111111111111,0.0625,5.0,0.8333333333333334
12,27,14.0,0.3111111111111111,0.175,14.0,2.3333333333333335
12,28,13.0,0.28888888888888886,0.1625,13.0,2.1666666666666665
12,29,19.0,0.4222222222222222,0.2375,19.0,3.1666666666666665
12,30,7.0,0.15555555555555556,0.0875,7.0,1.1666666666666667
12,31,15.0,0.3333333333333333,0.1875,15.0,2.5
12,32,20.0,0.4444444444444444,0.25,20.0,3.3333333333333335
12,33,15.0,0.3333333333333333,0.1875,15.0,2.5
12,34,14.0,0.3111111111111111,0.175,14.0,2.3333333333333335
12,35,20.0,0.4444444444444444,0.25,20.0,3.3333333333333335
12,36,11.0,0.24444444444444444,0.1375,11.0,1.8333333333333333
12,37,18.0,0.4,0.225,18.0,3.0
12,38,11.0,0.24444444444444444,0.1375,11.0,1.8333333333333333
12,39,4.0,0.08888888888888889,0.05,4.0,0.6666666666666666
12,40,9.0,0.2,0.1125,9.0,1.5
12,41,17.0,0.37777777777777777,0.2125,17.0,2.8333333333333335
12,42,15.0,0.3333333333333333,0.1875,15.0,2.5
12,43,19.0,0.4222222222222222,0.2375,19.0,3.1666666666666665
12,44,14.0,0.3111111111111111,0.175,14.0,2.3333333333333335
12,45,4.0,0.08888888888888889,0.05,4.0,0.6666666666666666
12,46,14.0,0.3111111111111111,0.175,14.0,2.3333333333333335
13,1,9.0,0.2,0.1125,9.0,1.5
13,2,2.0,0.044444444444444446,0.025,2.0,0.3333333333333333
13,3,12.0,0.26666666666666666,0.15,12.0,2.0
13,4,4.0,0.08888888888888889,0.05,4.0,0.6666666666666666
13,5,10.0,0.2222222222222222,0.125,10.0,1.6666666666666667
13,6,14.0,0.3111111111111111,0.175,14.0,2.3333333333333335
13,7,2.0,0.044444444444444446,0.025,2.0,0.3333333333333333
13,8,12.0,0.26666666666666666,0.15,12.0,2.0
13,9,2.0,0.044444444444444446,0.025,2.0,0.3333333333333333
13,10,14.0,0.3111111111111111,0.175,14.0,2.3333333333333335
13,11,2.0,0.044444444444444446,0.025,2.0,0.3333333333333333
13,12,9.0,0.2,0.1125,9.0,1.5
13,14,11.0,0.24444444444444444,0.1375,11.0,1.8333333333333333
13,15,9.0,0.2,0.1125,9.0,1.5
13,16,11.0,0.24444444444444444,0.1375,11.0,1.8333333333333333
13,17,14.0,0.3111111111111111,0.175,14.0,2.3333333333333335
13,18,13.0,0.28888888888888886,0.1625,13.0,2.1666666666666665
13,19,13.0,0.28888888888888886,0.1625,13.0,2.1666666666666665
13,20,3.0,0.06666666666666667,0.0375,3.0,0.5
13,21,9.0,0.2,0.1125,9.0,1.5
13,22,10.0,0.2222222222222222,0.125,10.0,1.6666666666666667
13,23,11.0,0.24444444444444444,0.1375,11.0,1.8333333333333333
13,24,8.0,0.17777777777777778,0.1,8.0,1.3333333333333333
13,25,12.0,0.26666666666666666,0.15,12.0,2.0
13,26,10.0,0.2222222222222222,0.125,10.0,1.6666666666666667
13,27,9.0,0.2,0.1125,9.0,1.5
13,28,8.0,0.17777777777777778,0.1,8.0,1.3333333333333333
13,29,11.0,0.24444444444444444,0.1375,11.0,1.8333333333333333
13,30,2.0,0.044444444444444446,0.025,2.0,0.3333333333333333
13,31,11.0,0.24444444444444444,0.1375,11.0,1.8333333333333333
13,32,12.0,0.26666666666666666,0.15,12.0,2.0
13,33,10.0,0.2222222222222222,0.125,10.0,1.6666666666666667
13,34,9.0,0.2,0.1125,9.0,1.5
13,35,11.0,0.24444444444444444,0.1375,11.0,1.8333333333333333
13,36,3.0,0.06666666666666667,0.0375,3.0,0.5
13,37,10.0,0.2222222222222222,0.125,10.0,1.6666666666666667
13,38,3.0,0.06666666666666667,0.0375,3.0,0.5
13,39,12.0,0.26666666666666666,0.15,12.0,2.0
13,40,1.0,0.022222222222222223,0.0125,1.0,0.16666666666666666
13,41,12.0,0.26666666666666666,0.15,12.0,2.0
13,42,10.0,0.2222222222222222,0.125,10.0,1.6666666666666667
13,43,11.0,0.24444444444444444,0.1375,11.0,1.8333333333333333
13,44,9.0,0.2,0.1125,9.0,1.5
13,45,12.0,0.26666666666666666,0.15,12.0,2.0
13,46,5.0,0.1111111111111111,0.0625,5.0,0.8333333333333334
14,1,20.0,0.4444444444444444,0.25,20.0,3.3333333333333335
14,2,10.0,0.2222222222222222,0.125,10.0,1.6666666666666667
14,3,12.0,0.26666666666666666,0.15,12.0,2.0
14,4,11.0,0.24444444444444444,0.1375,11.0,1.8333333333333333
14,5,10.0,0.2222222222222222,0.125,10.0,1.6666666666666667
14,6,14.0,0.3111111111111111,0.175,14.0,2.3333333333333335
14,7,11.0,0.24444444444444444,0.1375,11.0,1.8333333333333333
14,8,1.0,0.022222222222222223,0.0125,1.0,0.16666666666666666
14,9,10.0,0.2222222222222222,0.125,10.0,1.6666666666666667
14,10,14.0,0.3111111111111111,0.175,14.0,2.3333333333333335
14,11,10.0,0.2222222222222222,0.125,10.0,1.6666666666666667
14,12,20.0,0.4444444444444444,0.25,20.0,3.3333333333333335
14,13,11.0,0.24444444444444444,0.1375,11.0,1.8333333333333333
14,15,20.0,0.4444444444444444,0.25,20.0,3.3333333333333335
14,16,22.0,0.4888888888888889,0.275,22.0,3.6666666666666665
14,17,3.0,0.06666666666666667,0.0375,3.0,0.5
14,18,13.0,0.28888888888888886,0.1625,13.0,2.1666666666666665
14,19,2.0,0.044444444444444446,0.025,2.0,0.3333333333333333
14,20,10.0,0.2222222222222222,0.125,10.0,1.6666666666666667
14,21,3.0,0.06666666666666667,0.0375,3.0,0.5
14,22,21.0,0.4666666666666667,0.2625,21.0,3.5
14,23,2.0,0.044444444444444446,0.025,2.0,0.3333333333333333
14,24,19.0,0.4222222222222222,0.2375,19.0,3.1666666666666665
14,25,12.0,0.26666666666666666,0.15,12.0,2.0
14,26,21.0,0.4666666666666667,0.2625,21.0,3.5
14,27,16.0,0.35555555555555557,0.2,16.0,2.6666666666666665
14,28,14.0,0.3111111111111111,0.175,14.0,2.3333333333333335
14,29,1.0,0.022222222222222223,0.0125,1.0,0.16666666666666666
14,30,13.0,0.28888888888888886,0.1625,13.0,2.1666666666666665
14,31,11.0,0.24444444444444444,0.1375,11.0,1.8333333333333333
14,32,2.0,0.044444444444444446,0.025,2.0,0.3333333333333333
14,33,14.0,0.3111111111111111,0.175,14.0,2.3333333333333335
14,34,16.0,0.35555555555555557,0.2,16.0,2.6666666666666665
14,35,3.0,0.06666666666666667,0.0375,3.0,0.5
14,36,9.0,0.2,0.1125,9.0,1.5
14,37,4.0,0.08888888888888889,0.05,4.0,0.6666666666666666
14,38,9.0,0.2,0.1125,9.0,1.5
14,39,23.0,0.5111111111111111,0.2875,23.0,3.8333333333333335
14,40,11.0,0.24444444444444444,0.1375,11.0,1.8333333333333333
14,41,12.0,0.26666666666666666,0.15,12.0,2.0
14,42,15.0,0.3333333333333333,0.1875,15.0,2.5
14,43,1.0,0.022222222222222223,0.0125,1.0,0.16666666666666666
14,44,15.0,0.3333333333333333,0.1875,15.0,2.5
14,45,23.0,0.5111111111111111,0.2875,23.0,3.8333333333333335
14,46,6.0,0.13333333333333333,0.075,6.0,1.0
15,1,1.0,0.022222222222222223,0.0125,1.0,0.16666666666666666
15,2,11.0,0.24444444444444444,0.1375,11.0,1.8333333333333333
15,3,21.0,0.4666666666666667,0.2625,21.0,3.5
15,4,9.0,0.2,0.1125,9.0,1.5
15,5,17.0,0.37777777777777777,0.2125,17.0,2.8333333333333335
15,6,16.0,0.35555555555555557,0.2,16.0,2.6666666666666665
15,7,9.0,0.2,0.1125,9.0,1.5
15,8,21.0,0.4666666666666667,0.2625,21.0,3.5
15,9,11.0,0.24444444444444444,0.1375,11.0,1.8333333333333333
15,10,19.0,0.4222222222222222,0.2375,19.0,3.1666666666666665
15,11,11.0,0.24444444444444444,0.1375,11.0,1.8333333333333333
15,12,3.0,0.06666666666666667,0.0375,3.0,0.5
15,13,9.0,0.2,0.1125,9.0,1.5
15,14,20.0,0.4444444444444444,0.25,20.0,3.3333333333333335
15,16,2.0,0.044444444444444446,0.025,2.0,0.3333333333333333
15,17,23.0,0.5111111111111111,0.2875,23.0,3.8333333333333335
15,18,20.0,0.4444444444444444,0.25,20.0,3.3333333333333335
15,19,22.0,0.4888888888888889,0.275,22.0,3.6666666666666665
15,20,10.0,0.2222222222222222,0.125,10.0,1.6666666666666667
15,21,18.0,0.4,0.225,18.0,3.0
15,22,5.0,0.1111111111111111,0.0625,5.0,0.8333333333333334
15,23,20.0,0.4444444444444444,0.25,20.0,3.3333333333333335
15,24,2.0,0.044444444444444446,0.025,2.0,0.3333333333333333
15,25,14.0,0.3111111111111111,0.175,14.0,2.3333333333333335
15,26,3.0,0.06666666666666667,0.0375,3.0,0.5
15,27,12.0,0.26666666666666666,0.15,12.0,2.0
15,28,10.0,0.2222222222222222,0.125,10.0,1.6666666666666667
15,29,20.0,0.4444444444444444,0.25,20.0,3.3333333333333335
15,30,8.0,0.17777777777777778,0.1,8.0,1.3333333333333333
15,31,15.0,0.3333333333333333,0.1875,15.0,2.5
15,32,21.0,0.4666666666666667,0.2625,21.0,3.5
15,33,12.0,0.26666666666666666,0.15,12.0,2.0
15,34,11.0,0.24444444444444444,0.1375,11.0,1.8333333333333333
15,35,20.0,0.4444444444444444,0.25,20.0,3.3333333333333335
15,36,12.0,0.26666666666666666,0.15,12.0,2.0
15,37,19.0,0.4222222222222222,0.2375,19.0,3.1666666666666665
15,38,12.0,0.26666666666666666,0.15,12.0,2.0
15,39,3.0,0.06666666666666667,0.0375,3.0,0.5
15,40,10.0,0.2222222222222222,0.125,10.0,1.6666666666666667
15,41,18.0,0.4,0.225,18.0,3.0
15,42,13.0,0.28888888888888886,0.1625,13.0,2.1666666666666665
15,43,20.0,0.4444444444444444,0.25,20.0,3.3333333333333335
15,44,11.0,0.24444444444444444,0.1375,11.0,1.8333333333333333
15,45,3.0,0.06666666666666667,0.0375,3.0,0.5
15,46,14.0,0.3111111111111111,0.175,14.0,2.3333333333333335
16,1,3.0,0.06666666666666667,0.0375,3.0,0.5
16,2,13.0,0.28888888888888886,0.1625,13.0,2.1666666666666665
16,3,23.0,0.5111111111111111,0.2875,23.0,3.8333333333333335
16,4,11.0,0.24444444444444444,0.1375,11.0,1.8333333333333333
16,5,19.0,0.4222222222222222,0.2375,19.0,3.1666666666666665
16,6,18.0,0.4,0.225,18.0,3.0
16,7,11.0,0.24444444444444444,0.1375,11.0,1.8333333333333333
16,8,23.0,0.5111111111111111,0.2875,23.0,3.8333333333333335
16,9,13.0,0.28888888888888886,0.1625,13.0,2.1666666666666665
16,10,21.0,0.4666666666666667,0.2625,21.0,3.5
16,11,13.0,0.28888888888888886,0.1625,13.0,2.1666666666666665
16,12,3.0,0.06666666666666667,0.0375,3.0,0.5
16,13,11.0,0.24444444444444444,0.1375,11.0,1.8333333333333333
16,14,22.0,0.4888888888888889,0.275,22.0,3.6666666666666665
16,15,2.0,0.044444444444444446,0.025,2.0,0.3333333333333333
16,17,25.0,0.5555555555555556,0.3125,25.0,4.166666666666667
16,18,22.0,0.4888888888888889,0.275,22.0,3.6666666666666665
16,19,24.0,0.5333333333333333,0.3,24.0,4.0
16,20,12.0,0.26666666666666666,0.15,12.0,2.0
16,21,20.0,0.4444444444444444,0.25,20.0,3.3333333333333335
16,22,3.0,0.06666666666666667,0.0375,3.0,0.5
16,23,22.0,0.4888888888888889,0.275,22.0,3.6666666666666665
16,24,4.0,0.08888888888888889,0.05,4.0,0.6666666666666666
16,25,16.0,0.35555555555555557,0.2,16.0,2.6666666666666665
16,26,5.0,0.1111111111111111,0.0625,5.0,0.8333333333333334
16,27,14.0,0.3111111111111111,0.175,14.0,2.3333333333333335
16,28,12.0,0.26666666666666666,0.15,12.0,2.0
16,29,22.0,0.4888888888888889,0.275,22.0,3.6666666666666665
16,30,10.0,0.2222222222222222,0.125,10.0,1.6666666666666667
16,31,17.0,0.37777777777777777,0.2125,17.0,2.8333333333333335
16,32,23.0,0.5111111111111111,0.2875,23.0,3.8333333333333335
16,33,14.0,0.3111111111111111,0.175,14.0,2.3333333333333335
16,34,13.0,0.28888888888888886,0.1625,13.0,2.1666666666666665
16,35,22.0,0.4888888888888889,0.275,22.0,3.6666666666666665
16,36,14.0,0.3111111111111111,0.175,14.0,2.3333333333333335
16,37,21.0,0.4666666666666667,0.2625,21.0,3.5
16,38,14.0,0.3111111111111111,0.175,14.0,2.3333333333333335
16,39,3.0,0.06666666666666667,0.0375,3.0,0.5
16,40,12.0,0.26666666666666666,0.15,12.0,2.0
16,41,20.0,0.4444444444444444,0.25,20.0,3.3333333333333335
16,42,15.0,0.3333333333333333,0.1875,15.0,2.5
16,43,22.0,0.4888888888888889,0.275,22.0,3.6666666666666665
16,44,13.0,0.28888888888888886,0.1625,13.0,2.1666666666666665
16,45,1.0,0.022222222222222223,0.0125,1.0,0.16666666666666666
16,46,16.0,0.35555555555555557,0.2,16.0,2.6666666666666665
17,1,22.0,0.4888888888888889,0.275,22.0,3.6666666666666665
17,2,12.0,0.26666666666666666,0.15,12.0,2.0
17,3,12.0,0.26666666666666666,0.15,12.0,2.0
17,4,14.0,0.3111111111111111,0.175,14.0,2.3333333333333335
17,5,10.0,0.2222222222222222,0.125,10.0,1.6666666666666667
17,6,14.0,0.3111111111111111,0.175,14.0,2.3333333333333335
17,7,14.0,0.3111111111111111,0.175,14.0,2.3333333333333335
17,8,2.0,0.044444444444444446,0.025,2.0,0.3333333333333333
17,9,12.0,0.26666666666666666,0.15,12.0,2.0
17,10,14.0,0.3111111111111111,0.175,14.0,2.3333333333333335
17,11,12.0,0.26666666666666666,0.15,12.0,2.0
17,12,22.0,0.4888888888888889,0.275,22.0,3.6666666666666665
17,13,14.0,0.3111111111111111,0.175,14.0,2.3333333333333335
17,14,3.0,0.06666666666666667,0.0375,3.0,0.5
17,15,23.0,0.5111111111111111,0.2875,23.0,3.8333333333333335
17,16,25.0,0.5555555555555556,0.3125,25.0,4.166666666666667
17,18,13.0,0.28888888888888886,0.1625,13.0,2.1666666666666665
17,19,1.0,0.022222222222222223,0.0125,1.0,0.16666666666666666
17,20,13.0,0.28888888888888886,0.1625,13.0,2.1666666666666665
17,21,5.0,0.1111111111111111,0.0625,5.0,0.8333333333333334
17,22,24.0,0.5333333333333333,0.3,24.0,4.0
17,23,3.0,0.06666666666666667,0.0375,3.0,0.5
17,24,21.0,0.4666666666666667,0.2625,21.0,3.5
17,25,12.0,0.26666666666666666,0.15,12.0,2.0
17,26,24.0,0.5333333333333333,0.3,24.0,4.0
17,27,18.0,0.4,0.225,18.0,3.0
17,28,16.0,0.35555555555555557,0.2,16.0,2.6666666666666665
17,29,3.0,0.06666666666666667,0.0375,3.0,0.5
17,30,15.0,0.3333333333333333,0.1875,15.0,2.5
17,31,11.0,0.24444444444444444,0.1375,11.0,1.8333333333333333
17,32,2.0,0.044444444444444446,0.025,2.0,0.3333333333333333
17,33,16.0,0.35555555555555557,0.2,16.0,2.6666666666666665
17,34,19.0,0.4222222222222222,0.2375,19.0,3.1666666666666665
17,35,3.0,0.06666666666666667,0.0375,3.0,0.5
17,36,11.0,0.24444444444444444,0.1375,11.0,1.8333333333333333
17,37,4.0,0.08888888888888889,0.05,4.0,0.6666666666666666
17,38,11.0,0.24444444444444444,0.1375,11.0,1.8333333333333333
17,39,25.0,0.5555555555555556,0.3125,25.0,4.166666666666667
17,40,13.0,0.28888888888888886,0.1625,13.0,2.1666666666666665
17,41,12.0,0.26666666666666666,0.15,12.0,2.0
17,42,17.0,0.37777777777777777,0.2125,17.0,2.8333333333333335
17,43,3.0,0.06666666666666667,0.0375,3.0,0.5
17,44,17.0,0.37777777777777777,0.2125,17.0,2.8333333333333335
17,45,25.0,0.5555555555555556,0.3125,25.0,4.166666666666667
17,46,9.0,0.2,0.1125,9.0,1.5
18,1,19.0,0.4222222222222222,0.2375,19.0,3.1666666666666665
18,2,13.0,0.28888888888888886,0.1625,13.0,2.1666666666666665
18,3,1.0,0.022222222222222223,0.0125,1.0,0.16666666666666666
18,4,11.0,0.24444444444444444,0.1375,11.0,1.8333333333333333
18,5,4.0,0.08888888888888889,0.05,4.0,0.6666666666666666
18,6,4.0,0.08888888888888889,0.05,4.0,0.6666666666666666
18,7,12.0,0.26666666666666666,0.15,12.0,2.0
18,8,13.0,0.28888888888888886,0.1625,13.0,2.1666666666666665
18,9,15.0,0.3333333333333333,0.1875,15.0,2.5
18,10,1.0,0.022222222222222223,0.0125,1.0,0.16666666666666666
18,11,11.0,0.24444444444444444,0.1375,11.0,1.8333333333333333
18,12,19.0,0.4222222222222222,0.2375,19.0,3.1666666666666665
18,13,13.0,0.28888888888888886,0.1625,13.0,2.1666666666666665
18,14,13.0,0.28888888888888886,0.1625,13.0,2.1666666666666665
18,15,20.0,0.4444444444444444,0.25,20.0,3.3333333333333335
18,16,22.0,0.4888888888888889,0.275,22.0,3.6666666666666665
18,17,13.0,0.28888888888888886,0.1625,13.0,2.1666666666666665
18,19,14.0,0.3111111111111111,0.175,14.0,2.3333333333333335
18,20,11.0,0.24444444444444444,0.1375,11.0,1.8333333333333333
18,21,11.0,0.24444444444444444,0.1375,11.0,1.8333333333333333
18,22,21.0,0.4666666666666667,0.2625,21.0,3.5
18,23,11.0,0.24444444444444444,0.1375,11.0,1.8333333333333333
18,24,18.0,0.4,0.225,18.0,3.0
18,25,6.0,0.13333333333333333,0.075,6.0,1.0
18,26,21.0,0.4666666666666667,0.2625,21.0,3.5
18,27,22.0,0.4888888888888889,0.275,22.0,3.6666666666666665
18,28,21.0,0.4666666666666667,0.2625,21.0,3.5
18,29,14.0,0.3111111111111111,0.175,14.0,2.3333333333333335
18,30,13.0,0.28888888888888886,0.1625,13.0,2.1666666666666665
18,31,5.0,0.1111111111111111,0.0625,5.0,0.8333333333333334
18,32,12.0,0.26666666666666666,0.15,12.0,2.0
18,33,22.0,0.4888888888888889,0.275,22.0,3.6666666666666665
18,34,21.0,0.4666666666666667,0.2625,21.0,3.5
18,35,11.0,0.24444444444444444,0.1375,11.0,1.8333333333333333
18,36,14.0,0.3111111111111111,0.175,14.0,2.3333333333333335
18,37,10.0,0.2222222222222222,0.125,10.0,1.6666666666666667
18,38,12.0,0.26666666666666666,0.15,12.0,2.0
18,39,23.0,0.5111111111111111,0.2875,23.0,3.8333333333333335
18,40,12.0,0.26666666666666666,0.15,12.0,2.0
18,41,3.0,0.06666666666666667,0.0375,3.0,0.5
18,42,23.0,0.5111111111111111,0.2875,23.0,3.8333333333333335
18,43,13.0,0.28888888888888886,0.1625,13.0,2.1666666666666665
18,44,22.0,0.4888888888888889,0.275,22.0,3.6666666666666665
18,45,23.0,0.5111111111111111,0.2875,23.0,3.8333333333333335
18,46,18.0,0.4,0.225,18.0,3.0
19,1,21.0,0.4666666666666667,0.2625,21.0,3.5
19,2,11.0,0.24444444444444444,0.1375,11.0,1.8333333333333333
19,3,13.0,0.28888888888888886,0.1625,13.0,2.1666666666666665
19,4,13.0,0.28888888888888886,0.1625,13.0,2.1666666666666665
19,5,10.0,0.2222222222222222,0.125,10.0,1.6666666666666667
19,6,14.0,0.3111111111111111,0.175,14.0,2.3333333333333335
19,7,13.0,0.28888888888888886,0.1625,13.0,2.1666666666666665
19,8,1.0,0.022222222222222223,0.0125,1.0,0.16666666666666666
19,9,11.0,0.24444444444444444,0.1375,11.0,1.8333333333333333
19,10,14.0,0.3111111111111111,0.175,14.0,2.3333333333333335
19,11,11.0,0.24444444444444444,0.1375,11.0,1.8333333333333333
19,12,21.0,0.4666666666666667,0.2625,21.0,3.5
19,13,13.0,0.28888888888888886,0.1625,13.0,2.1666666666666665
19,14,2.0,0.044444444444444446,0.025,2.0,0.3333333333333333
19,15,22.0,0.4888888888888889,0.275,22.0,3.6666666666666665
19,16,24.0,0.5333333333333333,0.3,24.0,4.0
19,17,1.0,0.022222222222222223,0.0125,1.0,0.16666666666666666
19,18,14.0,0.3111111111111111,0.175,14.0,2.3333333333333335
19,20,12.0,0.26666666666666666,0.15,12.0,2.0
19,21,4.0,0.08888888888888889,0.05,4.0,0.6666666666666666
19,22,23.0,0.5111111111111111,0.2875,23.0,3.8333333333333335
19,23,3.0,0.06666666666666667,0.0375,3.0,0.5
19,24,20.0,0.4444444444444444,0.25,20.0,3.3333333333333335
19,25,13.0,0.28888888888888886,0.1625,13.0,2.1666666666666665
19,26,23.0,0.5111111111111111,0.2875,23.0,3.8333333333333335
19,27,17.0,0.37777777777777777,0.2125,17.0,2.8333333333333335
19,28,15.0,0.3333333333333333,0.1875,15.0,2.5
19,29,2.0,0.044444444444444446,0.025,2.0,0.3333333333333333
19,30,15.0,0.3333333333333333,0.1875,15.0,2.5
19,31,12.0,0.26666666666666666,0.15,12.0,2.0
19,32,2.0,0.044444444444444446,0.025,2.0,0.3333333333333333
19,33,16.0,0.35555555555555557,0.2,16.0,2.6666666666666665
19,34,18.0,0.4,0.225,18.0,3.0
19,35,3.0,0.06666666666666667,0.0375,3.0,0.5
19,36,11.0,0.24444444444444444,0.1375,11.0,1.8333333333333333
19,37,4.0,0.08888888888888889,0.05,4.0,0.6666666666666666
19,38,10.0,0.2222222222222222,0.125,10.0,1.6666666666666667
19,39,25.0,0.5555555555555556,0.3125,25.0,4.166666666666667
19,40,12.0,0.26666666666666666,0.15,12.0,2.0
19,41,13.0,0.28888888888888886,0.1625,13.0,2.1666666666666665
19,42,16.0,0.35555555555555557,0.2,16.0,2.6666666666666665
19,43,3.0,0.06666666666666667,0.0375,3.0,0.5
19,44,16.0,0.35555555555555557,0.2,16.0,2.6666666666666665
19,45,25.0,0.5555555555555556,0.3125,25.0,4.166666666666667
19,46,8.0,0.17777777777777778,0.1,8.0,1.3333333333333333
20,1,10.0,0.2222222222222222,0.125,10.0,1.6666666666666667
20,2,3.0,0.06666666666666667,0.0375,3.0,0.5
20,3,11.0,0.24444444444444444,0.1375,11.0,1.8333333333333333
20,4,1.0,0.022222222222222223,0.0125,1.0,0.16666666666666666
20,5,7.0,0.15555555555555556,0.0875,7.0,1.1666666666666667
20,6,11.0,0.24444444444444444,0.1375,11.0,1.8333333333333333
20,7,1.0,0.022222222222222223,0.0125,1.0,0.16666666666666666
20,8,11.0,0.24444444444444444,0.1375,11.0,1.8333333333333333
20,9,4.0,0.08888888888888889,0.05,4.0,0.6666666666666666
20,10,11.0,0.24444444444444444,0.1375,11.0,1.8333333333333333
20,11,1.0,0.022222222222222223,0.0125,1.0,0.16666666666666666
20,12,10.0,0.2222222222222222,0.125,10.0,1.6666666666666667
20,13,3.0,0.06666666666666667,0.0375,3.0,0.5
20,14,10.0,0.2222222222222222,0.125,10.0,1.6666666666666667
20,15,10.0,0.2222222222222222,0.125,10.0,1.6666666666666667
20,16,12.0,0.26666666666666666,0.15,12.0,2.0
20,17,13.0,0.28888888888888886,0.1625,13.0,2.1666666666666665
20,18,11.0,0.24444444444444444,0.1375,11.0,1.8333333333333333
20,19,12.0,0.26666666666666666,0.15,12.0,2.0
20,21,8.0,0.17777777777777778,0.1,8.0,1.3333333333333333
20,22,11.0,0.24444444444444444,0.1375,11.0,1.8333333333333333
20,23,10.0,0.2222222222222222,0.125,10.0,1.6666666666666667
20,24,9.0,0.2,0.1125,9.0,1.5
20,25,10.0,0.2222222222222222,0.125,10.0,1.6666666666666667
20,26,11.0,0.24444444444444444,0.1375,11.0,1.8333333333333333
20,27,12.0,0.26666666666666666,0.15,12.0,2.0
20,28,10.0,0.2222222222222222,0.125,10.0,1.6666666666666667
20,29,10.0,0.2222222222222222,0.125,10.0,1.6666666666666667
20,30,3.0,0.06666666666666667,0.0375,3.0,0.5
20,31,9.0,0.2,0.1125,9.0,1.5
20,32,11.0,0.24444444444444444,0.1375,11.0,1.8333333333333333
20,33,12.0,0.26666666666666666,0.15,12.0,2.0
20,34,11.0,0.24444444444444444,0.1375,11.0,1.8333333333333333
20,35,10.0,0.2222222222222222,0.125,10.0,1.6666666666666667
20,36,4.0,0.08888888888888889,0.05,4.0,0.6666666666666666
20,37,9.0,0.2,0.1125,9.0,1.5
20,38,2.0,0.044444444444444446,0.025,2.0,0.3333333333333333
20,39,13.0,0.28888888888888886,0.1625,13.0,2.1666666666666665
20,40,2.0,0.044444444444444446,0.025,2.0,0.3333333333333333
20,41,10.0,0.2222222222222222,0.125,10.0,1.6666666666666667
20,42,13.0,0.28888888888888886,0.1625,13.0,2.1666666666666665
20,43,10.0,0.2222222222222222,0.125,10.0,1.6666666666666667
20,44,11.0,0.24444444444444444,0.1375,11.0,1.8333333333333333
20,45,13.0,0.28888888888888886,0.1625,13.0,2.1666666666666665
20,46,8.0,0.17777777777777778,0.1,8.0,1.3333333333333333
21,1,17.0,0.37777777777777777,0.2125,17.0,2.8333333333333335
21,2,7.0,0.15555555555555556,0.0875,7.0,1.1666666666666667
21,3,10.0,0.2222222222222222,0.125,10.0,1.6666666666666667
21,4,9.0,0.2,0.1125,9.0,1.5
21,5,8.0,0.17777777777777778,0.1,8.0,1.3333333333333333
21,6,12.0,0.26666666666666666,0.15,12.0,2.0
21,7,9.0,0.2,0.1125,9.0,1.5
21,8,3.0,0.06666666666666667,0.0375,3.0,0.5
21,9,7.0,0.15555555555555556,0.0875,7.0,1.1666666666666667
21,10,12.0,0.26666666666666666,0.15,12.0,2.0
21,11,7.0,0.15555555555555556,0.0875,7.0,1.1666666666666667
21,12,17.0,0.37777777777777777,0.2125,17.0,2.8333333333333335
21,13,9.0,0.2,0.1125,9.0,1.5
21,14,3.0,0.06666666666666667,0.0375,3.0,0.5
21,15,18.0,0.4,0.225,18.0,3.0
21,16,20.0,0.4444444444444444,0.25,20.0,3.3333333333333335
21,17,5.0,0.1111111111111111,0.0625,5.0,0.8333333333333334
21,18,11.0,0.24444444444444444,0.1375,11.0,1.8333333333333333
21,19,4.0,0.08888888888888889,0.05,4.0,0.6666666666666666
21,20,8.0,0.17777777777777778,0.1,8.0,1.3333333333333333
21,22,19.0,0.4222222222222222,0.2375,19.0,3.1666666666666665
21,23,2.0,0.044444444444444446,0.025,2.0,0.3333333333333333
21,24,16.0,0.35555555555555557,0.2,16.0,2.6666666666666665
21,25,10.0,0.2222222222222222,0.125,10.0,1.6666666666666667
21,26,19.0,0.4222222222222222,0.2375,19.0,3.1666666666666665
21,27,13.0,0.28888888888888886,0.1625,13.0,2.1666666666666665
21,28,11.0,0.24444444444444444,0.1375,11.0,1.8333333333333333
21,29,3.0,0.06666666666666667,0.0375,3.0,0.5
21,30,11.0,0.24444444444444444,0.1375,11.0,1.8333333333333333
21,31,9.0,0.2,0.1125,9.0,1.5
21,32,3.0,0.06666666666666667,0.0375,3.0,0.5
21,33,12.0,0.26666666666666666,0.15,12.0,2.0
21,34,14.0,0.3111111111111111,0.175,14.0,2.3333333333333335
21,35,3.0,0.06666666666666667,0.0375,3.0,0.5
21,36,7.0,0.15555555555555556,0.0875,7.0,1.1666666666666667
21,37,1.0,0.022222222222222223,0.0125,1.0,0.16666666666666666
21,38,6.0,0.13333333333333333,0.075,6.0,1.0
21,39,21.0,0.4666666666666667,0.2625,21.0,3.5
21,40,8.0,0.17777777777777778,0.1,8.0,1.3333333333333333
21,41,10.0,0.2222222222222222,0.125,10.0,1.6666666666666667
21,42,12.0,0.26666666666666666,0.15,12.0,2.0
21,43,2.0,0.044444444444444446,0.025,2.0,0.3333333333333333
21,44,12.0,0.26666666666666666,0.15,12.0,2.0
21,45,21.0,0.4666666666666667,0.2625,21.0,3.5
21,46,7.0,0.15555555555555556,0.0875,7.0,1.1666666666666667
22,1,5.0,0.1111111111111111,0.0625,5.0,0.8333333333333334
22,2,12.0,0.26666666666666666,0.15,12.0,2.0
22,3,22.0,0.4888888888888889,0.275,22.0,3.6666666666666665
22,4,10.0,0.2222222222222222,0.125,10.0,1.6666666666666667
22,5,18.0,0.4,0.225,18.0,3.0
22,6,17.0,0.37777777777777777,0.2125,17.0,2.8333333333333335
22,7,10.0,0.2222222222222222,0.125,10.0,1.6666666666666667
22,8,22.0,0.4888888888888889,0.275,22.0,3.6666666666666665
22,9,12.0,0.26666666666666666,0.15,12.0,2.0
22,10,20.0,0.4444444444444444,0.25,20.0,3.3333333333333335
22,11,12.0,0.26666666666666666,0.15,12.0,2.0
22,12,2.0,0.044444444444444446,0.025,2.0,0.3333333333333333
22,13,10.0,0.2222222222222222,0.125,10.0,1.6666666666666667
22,14,21.0,0.4666666666666667,0.2625,21.0,3.5
22,15,5.0,0.1111111111111111,0.0625,5.0,0.8333333333333334
22,16,3.0,0.06666666666666667,0.0375,3.0,0.5
22,17,24.0,0.5333333333333333,0.3,24.0,4.0
22,18,21.0,0.4666666666666667,0.2625,21.0,3.5
22,19,23.0,0.5111111111111111,0.2875,23.0,3.8333333333333335
22,20,11.0,0.24444444444444444,0.1375,11.0,1.8333333333333333
22,21,19.0,0.4222222222222222,0.2375,19.0,3.1666666666666665
22,23,21.0,0.4666666666666667,0.2625,21.0,3.5
22,24,3.0,0.06666666666666667,0.0375,3.0,0.5
22,25,15.0,0.3333333333333333,0.1875,15.0,2.5
22,26,7.0,0.15555555555555556,0.0875,7.0,1.1666666666666667
22,27,16.0,0.35555555555555557,0.2,16.0,2.6666666666666665
22,28,15.0,0.3333333333333333,0.1875,15.0,2.5
22,29,21.0,0.4666666666666667,0.2625,21.0,3.5
22,30,9.0,0.2,0.1125,9.0,1.5
22,31,16.0,0.35555555555555557,0.2,16.0,2.6666666666666665
22,32,22.0,0.4888888888888889,0.275,22.0,3.6666666666666665
22,33,16.0,0.35555555555555557,0.2,16.0,2.6666666666666665
22,34,15.0,0.3333333333333333,0.1875,15.0,2.5
22,35,21.0,0.4666666666666667,0.2625,21.0,3.5
22,36,13.0,0.28888888888888886,0.1625,13.0,2.1666666666666665
22,37,20.0,0.4444444444444444,0.25,20.0,3.3333333333333335
22,38,13.0,0.28888888888888886,0.1625,13.0,2.1666666666666665
22,39,5.0,0.1111111111111111,0.0625,5.0,0.8333333333333334
22,40,11.0,0.24444444444444444,0.1375,11.0,1.8333333333333333
22,41,19.0,0.4222222222222222,0.2375,19.0,3.1666666666666665
22,42,17.0,0.37777777777777777,0.2125,17.0,2.8333333333333335
22,43,21.0,0.4666666666666667,0.2625,21.0,3.5
22,44,16.0,0.35555555555555557,0.2,16.0,2.6666666666666665
22,45,2.0,0.044444444444444446,0.025,2.0,0.3333333333333333
22,46,15.0,0.3333333333333333,0.1875,15.0,2.5
23,1,19.0,0.4222222222222222,0.2375,19.0,3.1666666666666665
23,2,9.0,0.2,0.1125,9.0,1.5
23,3,10.0,0.2222222222222222,0.125,10.0,1.6666666666666667
23,4,11.0,0.24444444444444444,0.1375,11.0,1.8333333333333333
23,5,8.0,0.17777777777777778,0.1,8.0,1.3333333333333333
23,6,12.0,0.26666666666666666,0.15,12.0,2.0
23,7,11.0,0.24444444444444444,0.1375,11.0,1.8333333333333333
23,8,2.0,0.044444444444444446,0.025,2.0,0.3333333333333333
23,9,9.0,0.2,0.1125,9.0,1.5
23,10,12.0,0.26666666666666666,0.15,12.0,2.0
23,11,9.0,0.2,0.1125,9.0,1.5
23,12,19.0,0.4222222222222222,0.2375,19.0,3.1666666666666665
23,13,11.0,0.24444444444444444,0.1375,11.0,1.8333333333333333
23,14,2.0,0.044444444444444446,0.025,2.0,0.3333333333333333
23,15,20.0,0.4444444444444444,0.25,20.0,3.3333333333333335
23,16,22.0,0.4888888888888889,0.275,22.0,3.6666666666666665
23,17,3.0,0.06666666666666667,0.0375,3.0,0.5
23,18,11.0,0.24444444444444444,0.1375,11.0,1.8333333333333333
23,19,3.0,0.06666666666666667,0.0375,3.0,0.5
23,20,10.0,0.2222222222222222,0.125,10.0,1.6666666666666667
23,21,2.0,0.044444444444444446,0.025,2.0,0.3333333333333333
23,22,21.0,0.4666666666666667,0.2625,21.0,3.5
23,24,18.0,0.4,0.225,18.0,3.0
23,25,10.0,0.2222222222222222,0.125,10.0,1.6666666666666667
23,26,21.0,0.4666666666666667,0.2625,21.0,3.5
23,27,15.0,0.3333333333333333,0.1875,15.0,2.5
23,28,13.0,0.28888888888888886,0.1625,13.0,2.1666666666666665
23,29,3.0,0.06666666666666667,0.0375,3.0,0.5
23,30,12.0,0.26666666666666666,0.15,12.0,2.0
23,31,9.0,0.2,0.1125,9.0,1.5
23,32,1.0,0.022222222222222223,0.0125,1.0,0.16666666666666666
23,33,13.0,0.28888888888888886,0.1625,13.0,2.1666666666666665
23,34,16.0,0.35555555555555557,0.2,16.0,2.6666666666666665
23,35,1.0,0.022222222222222223,0.0125,1.0,0.16666666666666666
23,36,8.0,0.17777777777777778,0.1,8.0,1.3333333333333333
23,37,2.0,0.044444444444444446,0.025,2.0,0.3333333333333333
23,38,8.0,0.17777777777777778,0.1,8.0,1.3333333333333333
23,39,22.0,0.4888888888888889,0.275,22.0,3.6666666666666665
23,40,10.0,0.2222222222222222,0.125,10.0,1.6666666666666667
23,41,10.0,0.2222222222222222,0.125,10.0,1.6666666666666667
23,42,14.0,0.3111111111111111,0.175,14.0,2.3333333333333335
23,43,2.0,0.044444444444444446,0.025,2.0,0.3333333333333333
23,44,14.0,0.3111111111111111,0.175,14.0,2.3333333333333335
23,45,22.0,0.4888888888888889,0.275,22.0,3.6666666666666665
23,46,7.0,0.15555555555555556,0.0875,7.0,1.1666666666666667
24,1,3.0,0.06666666666666667,0.0375,3.0,0.5
24,2,9.0,0.2,0.1125,9.0,1.5
24,3,19.0,0.4222222222222222,0.2375,19.0,3.1666666666666665
24,4,8.0,0.17777777777777778,0.1,8.0,1.3333333333333333
24,5,15.0,0.3333333333333333,0.1875,15.0,2.5
24,6,14.0,0.3111111111111111,0.175,14.0,2.3333333333333335
24,7,8.0,0.17777777777777778,0.1,8.0,1.3333333333333333
24,8,19.0,0.4222222222222222,0.2375,19.0,3.1666666666666665
24,9,9.0,0.2,0.1125,9.0,1.5
24,10,18.0,0.4,0.225,18.0,3.0
24,11,9.0,0.2,0.1125,9.0,1.5
24,12,1.0,0.022222222222222223,0.0125,1.0,0.16666666666666666
24,13,8.0,0.17777777777777778,0.1,8.0,1.3333333333333333
24,14,19.0,0.4222222222222222,0.2375,19.0,3.1666666666666665
24,15,2.0,0.044444444444444446,0.025,2.0,0.3333333333333333
24,16,4.0,0.08888888888888889,0.05,4.0,0.6666666666666666
24,17,21.0,0.4666666666666667,0.2625,21.0,3.5
24,18,18.0,0.4,0.225,18.0,3.0
24,19,20.0,0.4444444444444444,0.25,20.0,3.3333333333333335
24,20,9.0,0.2,0.1125,9.0,1.5
24,21,16.0,0.35555555555555557,0.2,16.0,2.6666666666666665
24,22,3.0,0.06666666666666667,0.0375,3.0,0.5
24,23,18.0,0.4,0.225,18.0,3.0
24,25,13.0,0.28888888888888886,0.1625,13.0,2.1666666666666665
24,26,4.0,0.08888888888888889,0.05,4.0,0.6666666666666666
24,27,13.0,0.28888888888888886,0.1625,13.0,2.1666666666666665
24,28,12.0,0.26666666666666666,0.15,12.0,2.0
24,29,18.0,0.4,0.225,18.0,3.0
24,30,6.0,0.13333333333333333,0.075,6.0,1.0
24,31,14.0,0.3111111111111111,0.175,14.0,2.3333333333333335
24,32,19.0,0.4222222222222222,0.2375,19.0,3.1666666666666665
24,33,14.0,0.3111111111111111,0.175,14.0,2.3333333333333335
24,34,13.0,0.28888888888888886,0.1625,13.0,2.1666666666666665
24,35,19.0,0.4222222222222222,0.2375,19.0,3.1666666666666665
24,36,10.0,0.2222222222222222,0.125,10.0,1.6666666666666667
24,37,17.0,0.37777777777777777,0.2125,17.0,2.8333333333333335
24,38,10.0,0.2222222222222222,0.125,10.0,1.6666666666666667
24,39,5.0,0.1111111111111111,0.0625,5.0,0.8333333333333334
24,40,8.0,0.17777777777777778,0.1,8.0,1.3333333333333333
24,41,16.0,0.35555555555555557,0.2,16.0,2.6666666666666665
24,42,14.0,0.3111111111111111,0.175,14.0,2.3333333333333335
24,43,18.0,0.4,0.225,18.0,3.0
24,44,13.0,0.28888888888888886,0.1625,13.0,2.1666666666666665
24,45,5.0,0.1111111111111111,0.0625,5.0,0.8333333333333334
24,46,13.0,0.28888888888888886,0.1625,13.0,2.1666666666666665
25,1,14.0,0.3111111111111111,0.175,14.0,2.3333333333333335
25,2,12.0,0.26666666666666666,0.15,12.0,2.0
25,3,7.0,0.15555555555555556,0.0875,7.0,1.1666666666666667
25,4,9.0,0.2,0.1125,9.0,1.5
25,5,3.0,0.06666666666666667,0.0375,3.0,0.5
25,6,2.0,0.044444444444444446,0.025,2.0,0.3333333333333333
25,7,11.0,0.24444444444444444,0.1375,11.0,1.8333333333333333
25,8,12.0,0.26666666666666666,0.15,12.0,2.0
25,9,14.0,0.3111111111111111,0.175,14.0,2.3333333333333335
25,10,5.0,0.1111111111111111,0.0625,5.0,0.8333333333333334
25,11,10.0,0.2222222222222222,0.125,10.0,1.6666666666666667
25,12,14.0,0.3111111111111111,0.175,14.0,2.3333333333333335
25,13,12.0,0.26666666666666666,0.15,12.0,2.0
25,14,12.0,0.26666666666666666,0.15,12.0,2.0
25,15,14.0,0.3111111111111111,0.175,14.0,2.3333333333333335
25,16,16.0,0.35555555555555557,0.2,16.0,2.6666666666666665
25,17,12.0,0.26666666666666666,0.15,12.0,2.0
25,18,6.0,0.13333333333333333,0.075,6.0,1.0
25,19,13.0,0.28888888888888886,0.1625,13.0,2.1666666666666665
25,20,10.0,0.2222222222222222,0.125,10.0,1.6666666666666667
25,21,10.0,0.2222222222222222,0.125,10.0,1.6666666666666667
25,22,15.0,0.3333333333333333,0.1875,15.0,2.5
25,23,10.0,0.2222222222222222,0.125,10.0,1.6666666666666667
25,24,13.0,0.28888888888888886,0.1625,13.0,2.1666666666666665
25,26,15.0,0.3333333333333333,0.1875,15.0,2.5
25,27,21.0,0.4666666666666667,0.2625,21.0,3.5
25,28,20.0,0.4444444444444444,0.25,20.0,3.3333333333333335
25,29,13.0,0.28888888888888886,0.1625,13.0,2.1666666666666665
25,30,10.0,0.2222222222222222,0.125,10.0,1.6666666666666667
25,31,1.0,0.022222222222222223,0.0125,1.0,0.16666666666666666
25,32,11.0,0.24444444444444444,0.1375,11.0,1.8333333333333333
25,33,21.0,0.4666666666666667,0.2625,21.0,3.5
25,34,20.0,0.4444444444444444,0.25,20.0,3.3333333333333335
25,35,10.0,0.2222222222222222,0.125,10.0,1.6666666666666667
25,36,13.0,0.28888888888888886,0.1625,13.0,2.1666666666666665
25,37,9.0,0.2,0.1125,9.0,1.5
25,38,11.0,0.24444444444444444,0.1375,11.0,1.8333333333333333
25,39,17.0,0.37777777777777777,0.2125,17.0,2.8333333333333335
25,40,11.0,0.24444444444444444,0.1375,11.0,1.8333333333333333
25,41,4.0,0.08888888888888889,0.05,4.0,0.6666666666666666
25,42,22.0,0.4888888888888889,0.275,22.0,3.6666666666666665
25,43,12.0,0.26666666666666666,0.15,12.0,2.0
25,44,21.0,0.4666666666666667,0.2625,21.0,3.5
25,45,17.0,0.37777777777777777,0.2125,17.0,2.8333333333333335
25,46,17.0,0.37777777777777777,0.2125,17.0,2.8333333333333335
26,1,2.0,0.044444444444444446,0.025,2.0,0.3333333333333333
26,2,12.0,0.26666666666666666,0.15,12.0,2.0
26,3,22.0,0.4888888888888889,0.275,22.0,3.6666666666666665
26,4,10.0,0.2222222222222222,0.125,10.0,1.6666666666666667
26,5,18.0,0.4,0.225,18.0,3.0
26,6,17.0,0.37777777777777777,0.2125,17.0,2.8333333333333335
26,7,10.0,0.2222222222222222,0.125,10.0,1.6666666666666667
26,8,22.0,0.4888888888888889,0.275,22.0,3.6666666666666665
26,9,12.0,0.26666666666666666,0.15,12.0,2.0
26,10,20.0,0.4444444444444444,0.25,20.0,3.3333333333333335
26,11,12.0,0.26666666666666666,0.15,12.0,2.0
26,12,5.0,0.1111111111111111,0.0625,5.0,0.8333333333333334
26,13,10.0,0.2222222222222222,0.125,10.0,1.6666666666666667
26,14,21.0,0.4666666666666667,0.2625,21.0,3.5
26,15,3.0,0.06666666666666667,0.0375,3.0,0.5
26,16,5.0,0.1111111111111111,0.0625,5.0,0.8333333333333334
26,17,24.0,0.5333333333333333,0.3,24.0,4.0
26,18,21.0,0.4666666666666667,0.2625,21.0,3.5
26,19,23.0,0.5111111111111111,0.2875,23.0,3.8333333333333335
26,20,11.0,0.24444444444444444,0.1375,11.0,1.8333333333333333
26,21,19.0,0.4222222222222222,0.2375,19.0,3.1666666666666665
26,22,7.0,0.15555555555555556,0.0875,7.0,1.1666666666666667
26,23,21.0,0.4666666666666667,0.2625,21.0,3.5
26,24,4.0,0.08888888888888889,0.05,4.0,0.6666666666666666
26,25,15.0,0.3333333333333333,0.1875,15.0,2.5
26,27,9.0,0.2,0.1125,9.0,1.5
26,28,8.0,0.17777777777777778,0.1,8.0,1.3333333333333333
26,29,21.0,0.4666666666666667,0.2625,21.0,3.5
26,30,9.0,0.2,0.1125,9.0,1.5
26,31,16.0,0.35555555555555557,0.2,16.0,2.6666666666666665
26,32,22.0,0.4888888888888889,0.275,22.0,3.6666666666666665
26,33,10.0,0.2222222222222222,0.125,10.0,1.6666666666666667
26,34,9.0,0.2,0.1125,9.0,1.5
26,35,21.0,0.4666666666666667,0.2625,21.0,3.5
26,36,13.0,0.28888888888888886,0.1625,13.0,2.1666666666666665
26,37,20.0,0.4444444444444444,0.25,20.0,3.3333333333333335
26,38,13.0,0.28888888888888886,0.1625,13.0,2.1666666666666665
26,39,2.0,0.044444444444444446,0.025,2.0,0.3333333333333333
26,40,11.0,0.24444444444444444,0.1375,11.0,1.8333333333333333
26,41,19.0,0.4222222222222222,0.2375,19.0,3.1666666666666665
26,42,10.0,0.2222222222222222,0.125,10.0,1.6666666666666667
26,43,21.0,0.4666666666666667,0.2625,21.0,3.5
26,44,9.0,0.2,0.1125,9.0,1.5
26,45,5.0,0.1111111111111111,0.0625,5.0,0.8333333333333334
26,46,15.0,0.3333333333333333,0.1875,15.0,2.5
27,1,11.0,0.24444444444444444,0.1375,11.0,1.8333333333333333
27,2,9.0,0.2,0.1125,9.0,1.5
27,3,21.0,0.4666666666666667,0.2625,21.0,3.5
27,4,13.0,0.28888888888888886,0.1625,13.0,2.1666666666666665
27,5,19.0,0.4222222222222222,0.2375,19.0,3.1666666666666665
27,6,23.0,0.5111111111111111,0.2875,23.0,3.8333333333333335
27,7,11.0,0.24444444444444444,0.1375,11.0,1.8333333333333333
27,8,16.0,0.35555555555555557,0.2,16.0,2.6666666666666665
27,9,8.0,0.17777777777777778,0.1,8.0,1.3333333333333333
27,10,23.0,0.5111111111111111,0.2875,23.0,3.8333333333333335
27,11,11.0,0.24444444444444444,0.1375,11.0,1.8333333333333333
27,12,14.0,0.3111111111111111,0.175,14.0,2.3333333333333335
27,13,9.0,0.2,0.1125,9.0,1.5
27,14,16.0,0.35555555555555557,0.2,16.0,2.6666666666666665
27,15,12.0,0.26666666666666666,0.15,12.0,2.0
27,16,14.0,0.3111111111111111,0.175,14.0,2.3333333333333335
27,17,18.0,0.4,0.225,18.0,3.0
27,18,22.0,0.4888888888888889,0.275,22.0,3.6666666666666665
27,19,17.0,0.37777777777777777,0.2125,17.0,2.8333333333333335
27,20,12.0,0.26666666666666666,0.15,12.0,2.0
27,21,13.0,0.28888888888888886,0.1625,13.0,2.1666666666666665
27,22,16.0,0.35555555555555557,0.2,16.0,2.6666666666666665
27,23,15.0,0.3333333333333333,0.1875,15.0,2.5
27,24,13.0,0.28888888888888886,0.1625,13.0,2.1666666666666665
27,25,21.0,0.4666666666666667,0.2625,21.0,3.5
27,26,9.0,0.2,0.1125,9.0,1.5
27,28,2.0,0.044444444444444446,0.025,2.0,0.3333333333333333
27,29,15.0,0.3333333333333333,0.1875,15.0,2.5
27,30,11.0,0.24444444444444444,0.1375,11.0,1.8333333333333333
27,31,20.0,0.4444444444444444,0.25,20.0,3.3333333333333335
27,32,16.0,0.35555555555555557,0.2,16.0,2.6666666666666665
27,33,2.0,0.044444444444444446,0.025,2.0,0.3333333333333333
27,34,1.0,0.022222222222222223,0.0125,1.0,0.16666666666666666
27,35,16.0,0.35555555555555557,0.2,16.0,2.6666666666666665
27,36,8.0,0.17777777777777778,0.1,8.0,1.3333333333333333
27,37,14.0,0.3111111111111111,0.175,14.0,2.3333333333333335
27,38,10.0,0.2222222222222222,0.125,10.0,1.6666666666666667
27,39,11.0,0.24444444444444444,0.1375,11.0,1.8333333333333333
27,40,10.0,0.2222222222222222,0.125,10.0,1.6666666666666667
27,41,21.0,0.4666666666666667,0.2625,21.0,3.5
27,42,1.0,0.022222222222222223,0.0125,1.0,0.16666666666666666
27,43,15.0,0.3333333333333333,0.1875,15.0,2.5
27,44,1.0,0.022222222222222223,0.0125,1.0,0.16666666666666666
27,45,14.0,0.3111111111111111,0.175,14.0,2.3333333333333335
27,46,10.0,0.2222222222222222,0.125,10.0,1.6666666666666667
28,1,10.0,0.2222222222222222,0.125,10.0,1.6666666666666667
28,2,8.0,0.17777777777777778,0.1,8.0,1.3333333333333333
28,3,20.0,0.4444444444444444,0.25,20.0,3.3333333333333335
28,4,11.0,0.24444444444444444,0.1375,11.0,1.8333333333333333
28,5,17.0,0.37777777777777777,0.2125,17.0,2.8333333333333335
28,6,21.0,0.4666666666666667,0.2625,21.0,3.5
28,7,9.0,0.2,0.1125,9.0,1.5
28,8,14.0,0.3111111111111111,0.175,14.0,2.3333333333333335
28,9,6.0,0.13333333333333333,0.075,6.0,1.0
28,10,21.0,0.4666666666666667,0.2625,21.0,3.5
28,11,10.0,0.2222222222222222,0.125,10.0,1.6666666666666667
28,12,13.0,0.28888888888888886,0.1625,13.0,2.1666666666666665
28,13,8.0,0.17777777777777778,0.1,8.0,1.3333333333333333
28,14,14.0,0.3111111111111111,0.175,14.0,2.3333333333333335
28,15,10.0,0.2222222222222222,0.125,10.0,1.6666666666666667
28,16,12.0,0.26666666666666666,0.15,12.0,2.0
28,17,16.0,0.35555555555555557,0.2,16.0,2.6666666666666665
28,18,21.0,0.4666666666666667,0.2625,21.0,3.5
28,19,15.0,0.3333333333333333,0.1875,15.0,2.5
28,20,10.0,0.2222222222222222,0.125,10.0,1.6666666666666667
28,21,11.0,0.24444444444444444,0.1375,11.0,1.8333333333333333
28,22,15.0,0.3333333333333333,0.1875,15.0,2.5
28,23,13.0,0.28888888888888886,0.1625,13.0,2.1666666666666665
28,24,12.0,0.26666666666666666,0.15,12.0,2.0
28,25,20.0,0.4444444444444444,0.25,20.0,3.3333333333333335
28,26,8.0,0.17777777777777778,0.1,8.0,1.3333333333333333
28,27,2.0,0.044444444444444446,0.025,2.0,0.3333333333333333
28,29,13.0,0.28888888888888886,0.1625,13.0,2.1666666666666665
28,30,10.0,0.2222222222222222,0.125,10.0,1.6666666666666667
28,31,19.0,0.4222222222222222,0.2375,19.0,3.1666666666666665
28,32,14.0,0.3111111111111111,0.175,14.0,2.3333333333333335
28,33,2.0,0.044444444444444446,0.025,2.0,0.3333333333333333
28,34,3.0,0.06666666666666667,0.0375,3.0,0.5
28,35,14.0,0.3111111111111111,0.175,14.0,2.3333333333333335
28,36,7.0,0.15555555555555556,0.0875,7.0,1.1666666666666667
28,37,12.0,0.26666666666666666,0.15,12.0,2.0
28,38,9.0,0.2,0.1125,9.0,1.5
28,39,10.0,0.2222222222222222,0.125,10.0,1.6666666666666667
28,40,9.0,0.2,0.1125,9.0,1.5
28,41,20.0,0.4444444444444444,0.25,20.0,3.3333333333333335
28,42,3.0,0.06666666666666667,0.0375,3.0,0.5
28,43,13.0,0.28888888888888886,0.1625,13.0,2.1666666666666665
28,44,1.0,0.022222222222222223,0.0125,1.0,0.16666666666666666
28,45,13.0,0.28888888888888886,0.1625,13.0,2.1666666666666665
28,46,8.0,0.17777777777777778,0.1,8.0,1.3333333333333333
29,1,19.0,0.4222222222222222,0.2375,19.0,3.1666666666666665
29,2,9.0,0.2,0.1125,9.0,1.5
29,3,13.0,0.28888888888888886,0.1625,13.0,2.1666666666666665
29,4,11.0,0.24444444444444444,0.1375,11.0,1.8333333333333333
29,5,10.0,0.2222222222222222,0.125,10.0,1.6666666666666667
29,6,14.0,0.3111111111111111,0.175,14.0,2.3333333333333335
29,7,11.0,0.24444444444444444,0.1375,11.0,1.8333333333333333
29,8,1.0,0.022222222222222223,0.0125,1.0,0.16666666666666666
29,9,9.0,0.2,0.1125,9.0,1.5
29,10,14.0,0.3111111111111111,0.175,14.0,2.3333333333333335
29,11,9.0,0.2,0.1125,9.0,1.5
29,12,19.0,0.4222222222222222,0.2375,19.0,3.1666666666666665
29,13,11.0,0.24444444444444444,0.1375,11.0,1.8333333333333333
29,14,1.0,0.022222222222222223,0.0125,1.0,0.16666666666666666
29,15,20.0,0.4444444444444444,0.25,20.0,3.3333333333333335
29,16,22.0,0.4888888888888889,0.275,22.0,3.6666666666666665
29,17,3.0,0.06666666666666667,0.0375,3.0,0.5
29,18,14.0,0.3111111111111111,0.175,14.0,2.3333333333333335
29,19,2.0,0.044444444444444446,0.025,2.0,0.3333333333333333
29,20,10.0,0.2222222222222222,0.125,10.0,1.6666666666666667
29,21,3.0,0.06666666666666667,0.0375,3.0,0.5
29,22,21.0,0.4666666666666667,0.2625,21.0,3.5
29,23,3.0,0.06666666666666667,0.0375,3.0,0.5
29,24,18.0,0.4,0.225,18.0,3.0
29,25,13.0,0.28888888888888886,0.1625,13.0,2.1666666666666665
29,26,21.0,0.4666666666666667,0.2625,21.0,3.5
29,27,15.0,0.3333333333333333,0.1875,15.0,2.5
29,28,13.0,0.28888888888888886,0.1625,13.0,2.1666666666666665
29,30,13.0,0.28888888888888886,0.1625,13.0,2.1666666666666665
29,31,12.0,0.26666666666666666,0.15,12.0,2.0
29,32,2.0,0.044444444444444446,0.025,2.0,0.3333333333333333
29,33,14.0,0.3111111111111111,0.175,14.0,2.3333333333333335
29,34,16.0,0.35555555555555557,0.2,16.0,2.6666666666666665
29,35,3.0,0.06666666666666667,0.0375,3.0,0.5
29,36,9.0,0.2,0.1125,9.0,1.5
29,37,4.0,0.08888888888888889,0.05,4.0,0.6666666666666666
29,38,8.0,0.17777777777777778,0.1,8.0,1.3333333333333333
29,39,23.0,0.5111111111111111,0.2875,23.0,3.8333333333333335
29,40,10.0,0.2222222222222222,0.125,10.0,1.6666666666666667
29,41,13.0,0.28888888888888886,0.1625,13.0,2.1666666666666665
29,42,14.0,0.3111111111111111,0.175,14.0,2.3333333333333335
29,43,1.0,0.022222222222222223,0.0125,1.0,0.16666666666666666
29,44,14.0,0.3111111111111111,0.175,14.0,2.3333333333333335
29,45,23.0,0.5111111111111111,0.2875,23.0,3.8333333333333335
29,46,6.0,0.13333333333333333,0.075,6.0,1.0
30,1,7.0,0.15555555555555556,0.0875,7.0,1.1666666666666667
30,2,4.0,0.08888888888888889,0.05,4.0,0.6666666666666666
30,3,14.0,0.3111111111111111,0.175,14.0,2.3333333333333335
30,4,2.0,0.044444444444444446,0.025,2.0,0.3333333333333333
30,5,9.0,0.2,0.1125,9.0,1.5
30,6,12.0,0.26666666666666666,0.15,12.0,2.0
30,7,2.0,0.044444444444444446,0.025,2.0,0.3333333333333333
30,8,14.0,0.3111111111111111,0.175,14.0,2.3333333333333335
30,9,4.0,0.08888888888888889,0.05,4.0,0.6666666666666666
30,10,12.0,0.26666666666666666,0.15,12.0,2.0
30,11,4.0,0.08888888888888889,0.05,4.0,0.6666666666666666
30,12,7.0,0.15555555555555556,0.0875,7.0,1.1666666666666667
30,13,2.0,0.044444444444444446,0.025,2.0,0.3333333333333333
30,14,13.0,0.28888888888888886,0.1625,13.0,2.1666666666666665
30,15,8.0,0.17777777777777778,0.1,8.0,1.3333333333333333
30,16,10.0,0.2222222222222222,0.125,10.0,1.6666666666666667
30,17,15.0,0.3333333333333333,0.1875,15.0,2.5
30,18,13.0,0.28888888888888886,0.1625,13.0,2.1666666666666665
30,19,15.0,0.3333333333333333,0.1875,15.0,2.5
30,20,3.0,0.06666666666666667,0.0375,3.0,0.5
30,21,11.0,0.24444444444444444,0.1375,11.0,1.8333333333333333
30,22,9.0,0.2,0.1125,9.0,1.5
30,23,12.0,0.26666666666666666,0.15,12.0,2.0
30,24,6.0,0.13333333333333333,0.075,6.0,1.0
30,25,10.0,0.2222222222222222,0.125,10.0,1.6666666666666667
30,26,9.0,0.2,0.1125,9.0,1.5
30,27,11.0,0.24444444444444444,0.1375,11.0,1.8333333333333333
30,28,10.0,0.2222222222222222,0.125,10.0,1.6666666666666667
30,29,13.0,0.28888888888888886,0.1625,13.0,2.1666666666666665
30,31,9.0,0.2,0.1125,9.0,1.5
30,32,13.0,0.28888888888888886,0.1625,13.0,2.1666666666666665
30,33,11.0,0.24444444444444444,0.1375,11.0,1.8333333333333333
30,34,10.0,0.2222222222222222,0.125,10.0,1.6666666666666667
30,35,13.0,0.28888888888888886,0.1625,13.0,2.1666666666666665
30,36,4.0,0.08888888888888889,0.05,4.0,0.6666666666666666
30,37,12.0,0.26666666666666666,0.15,12.0,2.0
30,38,5.0,0.1111111111111111,0.0625,5.0,0.8333333333333334
30,39,10.0,0.2222222222222222,0.125,10.0,1.6666666666666667
30,40,3.0,0.06666666666666667,0.0375,3.0,0.5
30,41,10.0,0.2222222222222222,0.125,10.0,1.6666666666666667
30,42,12.0,0.26666666666666666,0.15,12.0,2.0
30,43,12.0,0.26666666666666666,0.15,12.0,2.0
30,44,11.0,0.24444444444444444,0.1375,11.0,1.8333333333333333
30,45,10.0,0.2222222222222222,0.125,10.0,1.6666666666666667
30,46,7.0,0.15555555555555556,0.0875,7.0,1.1666666666666667
31,1,15.0,0.3333333333333333,0.1875,15.0,2.5
31,2,11.0,0.24444444444444444,0.1375,11.0,1.8333333333333333
31,3,6.0,0.13333333333333333,0.075,6.0,1.0
31,4,8.0,0.17777777777777778,0.1,8.0,1.3333333333333333
31,5,2.0,0.044444444444444446,0.025,2.0,0.3333333333333333
31,6,3.0,0.06666666666666667,0.0375,3.0,0.5
31,7,10.0,0.2222222222222222,0.125,10.0,1.6666666666666667
31,8,11.0,0.24444444444444444,0.1375,11.0,1.8333333333333333
31,9,13.0,0.28888888888888886,0.1625,13.0,2.1666666666666665
31,10,4.0,0.08888888888888889,0.05,4.0,0.6666666666666666
31,11,9.0,0.2,0.1125,9.0,1.5
31,12,15.0,0.3333333333333333,0.1875,15.0,2.5
31,13,11.0,0.24444444444444444,0.1375,11.0,1.8333333333333333
31,14,11.0,0.24444444444444444,0.1375,11.0,1.8333333333333333
31,15,15.0,0.3333333333333333,0.1875,15.0,2.5
31,16,17.0,0.37777777777777777,0.2125,17.0,2.8333333333333335
31,17,11.0,0.24444444444444444,0.1375,11.0,1.8333333333333333
31,18,5.0,0.1111111111111111,0.0625,5.0,0.8333333333333334
31,19,12.0,0.26666666666666666,0.15,12.0,2.0
31,20,9.0,0.2,0.1125,9.0,1.5
31,21,9.0,0.2,0.1125,9.0,1.5
31,22,16.0,0.35555555555555557,0.2,16.0,2.6666666666666665
31,23,9.0,0.2,0.1125,9.0,1.5
31,24,14.0,0.3111111111111111,0.175,14.0,2.3333333333333335
31,25,1.0,0.022222222222222223,0.0125,1.0,0.16666666666666666
31,26,16.0,0.35555555555555557,0.2,16.0,2.6666666666666665
31,27,20.0,0.4444444444444444,0.25,20.0,3.3333333333333335
31,28,19.0,0.4222222222222222,0.2375,19.0,3.1666666666666665
31,29,12.0,0.26666666666666666,0.15,12.0,2.0
31,30,9.0,0.2,0.1125,9.0,1.5
31,32,10.0,0.2222222222222222,0.125,10.0,1.6666666666666667
31,33,20.0,0.4444444444444444,0.25,20.0,3.3333333333333335
31,34,19.0,0.4222222222222222,0.2375,19.0,3.1666666666666665
31,35,9.0,0.2,0.1125,9.0,1.5
31,36,12.0,0.26666666666666666,0.15,12.0,2.0
31,37,8.0,0.17777777777777778,0.1,8.0,1.3333333333333333
31,38,10.0,0.2222222222222222,0.125,10.0,1.6666666666666667
31,39,18.0,0.4,0.225,18.0,3.0
31,40,10.0,0.2222222222222222,0.125,10.0,1.6666666666666667
31,41,3.0,0.06666666666666667,0.0375,3.0,0.5
31,42,21.0,0.4666666666666667,0.2625,21.0,3.5
31,43,11.0,0.24444444444444444,0.1375,11.0,1.8333333333333333
31,44,20.0,0.4444444444444444,0.25,20.0,3.3333333333333335
31,45,18.0,0.4,0.225,18.0,3.0
31,46,16.0,0.35555555555555557,0.2,16.0,2.6666666666666665
32,1,20.0,0.4444444444444444,0.25,20.0,3.3333333333333335
32,2,10.0,0.2222222222222222,0.125,10.0,1.6666666666666667
32,3,11.0,0.24444444444444444,0.1375,11.0,1.8333333333333333
32,4,12.0,0.26666666666666666,0.15,12.0,2.0
32,5,8.0,0.17777777777777778,0.1,8.0,1.3333333333333333
32,6,12.0,0.26666666666666666,0.15,12.0,2.0
32,7,12.0,0.26666666666666666,0.15,12.0,2.0
32,8,1.0,0.022222222222222223,0.0125,1.0,0.16666666666666666
32,9,10.0,0.2222222222222222,0.125,10.0,1.6666666666666667
32,10,12.0,0.26666666666666666,0.15,12.0,2.0
32,11,10.0,0.2222222222222222,0.125,10.0,1.6666666666666667
32,12,20.0,0.4444444444444444,0.25,20.0,3.3333333333333335
32,13,12.0,0.26666666666666666,0.15,12.0,2.0
32,14,2.0,0.044444444444444446,0.025,2.0,0.3333333333333333
32,15,21.0,0.4666666666666667,0.2625,21.0,3.5
32,16,23.0,0.5111111111111111,0.2875,23.0,3.8333333333333335
32,17,2.0,0.044444444444444446,0.025,2.0,0.3333333333333333
32,18,12.0,0.26666666666666666,0.15,12.0,2.0
32,19,2.0,0.044444444444444446,0.025,2.0,0.3333333333333333
32,20,11.0,0.24444444444444444,0.1375,11.0,1.8333333333333333
32,21,3.0,0.06666666666666667,0.0375,3.0,0.5
32,22,22.0,0.4888888888888889,0.275,22.0,3.6666666666666665
32,23,1.0,0.022222222222222223,0.0125,1.0,0.16666666666666666
32,24,19.0,0.4222222222222222,0.2375,19.0,3.1666666666666665
32,25,11.0,0.24444444444444444,0.1375,11.0,1.8333333333333333
32,26,22.0,0.4888888888888889,0.275,22.0,3.6666666666666665
32,27,16.0,0.35555555555555557,0.2,16.0,2.6666666666666665
32,28,14.0,0.3111111111111111,0.175,14.0,2.3333333333333335
32,29,2.0,0.044444444444444446,0.025,2.0,0.3333333333333333
32,30,13.0,0.28888888888888886,0.1625,13.0,2.1666666666666665
32,31,10.0,0.2222222222222222,0.125,10.0,1.6666666666666667
32,33,14.0,0.3111111111111111,0.175,14.0,2.3333333333333335
32,34,17.0,0.37777777777777777,0.2125,17.0,2.8333333333333335
32,35,1.0,0.022222222222222223,0.0125,1.0,0.16666666666666666
32,36,9.0,0.2,0.1125,9.0,1.5
32,37,2.0,0.044444444444444446,0.025,2.0,0.3333333333333333
32,38,9.0,0.2,0.1125,9.0,1.5
32,39,23.0,0.5111111111111111,0.2875,23.0,3.8333333333333335
32,40,11.0,0.24444444444444444,0.1375,11.0,1.8333333333333333
32,41,11.0,0.24444444444444444,0.1375,11.0,1.8333333333333333
32,42,15.0,0.3333333333333333,0.1875,15.0,2.5
32,43,1.0,0.022222222222222223,0.0125,1.0,0.16666666666666666
32,44,15.0,0.3333333333333333,0.1875,15.0,2.5
32,45,23.0,0.5111111111111111,0.2875,23.0,3.8333333333333335
32,46,7.0,0.15555555555555556,0.0875,7.0,1.1666666666666667
33,1,11.0,0.24444444444444444,0.1375,11.0,1.8333333333333333
33,2,9.0,0.2,0.1125,9.0,1.5
33,3,21.0,0.4666666666666667,0.2625,21.0,3.5
33,4,13.0,0.28888888888888886,0.1625,13.0,2.1666666666666665
33,5,19.0,0.4222222222222222,0.2375,19.0,3.1666666666666665
33,6,23.0,0.5111111111111111,0.2875,23.0,3.8333333333333335
33,7,11.0,0.24444444444444444,0.1375,11.0,1.8333333333333333
33,8,15.0,0.3333333333333333,0.1875,15.0,2.5
33,9,8.0,0.17777777777777778,0.1,8.0,1.3333333333333333
33,10,23.0,0.5111111111111111,0.2875,23.0,3.8333333333333335
33,11,11.0,0.24444444444444444,0.1375,11.0,1.8333333333333333
33,12,15.0,0.3333333333333333,0.1875,15.0,2.5
33,13,10.0,0.2222222222222222,0.125,10.0,1.6666666666666667
33,14,14.0,0.3111111111111111,0.175,14.0,2.3333333333333335
33,15,12.0,0.26666666666666666,0.15,12.0,2.0
33,16,14.0,0.3111111111111111,0.175,14.0,2.3333333333333335
33,17,16.0,0.35555555555555557,0.2,16.0,2.6666666666666665
33,18,22.0,0.4888888888888889,0.275,22.0,3.6666666666666665
33,19,16.0,0.35555555555555557,0.2,16.0,2.6666666666666665
33,20,12.0,0.26666666666666666,0.15,12.0,2.0
33,21,12.0,0.26666666666666666,0.15,12.0,2.0
33,22,16.0,0.35555555555555557,0.2,16.0,2.6666666666666665
33,23,13.0,0.28888888888888886,0.1625,13.0,2.1666666666666665
33,24,14.0,0.3111111111111111,0.175,14.0,2.3333333333333335
33,25,21.0,0.4666666666666667,0.2625,21.0,3.5
33,26,10.0,0.2222222222222222,0.125,10.0,1.6666666666666667
33,27,2.0,0.044444444444444446,0.025,2.0,0.3333333333333333
33,28,2.0,0.044444444444444446,0.025,2.0,0.3333333333333333
33,29,14.0,0.3111111111111111,0.175,14.0,2.3333333333333335
33,30,11.0,0.24444444444444444,0.1375,11.0,1.8333333333333333
33,31,20.0,0.4444444444444444,0.25,20.0,3.3333333333333335
33,32,14.0,0.3111111111111111,0.175,14.0,2.3333333333333335
33,34,3.0,0.06666666666666667,0.0375,3.0,0.5
33,35,14.0,0.3111111111111111,0.175,14.0,2.3333333333333335
33,36,9.0,0.2,0.1125,9.0,1.5
33,37,13.0,0.28888888888888886,0.1625,13.0,2.1666666666666665
33,38,10.0,0.2222222222222222,0.125,10.0,1.6666666666666667
33,39,11.0,0.24444444444444444,0.1375,11.0,1.8333333333333333
33,40,10.0,0.2222222222222222,0.125,10.0,1.6666666666666667
33,41,21.0,0.4666666666666667,0.2625,21.0,3.5
33,42,1.0,0.022222222222222223,0.0125,1.0,0.16666666666666666
33,43,13.0,0.28888888888888886,0.1625,13.0,2.1666666666666665
33,44,1.0,0.022222222222222223,0.0125,1.0,0.16666666666666666
33,45,15.0,0.3333333333333333,0.1875,15.0,2.5
33,46,8.0,0.17777777777777778,0.1,8.0,1.3333333333333333
34,1,10.0,0.2222222222222222,0.125,10.0,1.6666666666666667
34,2,8.0,0.17777777777777778,0.1,8.0,1.3333333333333333
34,3,20.0,0.4444444444444444,0.25,20.0,3.3333333333333335
34,4,12.0,0.26666666666666666,0.15,12.0,2.0
34,5,18.0,0.4,0.225,18.0,3.0
34,6,22.0,0.4888888888888889,0.275,22.0,3.6666666666666665
34,7,10.0,0.2222222222222222,0.125,10.0,1.6666666666666667
34,8,17.0,0.37777777777777777,0.2125,17.0,2.8333333333333335
34,9,7.0,0.15555555555555556,0.0875,7.0,1.1666666666666667
34,10,22.0,0.4888888888888889,0.275,22.0,3.6666666666666665
34,11,10.0,0.2222222222222222,0.125,10.0,1.6666666666666667
34,12,14.0,0.3111111111111111,0.175,14.0,2.3333333333333335
34,13,9.0,0.2,0.1125,9.0,1.5
34,14,16.0,0.35555555555555557,0.2,16.0,2.6666666666666665
34,15,11.0,0.24444444444444444,0.1375,11.0,1.8333333333333333
34,16,13.0,0.28888888888888886,0.1625,13.0,2.1666666666666665
34,17,19.0,0.4222222222222222,0.2375,19.0,3.1666666666666665
34,18,21.0,0.4666666666666667,0.2625,21.0,3.5
34,19,18.0,0.4,0.225,18.0,3.0
34,20,11.0,0.24444444444444444,0.1375,11.0,1.8333333333333333
34,21,14.0,0.3111111111111111,0.175,14.0,2.3333333333333335
34,22,15.0,0.3333333333333333,0.1875,15.0,2.5
34,23,16.0,0.35555555555555557,0.2,16.0,2.6666666666666665
34,24,13.0,0.28888888888888886,0.1625,13.0,2.1666666666666665
34,25,20.0,0.4444444444444444,0.25,20.0,3.3333333333333335
34,26,9.0,0.2,0.1125,9.0,1.5
34,27,1.0,0.022222222222222223,0.0125,1.0,0.16666666666666666
34,28,3.0,0.06666666666666667,0.0375,3.0,0.5
34,29,16.0,0.35555555555555557,0.2,16.0,2.6666666666666665
34,30,10.0,0.2222222222222222,0.125,10.0,1.6666666666666667
34,31,19.0,0.4222222222222222,0.2375,19.0,3.1666666666666665
34,32,17.0,0.37777777777777777,0.2125,17.0,2.8333333333333335
34,33,3.0,0.06666666666666667,0.0375,3.0,0.5
34,35,16.0,0.35555555555555557,0.2,16.0,2.6666666666666665
34,36,8.0,0.17777777777777778,0.1,8.0,1.3333333333333333
34,37,15.0,0.3333333333333333,0.1875,15.0,2.5
34,38,9.0,0.2,0.1125,9.0,1.5
34,39,10.0,0.2222222222222222,0.125,10.0,1.6666666666666667
34,40,9.0,0.2,0.1125,9.0,1.5
34,41,20.0,0.4444444444444444,0.25,20.0,3.3333333333333335
34,42,2.0,0.044444444444444446,0.025,2.0,0.3333333333333333
34,43,16.0,0.35555555555555557,0.2,16.0,2.6666666666666665
34,44,2.0,0.044444444444444446,0.025,2.0,0.3333333333333333
34,45,14.0,0.3111111111111111,0.175,14.0,2.3333333333333335
34,46,10.0,0.2222222222222222,0.125,10.0,1.6666666666666667
35,1,20.0,0.4444444444444444,0.25,20.0,3.3333333333333335
35,2,10.0,0.2222222222222222,0.125,10.0,1.6666666666666667
35,3,10.0,0.2222222222222222,0.125,10.0,1.6666666666666667
35,4,11.0,0.24444444444444444,0.1375,11.0,1.8333333333333333
35,5,7.0,0.15555555555555556,0.0875,7.0,1.1666666666666667
35,6,11.0,0.24444444444444444,0.1375,11.0,1.8333333333333333
35,7,11.0,0.24444444444444444,0.1375,11.0,1.8333333333333333
35,8,2.0,0.044444444444444446,0.025,2.0,0.3333333333333333
35,9,10.0,0.2222222222222222,0.125,10.0,1.6666666666666667
35,10,11.0,0.24444444444444444,0.1375,11.0,1.8333333333333333
35,11,10.0,0.2222222222222222,0.125,10.0,1.6666666666666667
35,12,20.0,0.4444444444444444,0.25,20.0,3.3333333333333335
35,13,11.0,0.24444444444444444,0.1375,11.0,1.8333333333333333
35,14,3.0,0.06666666666666667,0.0375,3.0,0.5
35,15,20.0,0.4444444444444444,0.25,20.0,3.3333333333333335
35,16,22.0,0.4888888888888889,0.275,22.0,3.6666666666666665
35,17,3.0,0.06666666666666667,0.0375,3.0,0.5
35,18,11.0,0.24444444444444444,0.1375,11.0,1.8333333333333333
35,19,3.0,0.06666666666666667,0.0375,3.0,0.5
35,20,10.0,0.2222222222222222,0.125,10.0,1.6666666666666667
35,21,3.0,0.06666666666666667,0.0375,3.0,0.5
35,22,21.0,0.4666666666666667,0.2625,21.0,3.5
35,23,1.0,0.022222222222222223,0.0125,1.0,0.16666666666666666
35,24,19.0,0.4222222222222222,0.2375,19.0,3.1666666666666665
35,25,10.0,0.2222222222222222,0.125,10.0,1.6666666666666667
35,26,21.0,0.4666666666666667,0.2625,21.0,3.5
35,27,16.0,0.35555555555555557,0.2,16.0,2.6666666666666665
35,28,14.0,0.3111111111111111,0.175,14.0,2.3333333333333335
35,29,3.0,0.06666666666666667,0.0375,3.0,0.5
35,30,13.0,0.28888888888888886,0.1625,13.0,2.1666666666666665
35,31,9.0,0.2,0.1125,9.0,1.5
35,32,1.0,0.022222222222222223,0.0125,1.0,0.16666666666666666
35,33,14.0,0.3111111111111111,0.175,14.0,2.3333333333333335
35,34,16.0,0.35555555555555557,0.2,16.0,2.6666666666666665
35,36,9.0,0.2,0.1125,9.0,1.5
35,37,2.0,0.044444444444444446,0.025,2.0,0.3333333333333333
35,38,9.0,0.2,0.1125,9.0,1.5
35,39,23.0,0.5111111111111111,0.2875,23.0,3.8333333333333335
35,40,11.0,0.24444444444444444,0.1375,11.0,1.8333333333333333
35,41,10.0,0.2222222222222222,0.125,10.0,1.6666666666666667
35,42,15.0,0.3333333333333333,0.1875,15.0,2.5
35,43,2.0,0.044444444444444446,0.025,2.0,0.3333333333333333
35,44,15.0,0.3333333333333333,0.1875,15.0,2.5
35,45,23.0,0.5111111111111111,0.2875,23.0,3.8333333333333335
35,46,8.0,0.17777777777777778,0.1,8.0,1.3333333333333333
36,1,11.0,0.24444444444444444,0.1375,11.0,1.8333333333333333
36,2,1.0,0.022222222222222223,0.0125,1.0,0.16666666666666666
36,3,13.0,0.28888888888888886,0.1625,13.0,2.1666666666666665
36,4,5.0,0.1111111111111111,0.0625,5.0,0.8333333333333334
36,5,11.0,0.24444444444444444,0.1375,11.0,1.8333333333333333
36,6,15.0,0.3333333333333333,0.1875,15.0,2.5
36,7,3.0,0.06666666666666667,0.0375,3.0,0.5
36,8,10.0,0.2222222222222222,0.125,10.0,1.6666666666666667
36,9,1.0,0.022222222222222223,0.0125,1.0,0.16666666666666666
36,10,15.0,0.3333333333333333,0.1875,15.0,2.5
36,11,3.0,0.06666666666666667,0.0375,3.0,0.5
36,12,11.0,0.24444444444444444,0.1375,11.0,1.8333333333333333
36,13,3.0,0.06666666666666667,0.0375,3.0,0.5
36,14,9.0,0.2,0.1125,9.0,1.5
36,15,12.0,0.26666666666666666,0.15,12.0,2.0
36,16,14.0,0.3111111111111111,0.175,14.0,2.3333333333333335
36,17,11.0,0.24444444444444444,0.1375,11.0,1.8333333333333333
36,18,14.0,0.3111111111111111,0.175,14.0,2.3333333333333335
36,19,11.0,0.24444444444444444,0.1375,11.0,1.8333333333333333
36,20,4.0,0.08888888888888889,0.05,4.0,0.6666666666666666
36,21,7.0,0.15555555555555556,0.0875,7.0,1.1666666666666667
36,22,13.0,0.28888888888888886,0.1625,13.0,2.1666666666666665
36,23,8.0,0.17777777777777778,0.1,8.0,1.3333333333333333
36,24,10.0,0.2222222222222222,0.125,10.0,1.6666666666666667
36,25,13.0,0.28888888888888886,0.1625,13.0,2.1666666666666665
36,26,13.0,0.28888888888888886,0.1625,13.0,2.1666666666666665
36,27,8.0,0.17777777777777778,0.1,8.0,1.3333333333333333
36,28,7.0,0.15555555555555556,0.0875,7.0,1.1666666666666667
36,29,9.0,0.2,0.1125,9.0,1.5
36,30,4.0,0.08888888888888889,0.05,4.0,0.6666666666666666
36,31,12.0,0.26666666666666666,0.15,12.0,2.0
36,32,9.0,0.2,0.1125,9.0,1.5
36,33,9.0,0.2,0.1125,9.0,1.5
36,34,8.0,0.17777777777777778,0.1,8.0,1.3333333333333333
36,35,9.0,0.2,0.1125,9.0,1.5
36,37,8.0,0.17777777777777778,0.1,8.0,1.3333333333333333
36,38,2.0,0.044444444444444446,0.025,2.0,0.3333333333333333
36,39,14.0,0.3111111111111111,0.175,14.0,2.3333333333333335
36,40,2.0,0.044444444444444446,0.025,2.0,0.3333333333333333
36,41,13.0,0.28888888888888886,0.1625,13.0,2.1666666666666665
36,42,9.0,0.2,0.1125,9.0,1.5
36,43,8.0,0.17777777777777778,0.1,8.0,1.3333333333333333
36,44,8.0,0.17777777777777778,0.1,8.0,1.3333333333333333
36,45,14.0,0.3111111111111111,0.175,14.0,2.3333333333333335
36,46,4.0,0.08888888888888889,0.05,4.0,0.6666666666666666
37,1,18.0,0.4,0.225,18.0,3.0
37,2,8.0,0.17777777777777778,0.1,8.0,1.3333333333333333
37,3,9.0,0.2,0.1125,9.0,1.5
37,4,10.0,0.2222222222222222,0.125,10.0,1.6666666666666667
37,5,7.0,0.15555555555555556,0.0875,7.0,1.1666666666666667
37,6,11.0,0.24444444444444444,0.1375,11.0,1.8333333333333333
37,7,10.0,0.2222222222222222,0.125,10.0,1.6666666666666667
37,8,3.0,0.06666666666666667,0.0375,3.0,0.5
37,9,8.0,0.17777777777777778,0.1,8.0,1.3333333333333333
37,10,11.0,0.24444444444444444,0.1375,11.0,1.8333333333333333
37,11,8.0,0.17777777777777778,0.1,8.0,1.3333333333333333
37,12,18.0,0.4,0.225,18.0,3.0
37,13,10.0,0.2222222222222222,0.125,10.0,1.6666666666666667
37,14,4.0,0.08888888888888889,0.05,4.0,0.6666666666666666
37,15,19.0,0.4222222222222222,0.2375,19.0,3.1666666666666665
37,16,21.0,0.4666666666666667,0.2625,21.0,3.5
37,17,4.0,0.08888888888888889,0.05,4.0,0.6666666666666666
37,18,10.0,0.2222222222222222,0.125,10.0,1.6666666666666667
37,19,4.0,0.08888888888888889,0.05,4.0,0.6666666666666666
37,20,9.0,0.2,0.1125,9.0,1.5
37,21,1.0,0.022222222222222223,0.0125,1.0,0.16666666666666666
37,22,20.0,0.4444444444444444,0.25,20.0,3.3333333333333335
37,23,2.0,0.044444444444444446,0.025,2.0,0.3333333333333333
37,24,17.0,0.37777777777777777,0.2125,17.0,2.8333333333333335
37,25,9.0,0.2,0.1125,9.0,1.5
37,26,20.0,0.4444444444444444,0.25,20.0,3.3333333333333335
37,27,14.0,0.3111111111111111,0.175,14.0,2.3333333333333335
37,28,12.0,0.26666666666666666,0.15,12.0,2.0
37,29,4.0,0.08888888888888889,0.05,4.0,0.6666666666666666
37,30,12.0,0.26666666666666666,0.15,12.0,2.0
37,31,8.0,0.17777777777777778,0.1,8.0,1.3333333333333333
37,32,2.0,0.044444444444444446,0.025,2.0,0.3333333333333333
37,33,13.0,0.28888888888888886,0.1625,13.0,2.1666666666666665
37,34,15.0,0.3333333333333333,0.1875,15.0,2.5
37,35,2.0,0.044444444444444446,0.025,2.0,0.3333333333333333
37,36,8.0,0.17777777777777778,0.1,8.0,1.3333333333333333
37,38,7.0,0.15555555555555556,0.0875,7.0,1.1666666666666667
37,39,22.0,0.4888888888888889,0.275,22.0,3.6666666666666665
37,40,9.0,0.2,0.1125,9.0,1.5
37,41,9.0,0.2,0.1125,9.0,1.5
37,42,13.0,0.28888888888888886,0.1625,13.0,2.1666666666666665
37,43,3.0,0.06666666666666667,0.0375,3.0,0.5
37,44,13.0,0.28888888888888886,0.1625,13.0,2.1666666666666665
37,45,22.0,0.4888888888888889,0.275,22.0,3.6666666666666665
37,46,8.0,0.17777777777777778,0.1,8.0,1.3333333333333333
38,1,11.0,0.24444444444444444,0.1375,11.0,1.8333333333333333
38,2,1.0,0.022222222222222223,0.0125,1.0,0.16666666666666666
38,3,11.0,0.24444444444444444,0.1375,11.0,1.8333333333333333
38,4,3.0,0.06666666666666667,0.0375,3.0,0.5
38,5,9.0,0.2,0.1125,9.0,1.5
38,6,13.0,0.28888888888888886,0.1625,13.0,2.1666666666666665
38,7,3.0,0.06666666666666667,0.0375,3.0,0.5
38,8,9.0,0.2,0.1125,9.0,1.5
38,9,3.0,0.06666666666666667,0.0375,3.0,0.5
38,10,13.0,0.28888888888888886,0.1625,13.0,2.1666666666666665
38,11,1.0,0.022222222222222223,0.0125,1.0,0.16666666666666666
38,12,11.0,0.24444444444444444,0.1375,11.0,1.8333333333333333
38,13,3.0,0.06666666666666667,0.0375,3.0,0.5
38,14,9.0,0.2,0.1125,9.0,1.5
38,15,12.0,0.26666666666666666,0.15,12.0,2.0
38,16,14.0,0.3111111111111111,0.175,14.0,2.3333333333333335
38,17,11.0,0.24444444444444444,0.1375,11.0,1.8333333333333333
38,18,12.0,0.26666666666666666,0.15,12.0,2.0
38,19,10.0,0.2222222222222222,0.125,10.0,1.6666666666666667
38,20,2.0,0.044444444444444446,0.025,2.0,0.3333333333333333
38,21,6.0,0.13333333333333333,0.075,6.0,1.0
38,22,13.0,0.28888888888888886,0.1625,13.0,2.1666666666666665
38,23,8.0,0.17777777777777778,0.1,8.0,1.3333333333333333
38,24,10.0,0.2222222222222222,0.125,10.0,1.6666666666666667
38,25,11.0,0.24444444444444444,0.1375,11.0,1.8333333333333333
38,26,13.0,0.28888888888888886,0.1625,13.0,2.1666666666666665
38,27,10.0,0.2222222222222222,0.125,10.0,1.6666666666666667
38,28,9.0,0.2,0.1125,9.0,1.5
38,29,8.0,0.17777777777777778,0.1,8.0,1.3333333333333333
38,30,5.0,0.1111111111111111,0.0625,5.0,0.8333333333333334
38,31,10.0,0.2222222222222222,0.125,10.0,1.6666666666666667
38,32,9.0,0.2,0.1125,9.0,1.5
38,33,10.0,0.2222222222222222,0.125,10.0,1.6666666666666667
38,34,9.0,0.2,0.1125,9.0,1.5
38,35,9.0,0.2,0.1125,9.0,1.5
38,36,2.0,0.044444444444444446,0.025,2.0,0.3333333333333333
38,37,7.0,0.15555555555555556,0.0875,7.0,1.1666666666666667
38,39,15.0,0.3333333333333333,0.1875,15.0,2.5
38,40,2.0,0.044444444444444446,0.025,2.0,0.3333333333333333
38,41,11.0,0.24444444444444444,0.1375,11.0,1.8333333333333333
38,42,11.0,0.24444444444444444,0.1375,11.0,1.8333333333333333
38,43,8.0,0.17777777777777778,0.1,8.0,1.3333333333333333
38,44,10.0,0.2222222222222222,0.125,10.0,1.6666666666666667
38,45,15.0,0.3333333333333333,0.1875,15.0,2.5
38,46,6.0,0.13333333333333333,0.075,6.0,1.0
39,1,4.0,0.08888888888888889,0.05,4.0,0.6666666666666666
39,2,14.0,0.3111111111111111,0.175,14.0,2.3333333333333335
39,3,24.0,0.5333333333333333,0.3,24.0,4.0
39,4,12.0,0.26666666666666666,0.15,12.0,2.0
39,5,19.0,0.4222222222222222,0.2375,19.0,3.1666666666666665
39,6,19.0,0.4222222222222222,0.2375,19.0,3.1666666666666665
39,7,12.0,0.26666666666666666,0.15,12.0,2.0
39,8,24.0,0.5333333333333333,0.3,24.0,4.0
39,9,14.0,0.3111111111111111,0.175,14.0,2.3333333333333335
39,10,22.0,0.4888888888888889,0.275,22.0,3.6666666666666665
39,11,14.0,0.3111111111111111,0.175,14.0,2.3333333333333335
39,12,4.0,0.08888888888888889,0.05,4.0,0.6666666666666666
39,13,12.0,0.26666666666666666,0.15,12.0,2.0
39,14,23.0,0.5111111111111111,0.2875,23.0,3.8333333333333335
39,15,3.0,0.06666666666666667,0.0375,3.0,0.5
39,16,3.0,0.06666666666666667,0.0375,3.0,0.5
39,17,25.0,0.5555555555555556,0.3125,25.0,4.166666666666667
39,18,23.0,0.5111111111111111,0.2875,23.0,3.8333333333333335
39,19,25.0,0.5555555555555556,0.3125,25.0,4.166666666666667
39,20,13.0,0.28888888888888886,0.1625,13.0,2.1666666666666665
39,21,21.0,0.4666666666666667,0.2625,21.0,3.5
39,22,5.0,0.1111111111111111,0.0625,5.0,0.8333333333333334
39,23,22.0,0.4888888888888889,0.275,22.0,3.6666666666666665
39,24,5.0,0.1111111111111111,0.0625,5.0,0.8333333333333334
39,25,17.0,0.37777777777777777,0.2125,17.0,2.8333333333333335
39,26,2.0,0.044444444444444446,0.025,2.0,0.3333333333333333
39,27,11.0,0.24444444444444444,0.1375,11.0,1.8333333333333333
39,28,10.0,0.2222222222222222,0.125,10.0,1.6666666666666667
39,29,23.0,0.5111111111111111,0.2875,23.0,3.8333333333333335
39,30,10.0,0.2222222222222222,0.125,10.0,1.6666666666666667
39,31,18.0,0.4,0.225,18.0,3.0
39,32,23.0,0.5111111111111111,0.2875,23.0,3.8333333333333335
39,33,11.0,0.24444444444444444,0.1375,11.0,1.8333333333333333
39,34,10.0,0.2222222222222222,0.125,10.0,1.6666666666666667
39,35,23.0,0.5111111111111111,0.2875,23.0,3.8333333333333335
39,36,14.0,0.3111111111111111,0.175,14.0,2.3333333333333335
39,37,22.0,0.4888888888888889,0.275,22.0,3.6666666666666665
39,38,15.0,0.3333333333333333,0.1875,15.0,2.5
39,40,13.0,0.28888888888888886,0.1625,13.0,2.1666666666666665
39,41,20.0,0.4444444444444444,0.25,20.0,3.3333333333333335
39,42,12.0,0.26666666666666666,0.15,12.0,2.0
39,43,22.0,0.4888888888888889,0.275,22.0,3.6666666666666665
39,44,11.0,0.24444444444444444,0.1375,11.0,1.8333333333333333
39,45,4.0,0.08888888888888889,0.05,4.0,0.6666666666666666
39,46,17.0,0.37777777777777777,0.2125,17.0,2.8333333333333335
40,1,9.0,0.2,0.1125,9.0,1.5
40,2,1.0,0.022222222222222223,0.0125,1.0,0.16666666666666666
40,3,11.0,0.24444444444444444,0.1375,11.0,1.8333333333333333
40,4,3.0,0.06666666666666667,0.0375,3.0,0.5
40,5,9.0,0.2,0.1125,9.0,1.5
40,6,13.0,0.28888888888888886,0.1625,13.0,2.1666666666666665
40,7,1.0,0.022222222222222223,0.0125,1.0,0.16666666666666666
40,8,11.0,0.24444444444444444,0.1375,11.0,1.8333333333333333
40,9,3.0,0.06666666666666667,0.0375,3.0,0.5
40,10,13.0,0.28888888888888886,0.1625,13.0,2.1666666666666665
40,11,1.0,0.022222222222222223,0.0125,1.0,0.16666666666666666
40,12,9.0,0.2,0.1125,9.0,1.5
40,13,1.0,0.022222222222222223,0.0125,1.0,0.16666666666666666
40,14,11.0,0.24444444444444444,0.1375,11.0,1.8333333333333333
40,15,10.0,0.2222222222222222,0.125,10.0,1.6666666666666667
40,16,12.0,0.26666666666666666,0.15,12.0,2.0
40,17,13.0,0.28888888888888886,0.1625,13.0,2.1666666666666665
40,18,12.0,0.26666666666666666,0.15,12.0,2.0
40,19,12.0,0.26666666666666666,0.15,12.0,2.0
40,20,2.0,0.044444444444444446,0.025,2.0,0.3333333333333333
40,21,8.0,0.17777777777777778,0.1,8.0,1.3333333333333333
40,22,11.0,0.24444444444444444,0.1375,11.0,1.8333333333333333
40,23,10.0,0.2222222222222222,0.125,10.0,1.6666666666666667
40,24,8.0,0.17777777777777778,0.1,8.0,1.3333333333333333
40,25,11.0,0.24444444444444444,0.1375,11.0,1.8333333333333333
40,26,11.0,0.24444444444444444,0.1375,11.0,1.8333333333333333
40,27,10.0,0.2222222222222222,0.125,10.0,1.6666666666666667
40,28,9.0,0.2,0.1125,9.0,1.5
40,29,10.0,0.2222222222222222,0.125,10.0,1.6666666666666667
40,30,3.0,0.06666666666666667,0.0375,3.0,0.5
40,31,10.0,0.2222222222222222,0.125,10.0,1.6666666666666667
40,32,11.0,0.24444444444444444,0.1375,11.0,1.8333333333333333
40,33,10.0,0.2222222222222222,0.125,10.0,1.6666666666666667
40,34,9.0,0.2,0.1125,9.0,1.5
40,35,11.0,0.24444444444444444,0.1375,11.0,1.8333333333333333
40,36,2.0,0.044444444444444446,0.025,2.0,0.3333333333333333
40,37,9.0,0.2,0.1125,9.0,1.5
40,38,2.0,0.044444444444444446,0.025,2.0,0.3333333333333333
40,39,13.0,0.28888888888888886,0.1625,13.0,2.1666666666666665
40,41,11.0,0.24444444444444444,0.1375,11.0,1.8333333333333333
40,42,11.0,0.24444444444444444,0.1375,11.0,1.8333333333333333
40,43,10.0,0.2222222222222222,0.125,10.0,1.6666666666666667
40,44,10.0,0.2222222222222222,0.125,10.0,1.6666666666666667
40,45,13.0,0.28888888888888886,0.1625,13.0,2.1666666666666665
40,46,6.0,0.13333333333333333,0.075,6.0,1.0
41,1,17.0,0.37777777777777777,0.2125,17.0,2.8333333333333335
41,2,12.0,0.26666666666666666,0.15,12.0,2.0
41,3,4.0,0.08888888888888889,0.05,4.0,0.6666666666666666
41,4,9.0,0.2,0.1125,9.0,1.5
41,5,3.0,0.06666666666666667,0.0375,3.0,0.5
41,6,2.0,0.044444444444444446,0.025,2.0,0.3333333333333333
41,7,11.0,0.24444444444444444,0.1375,11.0,1.8333333333333333
41,8,12.0,0.26666666666666666,0.15,12.0,2.0
41,9,14.0,0.3111111111111111,0.175,14.0,2.3333333333333335
41,10,2.0,0.044444444444444446,0.025,2.0,0.3333333333333333
41,11,10.0,0.2222222222222222,0.125,10.0,1.6666666666666667
41,12,17.0,0.37777777777777777,0.2125,17.0,2.8333333333333335
41,13,12.0,0.26666666666666666,0.15,12.0,2.0
41,14,12.0,0.26666666666666666,0.15,12.0,2.0
41,15,18.0,0.4,0.225,18.0,3.0
41,16,20.0,0.4444444444444444,0.25,20.0,3.3333333333333335
41,17,12.0,0.26666666666666666,0.15,12.0,2.0
41,18,3.0,0.06666666666666667,0.0375,3.0,0.5
41,19,13.0,0.28888888888888886,0.1625,13.0,2.1666666666666665
41,20,10.0,0.2222222222222222,0.125,10.0,1.6666666666666667
41,21,10.0,0.2222222222222222,0.125,10.0,1.6666666666666667
41,22,19.0,0.4222222222222222,0.2375,19.0,3.1666666666666665
41,23,10.0,0.2222222222222222,0.125,10.0,1.6666666666666667
41,24,16.0,0.35555555555555557,0.2,16.0,2.6666666666666665
41,25,4.0,0.08888888888888889,0.05,4.0,0.6666666666666666
41,26,19.0,0.4222222222222222,0.2375,19.0,3.1666666666666665
41,27,21.0,0.4666666666666667,0.2625,21.0,3.5
41,28,20.0,0.4444444444444444,0.25,20.0,3.3333333333333335
41,29,13.0,0.28888888888888886,0.1625,13.0,2.1666666666666665
41,30,10.0,0.2222222222222222,0.125,10.0,1.6666666666666667
41,31,3.0,0.06666666666666667,0.0375,3.0,0.5
41,32,11.0,0.24444444444444444,0.1375,11.0,1.8333333333333333
41,33,21.0,0.4666666666666667,0.2625,21.0,3.5
41,34,20.0,0.4444444444444444,0.25,20.0,3.3333333333333335
41,35,10.0,0.2222222222222222,0.125,10.0,1.6666666666666667
41,36,13.0,0.28888888888888886,0.1625,13.0,2.1666666666666665
41,37,9.0,0.2,0.1125,9.0,1.5
41,38,11.0,0.24444444444444444,0.1375,11.0,1.8333333333333333
41,39,20.0,0.4444444444444444,0.25,20.0,3.3333333333333335
41,40,11.0,0.24444444444444444,0.1375,11.0,1.8333333333333333
41,42,22.0,0.4888888888888889,0.275,22.0,3.6666666666666665
41,43,12.0,0.26666666666666666,0.15,12.0,2.0
41,44,21.0,0.4666666666666667,0.2625,21.0,3.5
41,45,20.0,0.4444444444444444,0.25,20.0,3.3333333333333335
41,46,17.0,0.37777777777777777,0.2125,17.0,2.8333333333333335
42,1,12.0,0.26666666666666666,0.15,12.0,2.0
42,2,10.0,0.2222222222222222,0.125,10.0,1.6666666666666667
42,3,22.0,0.4888888888888889,0.275,22.0,3.6666666666666665
42,4,14.0,0.3111111111111111,0.175,14.0,2.3333333333333335
42,5,20.0,0.4444444444444444,0.25,20.0,3.3333333333333335
42,6,24.0,0.5333333333333333,0.3,24.0,4.0
42,7,12.0,0.26666666666666666,0.15,12.0,2.0
42,8,15.0,0.3333333333333333,0.1875,15.0,2.5
42,9,9.0,0.2,0.1125,9.0,1.5
42,10,24.0,0.5333333333333333,0.3,24.0,4.0
42,11,12.0,0.26666666666666666,0.15,12.0,2.0
42,12,15.0,0.3333333333333333,0.1875,15.0,2.5
42,13,10.0,0.2222222222222222,0.125,10.0,1.6666666666666667
42,14,15.0,0.3333333333333333,0.1875,15.0,2.5
42,15,13.0,0.28888888888888886,0.1625,13.0,2.1666666666666665
42,16,15.0,0.3333333333333333,0.1875,15.0,2.5
42,17,17.0,0.37777777777777777,0.2125,17.0,2.8333333333333335
42,18,23.0,0.5111111111111111,0.2875,23.0,3.8333333333333335
42,19,16.0,0.35555555555555557,0.2,16.0,2.6666666666666665
42,20,13.0,0.28888888888888886,0.1625,13.0,2.1666666666666665
42,21,12.0,0.26666666666666666,0.15,12.0,2.0
42,22,17.0,0.37777777777777777,0.2125,17.0,2.8333333333333335
42,23,14.0,0.3111111111111111,0.175,14.0,2.3333333333333335
42,24,14.0,0.3111111111111111,0.175,14.0,2.3333333333333335
42,25,22.0,0.4888888888888889,0.275,22.0,3.6666666666666665
42,26,10.0,0.2222222222222222,0.125,10.0,1.6666666666666667
42,27,1.0,0.022222222222222223,0.0125,1.0,0.16666666666666666
42,28,3.0,0.06666666666666667,0.0375,3.0,0.5
42,29,14.0,0.3111111111111111,0.175,14.0,2.3333333333333335
42,30,12.0,0.26666666666666666,0.15,12.0,2.0
42,31,21.0,0.4666666666666667,0.2625,21.0,3.5
42,32,15.0,0.3333333333333333,0.1875,15.0,2.5
42,33,1.0,0.022222222222222223,0.0125,1.0,0.16666666666666666
42,34,2.0,0.044444444444444446,0.025,2.0,0.3333333333333333
42,35,15.0,0.3333333333333333,0.1875,15.0,2.5
42,36,9.0,0.2,0.1125,9.0,1.5
42,37,13.0,0.28888888888888886,0.1625,13.0,2.1666666666666665
42,38,11.0,0.24444444444444444,0.1375,11.0,1.8333333333333333
42,39,12.0,0.26666666666666666,0.15,12.0,2.0
42,40,11.0,0.24444444444444444,0.1375,11.0,1.8333333333333333
42,41,22.0,0.4888888888888889,0.275,22.0,3.6666666666666665
42,43,14.0,0.3111111111111111,0.175,14.0,2.3333333333333335
42,44,2.0,0.044444444444444446,0.025,2.0,0.3333333333333333
42,45,15.0,0.3333333333333333,0.1875,15.0,2.5
42,46,9.0,0.2,0.1125,9.0,1.5
43,1,19.0,0.4222222222222222,0.2375,19.0,3.1666666666666665
43,2,9.0,0.2,0.1125,9.0,1.5
43,3,12.0,0.26666666666666666,0.15,12.0,2.0
43,4,11.0,0.24444444444444444,0.1375,11.0,1.8333333333333333
43,5,9.0,0.2,0.1125,9.0,1.5
43,6,13.0,0.28888888888888886,0.1625,13.0,2.1666666666666665
43,7,11.0,0.24444444444444444,0.1375,11.0,1.8333333333333333
43,8,2.0,0.044444444444444446,0.025,2.0,0.3333333333333333
43,9,9.0,0.2,0.1125,9.0,1.5
43,10,13.0,0.28888888888888886,0.1625,13.0,2.1666666666666665
43,11,9.0,0.2,0.1125,9.0,1.5
43,12,19.0,0.4222222222222222,0.2375,19.0,3.1666666666666665
43,13,11.0,0.24444444444444444,0.1375,11.0,1.8333333333333333
43,14,1.0,0.022222222222222223,0.0125,1.0,0.16666666666666666
43,15,20.0,0.4444444444444444,0.25,20.0,3.3333333333333335
43,16,22.0,0.4888888888888889,0.275,22.0,3.6666666666666665
43,17,3.0,0.06666666666666667,0.0375,3.0,0.5
43,18,13.0,0.28888888888888886,0.1625,13.0,2.1666666666666665
43,19,3.0,0.06666666666666667,0.0375,3.0,0.5
43,20,10.0,0.2222222222222222,0.125,10.0,1.6666666666666667
43,21,2.0,0.044444444444444446,0.025,2.0,0.3333333333333333
43,22,21.0,0.4666666666666667,0.2625,21.0,3.5
43,23,2.0,0.044444444444444446,0.025,2.0,0.3333333333333333
43,24,18.0,0.4,0.225,18.0,3.0
43,25,12.0,0.26666666666666666,0.15,12.0,2.0
43,26,21.0,0.4666666666666667,0.2625,21.0,3.5
43,27,15.0,0.3333333333333333,0.1875,15.0,2.5
43,28,13.0,0.28888888888888886,0.1625,13.0,2.1666666666666665
43,29,1.0,0.022222222222222223,0.0125,1.0,0.16666666666666666
43,30,12.0,0.26666666666666666,0.15,12.0,2.0
43,31,11.0,0.24444444444444444,0.1375,11.0,1.8333333333333333
43,32,1.0,0.022222222222222223,0.0125,1.0,0.16666666666666666
43,33,13.0,0.28888888888888886,0.1625,13.0,2.1666666666666665
43,34,16.0,0.35555555555555557,0.2,16.0,2.6666666666666665
43,35,2.0,0.044444444444444446,0.025,2.0,0.3333333333333333
43,36,8.0,0.17777777777777778,0.1,8.0,1.3333333333333333
43,37,3.0,0.06666666666666667,0.0375,3.0,0.5
43,38,8.0,0.17777777777777778,0.1,8.0,1.3333333333333333
43,39,22.0,0.4888888888888889,0.275,22.0,3.6666666666666665
43,40,10.0,0.2222222222222222,0.125,10.0,1.6666666666666667
43,41,12.0,0.26666666666666666,0.15,12.0,2.0
43,42,14.0,0.3111111111111111,0.175,14.0,2.3333333333333335
43,44,14.0,0.3111111111111111,0.175,14.0,2.3333333333333335
43,45,22.0,0.4888888888888889,0.275,22.0,3.6666666666666665
43,46,6.0,0.13333333333333333,0.075,6.0,1.0
44,1,11.0,0.24444444444444444,0.1375,11.0,1.8333333333333333
44,2,9.0,0.2,0.1125,9.0,1.5
44,3,21.0,0.4666666666666667,0.2625,21.0,3.5
44,4,12.0,0.26666666666666666,0.15,12.0,2.0
44,5,18.0,0.4,0.225,18.0,3.0
44,6,22.0,0.4888888888888889,0.275,22.0,3.6666666666666665
44,7,10.0,0.2222222222222222,0.125,10.0,1.6666666666666667
44,8,15.0,0.3333333333333333,0.1875,15.0,2.5
44,9,7.0,0.15555555555555556,0.0875,7.0,1.1666666666666667
44,10,22.0,0.4888888888888889,0.275,22.0,3.6666666666666665
44,11,11.0,0.24444444444444444,0.1375,11.0,1.8333333333333333
44,12,14.0,0.3111111111111111,0.175,14.0,2.3333333333333335
44,13,9.0,0.2,0.1125,9.0,1.5
44,14,15.0,0.3333333333333333,0.1875,15.0,2.5
44,15,11.0,0.24444444444444444,0.1375,11.0,1.8333333333333333
44,16,13.0,0.28888888888888886,0.1625,13.0,2.1666666666666665
44,17,17.0,0.37777777777777777,0.2125,17.0,2.8333333333333335
44,18,22.0,0.4888888888888889,0.275,22.0,3.6666666666666665
44,19,16.0,0.35555555555555557,0.2,16.0,2.6666666666666665
44,20,11.0,0.24444444444444444,0.1375,11.0,1.8333333333333333
44,21,12.0,0.26666666666666666,0.15,12.0,2.0
44,22,16.0,0.35555555555555557,0.2,16.0,2.6666666666666665
44,23,14.0,0.3111111111111111,0.175,14.0,2.3333333333333335
44,24,13.0,0.28888888888888886,0.1625,13.0,2.1666666666666665
44,25,21.0,0.4666666666666667,0.2625,21.0,3.5
44,26,9.0,0.2,0.1125,9.0,1.5
44,27,1.0,0.022222222222222223,0.0125,1.0,0.16666666666666666
44,28,1.0,0.022222222222222223,0.0125,1.0,0.16666666666666666
44,29,14.0,0.3111111111111111,0.175,14.0,2.3333333333333335
44,30,11.0,0.24444444444444444,0.1375,11.0,1.8333333333333333
44,31,20.0,0.4444444444444444,0.25,20.0,3.3333333333333335
44,32,15.0,0.3333333333333333,0.1875,15.0,2.5
44,33,1.0,0.022222222222222223,0.0125,1.0,0.16666666666666666
44,34,2.0,0.044444444444444446,0.025,2.0,0.3333333333333333
44,35,15.0,0.3333333333333333,0.1875,15.0,2.5
44,36,8.0,0.17777777777777778,0.1,8.0,1.3333333333333333
44,37,13.0,0.28888888888888886,0.1625,13.0,2.1666666666666665
44,38,10.0,0.2222222222222222,0.125,10.0,1.6666666666666667
44,39,11.0,0.24444444444444444,0.1375,11.0,1.8333333333333333
44,40,10.0,0.2222222222222222,0.125,10.0,1.6666666666666667
44,41,21.0,0.4666666666666667,0.2625,21.0,3.5
44,42,2.0,0.044444444444444446,0.025,2.0,0.3333333333333333
44,43,14.0,0.3111111111111111,0.175,14.0,2.3333333333333335
44,45,14.0,0.3111111111111111,0.175,14.0,2.3333333333333335
44,46,9.0,0.2,0.1125,9.0,1.5
45,1,4.0,0.08888888888888889,0.05,4.0,0.6666666666666666
45,2,14.0,0.3111111111111111,0.175,14.0,2.3333333333333335
45,3,24.0,0.5333333333333333,0.3,24.0,4.0
45,4,12.0,0.26666666666666666,0.15,12.0,2.0
45,5,19.0,0.4222222222222222,0.2375,19.0,3.1666666666666665
45,6,19.0,0.4222222222222222,0.2375,19.0,3.1666666666666665
45,7,12.0,0.26666666666666666,0.15,12.0,2.0
45,8,24.0,0.5333333333333333,0.3,24.0,4.0
45,9,14.0,0.3111111111111111,0.175,14.0,2.3333333333333335
45,10,22.0,0.4888888888888889,0.275,22.0,3.6666666666666665
45,11,14.0,0.3111111111111111,0.175,14.0,2.3333333333333335
45,12,4.0,0.08888888888888889,0.05,4.0,0.6666666666666666
45,13,12.0,0.26666666666666666,0.15,12.0,2.0
45,14,23.0,0.5111111111111111,0.2875,23.0,3.8333333333333335
45,15,3.0,0.06666666666666667,0.0375,3.0,0.5
45,16,1.0,0.022222222222222223,0.0125,1.0,0.16666666666666666
45,17,25.0,0.5555555555555556,0.3125,25.0,4.166666666666667
45,18,23.0,0.5111111111111111,0.2875,23.0,3.8333333333333335
45,19,25.0,0.5555555555555556,0.3125,25.0,4.166666666666667
45,20,13.0,0.28888888888888886,0.1625,13.0,2.1666666666666665
45,21,21.0,0.4666666666666667,0.2625,21.0,3.5
45,22,2.0,0.044444444444444446,0.025,2.0,0.3333333333333333
45,23,22.0,0.4888888888888889,0.275,22.0,3.6666666666666665
45,24,5.0,0.1111111111111111,0.0625,5.0,0.8333333333333334
45,25,17.0,0.37777777777777777,0.2125,17.0,2.8333333333333335
45,26,5.0,0.1111111111111111,0.0625,5.0,0.8333333333333334
45,27,14.0,0.3111111111111111,0.175,14.0,2.3333333333333335
45,28,13.0,0.28888888888888886,0.1625,13.0,2.1666666666666665
45,29,23.0,0.5111111111111111,0.2875,23.0,3.8333333333333335
45,30,10.0,0.2222222222222222,0.125,10.0,1.6666666666666667
45,31,18.0,0.4,0.225,18.0,3.0
45,32,23.0,0.5111111111111111,0.2875,23.0,3.8333333333333335
45,33,15.0,0.3333333333333333,0.1875,15.0,2.5
45,34,14.0,0.3111111111111111,0.175,14.0,2.3333333333333335
45,35,23.0,0.5111111111111111,0.2875,23.0,3.8333333333333335
45,36,14.0,0.3111111111111111,0.175,14.0,2.3333333333333335
45,37,22.0,0.4888888888888889,0.275,22.0,3.6666666666666665
45,38,15.0,0.3333333333333333,0.1875,15.0,2.5
45,39,4.0,0.08888888888888889,0.05,4.0,0.6666666666666666
45,40,13.0,0.28888888888888886,0.1625,13.0,2.1666666666666665
45,41,20.0,0.4444444444444444,0.25,20.0,3.3333333333333335
45,42,15.0,0.3333333333333333,0.1875,15.0,2.5
45,43,22.0,0.4888888888888889,0.275,22.0,3.6666666666666665
45,44,14.0,0.3111111111111111,0.175,14.0,2.3333333333333335
45,46,17.0,0.37777777777777777,0.2125,17.0,2.8333333333333335
