i,j,distance,truck_time,drone_time,robot_distance,robot_time
0,1,4.0,0.08888888888888889,0.05,4.0,0.6666666666666666
0,2,18.0,0.4,0.225,18.0,3.0
0,3,8.0,0.17777777777777778,0.1,8.0,1.3333333333333333
0,4,7.0,0.15555555555555556,0.0875,7.0,1.1666666666666667
0,5,8.0,0.17777777777777778,0.1,8.0,1.3333333333333333
0,6,9.0,0.2,0.1125,9.0,1.5
0,7,5.0,0.1111111111111111,0.0625,5.0,0.8333333333333334
0,8,10.0,0.2222222222222222,0.125,10.0,1.6666666666666667
0,9,7.0,0.15555555555555556,0.0875,7.0,1.1666666666666667
0,10,8.0,0.17777777777777778,0.1,8.0,1.3333333333333333
0,11,10.0,0.2222222222222222,0.125,10.0,1.6666666666666667
0,12,7.0,0.15555555555555556,0.0875,7.0,1.1666666666666667
0,13,7.0,0.15555555555555556,0.0875,7.0,1.1666666666666667
0,14,16.0,0.35555555555555557,0.2,16.0,2.6666666666666665
0,15,15.0,0.3333333333333333,0.1875,15.0,2.5
0,16,17.0,0.37777777777777777,0.2125,17.0,2.8333333333333335
0,17,5.0,0.1111111111111111,0.0625,5.0,0.8333333333333334
0,18,4.0,0.08888888888888889,0.05,4.0,0.6666666666666666
0,19,9.0,0.2,0.1125,9.0,1.5
0,20,19.0,0.4222222222222222,0.2375,19.0,3.1666666666666665
0,21,17.0,0.37777777777777777,0.2125,17.0,2.8333333333333335
0,22,17.0,0.37777777777777777,0.2125,17.0,2.8333333333333335
0,23,6.0,0.13333333333333333,0.075,6.0,1.0
0,24,8.0,0.17777777777777778,0.1,8.0,1.3333333333333333
0,25,16.0,0.35555555555555557,0.2,16.0,2.6666666666666665
0,26,19.0,0.4222222222222222,0.2375,19.0,3.1666666666666665
0,27,6.0,0.13333333333333333,0.075,6.0,1.0
0,28,9.0,0.2,0.1125,9.0,1.5
0,29,7.0,0.15555555555555556,0.0875,7.0,1.1666666666666667
0,30,15.0,0.3333333333333333,0.1875,15.0,2.5
0,31,14.0,0.3111111111111111,0.175,14.0,2.3333333333333335
0,32,13.0,0.28888888888888886,0.1625,13.0,2.1666666666666665
0,33,14.0,0.3111111111111111,0.175,14.0,2.3333333333333335
0,34,6.0,0.13333333333333333,0.075,6.0,1.0
0,35,8.0,0.17777777777777778,0.1,8.0,1.3333333333333333
0,36,15.0,0.3333333333333333,0.1875,15.0,2.5
0,37,14.0,0.3111111111111111,0.175,14.0,2.3333333333333335
0,38,17.0,0.37777777777777777,0.2125,17.0,2.8333333333333335
0,39,8.0,0.17777777777777778,0.1,8.0,1.3333333333333333
0,40,6.0,0.13333333333333333,0.075,6.0,1.0
0,41,9.0,0.2,0.1125,9.0,1.5
0,42,17.0,0.37777777777777777,0.2125,17.0,2.8333333333333335
0,43,7.0,0.15555555555555556,0.0875,7.0,1.1666666666666667
0,44,6.0,0.13333333333333333,0.075,6.0,1.0
0,45,7.0,0.15555555555555556,0.0875,7.0,1.1666666666666667
0,46,0.0,0.0,0.0,0.0,0.0
1,2,15.0,0.3333333333333333,0.1875,15.0,2.5
1,3,4.0,0.08888888888888889,0.05,4.0,0.6666666666666666
1,4,4.0,0.08888888888888889,0.05,4.0,0.6666666666666666
1,5,8.0,0.17777777777777778,0.1,8.0,1.3333333333333333
1,6,9.0,0.2,0.1125,9.0,1.5
1,7,2.0,0.044444444444444446,0.025,2.0,0.3333333333333333
1,8,8.0,0.17777777777777778,0.1,8.0,1.3333333333333333
1,9,10.0,0.2222222222222222,0.125,10.0,1.6666666666666667
1,10,6.0,0.13333333333333333,0.075,6.0,1.0
1,11,7.0,0.15555555555555556,0.0875,7.0,1.1666666666666667
1,12,9.0,0.2,0.1125,9.0,1.5
1,13,7.0,0.15555555555555556,0.0875,7.0,1.1666666666666667
1,14,13.0,0.28888888888888886,0.1625,13.0,2.1666666666666665
1,15,12.0,0.26666666666666666,0.15,12.0,2.0
1,16,14.0,0.3111111111111111,0.175,14.0,2.3333333333333335
1,17,2.0,0.044444444444444446,0.025,2.0,0.3333333333333333
1,18,1.0,0.022222222222222223,0.0125,1.0,0.16666666666666666
1,19,12.0,0.26666666666666666,0.15,12.0,2.0
1,20,15.0,0.3333333333333333,0.1875,15.0,2.5
1,21,14.0,0.3111111111111111,0.175,14.0,2.3333333333333335
1,22,14.0,0.3111111111111111,0.175,14.0,2.3333333333333335
1,23,10.0,0.2222222222222222,0.125,10.0,1.6666666666666667
1,24,8.0,0.17777777777777778,0.1,8.0,1.3333333333333333
1,25,13.0,0.28888888888888886,0.1625,13.0,2.1666666666666665
1,26,15.0,0.3333333333333333,0.1875,15.0,2.5
1,27,9.0,0.2,0.1125,9.0,1.5
1,28,7.0,0.15555555555555556,0.0875,7.0,1.1666666666666667
1,29,3.0,0.06666666666666667,0.0375,3.0,0.5
1,30,12.0,0.26666666666666666,0.15,12.0,2.0
1,31,10.0,0.2222222222222222,0.125,10.0,1.6666666666666667
1,32,9.0,0.2,0.1125,9.0,1.5
1,33,11.0,0.24444444444444444,0.1375,11.0,1.8333333333333333
1,34,3.0,0.06666666666666667,0.0375,3.0,0.5
1,35,11.0,0.24444444444444444,0.1375,11.0,1.8333333333333333
1,36,11.0,0.24444444444444444,0.1375,11.0,1.8333333333333333
1,37,10.0,0.2222222222222222,0.125,10.0,1.6666666666666667
1,38,14.0,0.3111111111111111,0.175,14.0,2.3333333333333335
1,39,10.0,0.2222222222222222,0.125,10.0,1.6666666666666667
1,40,3.0,0.06666666666666667,0.0375,3.0,0.5
1,41,5.0,0.1111111111111111,0.0625,5.0,0.8333333333333334
1,42,14.0,0.3111111111111111,0.175,14.0,2.3333333333333335
1,43,10.0,0.2222222222222222,0.125,10.0,1.6666666666666667
1,44,9.0,0.2,0.1125,9.0,1.5
1,45,4.0,0.08888888888888889,0.05,4.0,0.6666666666666666
1,46,4.0,0.08888888888888889,0.05,4.0,0.6666666666666666
2,1,15.0,0.3333333333333333,0.1875,15.0,2.5
2,3,11.0,0.24444444444444444,0.1375,11.0,1.8333333333333333
2,4,11.0,0.24444444444444444,0.1375,11.0,1.8333333333333333
2,5,22.0,0.4888888888888889,0.275,22.0,3.6666666666666665
2,6,23.0,0.5111111111111111,0.2875,23.0,3.8333333333333335
2,7,13.0,0.28888888888888886,0.1625,13.0,2.1666666666666665
2,8,22.0,0.4888888888888889,0.275,22.0,3.6666666666666665
2,9,13.0,0.28888888888888886,0.1625,13.0,2.1666666666666665
2,10,21.0,0.4666666666666667,0.2625,21.0,3.5
2,11,21.0,0.4666666666666667,0.2625,21.0,3.5
2,12,11.0,0.24444444444444444,0.1375,11.0,1.8333333333333333
2,13,11.0,0.24444444444444444,0.1375,11.0,1.8333333333333333
2,14,22.0,0.4888888888888889,0.275,22.0,3.6666666666666665
2,15,21.0,0.4666666666666667,0.2625,21.0,3.5
2,16,6.0,0.13333333333333333,0.075,6.0,1.0
2,17,13.0,0.28888888888888886,0.1625,13.0,2.1666666666666665
2,18,14.0,0.3111111111111111,0.175,14.0,2.3333333333333335
2,19,13.0,0.28888888888888886,0.1625,13.0,2.1666666666666665
2,20,4.0,0.08888888888888889,0.05,4.0,0.6666666666666666
2,21,1.0,0.022222222222222223,0.0125,1.0,0.16666666666666666
2,22,23.0,0.5111111111111111,0.2875,23.0,3.8333333333333335
2,23,13.0,0.28888888888888886,0.1625,13.0,2.1666666666666665
2,24,10.0,0.2222222222222222,0.125,10.0,1.6666666666666667
2,25,5.0,0.1111111111111111,0.0625,5.0,0.8333333333333334
2,26,1.0,0.022222222222222223,0.0125,1.0,0.16666666666666666
2,27,13.0,0.28888888888888886,0.1625,13.0,2.1666666666666665
2,28,22.0,0.4888888888888889,0.275,22.0,3.6666666666666665
2,29,12.0,0.26666666666666666,0.15,12.0,2.0
2,30,21.0,0.4666666666666667,0.2625,21.0,3.5
2,31,19.0,0.4222222222222222,0.2375,19.0,3.1666666666666665
2,32,18.0,0.4,0.225,18.0,3.0
2,33,20.0,0.4444444444444444,0.25,20.0,3.3333333333333335
2,34,12.0,0.26666666666666666,0.15,12.0,2.0
2,35,14.0,0.3111111111111111,0.175,14.0,2.3333333333333335
2,36,4.0,0.08888888888888889,0.05,4.0,0.6666666666666666
2,37,19.0,0.4222222222222222,0.2375,19.0,3.1666666666666665
2,38,23.0,0.5111111111111111,0.2875,23.0,3.8333333333333335
2,39,11.0,0.24444444444444444,0.1375,11.0,1.8333333333333333
2,40,12.0,0.26666666666666666,0.15,12.0,2.0
2,41,11.0,0.24444444444444444,0.1375,11.0,1.8333333333333333
2,42,3.0,0.06666666666666667,0.0375,3.0,0.5
2,43,12.0,0.26666666666666666,0.15,12.0,2.0
2,44,14.0,0.3111111111111111,0.175,14.0,2.3333333333333335
2,45,13.0,0.28888888888888886,0.1625,13.0,2.1666666666666665
2,46,18.0,0.4,0.225,18.0,3.0
3,1,4.0,0.08888888888888889,0.05,4.0,0.6666666666666666
3,2,11.0,0.24444444444444444,0.1375,11.0,1.8333333333333333
3,4,1.0,0.022222222222222223,0.0125,1.0,0.16666666666666666
3,5,12.0,0.26666666666666666,0.15,12.0,2.0
3,6,13.0,0.28888888888888886,0.1625,13.0,2.1666666666666665
3,7,3.0,0.06666666666666667,0.0375,3.0,0.5
3,8,12.0,0.26666666666666666,0.15,12.0,2.0
3,9,11.0,0.24444444444444444,0.1375,11.0,1.8333333333333333
3,10,10.0,0.2222222222222222,0.125,10.0,1.6666666666666667
3,11,11.0,0.24444444444444444,0.1375,11.0,1.8333333333333333
3,12,10.0,0.2222222222222222,0.125,10.0,1.6666666666666667
3,13,8.0,0.17777777777777778,0.1,8.0,1.3333333333333333
3,14,12.0,0.26666666666666666,0.15,12.0,2.0
3,15,11.0,0.24444444444444444,0.1375,11.0,1.8333333333333333
3,16,10.0,0.2222222222222222,0.125,10.0,1.6666666666666667
3,17,3.0,0.06666666666666667,0.0375,3.0,0.5
3,18,4.0,0.08888888888888889,0.05,4.0,0.6666666666666666
3,19,13.0,0.28888888888888886,0.1625,13.0,2.1666666666666665
3,20,11.0,0.24444444444444444,0.1375,11.0,1.8333333333333333
3,21,11.0,0.24444444444444444,0.1375,11.0,1.8333333333333333
3,22,13.0,0.28888888888888886,0.1625,13.0,2.1666666666666665
3,23,10.0,0.2222222222222222,0.125,10.0,1.6666666666666667
3,24,9.0,0.2,0.1125,9.0,1.5
3,25,9.0,0.2,0.1125,9.0,1.5
3,26,11.0,0.24444444444444444,0.1375,11.0,1.8333333333333333
3,27,10.0,0.2222222222222222,0.125,10.0,1.6666666666666667
3,28,11.0,0.24444444444444444,0.1375,11.0,1.8333333333333333
3,29,1.0,0.022222222222222223,0.0125,1.0,0.16666666666666666
3,30,11.0,0.24444444444444444,0.1375,11.0,1.8333333333333333
3,31,10.0,0.2222222222222222,0.125,10.0,1.6666666666666667
3,32,9.0,0.2,0.1125,9.0,1.5
3,33,10.0,0.2222222222222222,0.125,10.0,1.6666666666666667
3,34,2.0,0.044444444444444446,0.025,2.0,0.3333333333333333
3,35,12.0,0.26666666666666666,0.15,12.0,2.0
3,36,7.0,0.15555555555555556,0.0875,7.0,1.1666666666666667
3,37,10.0,0.2222222222222222,0.125,10.0,1.6666666666666667
3,38,13.0,0.28888888888888886,0.1625,13.0,2.1666666666666665
3,39,10.0,0.2222222222222222,0.125,10.0,1.6666666666666667
3,40,2.0,0.044444444444444446,0.025,2.0,0.3333333333333333
3,41,1.0,0.022222222222222223,0.0125,1.0,0.16666666666666666
3,42,10.0,0.2222222222222222,0.125,10.0,1.6666666666666667
3,43,11.0,0.24444444444444444,0.1375,11.0,1.8333333333333333
3,44,10.0,0.2222222222222222,0.125,10.0,1.6666666666666667
3,45,3.0,0.06666666666666667,0.0375,3.0,0.5
3,46,8.0,0.17777777777777778,0.1,8.0,1.3333333333333333
4,1,4.0,0.08888888888888889,0.05,4.0,0.6666666666666666
4,2,11.0,0.24444444444444444,0.1375,11.0,1.8333333333333333
4,3,1.0,0.022222222222222223,0.0125,1.0,0.16666666666666666
4,5,11.0,0.24444444444444444,0.1375,11.0,1.8333333333333333
4,6,12.0,0.26666666666666666,0.15,12.0,2.0
4,7,2.0,0.044444444444444446,0.025,2.0,0.3333333333333333
4,8,11.0,0.24444444444444444,0.1375,11.0,1.8333333333333333
4,9,10.0,0.2222222222222222,0.125,10.0,1.6666666666666667
4,10,10.0,0.2222222222222222,0.125,10.0,1.6666666666666667
4,11,10.0,0.2222222222222222,0.125,10.0,1.6666666666666667
4,12,9.0,0.2,0.1125,9.0,1.5
4,13,7.0,0.15555555555555556,0.0875,7.0,1.1666666666666667
4,14,13.0,0.28888888888888886,0.1625,13.0,2.1666666666666665
4,15,12.0,0.26666666666666666,0.15,12.0,2.0
4,16,10.0,0.2222222222222222,0.125,10.0,1.6666666666666667
4,17,2.0,0.044444444444444446,0.025,2.0,0.3333333333333333
4,18,3.0,0.06666666666666667,0.0375,3.0,0.5
4,19,12.0,0.26666666666666666,0.15,12.0,2.0
4,20,12.0,0.26666666666666666,0.15,12.0,2.0
4,21,10.0,0.2222222222222222,0.125,10.0,1.6666666666666667
4,22,14.0,0.3111111111111111,0.175,14.0,2.3333333333333335
4,23,10.0,0.2222222222222222,0.125,10.0,1.6666666666666667
4,24,8.0,0.17777777777777778,0.1,8.0,1.3333333333333333
4,25,9.0,0.2,0.1125,9.0,1.5
4,26,12.0,0.26666666666666666,0.15,12.0,2.0
4,27,9.0,0.2,0.1125,9.0,1.5
4,28,11.0,0.24444444444444444,0.1375,11.0,1.8333333333333333
4,29,2.0,0.044444444444444446,0.025,2.0,0.3333333333333333
4,30,12.0,0.26666666666666666,0.15,12.0,2.0
4,31,10.0,0.2222222222222222,0.125,10.0,1.6666666666666667
4,32,9.0,0.2,0.1125,9.0,1.5
4,33,11.0,0.24444444444444444,0.1375,11.0,1.8333333333333333
4,34,1.0,0.022222222222222223,0.0125,1.0,0.16666666666666666
4,35,11.0,0.24444444444444444,0.1375,11.0,1.8333333333333333
4,36,8.0,0.17777777777777778,0.1,8.0,1.3333333333333333
4,37,10.0,0.2222222222222222,0.125,10.0,1.6666666666666667
4,38,14.0,0.3111111111111111,0.175,14.0,2.3333333333333335
4,39,10.0,0.2222222222222222,0.125,10.0,1.6666666666666667
4,40,1.0,0.022222222222222223,0.0125,1.0,0.16666666666666666
4,41,2.0,0.044444444444444446,0.025,2.0,0.3333333333333333
4,42,10.0,0.2222222222222222,0.125,10.0,1.6666666666666667
4,43,10.0,0.2222222222222222,0.125,10.0,1.6666666666666667
4,44,9.0,0.2,0.1125,9.0,1.5
4,45,4.0,0.08888888888888889,0.05,4.0,0.6666666666666666
4,46,7.0,0.15555555555555556,0.0875,7.0,1.1666666666666667
5,1,8.0,0.17777777777777778,0.1,8.0,1.3333333333333333
5,2,22.0,0.4888888888888889,0.275,22.0,3.6666666666666665
5,3,12.0,0.26666666666666666,0.15,12.0,2.0
5,4,11.0,0.24444444444444444,0.1375,11.0,1.8333333333333333
5,6,1.0,0.022222222222222223,0.0125,1.0,0.16666666666666666
5,7,9.0,0.2,0.1125,9.0,1.5
5,8,2.0,0.044444444444444446,0.025,2.0,0.3333333333333333
5,9,15.0,0.3333333333333333,0.1875,15.0,2.5
5,10,2.0,0.044444444444444446,0.025,2.0,0.3333333333333333
5,11,3.0,0.06666666666666667,0.0375,3.0,0.5
5,12,13.0,0.28888888888888886,0.1625,13.0,2.1666666666666665
5,13,12.0,0.26666666666666666,0.15,12.0,2.0
5,14,14.0,0.3111111111111111,0.175,14.0,2.3333333333333335
5,15,16.0,0.35555555555555557,0.2,16.0,2.6666666666666665
5,16,21.0,0.4666666666666667,0.2625,21.0,3.5
5,17,10.0,0.2222222222222222,0.125,10.0,1.6666666666666667
5,18,9.0,0.2,0.1125,9.0,1.5
5,19,16.0,0.35555555555555557,0.2,16.0,2.6666666666666665
5,20,23.0,0.5111111111111111,0.2875,23.0,3.8333333333333335
5,21,21.0,0.4666666666666667,0.2625,21.0,3.5
5,22,11.0,0.24444444444444444,0.1375,11.0,1.8333333333333333
5,23,14.0,0.3111111111111111,0.175,14.0,2.3333333333333335
5,24,13.0,0.28888888888888886,0.1625,13.0,2.1666666666666665
5,25,20.0,0.4444444444444444,0.25,20.0,3.3333333333333335
5,26,23.0,0.5111111111111111,0.2875,23.0,3.8333333333333335
5,27,13.0,0.28888888888888886,0.1625,13.0,2.1666666666666665
5,28,1.0,0.022222222222222223,0.0125,1.0,0.16666666666666666
5,29,11.0,0.24444444444444444,0.1375,11.0,1.8333333333333333
5,30,10.0,0.2222222222222222,0.125,10.0,1.6666666666666667
5,31,11.0,0.24444444444444444,0.1375,11.0,1.8333333333333333
5,32,14.0,0.3111111111111111,0.175,14.0,2.3333333333333335
5,33,12.0,0.26666666666666666,0.15,12.0,2.0
5,34,10.0,0.2222222222222222,0.125,10.0,1.6666666666666667
5,35,16.0,0.35555555555555557,0.2,16.0,2.6666666666666665
5,36,19.0,0.4222222222222222,0.2375,19.0,3.1666666666666665
5,37,15.0,0.3333333333333333,0.1875,15.0,2.5
5,38,15.0,0.3333333333333333,0.1875,15.0,2.5
5,39,14.0,0.3111111111111111,0.175,14.0,2.3333333333333335
5,40,10.0,0.2222222222222222,0.125,10.0,1.6666666666666667
5,41,13.0,0.28888888888888886,0.1625,13.0,2.1666666666666665
5,42,21.0,0.4666666666666667,0.2625,21.0,3.5
5,43,14.0,0.3111111111111111,0.175,14.0,2.3333333333333335
5,44,14.0,0.3111111111111111,0.175,14.0,2.3333333333333335
5,45,11.0,0.24444444444444444,0.1375,11.0,1.8333333333333333
5,46,8.0,0.17777777777777778,0.1,8.0,1.3333333333333333
6,1,9.0,0.2,0.1125,9.0,1.5
6,2,23.0,0.5111111111111111,0.2875,23.0,3.8333333333333335
6,3,13.0,0.28888888888888886,0.1625,13.0,2.1666666666666665
6,4,12.0,0.26666666666666666,0.15,12.0,2.0
6,5,1.0,0.022222222222222223,0.0125,1.0,0.16666666666666666
6,7,10.0,0.2222222222222222,0.125,10.0,1.6666666666666667
6,8,1.0,0.022222222222222223,0.0125,1.0,0.16666666666666666
6,9,15.0,0.3333333333333333,0.1875,15.0,2.5
6,10,3.0,0.06666666666666667,0.0375,3.0,0.5
6,11,2.0,0.044444444444444446,0.025,2.0,0.3333333333333333
6,12,14.0,0.3111111111111111,0.175,14.0,2.3333333333333335
6,13,12.0,0.26666666666666666,0.15,12.0,2.0
6,14,15.0,0.3333333333333333,0.1875,15.0,2.5
6,15,17.0,0.37777777777777777,0.2125,17.0,2.8333333333333335
6,16,22.0,0.4888888888888889,0.275,22.0,3.6666666666666665
6,17,10.0,0.2222222222222222,0.125,10.0,1.6666666666666667
6,18,9.0,0.2,0.1125,9.0,1.5
6,19,17.0,0.37777777777777777,0.2125,17.0,2.8333333333333335
6,20,24.0,0.5333333333333333,0.3,24.0,4.0
6,21,22.0,0.4888888888888889,0.275,22.0,3.6666666666666665
6,22,12.0,0.26666666666666666,0.15,12.0,2.0
6,23,15.0,0.3333333333333333,0.1875,15.0,2.5
6,24,13.0,0.28888888888888886,0.1625,13.0,2.1666666666666665
6,25,21.0,0.4666666666666667,0.2625,21.0,3.5
6,26,24.0,0.5333333333333333,0.3,24.0,4.0
6,27,14.0,0.3111111111111111,0.175,14.0,2.3333333333333335
6,28,2.0,0.044444444444444446,0.025,2.0,0.3333333333333333
6,29,12.0,0.26666666666666666,0.15,12.0,2.0
6,30,10.0,0.2222222222222222,0.125,10.0,1.6666666666666667
6,31,12.0,0.26666666666666666,0.15,12.0,2.0
6,32,14.0,0.3111111111111111,0.175,14.0,2.3333333333333335
6,33,13.0,0.28888888888888886,0.1625,13.0,2.1666666666666665
6,34,11.0,0.24444444444444444,0.1375,11.0,1.8333333333333333
6,35,16.0,0.35555555555555557,0.2,16.0,2.6666666666666665
6,36,20.0,0.4444444444444444,0.25,20.0,3.3333333333333335
6,37,15.0,0.3333333333333333,0.1875,15.0,2.5
6,38,15.0,0.3333333333333333,0.1875,15.0,2.5
6,39,15.0,0.3333333333333333,0.1875,15.0,2.5
6,40,11.0,0.24444444444444444,0.1375,11.0,1.8333333333333333
6,41,14.0,0.3111111111111111,0.175,14.0,2.3333333333333335
6,42,22.0,0.4888888888888889,0.275,22.0,3.6666666666666665
6,43,15.0,0.3333333333333333,0.1875,15.0,2.5
6,44,14.0,0.3111111111111111,0.175,14.0,2.3333333333333335
6,45,12.0,0.26666666666666666,0.15,12.0,2.0
6,46,9.0,0.2,0.1125,9.0,1.5
7,1,2.0,0.044444444444444446,0.025,2.0,0.3333333333333333
7,2,13.0,0.28888888888888886,0.1625,13.0,2.1666666666666665
7,3,3.0,0.06666666666666667,0.0375,3.0,0.5
7,4,2.0,0.044444444444444446,0.025,2.0,0.3333333333333333
7,5,9.0,0.2,0.1125,9.0,1.5
7,6,10.0,0.2222222222222222,0.125,10.0,1.6666666666666667
7,8,9.0,0.2,0.1125,9.0,1.5
7,9,10.0,0.2222222222222222,0.125,10.0,1.6666666666666667
7,10,8.0,0.17777777777777778,0.1,8.0,1.3333333333333333
7,11,8.0,0.17777777777777778,0.1,8.0,1.3333333333333333
7,12,9.0,0.2,0.1125,9.0,1.5
7,13,7.0,0.15555555555555556,0.0875,7.0,1.1666666666666667
7,14,13.0,0.28888888888888886,0.1625,13.0,2.1666666666666665
7,15,12.0,0.26666666666666666,0.15,12.0,2.0
7,16,12.0,0.26666666666666666,0.15,12.0,2.0
7,17,2.0,0.044444444444444446,0.025,2.0,0.3333333333333333
7,18,1.0,0.022222222222222223,0.0125,1.0,0.16666666666666666
7,19,12.0,0.26666666666666666,0.15,12.0,2.0
7,20,14.0,0.3111111111111111,0.175,14.0,2.3333333333333335
7,21,12.0,0.26666666666666666,0.15,12.0,2.0
7,22,14.0,0.3111111111111111,0.175,14.0,2.3333333333333335
7,23,10.0,0.2222222222222222,0.125,10.0,1.6666666666666667
7,24,8.0,0.17777777777777778,0.1,8.0,1.3333333333333333
7,25,11.0,0.24444444444444444,0.1375,11.0,1.8333333333333333
7,26,14.0,0.3111111111111111,0.175,14.0,2.3333333333333335
7,27,9.0,0.2,0.1125,9.0,1.5
7,28,9.0,0.2,0.1125,9.0,1.5
7,29,2.0,0.044444444444444446,0.025,2.0,0.3333333333333333
7,30,12.0,0.26666666666666666,0.15,12.0,2.0
7,31,10.0,0.2222222222222222,0.125,10.0,1.6666666666666667
7,32,9.0,0.2,0.1125,9.0,1.5
7,33,11.0,0.24444444444444444,0.1375,11.0,1.8333333333333333
7,34,1.0,0.022222222222222223,0.0125,1.0,0.16666666666666666
7,35,11.0,0.24444444444444444,0.1375,11.0,1.8333333333333333
7,36,10.0,0.2222222222222222,0.125,10.0,1.6666666666666667
7,37,10.0,0.2222222222222222,0.125,10.0,1.6666666666666667
7,38,14.0,0.3111111111111111,0.175,14.0,2.3333333333333335
7,39,10.0,0.2222222222222222,0.125,10.0,1.6666666666666667
7,40,1.0,0.022222222222222223,0.0125,1.0,0.16666666666666666
7,41,4.0,0.08888888888888889,0.05,4.0,0.6666666666666666
7,42,12.0,0.26666666666666666,0.15,12.0,2.0
7,43,10.0,0.2222222222222222,0.125,10.0,1.6666666666666667
7,44,9.0,0.2,0.1125,9.0,1.5
7,45,4.0,0.08888888888888889,0.05,4.0,0.6666666666666666
7,46,5.0,0.1111111111111111,0.0625,5.0,0.8333333333333334
8,1,8.0,0.17777777777777778,0.1,8.0,1.3333333333333333
8,2,22.0,0.4888888888888889,0.275,22.0,3.6666666666666665
8,3,12.0,0.26666666666666666,0.15,12.0,2.0
8,4,11.0,0.24444444444444444,0.1375,11.0,1.8333333333333333
8,5,2.0,0.044444444444444446,0.025,2.0,0.3333333333333333
8,6,1.0,0.022222222222222223,0.0125,1.0,0.16666666666666666
8,7,9.0,0.2,0.1125,9.0,1.5
8,9,16.0,0.35555555555555557,0.2,16.0,2.6666666666666665
8,10,2.0,0.044444444444444446,0.025,2.0,0.3333333333333333
8,11,1.0,0.022222222222222223,0.0125,1.0,0.16666666666666666
8,12,15.0,0.3333333333333333,0.1875,15.0,2.5
8,13,13.0,0.28888888888888886,0.1625,13.0,2.1666666666666665
8,14,14.0,0.3111111111111111,0.175,14.0,2.3333333333333335
8,15,16.0,0.35555555555555557,0.2,16.0,2.6666666666666665
8,16,21.0,0.4666666666666667,0.2625,21.0,3.5
8,17,9.0,0.2,0.1125,9.0,1.5
8,18,8.0,0.17777777777777778,0.1,8.0,1.3333333333333333
8,19,18.0,0.4,0.225,18.0,3.0
8,20,23.0,0.5111111111111111,0.2875,23.0,3.8333333333333335
8,21,21.0,0.4666666666666667,0.2625,21.0,3.5
8,22,11.0,0.24444444444444444,0.1375,11.0,1.8333333333333333
8,23,16.0,0.35555555555555557,0.2,16.0,2.6666666666666665
8,24,14.0,0.3111111111111111,0.175,14.0,2.3333333333333335
8,25,20.0,0.4444444444444444,0.25,20.0,3.3333333333333335
8,26,23.0,0.5111111111111111,0.2875,23.0,3.8333333333333335
8,27,15.0,0.3333333333333333,0.1875,15.0,2.5
8,28,1.0,0.022222222222222223,0.0125,1.0,0.16666666666666666
8,29,11.0,0.24444444444444444,0.1375,11.0,1.8333333333333333
8,30,9.0,0.2,0.1125,9.0,1.5
8,31,11.0,0.24444444444444444,0.1375,11.0,1.8333333333333333
8,32,13.0,0.28888888888888886,0.1625,13.0,2.1666666666666665
8,33,12.0,0.26666666666666666,0.15,12.0,2.0
8,34,10.0,0.2222222222222222,0.125,10.0,1.6666666666666667
8,35,17.0,0.37777777777777777,0.2125,17.0,2.8333333333333335
8,36,19.0,0.4222222222222222,0.2375,19.0,3.1666666666666665
8,37,14.0,0.3111111111111111,0.175,14.0,2.3333333333333335
8,38,14.0,0.3111111111111111,0.175,14.0,2.3333333333333335
8,39,16.0,0.35555555555555557,0.2,16.0,2.6666666666666665
8,40,10.0,0.2222222222222222,0.125,10.0,1.6666666666666667
8,41,13.0,0.28888888888888886,0.1625,13.0,2.1666666666666665
8,42,21.0,0.4666666666666667,0.2625,21.0,3.5
8,43,16.0,0.35555555555555557,0.2,16.0,2.6666666666666665
8,44,15.0,0.3333333333333333,0.1875,15.0,2.5
8,45,11.0,0.24444444444444444,0.1375,11.0,1.8333333333333333
8,46,10.0,0.2222222222222222,0.125,10.0,1.6666666666666667
9,1,10.0,0.2222222222222222,0.125,10.0,1.6666666666666667
9,2,13.0,0.28888888888888886,0.1625,13.0,2.1666666666666665
9,3,11.0,0.24444444444444444,0.1375,11.0,1.8333333333333333
9,4,10.0,0.2222222222222222,0.125,10.0,1.6666666666666667
9,5,15.0,0.3333333333333333,0.1875,15.0,2.5
9,6,15.0,0.3333333333333333,0.1875,15.0,2.5
9,7,10.0,0.2222222222222222,0.125,10.0,1.6666666666666667
9,8,16.0,0.35555555555555557,0.2,16.0,2.6666666666666665
9,10,14.0,0.3111111111111111,0.175,14.0,2.3333333333333335
9,11,17.0,0.37777777777777777,0.2125,17.0,2.8333333333333335
9,12,2.0,0.044444444444444446,0.025,2.0,0.3333333333333333
9,13,3.0,0.06666666666666667,0.0375,3.0,0.5
9,14,23.0,0.5111111111111111,0.2875,23.0,3.8333333333333335
9,15,22.0,0.4888888888888889,0.275,22.0,3.6666666666666665
9,16,12.0,0.26666666666666666,0.15,12.0,2.0
9,17,12.0,0.26666666666666666,0.15,12.0,2.0
9,18,10.0,0.2222222222222222,0.125,10.0,1.6666666666666667
9,19,2.0,0.044444444444444446,0.025,2.0,0.3333333333333333
9,20,13.0,0.28888888888888886,0.1625,13.0,2.1666666666666665
9,21,12.0,0.26666666666666666,0.15,12.0,2.0
9,22,24.0,0.5333333333333333,0.3,24.0,4.0
9,23,1.0,0.022222222222222223,0.0125,1.0,0.16666666666666666
9,24,3.0,0.06666666666666667,0.0375,3.0,0.5
9,25,11.0,0.24444444444444444,0.1375,11.0,1.8333333333333333
9,26,13.0,0.28888888888888886,0.1625,13.0,2.1666666666666665
9,27,2.0,0.044444444444444446,0.025,2.0,0.3333333333333333
9,28,15.0,0.3333333333333333,0.1875,15.0,2.5
9,29,12.0,0.26666666666666666,0.15,12.0,2.0
9,30,22.0,0.4888888888888889,0.275,22.0,3.6666666666666665
9,31,20.0,0.4444444444444444,0.25,20.0,3.3333333333333335
9,32,19.0,0.4222222222222222,0.2375,19.0,3.1666666666666665
9,33,21.0,0.4666666666666667,0.2625,21.0,3.5
9,34,9.0,0.2,0.1125,9.0,1.5
9,35,1.0,0.022222222222222223,0.0125,1.0,0.16666666666666666
9,36,9.0,0.2,0.1125,9.0,1.5
9,37,20.0,0.4444444444444444,0.25,20.0,3.3333333333333335
9,38,24.0,0.5333333333333333,0.3,24.0,4.0
9,39,2.0,0.044444444444444446,0.025,2.0,0.3333333333333333
9,40,11.0,0.24444444444444444,0.1375,11.0,1.8333333333333333
9,41,12.0,0.26666666666666666,0.15,12.0,2.0
9,42,12.0,0.26666666666666666,0.15,12.0,2.0
9,43,1.0,0.022222222222222223,0.0125,1.0,0.16666666666666666
9,44,1.0,0.022222222222222223,0.0125,1.0,0.16666666666666666
9,45,14.0,0.3111111111111111,0.175,14.0,2.3333333333333335
9,46,7.0,0.15555555555555556,0.0875,7.0,1.1666666666666667
10,1,6.0,0.13333333333333333,0.075,6.0,1.0
10,2,21.0,0.4666666666666667,0.2625,21.0,3.5
10,3,10.0,0.2222222222222222,0.125,10.0,1.6666666666666667
10,4,10.0,0.2222222222222222,0.125,10.0,1.6666666666666667
10,5,2.0,0.044444444444444446,0.025,2.0,0.3333333333333333
10,6,3.0,0.06666666666666667,0.0375,3.0,0.5
10,7,8.0,0.17777777777777778,0.1,8.0,1.3333333333333333
10,8,2.0,0.044444444444444446,0.025,2.0,0.3333333333333333
10,9,14.0,0.3111111111111111,0.175,14.0,2.3333333333333335
10,11,3.0,0.06666666666666667,0.0375,3.0,0.5
10,12,13.0,0.28888888888888886,0.1625,13.0,2.1666666666666665
10,13,11.0,0.24444444444444444,0.1375,11.0,1.8333333333333333
10,14,12.0,0.26666666666666666,0.15,12.0,2.0
10,15,15.0,0.3333333333333333,0.1875,15.0,2.5
10,16,20.0,0.4444444444444444,0.25,20.0,3.3333333333333335
10,17,8.0,0.17777777777777778,0.1,8.0,1.3333333333333333
10,18,7.0,0.15555555555555556,0.0875,7.0,1.1666666666666667
10,19,16.0,0.35555555555555557,0.2,16.0,2.6666666666666665
10,20,21.0,0.4666666666666667,0.2625,21.0,3.5
10,21,20.0,0.4444444444444444,0.25,20.0,3.3333333333333335
10,22,10.0,0.2222222222222222,0.125,10.0,1.6666666666666667
10,23,14.0,0.3111111111111111,0.175,14.0,2.3333333333333335
10,24,12.0,0.26666666666666666,0.15,12.0,2.0
10,25,19.0,0.4222222222222222,0.2375,19.0,3.1666666666666665
10,26,21.0,0.4666666666666667,0.2625,21.0,3.5
10,27,13.0,0.28888888888888886,0.1625,13.0,2.1666666666666665
10,28,1.0,0.022222222222222223,0.0125,1.0,0.16666666666666666
10,29,9.0,0.2,0.1125,9.0,1.5
10,30,8.0,0.17777777777777778,0.1,8.0,1.3333333333333333
10,31,10.0,0.2222222222222222,0.125,10.0,1.6666666666666667
10,32,12.0,0.26666666666666666,0.15,12.0,2.0
10,33,10.0,0.2222222222222222,0.125,10.0,1.6666666666666667
10,34,9.0,0.2,0.1125,9.0,1.5
10,35,15.0,0.3333333333333333,0.1875,15.0,2.5
10,36,17.0,0.37777777777777777,0.2125,17.0,2.8333333333333335
10,37,13.0,0.28888888888888886,0.1625,13.0,2.1666666666666665
10,38,13.0,0.28888888888888886,0.1625,13.0,2.1666666666666665
10,39,14.0,0.3111111111111111,0.175,14.0,2.3333333333333335
10,40,9.0,0.2,0.1125,9.0,1.5
10,41,11.0,0.24444444444444444,0.1375,11.0,1.8333333333333333
10,42,20.0,0.4444444444444444,0.25,20.0,3.3333333333333335
10,43,14.0,0.3111111111111111,0.175,14.0,2.3333333333333335
10,44,13.0,0.28888888888888886,0.1625,13.0,2.1666666666666665
10,45,10.0,0.2222222222222222,0.125,10.0,1.6666666666666667
10,46,8.0,0.17777777777777778,0.1,8.0,1.3333333333333333
11,1,7.0,0.15555555555555556,0.0875,7.0,1.1666666666666667
11,2,21.0,0.4666666666666667,0.2625,21.0,3.5
11,3,11.0,0.24444444444444444,0.1375,11.0,1.8333333333333333
11,4,10.0,0.2222222222222222,0.125,10.0,1.6666666666666667
11,5,3.0,0.06666666666666667,0.0375,3.0,0.5
11,6,2.0,0.044444444444444446,0.025,2.0,0.3333333333333333
11,7,8.0,0.17777777777777778,0.1,8.0,1.3333333333333333
11,8,1.0,0.022222222222222223,0.0125,1.0,0.16666666666666666
11,9,17.0,0.37777777777777777,0.2125,17.0,2.8333333333333335
11,10,3.0,0.06666666666666667,0.0375,3.0,0.5
11,12,16.0,0.35555555555555557,0.2,16.0,2.6666666666666665
11,13,14.0,0.3111111111111111,0.175,14.0,2.3333333333333335
11,14,13.0,0.28888888888888886,0.1625,13.0,2.1666666666666665
11,15,15.0,0.3333333333333333,0.1875,15.0,2.5
11,16,20.0,0.4444444444444444,0.25,20.0,3.3333333333333335
11,17,9.0,0.2,0.1125,9.0,1.5
11,18,8.0,0.17777777777777778,0.1,8.0,1.3333333333333333
11,19,19.0,0.4222222222222222,0.2375,19.0,3.1666666666666665
11,20,22.0,0.4888888888888889,0.275,22.0,3.6666666666666665
11,21,20.0,0.4444444444444444,0.25,20.0,3.3333333333333335
11,22,10.0,0.2222222222222222,0.125,10.0,1.6666666666666667
11,23,16.0,0.35555555555555557,0.2,16.0,2.6666666666666665
11,24,15.0,0.3333333333333333,0.1875,15.0,2.5
11,25,19.0,0.4222222222222222,0.2375,19.0,3.1666666666666665
11,26,22.0,0.4888888888888889,0.275,22.0,3.6666666666666665
11,27,16.0,0.35555555555555557,0.2,16.0,2.6666666666666665
11,28,2.0,0.044444444444444446,0.025,2.0,0.3333333333333333
11,29,10.0,0.2222222222222222,0.125,10.0,1.6666666666666667
11,30,9.0,0.2,0.1125,9.0,1.5
11,31,10.0,0.2222222222222222,0.125,10.0,1.6666666666666667
11,32,13.0,0.28888888888888886,0.1625,13.0,2.1666666666666665
11,33,11.0,0.24444444444444444,0.1375,11.0,1.8333333333333333
11,34,9.0,0.2,0.1125,9.0,1.5
11,35,18.0,0.4,0.225,18.0,3.0
11,36,18.0,0.4,0.225,18.0,3.0
11,37,14.0,0.3111111111111111,0.175,14.0,2.3333333333333335
11,38,14.0,0.3111111111111111,0.175,14.0,2.3333333333333335
11,39,16.0,0.35555555555555557,0.2,16.0,2.6666666666666665
11,40,9.0,0.2,0.1125,9.0,1.5
11,41,12.0,0.26666666666666666,0.15,12.0,2.0
11,42,20.0,0.4444444444444444,0.25,20.0,3.3333333333333335
11,43,17.0,0.37777777777777777,0.2125,17.0,2.8333333333333335
11,44,16.0,0.35555555555555557,0.2,16.0,2.6666666666666665
11,45,10.0,0.2222222222222222,0.125,10.0,1.6666666666666667
11,46,10.0,0.2222222222222222,0.125,10.0,1.6666666666666667
12,1,9.0,0.2,0.1125,9.0,1.5
12,2,11.0,0.24444444444444444,0.1375,11.0,1.8333333333333333
12,3,10.0,0.2222222222222222,0.125,10.0,1.6666666666666667
12,4,9.0,0.2,0.1125,9.0,1.5
12,5,13.0,0.28888888888888886,0.1625,13.0,2.1666666666666665
12,6,14.0,0.3111111111111111,0.175,14.0,2.3333333333333335
12,7,9.0,0.2,0.1125,9.0,1.5
12,8,15.0,0.3333333333333333,0.1875,15.0,2.5
12,9,2.0,0.044444444444444446,0.025,2.0,0.3333333333333333
12,10,13.0,0.28888888888888886,0.1625,13.0,2.1666666666666665
12,11,16.0,0.35555555555555557,0.2,16.0,2.6666666666666665
12,13,2.0,0.044444444444444446,0.025,2.0,0.3333333333333333
12,14,22.0,0.4888888888888889,0.275,22.0,3.6666666666666665
12,15,21.0,0.4666666666666667,0.2625,21.0,3.5
12,16,10.0,0.2222222222222222,0.125,10.0,1.6666666666666667
12,17,11.0,0.24444444444444444,0.1375,11.0,1.8333333333333333
12,18,8.0,0.17777777777777778,0.1,8.0,1.3333333333333333
12,19,3.0,0.06666666666666667,0.0375,3.0,0.5
12,20,12.0,0.26666666666666666,0.15,12.0,2.0
12,21,10.0,0.2222222222222222,0.125,10.0,1.6666666666666667
12,22,22.0,0.4888888888888889,0.275,22.0,3.6666666666666665
12,23,2.0,0.044444444444444446,0.025,2.0,0.3333333333333333
12,24,2.0,0.044444444444444446,0.025,2.0,0.3333333333333333
12,25,9.0,0.2,0.1125,9.0,1.5
12,26,12.0,0.26666666666666666,0.15,12.0,2.0
12,27,2.0,0.044444444444444446,0.025,2.0,0.3333333333333333
12,28,14.0,0.3111111111111111,0.175,14.0,2.3333333333333335
12,29,11.0,0.24444444444444444,0.1375,11.0,1.8333333333333333
12,30,21.0,0.4666666666666667,0.2625,21.0,3.5
12,31,19.0,0.4222222222222222,0.2375,19.0,3.1666666666666665
12,32,18.0,0.4,0.225,18.0,3.0
12,33,20.0,0.4444444444444444,0.25,20.0,3.3333333333333335
12,34,8.0,0.17777777777777778,0.1,8.0,1.3333333333333333
12,35,3.0,0.06666666666666667,0.0375,3.0,0.5
12,36,8.0,0.17777777777777778,0.1,8.0,1.3333333333333333
12,37,19.0,0.4222222222222222,0.2375,19.0,3.1666666666666665
12,38,22.0,0.4888888888888889,0.275,22.0,3.6666666666666665
12,39,1.0,0.022222222222222223,0.0125,1.0,0.16666666666666666
12,40,10.0,0.2222222222222222,0.125,10.0,1.6666666666666667
12,41,11.0,0.24444444444444444,0.1375,11.0,1.8333333333333333
12,42,10.0,0.2222222222222222,0.125,10.0,1.6666666666666667
12,43,1.0,0.022222222222222223,0.0125,1.0,0.16666666666666666
12,44,3.0,0.06666666666666667,0.0375,3.0,0.5
12,45,12.0,0.26666666666666666,0.15,12.0,2.0
12,46,7.0,0.15555555555555556,0.0875,7.0,1.1666666666666667
13,1,7.0,0.15555555555555556,0.0875,7.0,1.1666666666666667
13,2,11.0,0.24444444444444444,0.1375,11.0,1.8333333333333333
13,3,8.0,0.17777777777777778,0.1,8.0,1.3333333333333333
13,4,7.0,0.15555555555555556,0.0875,7.0,1.1666666666666667
13,5,12.0,0.26666666666666666,0.15,12.0,2.0
13,6,12.0,0.26666666666666666,0.15,12.0,2.0
13,7,7.0,0.15555555555555556,0.0875,7.0,1.1666666666666667
13,8,13.0,0.28888888888888886,0.1625,13.0,2.1666666666666665
13,9,3.0,0.06666666666666667,0.0375,3.0,0.5
13,10,11.0,0.24444444444444444,0.1375,11.0,1.8333333333333333
13,11,14.0,0.3111111111111111,0.175,14.0,2.3333333333333335
13,12,2.0,0.044444444444444446,0.025,2.0,0.3333333333333333
13,14,20.0,0.4444444444444444,0.25,20.0,3.3333333333333335
13,15,19.0,0.4222222222222222,0.2375,19.0,3.1666666666666665
13,16,10.0,0.2222222222222222,0.125,10.0,1.6666666666666667
13,17,9.0,0.2,0.1125,9.0,1.5
13,18,7.0,0.15555555555555556,0.0875,7.0,1.1666666666666667
13,19,5.0,0.1111111111111111,0.0625,5.0,0.8333333333333334
13,20,12.0,0.26666666666666666,0.15,12.0,2.0
13,21,10.0,0.2222222222222222,0.125,10.0,1.6666666666666667
13,22,21.0,0.4666666666666667,0.2625,21.0,3.5
13,23,3.0,0.06666666666666667,0.0375,3.0,0.5
13,24,1.0,0.022222222222222223,0.0125,1.0,0.16666666666666666
13,25,9.0,0.2,0.1125,9.0,1.5
13,26,12.0,0.26666666666666666,0.15,12.0,2.0
13,27,2.0,0.044444444444444446,0.025,2.0,0.3333333333333333
13,28,12.0,0.26666666666666666,0.15,12.0,2.0
13,29,9.0,0.2,0.1125,9.0,1.5
13,30,19.0,0.4222222222222222,0.2375,19.0,3.1666666666666665
13,31,17.0,0.37777777777777777,0.2125,17.0,2.8333333333333335
13,32,16.0,0.35555555555555557,0.2,16.0,2.6666666666666665
13,33,18.0,0.4,0.225,18.0,3.0
13,34,6.0,0.13333333333333333,0.075,6.0,1.0
13,35,4.0,0.08888888888888889,0.05,4.0,0.6666666666666666
13,36,8.0,0.17777777777777778,0.1,8.0,1.3333333333333333
13,37,17.0,0.37777777777777777,0.2125,17.0,2.8333333333333335
13,38,21.0,0.4666666666666667,0.2625,21.0,3.5
13,39,3.0,0.06666666666666667,0.0375,3.0,0.5
13,40,8.0,0.17777777777777778,0.1,8.0,1.3333333333333333
13,41,9.0,0.2,0.1125,9.0,1.5
13,42,10.0,0.2222222222222222,0.125,10.0,1.6666666666666667
13,43,3.0,0.06666666666666667,0.0375,3.0,0.5
13,44,3.0,0.06666666666666667,0.0375,3.0,0.5
13,45,11.0,0.24444444444444444,0.1375,11.0,1.8333333333333333
13,46,7.0,0.15555555555555556,0.0875,7.0,1.1666666666666667
14,1,13.0,0.28888888888888886,0.1625,13.0,2.1666666666666665
14,2,22.0,0.4888888888888889,0.275,22.0,3.6666666666666665
14,3,12.0,0.26666666666666666,0.15,12.0,2.0
14,4,13.0,0.28888888888888886,0.1625,13.0,2.1666666666666665
14,5,14.0,0.3111111111111111,0.175,14.0,2.3333333333333335
14,6,15.0,0.3333333333333333,0.1875,15.0,2.5
14,7,13.0,0.28888888888888886,0.1625,13.0,2.1666666666666665
14,8,14.0,0.3111111111111111,0.175,14.0,2.3333333333333335
14,9,23.0,0.5111111111111111,0.2875,23.0,3.8333333333333335
14,10,12.0,0.26666666666666666,0.15,12.0,2.0
14,11,13.0,0.28888888888888886,0.1625,13.0,2.1666666666666665
14,12,22.0,0.4888888888888889,0.275,22.0,3.6666666666666665
14,13,20.0,0.4444444444444444,0.25,20.0,3.3333333333333335
14,15,3.0,0.06666666666666667,0.0375,3.0,0.5
14,16,16.0,0.35555555555555557,0.2,16.0,2.6666666666666665
14,17,11.0,0.24444444444444444,0.1375,11.0,1.8333333333333333
14,18,14.0,0.3111111111111111,0.175,14.0,2.3333333333333335
14,19,25.0,0.5555555555555556,0.3125,25.0,4.166666666666667
14,20,18.0,0.4,0.225,18.0,3.0
14,21,23.0,0.5111111111111111,0.2875,23.0,3.8333333333333335
14,22,3.0,0.06666666666666667,0.0375,3.0,0.5
14,23,22.0,0.4888888888888889,0.275,22.0,3.6666666666666665
14,24,21.0,0.4666666666666667,0.2625,21.0,3.5
14,25,17.0,0.37777777777777777,0.2125,17.0,2.8333333333333335
14,26,21.0,0.4666666666666667,0.2625,21.0,3.5
14,27,22.0,0.4888888888888889,0.275,22.0,3.6666666666666665
14,28,13.0,0.28888888888888886,0.1625,13.0,2.1666666666666665
14,29,11.0,0.24444444444444444,0.1375,11.0,1.8333333333333333
14,30,5.0,0.1111111111111111,0.0625,5.0,0.8333333333333334
14,31,3.0,0.06666666666666667,0.0375,3.0,0.5
14,32,4.0,0.08888888888888889,0.05,4.0,0.6666666666666666
14,33,2.0,0.044444444444444446,0.025,2.0,0.3333333333333333
14,34,14.0,0.3111111111111111,0.175,14.0,2.3333333333333335
14,35,24.0,0.5333333333333333,0.3,24.0,4.0
14,36,19.0,0.4222222222222222,0.2375,19.0,3.1666666666666665
14,37,3.0,0.06666666666666667,0.0375,3.0,0.5
14,38,1.0,0.022222222222222223,0.0125,1.0,0.16666666666666666
14,39,22.0,0.4888888888888889,0.275,22.0,3.6666666666666665
14,40,12.0,0.26666666666666666,0.15,12.0,2.0
14,41,11.0,0.24444444444444444,0.1375,11.0,1.8333333333333333
14,42,20.0,0.4444444444444444,0.25,20.0,3.3333333333333335
14,43,23.0,0.5111111111111111,0.2875,23.0,3.8333333333333335
14,44,22.0,0.4888888888888889,0.275,22.0,3.6666666666666665
14,45,10.0,0.2222222222222222,0.125,10.0,1.6666666666666667
14,46,16.0,0.35555555555555557,0.2,16.0,2.6666666666666665
15,1,12.0,0.26666666666666666,0.15,12.0,2.0
15,2,21.0,0.4666666666666667,0.2625,21.0,3.5
15,3,11.0,0.24444444444444444,0.1375,11.0,1.8333333333333333
15,4,12.0,0.26666666666666666,0.15,12.0,2.0
15,5,16.0,0.35555555555555557,0.2,16.0,2.6666666666666665
15,6,17.0,0.37777777777777777,0.2125,17.0,2.8333333333333335
15,7,12.0,0.26666666666666666,0.15,12.0,2.0
15,8,16.0,0.35555555555555557,0.2,16.0,2.6666666666666665
15,9,22.0,0.4888888888888889,0.275,22.0,3.6666666666666665
15,10,15.0,0.3333333333333333,0.1875,15.0,2.5
15,11,15.0,0.3333333333333333,0.1875,15.0,2.5
15,12,21.0,0.4666666666666667,0.2625,21.0,3.5
15,13,19.0,0.4222222222222222,0.2375,19.0,3.1666666666666665
15,14,3.0,0.06666666666666667,0.0375,3.0,0.5
15,16,15.0,0.3333333333333333,0.1875,15.0,2.5
15,17,10.0,0.2222222222222222,0.125,10.0,1.6666666666666667
15,18,13.0,0.28888888888888886,0.1625,13.0,2.1666666666666665
15,19,24.0,0.5333333333333333,0.3,24.0,4.0
15,20,17.0,0.37777777777777777,0.2125,17.0,2.8333333333333335
15,21,22.0,0.4888888888888889,0.275,22.0,3.6666666666666665
15,22,5.0,0.1111111111111111,0.0625,5.0,0.8333333333333334
15,23,21.0,0.4666666666666667,0.2625,21.0,3.5
15,24,20.0,0.4444444444444444,0.25,20.0,3.3333333333333335
15,25,16.0,0.35555555555555557,0.2,16.0,2.6666666666666665
15,26,20.0,0.4444444444444444,0.25,20.0,3.3333333333333335
15,27,21.0,0.4666666666666667,0.2625,21.0,3.5
15,28,16.0,0.35555555555555557,0.2,16.0,2.6666666666666665
15,29,10.0,0.2222222222222222,0.125,10.0,1.6666666666666667
15,30,7.0,0.15555555555555556,0.0875,7.0,1.1666666666666667
15,31,5.0,0.1111111111111111,0.0625,5.0,0.8333333333333334
15,32,3.0,0.06666666666666667,0.0375,3.0,0.5
15,33,5.0,0.1111111111111111,0.0625,5.0,0.8333333333333334
15,34,13.0,0.28888888888888886,0.1625,13.0,2.1666666666666665
15,35,23.0,0.5111111111111111,0.2875,23.0,3.8333333333333335
15,36,18.0,0.4,0.225,18.0,3.0
15,37,2.0,0.044444444444444446,0.025,2.0,0.3333333333333333
15,38,2.0,0.044444444444444446,0.025,2.0,0.3333333333333333
15,39,21.0,0.4666666666666667,0.2625,21.0,3.5
15,40,11.0,0.24444444444444444,0.1375,11.0,1.8333333333333333
15,41,10.0,0.2222222222222222,0.125,10.0,1.6666666666666667
15,42,19.0,0.4222222222222222,0.2375,19.0,3.1666666666666665
15,43,22.0,0.4888888888888889,0.275,22.0,3.6666666666666665
15,44,21.0,0.4666666666666667,0.2625,21.0,3.5
15,45,9.0,0.2,0.1125,9.0,1.5
15,46,15.0,0.3333333333333333,0.1875,15.0,2.5
16,1,14.0,0.3111111111111111,0.175,14.0,2.3333333333333335
16,2,6.0,0.13333333333333333,0.075,6.0,1.0
16,3,10.0,0.2222222222222222,0.125,10.0,1.6666666666666667
16,4,10.0,0.2222222222222222,0.125,10.0,1.6666666666666667
16,5,21.0,0.4666666666666667,0.2625,21.0,3.5
16,6,22.0,0.4888888888888889,0.275,22.0,3.6666666666666665
16,7,12.0,0.26666666666666666,0.15,12.0,2.0
16,8,21.0,0.4666666666666667,0.2625,21.0,3.5
16,9,12.0,0.26666666666666666,0.15,12.0,2.0
16,10,20.0,0.4444444444444444,0.25,20.0,3.3333333333333335
16,11,20.0,0.4444444444444444,0.25,20.0,3.3333333333333335
16,12,10.0,0.2222222222222222,0.125,10.0,1.6666666666666667
16,13,10.0,0.2222222222222222,0.125,10.0,1.6666666666666667
16,14,16.0,0.35555555555555557,0.2,16.0,2.6666666666666665
16,15,15.0,0.3333333333333333,0.1875,15.0,2.5
16,17,12.0,0.26666666666666666,0.15,12.0,2.0
16,18,13.0,0.28888888888888886,0.1625,13.0,2.1666666666666665
16,19,12.0,0.26666666666666666,0.15,12.0,2.0
16,20,2.0,0.044444444444444446,0.025,2.0,0.3333333333333333
16,21,7.0,0.15555555555555556,0.0875,7.0,1.1666666666666667
16,22,17.0,0.37777777777777777,0.2125,17.0,2.8333333333333335
16,23,12.0,0.26666666666666666,0.15,12.0,2.0
16,24,9.0,0.2,0.1125,9.0,1.5
16,25,1.0,0.022222222222222223,0.0125,1.0,0.16666666666666666
16,26,5.0,0.1111111111111111,0.0625,5.0,0.8333333333333334
16,27,12.0,0.26666666666666666,0.15,12.0,2.0
16,28,21.0,0.4666666666666667,0.2625,21.0,3.5
16,29,11.0,0.24444444444444444,0.1375,11.0,1.8333333333333333
16,30,15.0,0.3333333333333333,0.1875,15.0,2.5
16,31,14.0,0.3111111111111111,0.175,14.0,2.3333333333333335
16,32,13.0,0.28888888888888886,0.1625,13.0,2.1666666666666665
16,33,14.0,0.3111111111111111,0.175,14.0,2.3333333333333335
16,34,11.0,0.24444444444444444,0.1375,11.0,1.8333333333333333
16,35,13.0,0.28888888888888886,0.1625,13.0,2.1666666666666665
16,36,3.0,0.06666666666666667,0.0375,3.0,0.5
16,37,14.0,0.3111111111111111,0.175,14.0,2.3333333333333335
16,38,17.0,0.37777777777777777,0.2125,17.0,2.8333333333333335
16,39,10.0,0.2222222222222222,0.125,10.0,1.6666666666666667
16,40,11.0,0.24444444444444444,0.1375,11.0,1.8333333333333333
16,41,9.0,0.2,0.1125,9.0,1.5
16,42,4.0,0.08888888888888889,0.05,4.0,0.6666666666666666
16,43,11.0,0.24444444444444444,0.1375,11.0,1.8333333333333333
16,44,13.0,0.28888888888888886,0.1625,13.0,2.1666666666666665
16,45,10.0,0.2222222222222222,0.125,10.0,1.6666666666666667
16,46,17.0,0.37777777777777777,0.2125,17.0,2.8333333333333335
17,1,2.0,0.044444444444444446,0.025,2.0,0.3333333333333333
17,2,13.0,0.28888888888888886,0.1625,13.0,2.1666666666666665
17,3,3.0,0.06666666666666667,0.0375,3.0,0.5
17,4,2.0,0.044444444444444446,0.025,2.0,0.3333333333333333
17,5,10.0,0.2222222222222222,0.125,10.0,1.6666666666666667
17,6,10.0,0.2222222222222222,0.125,10.0,1.6666666666666667
17,7,2.0,0.044444444444444446,0.025,2.0,0.3333333333333333
17,8,9.0,0.2,0.1125,9.0,1.5
17,9,12.0,0.26666666666666666,0.15,12.0,2.0
17,10,8.0,0.17777777777777778,0.1,8.0,1.3333333333333333
17,11,9.0,0.2,0.1125,9.0,1.5
17,12,11.0,0.24444444444444444,0.1375,11.0,1.8333333333333333
17,13,9.0,0.2,0.1125,9.0,1.5
17,14,11.0,0.24444444444444444,0.1375,11.0,1.8333333333333333
17,15,10.0,0.2222222222222222,0.125,10.0,1.6666666666666667
17,16,12.0,0.26666666666666666,0.15,12.0,2.0
17,18,3.0,0.06666666666666667,0.0375,3.0,0.5
17,19,14.0,0.3111111111111111,0.175,14.0,2.3333333333333335
17,20,14.0,0.3111111111111111,0.175,14.0,2.3333333333333335
17,21,12.0,0.26666666666666666,0.15,12.0,2.0
17,22,12.0,0.26666666666666666,0.15,12.0,2.0
17,23,11.0,0.24444444444444444,0.1375,11.0,1.8333333333333333
17,24,10.0,0.2222222222222222,0.125,10.0,1.6666666666666667
17,25,11.0,0.24444444444444444,0.1375,11.0,1.8333333333333333
17,26,14.0,0.3111111111111111,0.175,14.0,2.3333333333333335
17,27,11.0,0.24444444444444444,0.1375,11.0,1.8333333333333333
17,28,9.0,0.2,0.1125,9.0,1.5
17,29,2.0,0.044444444444444446,0.025,2.0,0.3333333333333333
17,30,10.0,0.2222222222222222,0.125,10.0,1.6666666666666667
17,31,9.0,0.2,0.1125,9.0,1.5
17,32,8.0,0.17777777777777778,0.1,8.0,1.3333333333333333
17,33,9.0,0.2,0.1125,9.0,1.5
17,34,3.0,0.06666666666666667,0.0375,3.0,0.5
17,35,13.0,0.28888888888888886,0.1625,13.0,2.1666666666666665
17,36,10.0,0.2222222222222222,0.125,10.0,1.6666666666666667
17,37,9.0,0.2,0.1125,9.0,1.5
17,38,12.0,0.26666666666666666,0.15,12.0,2.0
17,39,11.0,0.24444444444444444,0.1375,11.0,1.8333333333333333
17,40,1.0,0.022222222222222223,0.0125,1.0,0.16666666666666666
17,41,4.0,0.08888888888888889,0.05,4.0,0.6666666666666666
17,42,12.0,0.26666666666666666,0.15,12.0,2.0
17,43,12.0,0.26666666666666666,0.15,12.0,2.0
17,44,11.0,0.24444444444444444,0.1375,11.0,1.8333333333333333
17,45,2.0,0.044444444444444446,0.025,2.0,0.3333333333333333
17,46,5.0,0.1111111111111111,0.0625,5.0,0.8333333333333334
18,1,1.0,0.022222222222222223,0.0125,1.0,0.16666666666666666
18,2,14.0,0.3111111111111111,0.175,14.0,2.3333333333333335
18,3,4.0,0.08888888888888889,0.05,4.0,0.6666666666666666
18,4,3.0,0.06666666666666667,0.0375,3.0,0.5
18,5,9.0,0.2,0.1125,9.0,1.5
18,6,9.0,0.2,0.1125,9.0,1.5
18,7,1.0,0.022222222222222223,0.0125,1.0,0.16666666666666666
18,8,8.0,0.17777777777777778,0.1,8.0,1.3333333333333333
18,9,10.0,0.2222222222222222,0.125,10.0,1.6666666666666667
18,10,7.0,0.15555555555555556,0.0875,7.0,1.1666666666666667
18,11,8.0,0.17777777777777778,0.1,8.0,1.3333333333333333
18,12,8.0,0.17777777777777778,0.1,8.0,1.3333333333333333
18,13,7.0,0.15555555555555556,0.0875,7.0,1.1666666666666667
18,14,14.0,0.3111111111111111,0.175,14.0,2.3333333333333335
18,15,13.0,0.28888888888888886,0.1625,13.0,2.1666666666666665
18,16,13.0,0.28888888888888886,0.1625,13.0,2.1666666666666665
18,17,3.0,0.06666666666666667,0.0375,3.0,0.5
18,19,11.0,0.24444444444444444,0.1375,11.0,1.8333333333333333
18,20,15.0,0.3333333333333333,0.1875,15.0,2.5
18,21,13.0,0.28888888888888886,0.1625,13.0,2.1666666666666665
18,22,14.0,0.3111111111111111,0.175,14.0,2.3333333333333335
18,23,9.0,0.2,0.1125,9.0,1.5
18,24,8.0,0.17777777777777778,0.1,8.0,1.3333333333333333
18,25,12.0,0.26666666666666666,0.15,12.0,2.0
18,26,15.0,0.3333333333333333,0.1875,15.0,2.5
18,27,8.0,0.17777777777777778,0.1,8.0,1.3333333333333333
18,28,8.0,0.17777777777777778,0.1,8.0,1.3333333333333333
18,29,3.0,0.06666666666666667,0.0375,3.0,0.5
18,30,13.0,0.28888888888888886,0.1625,13.0,2.1666666666666665
18,31,11.0,0.24444444444444444,0.1375,11.0,1.8333333333333333
18,32,10.0,0.2222222222222222,0.125,10.0,1.6666666666666667
18,33,12.0,0.26666666666666666,0.15,12.0,2.0
18,34,2.0,0.044444444444444446,0.025,2.0,0.3333333333333333
18,35,11.0,0.24444444444444444,0.1375,11.0,1.8333333333333333
18,36,11.0,0.24444444444444444,0.1375,11.0,1.8333333333333333
18,37,11.0,0.24444444444444444,0.1375,11.0,1.8333333333333333
18,38,14.0,0.3111111111111111,0.175,14.0,2.3333333333333335
18,39,9.0,0.2,0.1125,9.0,1.5
18,40,2.0,0.044444444444444446,0.025,2.0,0.3333333333333333
18,41,5.0,0.1111111111111111,0.0625,5.0,0.8333333333333334
18,42,13.0,0.28888888888888886,0.1625,13.0,2.1666666666666665
18,43,9.0,0.2,0.1125,9.0,1.5
18,44,9.0,0.2,0.1125,9.0,1.5
18,45,4.0,0.08888888888888889,0.05,4.0,0.6666666666666666
18,46,4.0,0.08888888888888889,0.05,4.0,0.6666666666666666
19,1,12.0,0.26666666666666666,0.15,12.0,2.0
19,2,13.0,0.28888888888888886,0.1625,13.0,2.1666666666666665
19,3,13.0,0.28888888888888886,0.1625,13.0,2.1666666666666665
19,4,12.0,0.26666666666666666,0.15,12.0,2.0
19,5,16.0,0.35555555555555557,0.2,16.0,2.6666666666666665
19,6,17.0,0.37777777777777777,0.2125,17.0,2.8333333333333335
19,7,12.0,0.26666666666666666,0.15,12.0,2.0
19,8,18.0,0.4,0.225,18.0,3.0
19,9,2.0,0.044444444444444446,0.025,2.0,0.3333333333333333
19,10,16.0,0.35555555555555557,0.2,16.0,2.6666666666666665
19,11,19.0,0.4222222222222222,0.2375,19.0,3.1666666666666665
19,12,3.0,0.06666666666666667,0.0375,3.0,0.5
19,13,5.0,0.1111111111111111,0.0625,5.0,0.8333333333333334
19,14,25.0,0.5555555555555556,0.3125,25.0,4.166666666666667
19,15,24.0,0.5333333333333333,0.3,24.0,4.0
19,16,12.0,0.26666666666666666,0.15,12.0,2.0
19,17,14.0,0.3111111111111111,0.175,14.0,2.3333333333333335
19,18,11.0,0.24444444444444444,0.1375,11.0,1.8333333333333333
19,20,14.0,0.3111111111111111,0.175,14.0,2.3333333333333335
19,21,12.0,0.26666666666666666,0.15,12.0,2.0
19,22,25.0,0.5555555555555556,0.3125,25.0,4.166666666666667
19,23,3.0,0.06666666666666667,0.0375,3.0,0.5
19,24,4.0,0.08888888888888889,0.05,4.0,0.6666666666666666
19,25,11.0,0.24444444444444444,0.1375,11.0,1.8333333333333333
19,26,14.0,0.3111111111111111,0.175,14.0,2.3333333333333335
19,27,3.0,0.06666666666666667,0.0375,3.0,0.5
19,28,17.0,0.37777777777777777,0.2125,17.0,2.8333333333333335
19,29,14.0,0.3111111111111111,0.175,14.0,2.3333333333333335
19,30,24.0,0.5333333333333333,0.3,24.0,4.0
19,31,22.0,0.4888888888888889,0.275,22.0,3.6666666666666665
19,32,21.0,0.4666666666666667,0.2625,21.0,3.5
19,33,23.0,0.5111111111111111,0.2875,23.0,3.8333333333333335
19,34,11.0,0.24444444444444444,0.1375,11.0,1.8333333333333333
19,35,1.0,0.022222222222222223,0.0125,1.0,0.16666666666666666
19,36,10.0,0.2222222222222222,0.125,10.0,1.6666666666666667
19,37,22.0,0.4888888888888889,0.275,22.0,3.6666666666666665
19,38,25.0,0.5555555555555556,0.3125,25.0,4.166666666666667
19,39,3.0,0.06666666666666667,0.0375,3.0,0.5
19,40,13.0,0.28888888888888886,0.1625,13.0,2.1666666666666665
19,41,14.0,0.3111111111111111,0.175,14.0,2.3333333333333335
19,42,12.0,0.26666666666666666,0.15,12.0,2.0
19,43,2.0,0.044444444444444446,0.025,2.0,0.3333333333333333
19,44,3.0,0.06666666666666667,0.0375,3.0,0.5
19,45,15.0,0.3333333333333333,0.1875,15.0,2.5
19,46,9.0,0.2,0.1125,9.0,1.5
20,1,15.0,0.3333333333333333,0.1875,15.0,2.5
20,2,4.0,0.08888888888888889,0.05,4.0,0.6666666666666666
20,3,11.0,0.24444444444444444,0.1375,11.0,1.8333333333333333
20,4,12.0,0.26666666666666666,0.15,12.0,2.0
20,5,23.0,0.5111111111111111,0.2875,23.0,3.8333333333333335
20,6,24.0,0.5333333333333333,0.3,24.0,4.0
20,7,14.0,0.3111111111111111,0.175,14.0,2.3333333333333335
20,8,23.0,0.5111111111111111,0.2875,23.0,3.8333333333333335
20,9,13.0,0.28888888888888886,0.1625,13.0,2.1666666666666665
20,10,21.0,0.4666666666666667,0.2625,21.0,3.5
20,11,22.0,0.4888888888888889,0.275,22.0,3.6666666666666665
20,12,12.0,0.26666666666666666,0.15,12.0,2.0
20,13,12.0,0.26666666666666666,0.15,12.0,2.0
20,14,18.0,0.4,0.225,18.0,3.0
20,15,17.0,0.37777777777777777,0.2125,17.0,2.8333333333333335
20,16,2.0,0.044444444444444446,0.025,2.0,0.3333333333333333
20,17,14.0,0.3111111111111111,0.175,14.0,2.3333333333333335
20,18,15.0,0.3333333333333333,0.1875,15.0,2.5
20,19,14.0,0.3111111111111111,0.175,14.0,2.3333333333333335
20,21,5.0,0.1111111111111111,0.0625,5.0,0.8333333333333334
20,22,19.0,0.4222222222222222,0.2375,19.0,3.1666666666666665
20,23,14.0,0.3111111111111111,0.175,14.0,2.3333333333333335
20,24,11.0,0.24444444444444444,0.1375,11.0,1.8333333333333333
20,25,3.0,0.06666666666666667,0.0375,3.0,0.5
20,26,4.0,0.08888888888888889,0.05,4.0,0.6666666666666666
20,27,13.0,0.28888888888888886,0.1625,13.0,2.1666666666666665
20,28,22.0,0.4888888888888889,0.275,22.0,3.6666666666666665
20,29,12.0,0.26666666666666666,0.15,12.0,2.0
20,30,17.0,0.37777777777777777,0.2125,17.0,2.8333333333333335
20,31,15.0,0.3333333333333333,0.1875,15.0,2.5
20,32,14.0,0.3111111111111111,0.175,14.0,2.3333333333333335
20,33,16.0,0.35555555555555557,0.2,16.0,2.6666666666666665
20,34,13.0,0.28888888888888886,0.1625,13.0,2.1666666666666665
20,35,14.0,0.3111111111111111,0.175,14.0,2.3333333333333335
20,36,4.0,0.08888888888888889,0.05,4.0,0.6666666666666666
20,37,15.0,0.3333333333333333,0.1875,15.0,2.5
20,38,19.0,0.4222222222222222,0.2375,19.0,3.1666666666666665
20,39,11.0,0.24444444444444444,0.1375,11.0,1.8333333333333333
20,40,13.0,0.28888888888888886,0.1625,13.0,2.1666666666666665
20,41,10.0,0.2222222222222222,0.125,10.0,1.6666666666666667
20,42,2.0,0.044444444444444446,0.025,2.0,0.3333333333333333
20,43,12.0,0.26666666666666666,0.15,12.0,2.0
20,44,14.0,0.3111111111111111,0.175,14.0,2.3333333333333335
20,45,12.0,0.26666666666666666,0.15,12.0,2.0
20,46,19.0,0.4222222222222222,0.2375,19.0,3.1666666666666665
21,1,14.0,0.3111111111111111,0.175,14.0,2.3333333333333335
21,2,1.0,0.022222222222222223,0.0125,1.0,0.16666666666666666
21,3,11.0,0.24444444444444444,0.1375,11.0,1.8333333333333333
21,4,10.0,0.2222222222222222,0.125,10.0,1.6666666666666667
21,5,21.0,0.4666666666666667,0.2625,21.0,3.5
21,6,22.0,0.4888888888888889,0.275,22.0,3.6666666666666665
21,7,12.0,0.26666666666666666,0.15,12.0,2.0
21,8,21.0,0.4666666666666667,0.2625,21.0,3.5
21,9,12.0,0.26666666666666666,0.15,12.0,2.0
21,10,20.0,0.4444444444444444,0.25,20.0,3.3333333333333335
21,11,20.0,0.4444444444444444,0.25,20.0,3.3333333333333335
21,12,10.0,0.2222222222222222,0.125,10.0,1.6666666666666667
21,13,10.0,0.2222222222222222,0.125,10.0,1.6666666666666667
21,14,23.0,0.5111111111111111,0.2875,23.0,3.8333333333333335
21,15,22.0,0.4888888888888889,0.275,22.0,3.6666666666666665
21,16,7.0,0.15555555555555556,0.0875,7.0,1.1666666666666667
21,17,12.0,0.26666666666666666,0.15,12.0,2.0
21,18,13.0,0.28888888888888886,0.1625,13.0,2.1666666666666665
21,19,12.0,0.26666666666666666,0.15,12.0,2.0
21,20,5.0,0.1111111111111111,0.0625,5.0,0.8333333333333334
21,22,24.0,0.5333333333333333,0.3,24.0,4.0
21,23,12.0,0.26666666666666666,0.15,12.0,2.0
21,24,9.0,0.2,0.1125,9.0,1.5
21,25,6.0,0.13333333333333333,0.075,6.0,1.0
21,26,2.0,0.044444444444444446,0.025,2.0,0.3333333333333333
21,27,12.0,0.26666666666666666,0.15,12.0,2.0
21,28,21.0,0.4666666666666667,0.2625,21.0,3.5
21,29,12.0,0.26666666666666666,0.15,12.0,2.0
21,30,22.0,0.4888888888888889,0.275,22.0,3.6666666666666665
21,31,20.0,0.4444444444444444,0.25,20.0,3.3333333333333335
21,32,19.0,0.4222222222222222,0.2375,19.0,3.1666666666666665
21,33,21.0,0.4666666666666667,0.2625,21.0,3.5
21,34,11.0,0.24444444444444444,0.1375,11.0,1.8333333333333333
21,35,13.0,0.28888888888888886,0.1625,13.0,2.1666666666666665
21,36,5.0,0.1111111111111111,0.0625,5.0,0.8333333333333334
21,37,20.0,0.4444444444444444,0.25,20.0,3.3333333333333335
21,38,24.0,0.5333333333333333,0.3,24.0,4.0
21,39,10.0,0.2222222222222222,0.125,10.0,1.6666666666666667
21,40,11.0,0.24444444444444444,0.1375,11.0,1.8333333333333333
21,41,12.0,0.26666666666666666,0.15,12.0,2.0
21,42,4.0,0.08888888888888889,0.05,4.0,0.6666666666666666
21,43,11.0,0.24444444444444444,0.1375,11.0,1.8333333333333333
21,44,13.0,0.28888888888888886,0.1625,13.0,2.1666666666666665
21,45,14.0,0.3111111111111111,0.175,14.0,2.3333333333333335
21,46,17.0,0.37777777777777777,0.2125,17.0,2.8333333333333335
22,1,14.0,0.3111111111111111,0.175,14.0,2.3333333333333335
22,2,23.0,0.5111111111111111,0.2875,23.0,3.8333333333333335
22,3,13.0,0.28888888888888886,0.1625,13.0,2.1666666666666665
22,4,14.0,0.3111111111111111,0.175,14.0,2.3333333333333335
22,5,11.0,0.24444444444444444,0.1375,11.0,1.8333333333333333
22,6,12.0,0.26666666666666666,0.15,12.0,2.0
22,7,14.0,0.3111111111111111,0.175,14.0,2.3333333333333335
22,8,11.0,0.24444444444444444,0.1375,11.0,1.8333333333333333
22,9,24.0,0.5333333333333333,0.3,24.0,4.0
22,10,10.0,0.2222222222222222,0.125,10.0,1.6666666666666667
22,11,10.0,0.2222222222222222,0.125,10.0,1.6666666666666667
22,12,22.0,0.4888888888888889,0.275,22.0,3.6666666666666665
22,13,21.0,0.4666666666666667,0.2625,21.0,3.5
22,14,3.0,0.06666666666666667,0.0375,3.0,0.5
22,15,5.0,0.1111111111111111,0.0625,5.0,0.8333333333333334
22,16,17.0,0.37777777777777777,0.2125,17.0,2.8333333333333335
22,17,12.0,0.26666666666666666,0.15,12.0,2.0
22,18,14.0,0.3111111111111111,0.175,14.0,2.3333333333333335
22,19,25.0,0.5555555555555556,0.3125,25.0,4.166666666666667
22,20,19.0,0.4222222222222222,0.2375,19.0,3.1666666666666665
22,21,24.0,0.5333333333333333,0.3,24.0,4.0
22,23,23.0,0.5111111111111111,0.2875,23.0,3.8333333333333335
22,24,22.0,0.4888888888888889,0.275,22.0,3.6666666666666665
22,25,18.0,0.4,0.225,18.0,3.0
22,26,22.0,0.4888888888888889,0.275,22.0,3.6666666666666665
22,27,22.0,0.4888888888888889,0.275,22.0,3.6666666666666665
22,28,11.0,0.24444444444444444,0.1375,11.0,1.8333333333333333
22,29,12.0,0.26666666666666666,0.15,12.0,2.0
22,30,2.0,0.044444444444444446,0.025,2.0,0.3333333333333333
22,31,4.0,0.08888888888888889,0.05,4.0,0.6666666666666666
22,32,5.0,0.1111111111111111,0.0625,5.0,0.8333333333333334
22,33,3.0,0.06666666666666667,0.0375,3.0,0.5
22,34,15.0,0.3333333333333333,0.1875,15.0,2.5
22,35,25.0,0.5555555555555556,0.3125,25.0,4.166666666666667
22,36,19.0,0.4222222222222222,0.2375,19.0,3.1666666666666665
22,37,4.0,0.08888888888888889,0.05,4.0,0.6666666666666666
22,38,4.0,0.08888888888888889,0.05,4.0,0.6666666666666666
22,39,23.0,0.5111111111111111,0.2875,23.0,3.8333333333333335
22,40,13.0,0.28888888888888886,0.1625,13.0,2.1666666666666665
22,41,12.0,0.26666666666666666,0.15,12.0,2.0
22,42,20.0,0.4444444444444444,0.25,20.0,3.3333333333333335
22,43,23.0,0.5111111111111111,0.2875,23.0,3.8333333333333335
22,44,23.0,0.5111111111111111,0.2875,23.0,3.8333333333333335
22,45,10.0,0.2222222222222222,0.125,10.0,1.6666666666666667
22,46,17.0,0.37777777777777777,0.2125,17.0,2.8333333333333335
23,1,10.0,0.2222222222222222,0.125,10.0,1.6666666666666667
23,2,13.0,0.28888888888888886,0.1625,13.0,2.1666666666666665
23,3,10.0,0.2222222222222222,0.125,10.0,1.6666666666666667
23,4,10.0,0.2222222222222222,0.125,10.0,1.6666666666666667
23,5,14.0,0.3111111111111111,0.175,14.0,2.3333333333333335
23,6,15.0,0.3333333333333333,0.1875,15.0,2.5
23,7,10.0,0.2222222222222222,0.125,10.0,1.6666666666666667
23,8,16.0,0.35555555555555557,0.2,16.0,2.6666666666666665
23,9,1.0,0.022222222222222223,0.0125,1.0,0.16666666666666666
23,10,14.0,0.3111111111111111,0.175,14.0,2.3333333333333335
23,11,16.0,0.35555555555555557,0.2,16.0,2.6666666666666665
23,12,2.0,0.044444444444444446,0.025,2.0,0.3333333333333333
23,13,3.0,0.06666666666666667,0.0375,3.0,0.5
23,14,22.0,0.4888888888888889,0.275,22.0,3.6666666666666665
23,15,21.0,0.4666666666666667,0.2625,21.0,3.5
23,16,12.0,0.26666666666666666,0.15,12.0,2.0
23,17,11.0,0.24444444444444444,0.1375,11.0,1.8333333333333333
23,18,9.0,0.2,0.1125,9.0,1.5
23,19,3.0,0.06666666666666667,0.0375,3.0,0.5
23,20,14.0,0.3111111111111111,0.175,14.0,2.3333333333333335
23,21,12.0,0.26666666666666666,0.15,12.0,2.0
23,22,23.0,0.5111111111111111,0.2875,23.0,3.8333333333333335
23,24,4.0,0.08888888888888889,0.05,4.0,0.6666666666666666
23,25,11.0,0.24444444444444444,0.1375,11.0,1.8333333333333333
23,26,14.0,0.3111111111111111,0.175,14.0,2.3333333333333335
23,27,1.0,0.022222222222222223,0.0125,1.0,0.16666666666666666
23,28,15.0,0.3333333333333333,0.1875,15.0,2.5
23,29,11.0,0.24444444444444444,0.1375,11.0,1.8333333333333333
23,30,21.0,0.4666666666666667,0.2625,21.0,3.5
23,31,20.0,0.4444444444444444,0.25,20.0,3.3333333333333335
23,32,19.0,0.4222222222222222,0.2375,19.0,3.1666666666666665
23,33,20.0,0.4444444444444444,0.25,20.0,3.3333333333333335
23,34,9.0,0.2,0.1125,9.0,1.5
23,35,2.0,0.044444444444444446,0.025,2.0,0.3333333333333333
23,36,10.0,0.2222222222222222,0.125,10.0,1.6666666666666667
23,37,20.0,0.4444444444444444,0.25,20.0,3.3333333333333335
23,38,23.0,0.5111111111111111,0.2875,23.0,3.8333333333333335
23,39,3.0,0.06666666666666667,0.0375,3.0,0.5
23,40,11.0,0.24444444444444444,0.1375,11.0,1.8333333333333333
23,41,11.0,0.24444444444444444,0.1375,11.0,1.8333333333333333
23,42,12.0,0.26666666666666666,0.15,12.0,2.0
23,43,2.0,0.044444444444444446,0.025,2.0,0.3333333333333333
23,44,1.0,0.022222222222222223,0.0125,1.0,0.16666666666666666
23,45,13.0,0.28888888888888886,0.1625,13.0,2.1666666666666665
23,46,6.0,0.13333333333333333,0.075,6.0,1.0
24,1,8.0,0.17777777777777778,0.1,8.0,1.3333333333333333
24,2,10.0,0.2222222222222222,0.125,10.0,1.6666666666666667
24,3,9.0,0.2,0.1125,9.0,1.5
24,4,8.0,0.17777777777777778,0.1,8.0,1.3333333333333333
24,5,13.0,0.28888888888888886,0.1625,13.0,2.1666666666666665
24,6,13.0,0.28888888888888886,0.1625,13.0,2.1666666666666665
24,7,8.0,0.17777777777777778,0.1,8.0,1.3333333333333333
24,8,14.0,0.3111111111111111,0.175,14.0,2.3333333333333335
24,9,3.0,0.06666666666666667,0.0375,3.0,0.5
24,10,12.0,0.26666666666666666,0.15,12.0,2.0
24,11,15.0,0.3333333333333333,0.1875,15.0,2.5
24,12,2.0,0.044444444444444446,0.025,2.0,0.3333333333333333
24,13,1.0,0.022222222222222223,0.0125,1.0,0.16666666666666666
24,14,21.0,0.4666666666666667,0.2625,21.0,3.5
24,15,20.0,0.4444444444444444,0.25,20.0,3.3333333333333335
24,16,9.0,0.2,0.1125,9.0,1.5
24,17,10.0,0.2222222222222222,0.125,10.0,1.6666666666666667
24,18,8.0,0.17777777777777778,0.1,8.0,1.3333333333333333
24,19,4.0,0.08888888888888889,0.05,4.0,0.6666666666666666
24,20,11.0,0.24444444444444444,0.1375,11.0,1.8333333333333333
24,21,9.0,0.2,0.1125,9.0,1.5
24,22,22.0,0.4888888888888889,0.275,22.0,3.6666666666666665
24,23,4.0,0.08888888888888889,0.05,4.0,0.6666666666666666
24,25,8.0,0.17777777777777778,0.1,8.0,1.3333333333333333
24,26,11.0,0.24444444444444444,0.1375,11.0,1.8333333333333333
24,27,3.0,0.06666666666666667,0.0375,3.0,0.5
24,28,13.0,0.28888888888888886,0.1625,13.0,2.1666666666666665
24,29,10.0,0.2222222222222222,0.125,10.0,1.6666666666666667
24,30,20.0,0.4444444444444444,0.25,20.0,3.3333333333333335
24,31,18.0,0.4,0.225,18.0,3.0
24,32,17.0,0.37777777777777777,0.2125,17.0,2.8333333333333335
24,33,19.0,0.4222222222222222,0.2375,19.0,3.1666666666666665
24,34,7.0,0.15555555555555556,0.0875,7.0,1.1666666666666667
24,35,4.0,0.08888888888888889,0.05,4.0,0.6666666666666666
24,36,7.0,0.15555555555555556,0.0875,7.0,1.1666666666666667
24,37,18.0,0.4,0.225,18.0,3.0
24,38,22.0,0.4888888888888889,0.275,22.0,3.6666666666666665
24,39,2.0,0.044444444444444446,0.025,2.0,0.3333333333333333
24,40,9.0,0.2,0.1125,9.0,1.5
24,41,10.0,0.2222222222222222,0.125,10.0,1.6666666666666667
24,42,9.0,0.2,0.1125,9.0,1.5
24,43,2.0,0.044444444444444446,0.025,2.0,0.3333333333333333
24,44,4.0,0.08888888888888889,0.05,4.0,0.6666666666666666
24,45,12.0,0.26666666666666666,0.15,12.0,2.0
24,46,8.0,0.17777777777777778,0.1,8.0,1.3333333333333333
25,1,13.0,0.28888888888888886,0.1625,13.0,2.1666666666666665
25,2,5.0,0.1111111111111111,0.0625,5.0,0.8333333333333334
25,3,9.0,0.2,0.1125,9.0,1.5
25,4,9.0,0.2,0.1125,9.0,1.5
25,5,20.0,0.4444444444444444,0.25,20.0,3.3333333333333335
25,6,21.0,0.4666666666666667,0.2625,21.0,3.5
25,7,11.0,0.24444444444444444,0.1375,11.0,1.8333333333333333
25,8,20.0,0.4444444444444444,0.25,20.0,3.3333333333333335
25,9,11.0,0.24444444444444444,0.1375,11.0,1.8333333333333333
25,10,19.0,0.4222222222222222,0.2375,19.0,3.1666666666666665
25,11,19.0,0.4222222222222222,0.2375,19.0,3.1666666666666665
25,12,9.0,0.2,0.1125,9.0,1.5
25,13,9.0,0.2,0.1125,9.0,1.5
25,14,17.0,0.37777777777777777,0.2125,17.0,2.8333333333333335
25,15,16.0,0.35555555555555557,0.2,16.0,2.6666666666666665
25,16,1.0,0.022222222222222223,0.0125,1.0,0.16666666666666666
25,17,11.0,0.24444444444444444,0.1375,11.0,1.8333333333333333
25,18,12.0,0.26666666666666666,0.15,12.0,2.0
25,19,11.0,0.24444444444444444,0.1375,11.0,1.8333333333333333
25,20,3.0,0.06666666666666667,0.0375,3.0,0.5
25,21,6.0,0.13333333333333333,0.075,6.0,1.0
25,22,18.0,0.4,0.225,18.0,3.0
25,23,11.0,0.24444444444444444,0.1375,11.0,1.8333333333333333
25,24,8.0,0.17777777777777778,0.1,8.0,1.3333333333333333
25,26,4.0,0.08888888888888889,0.05,4.0,0.6666666666666666
25,27,11.0,0.24444444444444444,0.1375,11.0,1.8333333333333333
25,28,20.0,0.4444444444444444,0.25,20.0,3.3333333333333335
25,29,10.0,0.2222222222222222,0.125,10.0,1.6666666666666667
25,30,16.0,0.35555555555555557,0.2,16.0,2.6666666666666665
25,31,15.0,0.3333333333333333,0.1875,15.0,2.5
25,32,14.0,0.3111111111111111,0.175,14.0,2.3333333333333335
25,33,15.0,0.3333333333333333,0.1875,15.0,2.5
25,34,10.0,0.2222222222222222,0.125,10.0,1.6666666666666667
25,35,12.0,0.26666666666666666,0.15,12.0,2.0
25,36,2.0,0.044444444444444446,0.025,2.0,0.3333333333333333
25,37,15.0,0.3333333333333333,0.1875,15.0,2.5
25,38,18.0,0.4,0.225,18.0,3.0
25,39,9.0,0.2,0.1125,9.0,1.5
25,40,10.0,0.2222222222222222,0.125,10.0,1.6666666666666667
25,41,8.0,0.17777777777777778,0.1,8.0,1.3333333333333333
25,42,3.0,0.06666666666666667,0.0375,3.0,0.5
25,43,10.0,0.2222222222222222,0.125,10.0,1.6666666666666667
25,44,12.0,0.26666666666666666,0.15,12.0,2.0
25,45,9.0,0.2,0.1125,9.0,1.5
25,46,16.0,0.35555555555555557,0.2,16.0,2.6666666666666665
26,1,15.0,0.3333333333333333,0.1875,15.0,2.5
26,2,1.0,0.022222222222222223,0.0125,1.0,0.16666666666666666
26,3,11.0,0.24444444444444444,0.1375,11.0,1.8333333333333333
26,4,12.0,0.26666666666666666,0.15,12.0,2.0
26,5,23.0,0.5111111111111111,0.2875,23.0,3.8333333333333335
26,6,24.0,0.5333333333333333,0.3,24.0,4.0
26,7,14.0,0.3111111111111111,0.175,14.0,2.3333333333333335
26,8,23.0,0.5111111111111111,0.2875,23.0,3.8333333333333335
26,9,13.0,0.28888888888888886,0.1625,13.0,2.1666666666666665
26,10,21.0,0.4666666666666667,0.2625,21.0,3.5
26,11,22.0,0.4888888888888889,0.275,22.0,3.6666666666666665
26,12,12.0,0.26666666666666666,0.15,12.0,2.0
26,13,12.0,0.26666666666666666,0.15,12.0,2.0
26,14,21.0,0.4666666666666667,0.2625,21.0,3.5
26,15,20.0,0.4444444444444444,0.25,20.0,3.3333333333333335
26,16,5.0,0.1111111111111111,0.0625,5.0,0.8333333333333334
26,17,14.0,0.3111111111111111,0.175,14.0,2.3333333333333335
26,18,15.0,0.3333333333333333,0.1875,15.0,2.5
26,19,14.0,0.3111111111111111,0.175,14.0,2.3333333333333335
26,20,4.0,0.08888888888888889,0.05,4.0,0.6666666666666666
26,21,2.0,0.044444444444444446,0.025,2.0,0.3333333333333333
26,22,22.0,0.4888888888888889,0.275,22.0,3.6666666666666665
26,23,14.0,0.3111111111111111,0.175,14.0,2.3333333333333335
26,24,11.0,0.24444444444444444,0.1375,11.0,1.8333333333333333
26,25,4.0,0.08888888888888889,0.05,4.0,0.6666666666666666
26,27,13.0,0.28888888888888886,0.1625,13.0,2.1666666666666665
26,28,22.0,0.4888888888888889,0.275,22.0,3.6666666666666665
26,29,12.0,0.26666666666666666,0.15,12.0,2.0
26,30,20.0,0.4444444444444444,0.25,20.0,3.3333333333333335
26,31,19.0,0.4222222222222222,0.2375,19.0,3.1666666666666665
26,32,18.0,0.4,0.225,18.0,3.0
26,33,19.0,0.4222222222222222,0.2375,19.0,3.1666666666666665
26,34,13.0,0.28888888888888886,0.1625,13.0,2.1666666666666665
26,35,14.0,0.3111111111111111,0.175,14.0,2.3333333333333335
26,36,4.0,0.08888888888888889,0.05,4.0,0.6666666666666666
26,37,19.0,0.4222222222222222,0.2375,19.0,3.1666666666666665
26,38,22.0,0.4888888888888889,0.275,22.0,3.6666666666666665
26,39,11.0,0.24444444444444444,0.1375,11.0,1.8333333333333333
26,40,13.0,0.28888888888888886,0.1625,13.0,2.1666666666666665
26,41,10.0,0.2222222222222222,0.125,10.0,1.6666666666666667
26,42,2.0,0.044444444444444446,0.025,2.0,0.3333333333333333
26,43,12.0,0.26666666666666666,0.15,12.0,2.0
26,44,14.0,0.3111111111111111,0.175,14.0,2.3333333333333335
26,45,12.0,0.26666666666666666,0.15,12.0,2.0
26,46,19.0,0.4222222222222222,0.2375,19.0,3.1666666666666665
27,1,9.0,0.2,0.1125,9.0,1.5
27,2,13.0,0.28888888888888886,0.1625,13.0,2.1666666666666665
27,3,10.0,0.2222222222222222,0.125,10.0,1.6666666666666667
27,4,9.0,0.2,0.1125,9.0,1.5
27,5,13.0,0.28888888888888886,0.1625,13.0,2.1666666666666665
27,6,14.0,0.3111111111111111,0.175,14.0,2.3333333333333335
27,7,9.0,0.2,0.1125,9.0,1.5
27,8,15.0,0.3333333333333333,0.1875,15.0,2.5
27,9,2.0,0.044444444444444446,0.025,2.0,0.3333333333333333
27,10,13.0,0.28888888888888886,0.1625,13.0,2.1666666666666665
27,11,16.0,0.35555555555555557,0.2,16.0,2.6666666666666665
27,12,2.0,0.044444444444444446,0.025,2.0,0.3333333333333333
27,13,2.0,0.044444444444444446,0.025,2.0,0.3333333333333333
27,14,22.0,0.4888888888888889,0.275,22.0,3.6666666666666665
27,15,21.0,0.4666666666666667,0.2625,21.0,3.5
27,16,12.0,0.26666666666666666,0.15,12.0,2.0
27,17,11.0,0.24444444444444444,0.1375,11.0,1.8333333333333333
27,18,8.0,0.17777777777777778,0.1,8.0,1.3333333333333333
27,19,3.0,0.06666666666666667,0.0375,3.0,0.5
27,20,13.0,0.28888888888888886,0.1625,13.0,2.1666666666666665
27,21,12.0,0.26666666666666666,0.15,12.0,2.0
27,22,22.0,0.4888888888888889,0.275,22.0,3.6666666666666665
27,23,1.0,0.022222222222222223,0.0125,1.0,0.16666666666666666
27,24,3.0,0.06666666666666667,0.0375,3.0,0.5
27,25,11.0,0.24444444444444444,0.1375,11.0,1.8333333333333333
27,26,13.0,0.28888888888888886,0.1625,13.0,2.1666666666666665
27,28,14.0,0.3111111111111111,0.175,14.0,2.3333333333333335
27,29,11.0,0.24444444444444444,0.1375,11.0,1.8333333333333333
27,30,21.0,0.4666666666666667,0.2625,21.0,3.5
27,31,19.0,0.4222222222222222,0.2375,19.0,3.1666666666666665
27,32,18.0,0.4,0.225,18.0,3.0
27,33,20.0,0.4444444444444444,0.25,20.0,3.3333333333333335
27,34,8.0,0.17777777777777778,0.1,8.0,1.3333333333333333
27,35,3.0,0.06666666666666667,0.0375,3.0,0.5
27,36,9.0,0.2,0.1125,9.0,1.5
27,37,19.0,0.4222222222222222,0.2375,19.0,3.1666666666666665
27,38,22.0,0.4888888888888889,0.275,22.0,3.6666666666666665
27,39,2.0,0.044444444444444446,0.025,2.0,0.3333333333333333
27,40,10.0,0.2222222222222222,0.125,10.0,1.6666666666666667
27,41,11.0,0.24444444444444444,0.1375,11.0,1.8333333333333333
27,42,12.0,0.26666666666666666,0.15,12.0,2.0
27,43,1.0,0.022222222222222223,0.0125,1.0,0.16666666666666666
27,44,1.0,0.022222222222222223,0.0125,1.0,0.16666666666666666
27,45,12.0,0.26666666666666666,0.15,12.0,2.0
27,46,6.0,0.13333333333333333,0.075,6.0,1.0
28,1,7.0,0.15555555555555556,0.0875,7.0,1.1666666666666667
28,2,22.0,0.4888888888888889,0.275,22.0,3.6666666666666665
28,3,11.0,0.24444444444444444,0.1375,11.0,1.8333333333333333
28,4,11.0,0.24444444444444444,0.1375,11.0,1.8333333333333333
28,5,1.0,0.022222222222222223,0.0125,1.0,0.16666666666666666
28,6,2.0,0.044444444444444446,0.025,2.0,0.3333333333333333
28,7,9.0,0.2,0.1125,9.0,1.5
28,8,1.0,0.022222222222222223,0.0125,1.0,0.16666666666666666
28,9,15.0,0.3333333333333333,0.1875,15.0,2.5
28,10,1.0,0.022222222222222223,0.0125,1.0,0.16666666666666666
28,11,2.0,0.044444444444444446,0.025,2.0,0.3333333333333333
28,12,14.0,0.3111111111111111,0.175,14.0,2.3333333333333335
28,13,12.0,0.26666666666666666,0.15,12.0,2.0
28,14,13.0,0.28888888888888886,0.1625,13.0,2.1666666666666665
28,15,16.0,0.35555555555555557,0.2,16.0,2.6666666666666665
28,16,21.0,0.4666666666666667,0.2625,21.0,3.5
28,17,9.0,0.2,0.1125,9.0,1.5
28,18,8.0,0.17777777777777778,0.1,8.0,1.3333333333333333
28,19,17.0,0.37777777777777777,0.2125,17.0,2.8333333333333335
28,20,22.0,0.4888888888888889,0.275,22.0,3.6666666666666665
28,21,21.0,0.4666666666666667,0.2625,21.0,3.5
28,22,11.0,0.24444444444444444,0.1375,11.0,1.8333333333333333
28,23,15.0,0.3333333333333333,0.1875,15.0,2.5
28,24,13.0,0.28888888888888886,0.1625,13.0,2.1666666666666665
28,25,20.0,0.4444444444444444,0.25,20.0,3.3333333333333335
28,26,22.0,0.4888888888888889,0.275,22.0,3.6666666666666665
28,27,14.0,0.3111111111111111,0.175,14.0,2.3333333333333335
28,29,10.0,0.2222222222222222,0.125,10.0,1.6666666666666667
28,30,9.0,0.2,0.1125,9.0,1.5
28,31,11.0,0.24444444444444444,0.1375,11.0,1.8333333333333333
28,32,13.0,0.28888888888888886,0.1625,13.0,2.1666666666666665
28,33,11.0,0.24444444444444444,0.1375,11.0,1.8333333333333333
28,34,10.0,0.2222222222222222,0.125,10.0,1.6666666666666667
28,35,16.0,0.35555555555555557,0.2,16.0,2.6666666666666665
28,36,18.0,0.4,0.225,18.0,3.0
28,37,14.0,0.3111111111111111,0.175,14.0,2.3333333333333335
28,38,14.0,0.3111111111111111,0.175,14.0,2.3333333333333335
28,39,15.0,0.3333333333333333,0.1875,15.0,2.5
28,40,10.0,0.2222222222222222,0.125,10.0,1.6666666666666667
28,41,12.0,0.26666666666666666,0.15,12.0,2.0
28,42,21.0,0.4666666666666667,0.2625,21.0,3.5
28,43,15.0,0.3333333333333333,0.1875,15.0,2.5
28,44,14.0,0.3111111111111111,0.175,14.0,2.3333333333333335
28,45,11.0,0.24444444444444444,0.1375,11.0,1.8333333333333333
28,46,9.0,0.2,0.1125,9.0,1.5
29,1,3.0,0.06666666666666667,0.0375,3.0,0.5
29,2,12.0,0.26666666666666666,0.15,12.0,2.0
29,3,1.0,0.022222222222222223,0.0125,1.0,0.16666666666666666
29,4,2.0,0.044444444444444446,0.025,2.0,0.3333333333333333
29,5,11.0,0.24444444444444444,0.1375,11.0,1.8333333333333333
29,6,12.0,0.26666666666666666,0.15,12.0,2.0
29,7,2.0,0.044444444444444446,0.025,2.0,0.3333333333333333
29,8,11.0,0.24444444444444444,0.1375,11.0,1.8333333333333333
29,9,12.0,0.26666666666666666,0.15,12.0,2.0
29,10,9.0,0.2,0.1125,9.0,1.5
29,11,10.0,0.2222222222222222,0.125,10.0,1.6666666666666667
29,12,11.0,0.24444444444444444,0.1375,11.0,1.8333333333333333
29,13,9.0,0.2,0.1125,9.0,1.5
29,14,11.0,0.24444444444444444,0.1375,11.0,1.8333333333333333
29,15,10.0,0.2222222222222222,0.125,10.0,1.6666666666666667
29,16,11.0,0.24444444444444444,0.1375,11.0,1.8333333333333333
29,17,2.0,0.044444444444444446,0.025,2.0,0.3333333333333333
29,18,3.0,0.06666666666666667,0.0375,3.0,0.5
29,19,14.0,0.3111111111111111,0.175,14.0,2.3333333333333335
29,20,12.0,0.26666666666666666,0.15,12.0,2.0
29,21,12.0,0.26666666666666666,0.15,12.0,2.0
29,22,12.0,0.26666666666666666,0.15,12.0,2.0
29,23,11.0,0.24444444444444444,0.1375,11.0,1.8333333333333333
29,24,10.0,0.2222222222222222,0.125,10.0,1.6666666666666667
29,25,10.0,0.2222222222222222,0.125,10.0,1.6666666666666667
29,26,12.0,0.26666666666666666,0.15,12.0,2.0
29,27,11.0,0.24444444444444444,0.1375,11.0,1.8333333333333333
29,28,10.0,0.2222222222222222,0.125,10.0,1.6666666666666667
29,30,10.0,0.2222222222222222,0.125,10.0,1.6666666666666667
29,31,9.0,0.2,0.1125,9.0,1.5
29,32,8.0,0.17777777777777778,0.1,8.0,1.3333333333333333
29,33,9.0,0.2,0.1125,9.0,1.5
29,34,3.0,0.06666666666666667,0.0375,3.0,0.5
29,35,13.0,0.28888888888888886,0.1625,13.0,2.1666666666666665
29,36,8.0,0.17777777777777778,0.1,8.0,1.3333333333333333
29,37,9.0,0.2,0.1125,9.0,1.5
29,38,12.0,0.26666666666666666,0.15,12.0,2.0
29,39,11.0,0.24444444444444444,0.1375,11.0,1.8333333333333333
29,40,1.0,0.022222222222222223,0.0125,1.0,0.16666666666666666
29,41,2.0,0.044444444444444446,0.025,2.0,0.3333333333333333
29,42,11.0,0.24444444444444444,0.1375,11.0,1.8333333333333333
29,43,12.0,0.26666666666666666,0.15,12.0,2.0
29,44,11.0,0.24444444444444444,0.1375,11.0,1.8333333333333333
29,45,2.0,0.044444444444444446,0.025,2.0,0.3333333333333333
29,46,7.0,0.15555555555555556,0.0875,7.0,1.1666666666666667
30,1,12.0,0.26666666666666666,0.15,12.0,2.0
30,2,21.0,0.4666666666666667,0.2625,21.0,3.5
30,3,11.0,0.24444444444444444,0.1375,11.0,1.8333333333333333
30,4,12.0,0.26666666666666666,0.15,12.0,2.0
30,5,10.0,0.2222222222222222,0.125,10.0,1.6666666666666667
30,6,10.0,0.2222222222222222,0.125,10.0,1.6666666666666667
30,7,12.0,0.26666666666666666,0.15,12.0,2.0
30,8,9.0,0.2,0.1125,9.0,1.5
30,9,22.0,0.4888888888888889,0.275,22.0,3.6666666666666665
30,10,8.0,0.17777777777777778,0.1,8.0,1.3333333333333333
30,11,9.0,0.2,0.1125,9.0,1.5
30,12,21.0,0.4666666666666667,0.2625,21.0,3.5
30,13,19.0,0.4222222222222222,0.2375,19.0,3.1666666666666665
30,14,5.0,0.1111111111111111,0.0625,5.0,0.8333333333333334
30,15,7.0,0.15555555555555556,0.0875,7.0,1.1666666666666667
30,16,15.0,0.3333333333333333,0.1875,15.0,2.5
30,17,10.0,0.2222222222222222,0.125,10.0,1.6666666666666667
30,18,13.0,0.28888888888888886,0.1625,13.0,2.1666666666666665
30,19,24.0,0.5333333333333333,0.3,24.0,4.0
30,20,17.0,0.37777777777777777,0.2125,17.0,2.8333333333333335
30,21,22.0,0.4888888888888889,0.275,22.0,3.6666666666666665
30,22,2.0,0.044444444444444446,0.025,2.0,0.3333333333333333
30,23,21.0,0.4666666666666667,0.2625,21.0,3.5
30,24,20.0,0.4444444444444444,0.25,20.0,3.3333333333333335
30,25,16.0,0.35555555555555557,0.2,16.0,2.6666666666666665
30,26,20.0,0.4444444444444444,0.25,20.0,3.3333333333333335
30,27,21.0,0.4666666666666667,0.2625,21.0,3.5
30,28,9.0,0.2,0.1125,9.0,1.5
30,29,10.0,0.2222222222222222,0.125,10.0,1.6666666666666667
30,31,2.0,0.044444444444444446,0.025,2.0,0.3333333333333333
30,32,4.0,0.08888888888888889,0.05,4.0,0.6666666666666666
30,33,3.0,0.06666666666666667,0.0375,3.0,0.5
30,34,13.0,0.28888888888888886,0.1625,13.0,2.1666666666666665
30,35,23.0,0.5111111111111111,0.2875,23.0,3.8333333333333335
30,36,18.0,0.4,0.225,18.0,3.0
30,37,5.0,0.1111111111111111,0.0625,5.0,0.8333333333333334
30,38,5.0,0.1111111111111111,0.0625,5.0,0.8333333333333334
30,39,21.0,0.4666666666666667,0.2625,21.0,3.5
30,40,11.0,0.24444444444444444,0.1375,11.0,1.8333333333333333
30,41,10.0,0.2222222222222222,0.125,10.0,1.6666666666666667
30,42,19.0,0.4222222222222222,0.2375,19.0,3.1666666666666665
30,43,22.0,0.4888888888888889,0.275,22.0,3.6666666666666665
30,44,21.0,0.4666666666666667,0.2625,21.0,3.5
30,45,9.0,0.2,0.1125,9.0,1.5
30,46,15.0,0.3333333333333333,0.1875,15.0,2.5
31,1,10.0,0.2222222222222222,0.125,10.0,1.6666666666666667
31,2,19.0,0.4222222222222222,0.2375,19.0,3.1666666666666665
31,3,10.0,0.2222222222222222,0.125,10.0,1.6666666666666667
31,4,10.0,0.2222222222222222,0.125,10.0,1.6666666666666667
31,5,11.0,0.24444444444444444,0.1375,11.0,1.8333333333333333
31,6,12.0,0.26666666666666666,0.15,12.0,2.0
31,7,10.0,0.2222222222222222,0.125,10.0,1.6666666666666667
31,8,11.0,0.24444444444444444,0.1375,11.0,1.8333333333333333
31,9,20.0,0.4444444444444444,0.25,20.0,3.3333333333333335
31,10,10.0,0.2222222222222222,0.125,10.0,1.6666666666666667
31,11,10.0,0.2222222222222222,0.125,10.0,1.6666666666666667
31,12,19.0,0.4222222222222222,0.2375,19.0,3.1666666666666665
31,13,17.0,0.37777777777777777,0.2125,17.0,2.8333333333333335
31,14,3.0,0.06666666666666667,0.0375,3.0,0.5
31,15,5.0,0.1111111111111111,0.0625,5.0,0.8333333333333334
31,16,14.0,0.3111111111111111,0.175,14.0,2.3333333333333335
31,17,9.0,0.2,0.1125,9.0,1.5
31,18,11.0,0.24444444444444444,0.1375,11.0,1.8333333333333333
31,19,22.0,0.4888888888888889,0.275,22.0,3.6666666666666665
31,20,15.0,0.3333333333333333,0.1875,15.0,2.5
31,21,20.0,0.4444444444444444,0.25,20.0,3.3333333333333335
31,22,4.0,0.08888888888888889,0.05,4.0,0.6666666666666666
31,23,20.0,0.4444444444444444,0.25,20.0,3.3333333333333335
31,24,18.0,0.4,0.225,18.0,3.0
31,25,15.0,0.3333333333333333,0.1875,15.0,2.5
31,26,19.0,0.4222222222222222,0.2375,19.0,3.1666666666666665
31,27,19.0,0.4222222222222222,0.2375,19.0,3.1666666666666665
31,28,11.0,0.24444444444444444,0.1375,11.0,1.8333333333333333
31,29,9.0,0.2,0.1125,9.0,1.5
31,30,2.0,0.044444444444444446,0.025,2.0,0.3333333333333333
31,32,3.0,0.06666666666666667,0.0375,3.0,0.5
31,33,1.0,0.022222222222222223,0.0125,1.0,0.16666666666666666
31,34,11.0,0.24444444444444444,0.1375,11.0,1.8333333333333333
31,35,21.0,0.4666666666666667,0.2625,21.0,3.5
31,36,16.0,0.35555555555555557,0.2,16.0,2.6666666666666665
31,37,4.0,0.08888888888888889,0.05,4.0,0.6666666666666666
31,38,4.0,0.08888888888888889,0.05,4.0,0.6666666666666666
31,39,20.0,0.4444444444444444,0.25,20.0,3.3333333333333335
31,40,9.0,0.2,0.1125,9.0,1.5
31,41,9.0,0.2,0.1125,9.0,1.5
31,42,17.0,0.37777777777777777,0.2125,17.0,2.8333333333333335
31,43,20.0,0.4444444444444444,0.25,20.0,3.3333333333333335
31,44,19.0,0.4222222222222222,0.2375,19.0,3.1666666666666665
31,45,7.0,0.15555555555555556,0.0875,7.0,1.1666666666666667
31,46,14.0,0.3111111111111111,0.175,14.0,2.3333333333333335
32,1,9.0,0.2,0.1125,9.0,1.5
32,2,18.0,0.4,0.225,18.0,3.0
32,3,9.0,0.2,0.1125,9.0,1.5
32,4,9.0,0.2,0.1125,9.0,1.5
32,5,14.0,0.3111111111111111,0.175,14.0,2.3333333333333335
32,6,14.0,0.3111111111111111,0.175,14.0,2.3333333333333335
32,7,9.0,0.2,0.1125,9.0,1.5
32,8,13.0,0.28888888888888886,0.1625,13.0,2.1666666666666665
32,9,19.0,0.4222222222222222,0.2375,19.0,3.1666666666666665
32,10,12.0,0.26666666666666666,0.15,12.0,2.0
32,11,13.0,0.28888888888888886,0.1625,13.0,2.1666666666666665
32,12,18.0,0.4,0.225,18.0,3.0
32,13,16.0,0.35555555555555557,0.2,16.0,2.6666666666666665
32,14,4.0,0.08888888888888889,0.05,4.0,0.6666666666666666
32,15,3.0,0.06666666666666667,0.0375,3.0,0.5
32,16,13.0,0.28888888888888886,0.1625,13.0,2.1666666666666665
32,17,8.0,0.17777777777777778,0.1,8.0,1.3333333333333333
32,18,10.0,0.2222222222222222,0.125,10.0,1.6666666666666667
32,19,21.0,0.4666666666666667,0.2625,21.0,3.5
32,20,14.0,0.3111111111111111,0.175,14.0,2.3333333333333335
32,21,19.0,0.4222222222222222,0.2375,19.0,3.1666666666666665
32,22,5.0,0.1111111111111111,0.0625,5.0,0.8333333333333334
32,23,19.0,0.4222222222222222,0.2375,19.0,3.1666666666666665
32,24,17.0,0.37777777777777777,0.2125,17.0,2.8333333333333335
32,25,14.0,0.3111111111111111,0.175,14.0,2.3333333333333335
32,26,18.0,0.4,0.225,18.0,3.0
32,27,18.0,0.4,0.225,18.0,3.0
32,28,13.0,0.28888888888888886,0.1625,13.0,2.1666666666666665
32,29,8.0,0.17777777777777778,0.1,8.0,1.3333333333333333
32,30,4.0,0.08888888888888889,0.05,4.0,0.6666666666666666
32,31,3.0,0.06666666666666667,0.0375,3.0,0.5
32,33,2.0,0.044444444444444446,0.025,2.0,0.3333333333333333
32,34,10.0,0.2222222222222222,0.125,10.0,1.6666666666666667
32,35,20.0,0.4444444444444444,0.25,20.0,3.3333333333333335
32,36,15.0,0.3333333333333333,0.1875,15.0,2.5
32,37,1.0,0.022222222222222223,0.0125,1.0,0.16666666666666666
32,38,5.0,0.1111111111111111,0.0625,5.0,0.8333333333333334
32,39,19.0,0.4222222222222222,0.2375,19.0,3.1666666666666665
32,40,8.0,0.17777777777777778,0.1,8.0,1.3333333333333333
32,41,8.0,0.17777777777777778,0.1,8.0,1.3333333333333333
32,42,16.0,0.35555555555555557,0.2,16.0,2.6666666666666665
32,43,19.0,0.4222222222222222,0.2375,19.0,3.1666666666666665
32,44,18.0,0.4,0.225,18.0,3.0
32,45,6.0,0.13333333333333333,0.075,6.0,1.0
32,46,13.0,0.28888888888888886,0.1625,13.0,2.1666666666666665
33,1,11.0,0.24444444444444444,0.1375,11.0,1.8333333333333333
33,2,20.0,0.4444444444444444,0.25,20.0,3.3333333333333335
33,3,10.0,0.2222222222222222,0.125,10.0,1.6666666666666667
33,4,11.0,0.24444444444444444,0.1375,11.0,1.8333333333333333
33,5,12.0,0.26666666666666666,0.15,12.0,2.0
33,6,13.0,0.28888888888888886,0.1625,13.0,2.1666666666666665
33,7,11.0,0.24444444444444444,0.1375,11.0,1.8333333333333333
33,8,12.0,0.26666666666666666,0.15,12.0,2.0
33,9,21.0,0.4666666666666667,0.2625,21.0,3.5
33,10,10.0,0.2222222222222222,0.125,10.0,1.6666666666666667
33,11,11.0,0.24444444444444444,0.1375,11.0,1.8333333333333333
33,12,20.0,0.4444444444444444,0.25,20.0,3.3333333333333335
33,13,18.0,0.4,0.225,18.0,3.0
33,14,2.0,0.044444444444444446,0.025,2.0,0.3333333333333333
33,15,5.0,0.1111111111111111,0.0625,5.0,0.8333333333333334
33,16,14.0,0.3111111111111111,0.175,14.0,2.3333333333333335
33,17,9.0,0.2,0.1125,9.0,1.5
33,18,12.0,0.26666666666666666,0.15,12.0,2.0
33,19,23.0,0.5111111111111111,0.2875,23.0,3.8333333333333335
33,20,16.0,0.35555555555555557,0.2,16.0,2.6666666666666665
33,21,21.0,0.4666666666666667,0.2625,21.0,3.5
33,22,3.0,0.06666666666666667,0.0375,3.0,0.5
33,23,20.0,0.4444444444444444,0.25,20.0,3.3333333333333335
33,24,19.0,0.4222222222222222,0.2375,19.0,3.1666666666666665
33,25,15.0,0.3333333333333333,0.1875,15.0,2.5
33,26,19.0,0.4222222222222222,0.2375,19.0,3.1666666666666665
33,27,20.0,0.4444444444444444,0.25,20.0,3.3333333333333335
33,28,11.0,0.24444444444444444,0.1375,11.0,1.8333333333333333
33,29,9.0,0.2,0.1125,9.0,1.5
33,30,3.0,0.06666666666666667,0.0375,3.0,0.5
33,31,1.0,0.022222222222222223,0.0125,1.0,0.16666666666666666
33,32,2.0,0.044444444444444446,0.025,2.0,0.3333333333333333
33,34,12.0,0.26666666666666666,0.15,12.0,2.0
33,35,22.0,0.4888888888888889,0.275,22.0,3.6666666666666665
33,36,17.0,0.37777777777777777,0.2125,17.0,2.8333333333333335
33,37,3.0,0.06666666666666667,0.0375,3.0,0.5
33,38,3.0,0.06666666666666667,0.0375,3.0,0.5
33,39,20.0,0.4444444444444444,0.25,20.0,3.3333333333333335
33,40,10.0,0.2222222222222222,0.125,10.0,1.6666666666666667
33,41,9.0,0.2,0.1125,9.0,1.5
33,42,18.0,0.4,0.225,18.0,3.0
33,43,21.0,0.4666666666666667,0.2625,21.0,3.5
33,44,20.0,0.4444444444444444,0.25,20.0,3.3333333333333335
33,45,8.0,0.17777777777777778,0.1,8.0,1.3333333333333333
33,46,14.0,0.3111111111111111,0.175,14.0,2.3333333333333335
34,1,3.0,0.06666666666666667,0.0375,3.0,0.5
34,2,12.0,0.26666666666666666,0.15,12.0,2.0
34,3,2.0,0.044444444444444446,0.025,2.0,0.3333333333333333
34,4,1.0,0.022222222222222223,0.0125,1.0,0.16666666666666666
34,5,10.0,0.2222222222222222,0.125,10.0,1.6666666666666667
34,6,11.0,0.24444444444444444,0.1375,11.0,1.8333333333333333
34,7,1.0,0.022222222222222223,0.0125,1.0,0.16666666666666666
34,8,10.0,0.2222222222222222,0.125,10.0,1.6666666666666667
34,9,9.0,0.2,0.1125,9.0,1.5
34,10,9.0,0.2,0.1125,9.0,1.5
34,11,9.0,0.2,0.1125,9.0,1.5
34,12,8.0,0.17777777777777778,0.1,8.0,1.3333333333333333
34,13,6.0,0.13333333333333333,0.075,6.0,1.0
34,14,14.0,0.3111111111111111,0.175,14.0,2.3333333333333335
34,15,13.0,0.28888888888888886,0.1625,13.0,2.1666666666666665
34,16,11.0,0.24444444444444444,0.1375,11.0,1.8333333333333333
34,17,3.0,0.06666666666666667,0.0375,3.0,0.5
34,18,2.0,0.044444444444444446,0.025,2.0,0.3333333333333333
34,19,11.0,0.24444444444444444,0.1375,11.0,1.8333333333333333
34,20,13.0,0.28888888888888886,0.1625,13.0,2.1666666666666665
34,21,11.0,0.24444444444444444,0.1375,11.0,1.8333333333333333
34,22,15.0,0.3333333333333333,0.1875,15.0,2.5
34,23,9.0,0.2,0.1125,9.0,1.5
34,24,7.0,0.15555555555555556,0.0875,7.0,1.1666666666666667
34,25,10.0,0.2222222222222222,0.125,10.0,1.6666666666666667
34,26,13.0,0.28888888888888886,0.1625,13.0,2.1666666666666665
34,27,8.0,0.17777777777777778,0.1,8.0,1.3333333333333333
34,28,10.0,0.2222222222222222,0.125,10.0,1.6666666666666667
34,29,3.0,0.06666666666666667,0.0375,3.0,0.5
34,30,13.0,0.28888888888888886,0.1625,13.0,2.1666666666666665
34,31,11.0,0.24444444444444444,0.1375,11.0,1.8333333333333333
34,32,10.0,0.2222222222222222,0.125,10.0,1.6666666666666667
34,33,12.0,0.26666666666666666,0.15,12.0,2.0
34,35,10.0,0.2222222222222222,0.125,10.0,1.6666666666666667
34,36,9.0,0.2,0.1125,9.0,1.5
34,37,11.0,0.24444444444444444,0.1375,11.0,1.8333333333333333
34,38,15.0,0.3333333333333333,0.1875,15.0,2.5
34,39,9.0,0.2,0.1125,9.0,1.5
34,40,2.0,0.044444444444444446,0.025,2.0,0.3333333333333333
34,41,3.0,0.06666666666666667,0.0375,3.0,0.5
34,42,11.0,0.24444444444444444,0.1375,11.0,1.8333333333333333
34,43,9.0,0.2,0.1125,9.0,1.5
34,44,8.0,0.17777777777777778,0.1,8.0,1.3333333333333333
34,45,5.0,0.1111111111111111,0.0625,5.0,0.8333333333333334
34,46,6.0,0.13333333333333333,0.075,6.0,1.0
35,1,11.0,0.24444444444444444,0.1375,11.0,1.8333333333333333
35,2,14.0,0.3111111111111111,0.175,14.0,2.3333333333333335
35,3,12.0,0.26666666666666666,0.15,12.0,2.0
35,4,11.0,0.24444444444444444,0.1375,11.0,1.8333333333333333
35,5,16.0,0.35555555555555557,0.2,16.0,2.6666666666666665
35,6,16.0,0.35555555555555557,0.2,16.0,2.6666666666666665
35,7,11.0,0.24444444444444444,0.1375,11.0,1.8333333333333333
35,8,17.0,0.37777777777777777,0.2125,17.0,2.8333333333333335
35,9,1.0,0.022222222222222223,0.0125,1.0,0.16666666666666666
35,10,15.0,0.3333333333333333,0.1875,15.0,2.5
35,11,18.0,0.4,0.225,18.0,3.0
35,12,3.0,0.06666666666666667,0.0375,3.0,0.5
35,13,4.0,0.08888888888888889,0.05,4.0,0.6666666666666666
35,14,24.0,0.5333333333333333,0.3,24.0,4.0
35,15,23.0,0.5111111111111111,0.2875,23.0,3.8333333333333335
35,16,13.0,0.28888888888888886,0.1625,13.0,2.1666666666666665
35,17,13.0,0.28888888888888886,0.1625,13.0,2.1666666666666665
35,18,11.0,0.24444444444444444,0.1375,11.0,1.8333333333333333
35,19,1.0,0.022222222222222223,0.0125,1.0,0.16666666666666666
35,20,14.0,0.3111111111111111,0.175,14.0,2.3333333333333335
35,21,13.0,0.28888888888888886,0.1625,13.0,2.1666666666666665
35,22,25.0,0.5555555555555556,0.3125,25.0,4.166666666666667
35,23,2.0,0.044444444444444446,0.025,2.0,0.3333333333333333
35,24,4.0,0.08888888888888889,0.05,4.0,0.6666666666666666
35,25,12.0,0.26666666666666666,0.15,12.0,2.0
35,26,14.0,0.3111111111111111,0.175,14.0,2.3333333333333335
35,27,3.0,0.06666666666666667,0.0375,3.0,0.5
35,28,16.0,0.35555555555555557,0.2,16.0,2.6666666666666665
35,29,13.0,0.28888888888888886,0.1625,13.0,2.1666666666666665
35,30,23.0,0.5111111111111111,0.2875,23.0,3.8333333333333335
35,31,21.0,0.4666666666666667,0.2625,21.0,3.5
35,32,20.0,0.4444444444444444,0.25,20.0,3.3333333333333335
35,33,22.0,0.4888888888888889,0.275,22.0,3.6666666666666665
35,34,10.0,0.2222222222222222,0.125,10.0,1.6666666666666667
35,36,10.0,0.2222222222222222,0.125,10.0,1.6666666666666667
35,37,21.0,0.4666666666666667,0.2625,21.0,3.5
35,38,25.0,0.5555555555555556,0.3125,25.0,4.166666666666667
35,39,3.0,0.06666666666666667,0.0375,3.0,0.5
35,40,12.0,0.26666666666666666,0.15,12.0,2.0
35,41,13.0,0.28888888888888886,0.1625,13.0,2.1666666666666665
35,42,13.0,0.28888888888888886,0.1625,13.0,2.1666666666666665
35,43,2.0,0.044444444444444446,0.025,2.0,0.3333333333333333
35,44,2.0,0.044444444444444446,0.025,2.0,0.3333333333333333
35,45,15.0,0.3333333333333333,0.1875,15.0,2.5
35,46,8.0,0.17777777777777778,0.1,8.0,1.3333333333333333
36,1,11.0,0.24444444444444444,0.1375,11.0,1.8333333333333333
36,2,4.0,0.08888888888888889,0.05,4.0,0.6666666666666666
36,3,7.0,0.15555555555555556,0.0875,7.0,1.1666666666666667
36,4,8.0,0.17777777777777778,0.1,8.0,1.3333333333333333
36,5,19.0,0.4222222222222222,0.2375,19.0,3.1666666666666665
36,6,20.0,0.4444444444444444,0.25,20.0,3.3333333333333335
36,7,10.0,0.2222222222222222,0.125,10.0,1.6666666666666667
36,8,19.0,0.4222222222222222,0.2375,19.0,3.1666666666666665
36,9,9.0,0.2,0.1125,9.0,1.5
36,10,17.0,0.37777777777777777,0.2125,17.0,2.8333333333333335
36,11,18.0,0.4,0.225,18.0,3.0
36,12,8.0,0.17777777777777778,0.1,8.0,1.3333333333333333
36,13,8.0,0.17777777777777778,0.1,8.0,1.3333333333333333
36,14,19.0,0.4222222222222222,0.2375,19.0,3.1666666666666665
36,15,18.0,0.4,0.225,18.0,3.0
36,16,3.0,0.06666666666666667,0.0375,3.0,0.5
36,17,10.0,0.2222222222222222,0.125,10.0,1.6666666666666667
36,18,11.0,0.24444444444444444,0.1375,11.0,1.8333333333333333
36,19,10.0,0.2222222222222222,0.125,10.0,1.6666666666666667
36,20,4.0,0.08888888888888889,0.05,4.0,0.6666666666666666
36,21,5.0,0.1111111111111111,0.0625,5.0,0.8333333333333334
36,22,19.0,0.4222222222222222,0.2375,19.0,3.1666666666666665
36,23,10.0,0.2222222222222222,0.125,10.0,1.6666666666666667
36,24,7.0,0.15555555555555556,0.0875,7.0,1.1666666666666667
36,25,2.0,0.044444444444444446,0.025,2.0,0.3333333333333333
36,26,4.0,0.08888888888888889,0.05,4.0,0.6666666666666666
36,27,9.0,0.2,0.1125,9.0,1.5
36,28,18.0,0.4,0.225,18.0,3.0
36,29,8.0,0.17777777777777778,0.1,8.0,1.3333333333333333
36,30,18.0,0.4,0.225,18.0,3.0
36,31,16.0,0.35555555555555557,0.2,16.0,2.6666666666666665
36,32,15.0,0.3333333333333333,0.1875,15.0,2.5
36,33,17.0,0.37777777777777777,0.2125,17.0,2.8333333333333335
36,34,9.0,0.2,0.1125,9.0,1.5
36,35,10.0,0.2222222222222222,0.125,10.0,1.6666666666666667
36,37,16.0,0.35555555555555557,0.2,16.0,2.6666666666666665
36,38,19.0,0.4222222222222222,0.2375,19.0,3.1666666666666665
36,39,7.0,0.15555555555555556,0.0875,7.0,1.1666666666666667
36,40,9.0,0.2,0.1125,9.0,1.5
36,41,8.0,0.17777777777777778,0.1,8.0,1.3333333333333333
36,42,3.0,0.06666666666666667,0.0375,3.0,0.5
36,43,8.0,0.17777777777777778,0.1,8.0,1.3333333333333333
36,44,10.0,0.2222222222222222,0.125,10.0,1.6666666666666667
36,45,9.0,0.2,0.1125,9.0,1.5
36,46,15.0,0.3333333333333333,0.1875,15.0,2.5
37,1,10.0,0.2222222222222222,0.125,10.0,1.6666666666666667
37,2,19.0,0.4222222222222222,0.2375,19.0,3.1666666666666665
37,3,10.0,0.2222222222222222,0.125,10.0,1.6666666666666667
37,4,10.0,0.2222222222222222,0.125,10.0,1.6666666666666667
37,5,15.0,0.3333333333333333,0.1875,15.0,2.5
37,6,15.0,0.3333333333333333,0.1875,15.0,2.5
37,7,10.0,0.2222222222222222,0.125,10.0,1.6666666666666667
37,8,14.0,0.3111111111111111,0.175,14.0,2.3333333333333335
37,9,20.0,0.4444444444444444,0.25,20.0,3.3333333333333335
37,10,13.0,0.28888888888888886,0.1625,13.0,2.1666666666666665
37,11,14.0,0.3111111111111111,0.175,14.0,2.3333333333333335
37,12,19.0,0.4222222222222222,0.2375,19.0,3.1666666666666665
37,13,17.0,0.37777777777777777,0.2125,17.0,2.8333333333333335
37,14,3.0,0.06666666666666667,0.0375,3.0,0.5
37,15,2.0,0.044444444444444446,0.025,2.0,0.3333333333333333
37,16,14.0,0.3111111111111111,0.175,14.0,2.3333333333333335
37,17,9.0,0.2,0.1125,9.0,1.5
37,18,11.0,0.24444444444444444,0.1375,11.0,1.8333333333333333
37,19,22.0,0.4888888888888889,0.275,22.0,3.6666666666666665
37,20,15.0,0.3333333333333333,0.1875,15.0,2.5
37,21,20.0,0.4444444444444444,0.25,20.0,3.3333333333333335
37,22,4.0,0.08888888888888889,0.05,4.0,0.6666666666666666
37,23,20.0,0.4444444444444444,0.25,20.0,3.3333333333333335
37,24,18.0,0.4,0.225,18.0,3.0
37,25,15.0,0.3333333333333333,0.1875,15.0,2.5
37,26,19.0,0.4222222222222222,0.2375,19.0,3.1666666666666665
37,27,19.0,0.4222222222222222,0.2375,19.0,3.1666666666666665
37,28,14.0,0.3111111111111111,0.175,14.0,2.3333333333333335
37,29,9.0,0.2,0.1125,9.0,1.5
37,30,5.0,0.1111111111111111,0.0625,5.0,0.8333333333333334
37,31,4.0,0.08888888888888889,0.05,4.0,0.6666666666666666
37,32,1.0,0.022222222222222223,0.0125,1.0,0.16666666666666666
37,33,3.0,0.06666666666666667,0.0375,3.0,0.5
37,34,11.0,0.24444444444444444,0.1375,11.0,1.8333333333333333
37,35,21.0,0.4666666666666667,0.2625,21.0,3.5
37,36,16.0,0.35555555555555557,0.2,16.0,2.6666666666666665
37,38,4.0,0.08888888888888889,0.05,4.0,0.6666666666666666
37,39,20.0,0.4444444444444444,0.25,20.0,3.3333333333333335
37,40,9.0,0.2,0.1125,9.0,1.5
37,41,9.0,0.2,0.1125,9.0,1.5
37,42,17.0,0.37777777777777777,0.2125,17.0,2.8333333333333335
37,43,20.0,0.4444444444444444,0.25,20.0,3.3333333333333335
37,44,19.0,0.4222222222222222,0.2375,19.0,3.1666666666666665
37,45,7.0,0.15555555555555556,0.0875,7.0,1.1666666666666667
37,46,14.0,0.3111111111111111,0.175,14.0,2.3333333333333335
38,1,14.0,0.3111111111111111,0.175,14.0,2.3333333333333335
38,2,23.0,0.5111111111111111,0.2875,23.0,3.8333333333333335
38,3,13.0,0.28888888888888886,0.1625,13.0,2.1666666666666665
38,4,14.0,0.3111111111111111,0.175,14.0,2.3333333333333335
38,5,15.0,0.3333333333333333,0.1875,15.0,2.5
38,6,15.0,0.3333333333333333,0.1875,15.0,2.5
38,7,14.0,0.3111111111111111,0.175,14.0,2.3333333333333335
38,8,14.0,0.3111111111111111,0.175,14.0,2.3333333333333335
38,9,24.0,0.5333333333333333,0.3,24.0,4.0
38,10,13.0,0.28888888888888886,0.1625,13.0,2.1666666666666665
38,11,14.0,0.3111111111111111,0.175,14.0,2.3333333333333335
38,12,22.0,0.4888888888888889,0.275,22.0,3.6666666666666665
38,13,21.0,0.4666666666666667,0.2625,21.0,3.5
38,14,1.0,0.022222222222222223,0.0125,1.0,0.16666666666666666
38,15,2.0,0.044444444444444446,0.025,2.0,0.3333333333333333
38,16,17.0,0.37777777777777777,0.2125,17.0,2.8333333333333335
38,17,12.0,0.26666666666666666,0.15,12.0,2.0
38,18,14.0,0.3111111111111111,0.175,14.0,2.3333333333333335
38,19,25.0,0.5555555555555556,0.3125,25.0,4.166666666666667
38,20,19.0,0.4222222222222222,0.2375,19.0,3.1666666666666665
38,21,24.0,0.5333333333333333,0.3,24.0,4.0
38,22,4.0,0.08888888888888889,0.05,4.0,0.6666666666666666
38,23,23.0,0.5111111111111111,0.2875,23.0,3.8333333333333335
38,24,22.0,0.4888888888888889,0.275,22.0,3.6666666666666665
38,25,18.0,0.4,0.225,18.0,3.0
38,26,22.0,0.4888888888888889,0.275,22.0,3.6666666666666665
38,27,22.0,0.4888888888888889,0.275,22.0,3.6666666666666665
38,28,14.0,0.3111111111111111,0.175,14.0,2.3333333333333335
38,29,12.0,0.26666666666666666,0.15,12.0,2.0
38,30,5.0,0.1111111111111111,0.0625,5.0,0.8333333333333334
38,31,4.0,0.08888888888888889,0.05,4.0,0.6666666666666666
38,32,5.0,0.1111111111111111,0.0625,5.0,0.8333333333333334
38,33,3.0,0.06666666666666667,0.0375,3.0,0.5
38,34,15.0,0.3333333333333333,0.1875,15.0,2.5
38,35,25.0,0.5555555555555556,0.3125,25.0,4.166666666666667
38,36,19.0,0.4222222222222222,0.2375,19.0,3.1666666666666665
38,37,4.0,0.08888888888888889,0.05,4.0,0.6666666666666666
38,39,23.0,0.5111111111111111,0.2875,23.0,3.8333333333333335
38,40,13.0,0.28888888888888886,0.1625,13.0,2.1666666666666665
38,41,12.0,0.26666666666666666,0.15,12.0,2.0
38,42,20.0,0.4444444444444444,0.25,20.0,3.3333333333333335
38,43,23.0,0.5111111111111111,0.2875,23.0,3.8333333333333335
38,44,23.0,0.5111111111111111,0.2875,23.0,3.8333333333333335
38,45,10.0,0.2222222222222222,0.125,10.0,1.6666666666666667
38,46,17.0,0.37777777777777777,0.2125,17.0,2.8333333333333335
39,1,10.0,0.2222222222222222,0.125,10.0,1.6666666666666667
39,2,11.0,0.24444444444444444,0.1375,11.0,1.8333333333333333
39,3,10.0,0.2222222222222222,0.125,10.0,1.6666666666666667
39,4,10.0,0.2222222222222222,0.125,10.0,1.6666666666666667
39,5,14.0,0.3111111111111111,0.175,14.0,2.3333333333333335
39,6,15.0,0.3333333333333333,0.1875,15.0,2.5
39,7,10.0,0.2222222222222222,0.125,10.0,1.6666666666666667
39,8,16.0,0.35555555555555557,0.2,16.0,2.6666666666666665
39,9,2.0,0.044444444444444446,0.025,2.0,0.3333333333333333
39,10,14.0,0.3111111111111111,0.175,14.0,2.3333333333333335
39,11,16.0,0.35555555555555557,0.2,16.0,2.6666666666666665
39,12,1.0,0.022222222222222223,0.0125,1.0,0.16666666666666666
39,13,3.0,0.06666666666666667,0.0375,3.0,0.5
39,14,22.0,0.4888888888888889,0.275,22.0,3.6666666666666665
39,15,21.0,0.4666666666666667,0.2625,21.0,3.5
39,16,10.0,0.2222222222222222,0.125,10.0,1.6666666666666667
39,17,11.0,0.24444444444444444,0.1375,11.0,1.8333333333333333
39,18,9.0,0.2,0.1125,9.0,1.5
39,19,3.0,0.06666666666666667,0.0375,3.0,0.5
39,20,11.0,0.24444444444444444,0.1375,11.0,1.8333333333333333
39,21,10.0,0.2222222222222222,0.125,10.0,1.6666666666666667
39,22,23.0,0.5111111111111111,0.2875,23.0,3.8333333333333335
39,23,3.0,0.06666666666666667,0.0375,3.0,0.5
39,24,2.0,0.044444444444444446,0.025,2.0,0.3333333333333333
39,25,9.0,0.2,0.1125,9.0,1.5
39,26,11.0,0.24444444444444444,0.1375,11.0,1.8333333333333333
39,27,2.0,0.044444444444444446,0.025,2.0,0.3333333333333333
39,28,15.0,0.3333333333333333,0.1875,15.0,2.5
39,29,11.0,0.24444444444444444,0.1375,11.0,1.8333333333333333
39,30,21.0,0.4666666666666667,0.2625,21.0,3.5
39,31,20.0,0.4444444444444444,0.25,20.0,3.3333333333333335
39,32,19.0,0.4222222222222222,0.2375,19.0,3.1666666666666665
39,33,20.0,0.4444444444444444,0.25,20.0,3.3333333333333335
39,34,9.0,0.2,0.1125,9.0,1.5
39,35,3.0,0.06666666666666667,0.0375,3.0,0.5
39,36,7.0,0.15555555555555556,0.0875,7.0,1.1666666666666667
39,37,20.0,0.4444444444444444,0.25,20.0,3.3333333333333335
39,38,23.0,0.5111111111111111,0.2875,23.0,3.8333333333333335
39,40,11.0,0.24444444444444444,0.1375,11.0,1.8333333333333333
39,41,11.0,0.24444444444444444,0.1375,11.0,1.8333333333333333
39,42,10.0,0.2222222222222222,0.125,10.0,1.6666666666666667
39,43,1.0,0.022222222222222223,0.0125,1.0,0.16666666666666666
39,44,3.0,0.06666666666666667,0.0375,3.0,0.5
39,45,13.0,0.28888888888888886,0.1625,13.0,2.1666666666666665
39,46,8.0,0.17777777777777778,0.1,8.0,1.3333333333333333
40,1,3.0,0.06666666666666667,0.0375,3.0,0.5
40,2,12.0,0.26666666666666666,0.15,12.0,2.0
40,3,2.0,0.044444444444444446,0.025,2.0,0.3333333333333333
40,4,1.0,0.022222222222222223,0.0125,1.0,0.16666666666666666
40,5,10.0,0.2222222222222222,0.125,10.0,1.6666666666666667
40,6,11.0,0.24444444444444444,0.1375,11.0,1.8333333333333333
40,7,1.0,0.022222222222222223,0.0125,1.0,0.16666666666666666
40,8,10.0,0.2222222222222222,0.125,10.0,1.6666666666666667
40,9,11.0,0.24444444444444444,0.1375,11.0,1.8333333333333333
40,10,9.0,0.2,0.1125,9.0,1.5
40,11,9.0,0.2,0.1125,9.0,1.5
40,12,10.0,0.2222222222222222,0.125,10.0,1.6666666666666667
40,13,8.0,0.17777777777777778,0.1,8.0,1.3333333333333333
40,14,12.0,0.26666666666666666,0.15,12.0,2.0
40,15,11.0,0.24444444444444444,0.1375,11.0,1.8333333333333333
40,16,11.0,0.24444444444444444,0.1375,11.0,1.8333333333333333
40,17,1.0,0.022222222222222223,0.0125,1.0,0.16666666666666666
40,18,2.0,0.044444444444444446,0.025,2.0,0.3333333333333333
40,19,13.0,0.28888888888888886,0.1625,13.0,2.1666666666666665
40,20,13.0,0.28888888888888886,0.1625,13.0,2.1666666666666665
40,21,11.0,0.24444444444444444,0.1375,11.0,1.8333333333333333
40,22,13.0,0.28888888888888886,0.1625,13.0,2.1666666666666665
40,23,11.0,0.24444444444444444,0.1375,11.0,1.8333333333333333
40,24,9.0,0.2,0.1125,9.0,1.5
40,25,10.0,0.2222222222222222,0.125,10.0,1.6666666666666667
40,26,13.0,0.28888888888888886,0.1625,13.0,2.1666666666666665
40,27,10.0,0.2222222222222222,0.125,10.0,1.6666666666666667
40,28,10.0,0.2222222222222222,0.125,10.0,1.6666666666666667
40,29,1.0,0.022222222222222223,0.0125,1.0,0.16666666666666666
40,30,11.0,0.24444444444444444,0.1375,11.0,1.8333333333333333
40,31,9.0,0.2,0.1125,9.0,1.5
40,32,8.0,0.17777777777777778,0.1,8.0,1.3333333333333333
40,33,10.0,0.2222222222222222,0.125,10.0,1.6666666666666667
40,34,2.0,0.044444444444444446,0.025,2.0,0.3333333333333333
40,35,12.0,0.26666666666666666,0.15,12.0,2.0
40,36,9.0,0.2,0.1125,9.0,1.5
40,37,9.0,0.2,0.1125,9.0,1.5
40,38,13.0,0.28888888888888886,0.1625,13.0,2.1666666666666665
40,39,11.0,0.24444444444444444,0.1375,11.0,1.8333333333333333
40,41,3.0,0.06666666666666667,0.0375,3.0,0.5
40,42,11.0,0.24444444444444444,0.1375,11.0,1.8333333333333333
40,43,11.0,0.24444444444444444,0.1375,11.0,1.8333333333333333
40,44,10.0,0.2222222222222222,0.125,10.0,1.6666666666666667
40,45,3.0,0.06666666666666667,0.0375,3.0,0.5
40,46,6.0,0.13333333333333333,0.075,6.0,1.0
41,1,5.0,0.1111111111111111,0.0625,5.0,0.8333333333333334
41,2,11.0,0.24444444444444444,0.1375,11.0,1.8333333333333333
41,3,1.0,0.022222222222222223,0.0125,1.0,0.16666666666666666
41,4,2.0,0.044444444444444446,0.025,2.0,0.3333333333333333
41,5,13.0,0.28888888888888886,0.1625,13.0,2.1666666666666665
41,6,14.0,0.3111111111111111,0.175,14.0,2.3333333333333335
41,7,4.0,0.08888888888888889,0.05,4.0,0.6666666666666666
41,8,13.0,0.28888888888888886,0.1625,13.0,2.1666666666666665
41,9,12.0,0.26666666666666666,0.15,12.0,2.0
41,10,11.0,0.24444444444444444,0.1375,11.0,1.8333333333333333
41,11,12.0,0.26666666666666666,0.15,12.0,2.0
41,12,11.0,0.24444444444444444,0.1375,11.0,1.8333333333333333
41,13,9.0,0.2,0.1125,9.0,1.5
41,14,11.0,0.24444444444444444,0.1375,11.0,1.8333333333333333
41,15,10.0,0.2222222222222222,0.125,10.0,1.6666666666666667
41,16,9.0,0.2,0.1125,9.0,1.5
41,17,4.0,0.08888888888888889,0.05,4.0,0.6666666666666666
41,18,5.0,0.1111111111111111,0.0625,5.0,0.8333333333333334
41,19,14.0,0.3111111111111111,0.175,14.0,2.3333333333333335
41,20,10.0,0.2222222222222222,0.125,10.0,1.6666666666666667
41,21,12.0,0.26666666666666666,0.15,12.0,2.0
41,22,12.0,0.26666666666666666,0.15,12.0,2.0
41,23,11.0,0.24444444444444444,0.1375,11.0,1.8333333333333333
41,24,10.0,0.2222222222222222,0.125,10.0,1.6666666666666667
41,25,8.0,0.17777777777777778,0.1,8.0,1.3333333333333333
41,26,10.0,0.2222222222222222,0.125,10.0,1.6666666666666667
41,27,11.0,0.24444444444444444,0.1375,11.0,1.8333333333333333
41,28,12.0,0.26666666666666666,0.15,12.0,2.0
41,29,2.0,0.044444444444444446,0.025,2.0,0.3333333333333333
41,30,10.0,0.2222222222222222,0.125,10.0,1.6666666666666667
41,31,9.0,0.2,0.1125,9.0,1.5
41,32,8.0,0.17777777777777778,0.1,8.0,1.3333333333333333
41,33,9.0,0.2,0.1125,9.0,1.5
41,34,3.0,0.06666666666666667,0.0375,3.0,0.5
41,35,13.0,0.28888888888888886,0.1625,13.0,2.1666666666666665
41,36,8.0,0.17777777777777778,0.1,8.0,1.3333333333333333
41,37,9.0,0.2,0.1125,9.0,1.5
41,38,12.0,0.26666666666666666,0.15,12.0,2.0
41,39,11.0,0.24444444444444444,0.1375,11.0,1.8333333333333333
41,40,3.0,0.06666666666666667,0.0375,3.0,0.5
41,42,9.0,0.2,0.1125,9.0,1.5
41,43,12.0,0.26666666666666666,0.15,12.0,2.0
41,44,11.0,0.24444444444444444,0.1375,11.0,1.8333333333333333
41,45,2.0,0.044444444444444446,0.025,2.0,0.3333333333333333
41,46,9.0,0.2,0.1125,9.0,1.5
42,1,14.0,0.3111111111111111,0.175,14.0,2.3333333333333335
42,2,3.0,0.06666666666666667,0.0375,3.0,0.5
42,3,10.0,0.2222222222222222,0.125,10.0,1.6666666666666667
42,4,10.0,0.2222222222222222,0.125,10.0,1.6666666666666667
42,5,21.0,0.4666666666666667,0.2625,21.0,3.5
42,6,22.0,0.4888888888888889,0.275,22.0,3.6666666666666665
42,7,12.0,0.26666666666666666,0.15,12.0,2.0
42,8,21.0,0.4666666666666667,0.2625,21.0,3.5
42,9,12.0,0.26666666666666666,0.15,12.0,2.0
42,10,20.0,0.4444444444444444,0.25,20.0,3.3333333333333335
42,11,20.0,0.4444444444444444,0.25,20.0,3.3333333333333335
42,12,10.0,0.2222222222222222,0.125,10.0,1.6666666666666667
42,13,10.0,0.2222222222222222,0.125,10.0,1.6666666666666667
42,14,20.0,0.4444444444444444,0.25,20.0,3.3333333333333335
42,15,19.0,0.4222222222222222,0.2375,19.0,3.1666666666666665
42,16,4.0,0.08888888888888889,0.05,4.0,0.6666666666666666
42,17,12.0,0.26666666666666666,0.15,12.0,2.0
42,18,13.0,0.28888888888888886,0.1625,13.0,2.1666666666666665
42,19,12.0,0.26666666666666666,0.15,12.0,2.0
42,20,2.0,0.044444444444444446,0.025,2.0,0.3333333333333333
42,21,4.0,0.08888888888888889,0.05,4.0,0.6666666666666666
42,22,20.0,0.4444444444444444,0.25,20.0,3.3333333333333335
42,23,12.0,0.26666666666666666,0.15,12.0,2.0
42,24,9.0,0.2,0.1125,9.0,1.5
42,25,3.0,0.06666666666666667,0.0375,3.0,0.5
42,26,2.0,0.044444444444444446,0.025,2.0,0.3333333333333333
42,27,12.0,0.26666666666666666,0.15,12.0,2.0
42,28,21.0,0.4666666666666667,0.2625,21.0,3.5
42,29,11.0,0.24444444444444444,0.1375,11.0,1.8333333333333333
42,30,19.0,0.4222222222222222,0.2375,19.0,3.1666666666666665
42,31,17.0,0.37777777777777777,0.2125,17.0,2.8333333333333335
42,32,16.0,0.35555555555555557,0.2,16.0,2.6666666666666665
42,33,18.0,0.4,0.225,18.0,3.0
42,34,11.0,0.24444444444444444,0.1375,11.0,1.8333333333333333
42,35,13.0,0.28888888888888886,0.1625,13.0,2.1666666666666665
42,36,3.0,0.06666666666666667,0.0375,3.0,0.5
42,37,17.0,0.37777777777777777,0.2125,17.0,2.8333333333333335
42,38,20.0,0.4444444444444444,0.25,20.0,3.3333333333333335
42,39,10.0,0.2222222222222222,0.125,10.0,1.6666666666666667
42,40,11.0,0.24444444444444444,0.1375,11.0,1.8333333333333333
42,41,9.0,0.2,0.1125,9.0,1.5
42,43,11.0,0.24444444444444444,0.1375,11.0,1.8333333333333333
42,44,13.0,0.28888888888888886,0.1625,13.0,2.1666666666666665
42,45,10.0,0.2222222222222222,0.125,10.0,1.6666666666666667
42,46,17.0,0.37777777777777777,0.2125,17.0,2.8333333333333335
43,1,10.0,0.2222222222222222,0.125,10.0,1.6666666666666667
43,2,12.0,0.26666666666666666,0.15,12.0,2.0
43,3,11.0,0.24444444444444444,0.1375,11.0,1.8333333333333333
43,4,10.0,0.2222222222222222,0.125,10.0,1.6666666666666667
43,5,14.0,0.3111111111111111,0.175,14.0,2.3333333333333335
43,6,15.0,0.3333333333333333,0.1875,15.0,2.5
43,7,10.0,0.2222222222222222,0.125,10.0,1.6666666666666667
43,8,16.0,0.35555555555555557,0.2,16.0,2.6666666666666665
43,9,1.0,0.022222222222222223,0.0125,1.0,0.16666666666666666
43,10,14.0,0.3111111111111111,0.175,14.0,2.3333333333333335
43,11,17.0,0.37777777777777777,0.2125,17.0,2.8333333333333335
43,12,1.0,0.022222222222222223,0.0125,1.0,0.16666666666666666
43,13,3.0,0.06666666666666667,0.0375,3.0,0.5
43,14,23.0,0.5111111111111111,0.2875,23.0,3.8333333333333335
43,15,22.0,0.4888888888888889,0.275,22.0,3.6666666666666665
43,16,11.0,0.24444444444444444,0.1375,11.0,1.8333333333333333
43,17,12.0,0.26666666666666666,0.15,12.0,2.0
43,18,9.0,0.2,0.1125,9.0,1.5
43,19,2.0,0.044444444444444446,0.025,2.0,0.3333333333333333
43,20,12.0,0.26666666666666666,0.15,12.0,2.0
43,21,11.0,0.24444444444444444,0.1375,11.0,1.8333333333333333
43,22,23.0,0.5111111111111111,0.2875,23.0,3.8333333333333335
43,23,2.0,0.044444444444444446,0.025,2.0,0.3333333333333333
43,24,2.0,0.044444444444444446,0.025,2.0,0.3333333333333333
43,25,10.0,0.2222222222222222,0.125,10.0,1.6666666666666667
43,26,12.0,0.26666666666666666,0.15,12.0,2.0
43,27,1.0,0.022222222222222223,0.0125,1.0,0.16666666666666666
43,28,15.0,0.3333333333333333,0.1875,15.0,2.5
43,29,12.0,0.26666666666666666,0.15,12.0,2.0
43,30,22.0,0.4888888888888889,0.275,22.0,3.6666666666666665
43,31,20.0,0.4444444444444444,0.25,20.0,3.3333333333333335
43,32,19.0,0.4222222222222222,0.2375,19.0,3.1666666666666665
43,33,21.0,0.4666666666666667,0.2625,21.0,3.5
43,34,9.0,0.2,0.1125,9.0,1.5
43,35,2.0,0.044444444444444446,0.025,2.0,0.3333333333333333
43,36,8.0,0.17777777777777778,0.1,8.0,1.3333333333333333
43,37,20.0,0.4444444444444444,0.25,20.0,3.3333333333333335
43,38,23.0,0.5111111111111111,0.2875,23.0,3.8333333333333335
43,39,1.0,0.022222222222222223,0.0125,1.0,0.16666666666666666
43,40,11.0,0.24444444444444444,0.1375,11.0,1.8333333333333333
43,41,12.0,0.26666666666666666,0.15,12.0,2.0
43,42,11.0,0.24444444444444444,0.1375,11.0,1.8333333333333333
43,44,2.0,0.044444444444444446,0.025,2.0,0.3333333333333333
43,45,13.0,0.28888888888888886,0.1625,13.0,2.1666666666666665
43,46,7.0,0.15555555555555556,0.0875,7.0,1.1666666666666667
44,1,9.0,0.2,0.1125,9.0,1.5
44,2,14.0,0.3111111111111111,0.175,14.0,2.3333333333333335
44,3,10.0,0.2222222222222222,0.125,10.0,1.6666666666666667
44,4,9.0,0.2,0.1125,9.0,1.5
44,5,14.0,0.3111111111111111,0.175,14.0,2.3333333333333335
44,6,14.0,0.3111111111111111,0.175,14.0,2.3333333333333335
44,7,9.0,0.2,0.1125,9.0,1.5
44,8,15.0,0.3333333333333333,0.1875,15.0,2.5
44,9,1.0,0.022222222222222223,0.0125,1.0,0.16666666666666666
44,10,13.0,0.28888888888888886,0.1625,13.0,2.1666666666666665
44,11,16.0,0.35555555555555557,0.2,16.0,2.6666666666666665
44,12,3.0,0.06666666666666667,0.0375,3.0,0.5
44,13,3.0,0.06666666666666667,0.0375,3.0,0.5
44,14,22.0,0.4888888888888889,0.275,22.0,3.6666666666666665
44,15,21.0,0.4666666666666667,0.2625,21.0,3.5
44,16,13.0,0.28888888888888886,0.1625,13.0,2.1666666666666665
44,17,11.0,0.24444444444444444,0.1375,11.0,1.8333333333333333
44,18,9.0,0.2,0.1125,9.0,1.5
44,19,3.0,0.06666666666666667,0.0375,3.0,0.5
44,20,14.0,0.3111111111111111,0.175,14.0,2.3333333333333335
44,21,13.0,0.28888888888888886,0.1625,13.0,2.1666666666666665
44,22,23.0,0.5111111111111111,0.2875,23.0,3.8333333333333335
44,23,1.0,0.022222222222222223,0.0125,1.0,0.16666666666666666
44,24,4.0,0.08888888888888889,0.05,4.0,0.6666666666666666
44,25,12.0,0.26666666666666666,0.15,12.0,2.0
44,26,14.0,0.3111111111111111,0.175,14.0,2.3333333333333335
44,27,1.0,0.022222222222222223,0.0125,1.0,0.16666666666666666
44,28,14.0,0.3111111111111111,0.175,14.0,2.3333333333333335
44,29,11.0,0.24444444444444444,0.1375,11.0,1.8333333333333333
44,30,21.0,0.4666666666666667,0.2625,21.0,3.5
44,31,19.0,0.4222222222222222,0.2375,19.0,3.1666666666666665
44,32,18.0,0.4,0.225,18.0,3.0
44,33,20.0,0.4444444444444444,0.25,20.0,3.3333333333333335
44,34,8.0,0.17777777777777778,0.1,8.0,1.3333333333333333
44,35,2.0,0.044444444444444446,0.025,2.0,0.3333333333333333
44,36,10.0,0.2222222222222222,0.125,10.0,1.6666666666666667
44,37,19.0,0.4222222222222222,0.2375,19.0,3.1666666666666665
44,38,23.0,0.5111111111111111,0.2875,23.0,3.8333333333333335
44,39,3.0,0.06666666666666667,0.0375,3.0,0.5
44,40,10.0,0.2222222222222222,0.125,10.0,1.6666666666666667
44,41,11.0,0.24444444444444444,0.1375,11.0,1.8333333333333333
44,42,13.0,0.28888888888888886,0.1625,13.0,2.1666666666666665
44,43,2.0,0.044444444444444446,0.025,2.0,0.3333333333333333
44,45,13.0,0.28888888888888886,0.1625,13.0,2.1666666666666665
44,46,6.0,0.13333333333333333,0.075,6.0,1.0
45,1,4.0,0.08888888888888889,0.05,4.0,0.6666666666666666
45,2,13.0,0.28888888888888886,0.1625,13.0,2.1666666666666665
45,3,3.0,0.06666666666666667,0.0375,3.0,0.5
45,4,4.0,0.08888888888888889,0.05,4.0,0.6666666666666666
45,5,11.0,0.24444444444444444,0.1375,11.0,1.8333333333333333
45,6,12.0,0.26666666666666666,0.15,12.0,2.0
45,7,4.0,0.08888888888888889,0.05,4.0,0.6666666666666666
45,8,11.0,0.24444444444444444,0.1375,11.0,1.8333333333333333
45,9,14.0,0.3111111111111111,0.175,14.0,2.3333333333333335
45,10,10.0,0.2222222222222222,0.125,10.0,1.6666666666666667
45,11,10.0,0.2222222222222222,0.125,10.0,1.6666666666666667
45,12,12.0,0.26666666666666666,0.15,12.0,2.0
45,13,11.0,0.24444444444444444,0.1375,11.0,1.8333333333333333
45,14,10.0,0.2222222222222222,0.125,10.0,1.6666666666666667
45,15,9.0,0.2,0.1125,9.0,1.5
45,16,10.0,0.2222222222222222,0.125,10.0,1.6666666666666667
45,17,2.0,0.044444444444444446,0.025,2.0,0.3333333333333333
45,18,4.0,0.08888888888888889,0.05,4.0,0.6666666666666666
45,19,15.0,0.3333333333333333,0.1875,15.0,2.5
45,20,12.0,0.26666666666666666,0.15,12.0,2.0
45,21,14.0,0.3111111111111111,0.175,14.0,2.3333333333333335
45,22,10.0,0.2222222222222222,0.125,10.0,1.6666666666666667
45,23,13.0,0.28888888888888886,0.1625,13.0,2.1666666666666665
45,24,12.0,0.26666666666666666,0.15,12.0,2.0
45,25,9.0,0.2,0.1125,9.0,1.5
45,26,12.0,0.26666666666666666,0.15,12.0,2.0
45,27,12.0,0.26666666666666666,0.15,12.0,2.0
45,28,11.0,0.24444444444444444,0.1375,11.0,1.8333333333333333
45,29,2.0,0.044444444444444446,0.025,2.0,0.3333333333333333
45,30,9.0,0.2,0.1125,9.0,1.5
45,31,7.0,0.15555555555555556,0.0875,7.0,1.1666666666666667
45,32,6.0,0.13333333333333333,0.075,6.0,1.0
45,33,8.0,0.17777777777777778,0.1,8.0,1.3333333333333333
45,34,5.0,0.1111111111111111,0.0625,5.0,0.8333333333333334
45,35,15.0,0.3333333333333333,0.1875,15.0,2.5
45,36,9.0,0.2,0.1125,9.0,1.5
45,37,7.0,0.15555555555555556,0.0875,7.0,1.1666666666666667
45,38,10.0,0.2222222222222222,0.125,10.0,1.6666666666666667
45,39,13.0,0.28888888888888886,0.1625,13.0,2.1666666666666665
45,40,3.0,0.06666666666666667,0.0375,3.0,0.5
45,41,2.0,0.044444444444444446,0.025,2.0,0.3333333333333333
45,42,10.0,0.2222222222222222,0.125,10.0,1.6666666666666667
45,43,13.0,0.28888888888888886,0.1625,13.0,2.1666666666666665
45,44,13.0,0.28888888888888886,0.1625,13.0,2.1666666666666665
45,46,7.0,0.15555555555555556,0.0875,7.0,1.1666666666666667
